subject_id,comparison,class_label,class_name,stage,epoch_index,attempt_index,onset_elapsed_s,start_sample,end_sample,ASYM_LOGRATIO__FP1__FP2__delta,ASYM_LOGRATIO__FP1__FP2__theta,ASYM_LOGRATIO__FP1__FP2__alpha,ASYM_LOGRATIO__FP1__FP2__beta_low,ASYM_LOGRATIO__FP1__FP2__beta_high,ASYM_LOGRATIO__FP1__FP2__gamma,ASYM_LOGRATIO__F3__F4__delta,ASYM_LOGRATIO__F3__F4__theta,ASYM_LOGRATIO__F3__F4__alpha,ASYM_LOGRATIO__F3__F4__beta_low,ASYM_LOGRATIO__F3__F4__beta_high,ASYM_LOGRATIO__F3__F4__gamma,ASYM_LOGRATIO__F7__F8__delta,ASYM_LOGRATIO__F7__F8__theta,ASYM_LOGRATIO__F7__F8__alpha,ASYM_LOGRATIO__F7__F8__beta_low,ASYM_LOGRATIO__F7__F8__beta_high,ASYM_LOGRATIO__F7__F8__gamma,PLV__FP1__FP2__delta,PLV__FP1__F7__delta,PLV__FP1__F3__delta,PLV__FP1__Fz__delta,PLV__FP1__F4__delta,PLV__FP1__F8__delta,PLV__FP2__F7__delta,PLV__FP2__F3__delta,PLV__FP2__Fz__delta,PLV__FP2__F4__delta,PLV__FP2__F8__delta,PLV__F7__F3__delta,PLV__F7__Fz__delta,PLV__F7__F4__delta,PLV__F7__F8__delta,PLV__F3__Fz__delta,PLV__F3__F4__delta,PLV__F3__F8__delta,PLV__Fz__F4__delta,PLV__Fz__F8__delta,PLV__F4__F8__delta,PLV__FP1__FP2__theta,PLV__FP1__F7__theta,PLV__FP1__F3__theta,PLV__FP1__Fz__theta,PLV__FP1__F4__theta,PLV__FP1__F8__theta,PLV__FP2__F7__theta,PLV__FP2__F3__theta,PLV__FP2__Fz__theta,PLV__FP2__F4__theta,PLV__FP2__F8__theta,PLV__F7__F3__theta,PLV__F7__Fz__theta,PLV__F7__F4__theta,PLV__F7__F8__theta,PLV__F3__Fz__theta,PLV__F3__F4__theta,PLV__F3__F8__theta,PLV__Fz__F4__theta,PLV__Fz__F8__theta,PLV__F4__F8__theta,PLV__FP1__FP2__alpha,PLV__FP1__F7__alpha,PLV__FP1__F3__alpha,PLV__FP1__Fz__alpha,PLV__FP1__F4__alpha,PLV__FP1__F8__alpha,PLV__FP2__F7__alpha,PLV__FP2__F3__alpha,PLV__FP2__Fz__alpha,PLV__FP2__F4__alpha,PLV__FP2__F8__alpha,PLV__F7__F3__alpha,PLV__F7__Fz__alpha,PLV__F7__F4__alpha,PLV__F7__F8__alpha,PLV__F3__Fz__alpha,PLV__F3__F4__alpha,PLV__F3__F8__alpha,PLV__Fz__F4__alpha,PLV__Fz__F8__alpha,PLV__F4__F8__alpha,PLV__FP1__FP2__beta_low,PLV__FP1__F7__beta_low,PLV__FP1__F3__beta_low,PLV__FP1__Fz__beta_low,PLV__FP1__F4__beta_low,PLV__FP1__F8__beta_low,PLV__FP2__F7__beta_low,PLV__FP2__F3__beta_low,PLV__FP2__Fz__beta_low,PLV__FP2__F4__beta_low,PLV__FP2__F8__beta_low,PLV__F7__F3__beta_low,PLV__F7__Fz__beta_low,PLV__F7__F4__beta_low,PLV__F7__F8__beta_low,PLV__F3__Fz__beta_low,PLV__F3__F4__beta_low,PLV__F3__F8__beta_low,PLV__Fz__F4__beta_low,PLV__Fz__F8__beta_low,PLV__F4__F8__beta_low,PLV__FP1__FP2__beta_high,PLV__FP1__F7__beta_high,PLV__FP1__F3__beta_high,PLV__FP1__Fz__beta_high,PLV__FP1__F4__beta_high,PLV__FP1__F8__beta_high,PLV__FP2__F7__beta_high,PLV__FP2__F3__beta_high,PLV__FP2__Fz__beta_high,PLV__FP2__F4__beta_high,PLV__FP2__F8__beta_high,PLV__F7__F3__beta_high,PLV__F7__Fz__beta_high,PLV__F7__F4__beta_high,PLV__F7__F8__beta_high,PLV__F3__Fz__beta_high,PLV__F3__F4__beta_high,PLV__F3__F8__beta_high,PLV__Fz__F4__beta_high,PLV__Fz__F8__beta_high,PLV__F4__F8__beta_high,PLV__FP1__FP2__gamma,PLV__FP1__F7__gamma,PLV__FP1__F3__gamma,PLV__FP1__Fz__gamma,PLV__FP1__F4__gamma,PLV__FP1__F8__gamma,PLV__FP2__F7__gamma,PLV__FP2__F3__gamma,PLV__FP2__Fz__gamma,PLV__FP2__F4__gamma,PLV__FP2__F8__gamma,PLV__F7__F3__gamma,PLV__F7__Fz__gamma,PLV__F7__F4__gamma,PLV__F7__F8__gamma,PLV__F3__Fz__gamma,PLV__F3__F4__gamma,PLV__F3__F8__gamma,PLV__Fz__F4__gamma,PLV__Fz__F8__gamma,PLV__F4__F8__gamma
irene,rest1_vs_type1,0,Rest,Rest1,1,0,0.001346,1,2501,-0.1361941076838331,-0.15398341017989203,-0.09280988057624118,-0.2460420592961019,-0.096810920312139,-0.2613918993491171,-0.10133903584299642,-0.12019538210310632,0.2934177285754318,-0.18812600171155536,0.04059278852175163,0.05576103777801089,-0.41398373843040925,-0.49755979206390055,0.33335488902906585,0.11855219549617635,-0.05883325363288883,-0.06909191819679172,0.9794601420221749,0.9563789915097438,0.9825380692479637,0.9765400869122356,0.8751235525988195,0.9179748252661316,0.9487279846132645,0.960051325276504,0.956373192227806,0.9058992405025491,0.92705178044399,0.9568763936810167,0.929617591624495,0.869254338950651,0.8174458744401216,0.9917828574960033,0.8794541087407514,0.9022410969196922,0.8808088400370232,0.9338573136068699,0.849541814117218,0.9809524319294701,0.9533592385367323,0.8937188089528064,0.8884842767617817,0.8645038485812182,0.8844902336275356,0.9537521682306976,0.8714456528557468,0.8644594728115056,0.8834835473912288,0.876151496546579,0.9027422590871512,0.8685878235305714,0.8611509050285522,0.8078010038235393,0.948338203105557,0.8946061432122019,0.82405035729902,0.9518916071197155,0.9041472442928031,0.9034177179691681,0.9038341097347488,0.706470342231036,0.6650731514225182,0.7122521377622965,0.6638204132358655,0.6541111850293562,0.6205618073430813,0.6159959124259893,0.7347678175117971,0.7547366803682418,0.7526387846495903,0.6882139139017844,0.6029157559228837,0.5454209854435286,0.48452990440483035,0.8830846551732016,0.7100984401441018,0.637685023230665,0.8529858814085582,0.7861584389484558,0.8669989778849583,0.8070397871291833,0.8485252027292559,0.8057335969180877,0.7845197506491557,0.6735664752005933,0.7640453367549991,0.6859342959763215,0.686218349655295,0.7119592756831552,0.7600864321114743,0.8354381847170772,0.7901559093120261,0.7198049186930907,0.6323106491186147,0.6207080272748496,0.9340542085330913,0.7935535538908542,0.7537899530965597,0.8401716576193015,0.7913507609946068,0.8157171409581766,0.8768529160646394,0.8890537476911776,0.8443441234436837,0.8447176495040023,0.7538811286027485,0.7341510918043368,0.8044408096813132,0.7950933330020311,0.849750078671153,0.8200311838027944,0.8178521835337759,0.8694732265404331,0.8150760507130996,0.7212473881431737,0.6798358152000247,0.891742064780635,0.7818864942102607,0.7149940382675787,0.8400361172808812,0.7694261268283071,0.8197191331869984,0.807395340430312,0.8525570454981742,0.7829769112064272,0.7563271151425266,0.7117566776820881,0.7335564907237171,0.8235531613823827,0.8084793643483764,0.8058416616265496,0.8371912750315247,0.8396091866467097,0.8552453026980229,0.7894392121673679,0.7335380875125976,0.7454044049350621,0.9060521872248524,0.8198766994715299,0.7338247084422517,0.8597556608713023,0.774596333633179,0.8464680905559552
irene,rest1_vs_type1,0,Rest,Rest1,2,0,5.028125,2514,5014,-0.0966835009344198,-0.11809418693001827,-0.12743821870466743,-0.0864262433901013,-0.018562842912717592,-0.0723897037717407,0.05968791362845671,-0.07873040374260754,-0.04142131294126372,-0.05322905822809476,0.10661164361816278,0.18659013110150457,-0.11719467985856635,-0.2639759378422939,-0.22392298081453355,-0.09948297979603149,-0.05810369320728892,-0.08329349325813507,0.9920978439612433,0.8809222789377144,0.9040507976384489,0.9200079243401451,0.9252013085834098,0.923572451099732,0.8834628186872591,0.9062693062056393,0.9264289562899921,0.9348213729677213,0.9394945331054695,0.9863468794377407,0.9665997486440476,0.9444638758052428,0.8850000247023316,0.9892411130951485,0.9721691884019429,0.9061587167283583,0.9931038272886558,0.9368983492353915,0.9585168543195177,0.9933539279270234,0.9142831491558874,0.8930446074067733,0.8915800817813462,0.9227469930753104,0.9528089239015776,0.9010528052941245,0.8951007065416039,0.90342089780129,0.9350390102338205,0.9653104798556674,0.896099876026122,0.8734637042951573,0.8819272164351238,0.8685118983011086,0.9781063533403134,0.9445938312130778,0.9139032756054722,0.9670773148395648,0.9292391070456247,0.9672257908061569,0.9307534415652813,0.7098646491937002,0.7227417895999397,0.7889345557802693,0.767755617433519,0.7466210010200173,0.6666346527492455,0.6906751303524669,0.7156014845562659,0.7303427943514316,0.7858840867302385,0.8202513050427542,0.7274073129423969,0.6545043176066604,0.5888345911314667,0.8836003747242324,0.7994245290342573,0.5808627064898233,0.923464141875576,0.6989410821276711,0.7829261299184435,0.8496117745637248,0.7449326398610736,0.725227915869577,0.6848853443122324,0.535539136951773,0.5719695845172097,0.6995331236965743,0.6919861931796047,0.668318765927916,0.6771996326859298,0.7002143224394636,0.8381585131180139,0.7414368644709992,0.6414915972599109,0.6217068315641988,0.867882875790225,0.7213949266618006,0.6561058548635629,0.8149599222512389,0.6374269145694353,0.8084498053799054,0.7620791733349886,0.750516280689333,0.6908656748608288,0.689077866810845,0.5706645735052458,0.6037939682123418,0.6580409699356601,0.6319505513169023,0.6934434605809517,0.734689728965288,0.7598039590087927,0.7088643377773485,0.5835916993251421,0.5147061035738498,0.5376528878800622,0.7664610983429939,0.6364420415336738,0.5679189200064368,0.8005282393826834,0.6657263574848041,0.8457674852069044,0.8365077322019363,0.8453342305400445,0.7407925521718155,0.7779580969082345,0.6434370145337404,0.7310267713202504,0.8137902988966008,0.7278688444066856,0.7401085988630299,0.7266347132824543,0.8222373250995455,0.753574635504887,0.7326272221600605,0.6247024560547991,0.7128862038576921,0.8813268367360249,0.761182843488904,0.6834806572655302,0.8125186433259107,0.6971321759709621,0.7301784177846496
irene,rest1_vs_type1,0,Rest,Rest1,3,0,10.030595,5015,7515,-0.09590279134335766,-0.11485695231937942,-0.1711582374538816,-0.15587555374745454,-0.21858920152877648,-0.07709832162703956,0.027725486587724113,-0.04426224056803196,-0.04329886451724185,-0.15496765903876364,-0.07126656178946345,-0.01900654818126868,-0.17961354719342104,-0.2266169122023678,-0.36393914748128386,-0.50755866989152,-0.48950923797798307,-0.2866555014965777,0.99398563385341,0.9828327393416155,0.9749366205572517,0.9671806401225914,0.9606107861168891,0.9837094455317883,0.98945786246939,0.9833539104628805,0.9739093128254033,0.971867368233214,0.990569106129931,0.9908395228125633,0.9806066671969018,0.9752443318058124,0.991245340434305,0.9942330040082795,0.9893954596242138,0.9874219834386331,0.9914735274573419,0.9835650654940351,0.981468269712192,0.9859525419601,0.9476148953748059,0.9177746392570155,0.8921152507772994,0.8922323879203448,0.9093164843153217,0.9152759731611818,0.9005563540698549,0.8844972005860822,0.913407976067438,0.9361630395023676,0.9208339915038819,0.8737375771823461,0.8560884014853016,0.8565839374439737,0.9793576623414612,0.9452724200828059,0.9147138452803383,0.9604009138075947,0.9270567352867116,0.969821251194169,0.8952620495735739,0.6874369524877804,0.6665287115757084,0.6838195414810097,0.5888341980181436,0.6069915366148919,0.5525790900225768,0.5704956739075147,0.6250878658146082,0.5948213724133758,0.7327696257953338,0.7291485300317437,0.6570503810512721,0.5724532094293204,0.42302564634657963,0.9131150955949473,0.8169220169508558,0.6102265917605799,0.8369518306593599,0.6766303469278253,0.7551978243247325,0.8875407539536437,0.7982256320859645,0.84147109007859,0.8358398576406503,0.7108559190164565,0.6380757035240281,0.7333307692565855,0.7833732674736812,0.8318238838104473,0.8143464805361766,0.7269087596087864,0.832375787562673,0.7785373825233682,0.6354612236070543,0.5622568749513897,0.9369596781139301,0.7970878665826439,0.5870458010989436,0.8603165700277747,0.677086249067326,0.7102966884813182,0.8143397682728973,0.8224366484342562,0.7779305931139048,0.7719313680115575,0.6938291028157824,0.6812355576389826,0.6723880746192614,0.6738352425826203,0.753323787059059,0.7570504874768865,0.7687044136710668,0.7386750781545735,0.6449166438609532,0.5744111127689353,0.5987139088770411,0.8281310643177314,0.7040847393873374,0.5725208855227194,0.8567326018949543,0.6091125769016821,0.660074645014513,0.783195399656703,0.7873634043282963,0.7030629029653328,0.6463838113294562,0.6450779980116507,0.6480854981484678,0.7187145791536121,0.7036057220794287,0.7225526977803737,0.757321955198182,0.8045105974324107,0.6676010476527388,0.6099932749899581,0.5885397136566762,0.6490191223205605,0.8003305439732319,0.7074141937774358,0.6306384500392551,0.8519035319779474,0.6999626752475393,0.7513874072288151
irene,rest1_vs_type1,0,Rest,Rest1,4,0,15.045616,7523,10023,-0.07419394685858549,-0.14443203899877055,-0.14519141938435354,0.022667297466469005,-0.13030558602019315,-0.10521920300300103,0.04324700404719195,-0.15696724020600605,-0.2627508109821455,-0.1274177742979603,-0.15718996402661078,-0.13292892456113847,-0.2847259540742719,-0.4241810348251578,-0.37366957024644565,0.23624762596153515,-0.10875212925854516,-0.008117470993702636,0.9434737686460656,0.7332920516491094,0.8205120716634943,0.9630549045791847,0.9469684156168306,0.8745971386085876,0.6128027092842104,0.712533320656785,0.9197249342507035,0.976307378642863,0.9539774086787225,0.9532704581716204,0.7550733767087466,0.6699044159133286,0.5885336987551029,0.8543961567872251,0.7758011968729673,0.6887292673822264,0.9648483921421125,0.8958887092789454,0.9607077579468459,0.8496585290330405,0.8301115855570391,0.8844318242487818,0.8226148313264298,0.7852728023356739,0.7589768510390947,0.6231925318877726,0.7406861499246925,0.8568530891950409,0.8920803773567506,0.9428026089996064,0.851823126231594,0.6828425787593221,0.6053546991343857,0.5391364697800924,0.8877171614112486,0.8137316691423907,0.7249478709363422,0.9659901807921581,0.8718979058044316,0.9385586073721117,0.913173526012452,0.728947926881758,0.6851835067853501,0.7416261407160377,0.6853455422659365,0.7472868370417594,0.6661791169539705,0.6838865656848743,0.770101456688452,0.7135639732760479,0.8087995059642943,0.7264345657190322,0.6765472833229738,0.5763295420379156,0.5751091612255189,0.8560693642832764,0.7617847478442027,0.6044595112912757,0.8715056002442945,0.7318261183429113,0.7829108984932004,0.864721152452798,0.6700147184535279,0.6671239227703228,0.6508582234750874,0.6004865005451465,0.6279747362150009,0.5104086093624327,0.6079708388209305,0.7074116197879126,0.7333678096817728,0.7924419207540616,0.6254956854380863,0.45497312792410194,0.3681445421114212,0.3703479968817241,0.7555210727778244,0.6828578827591361,0.5363842102692629,0.8900203598522339,0.7045332324067473,0.7753710326847064,0.8062895425245914,0.744788079109022,0.6999616338417406,0.7209037514087534,0.6139270579204374,0.5037426033095255,0.5881603926202709,0.6136914205943749,0.7063853413121942,0.6533831162063173,0.5989418478448528,0.6931948109372741,0.6175302545044976,0.4838634526649026,0.4143940895330934,0.8517507609408442,0.6421698046110638,0.4907487009049568,0.7985871071853811,0.5425964600445818,0.5428312359725632,0.8226427481919034,0.7116162674059284,0.7088150581024563,0.7366463222823926,0.7248687691856935,0.5590654141604253,0.6211051629923271,0.6248253296224631,0.6864430779178301,0.7244227786498109,0.6435533239212229,0.6010233194340221,0.609936702617631,0.549475755790182,0.5006554191408125,0.8498928424806169,0.7313131316532095,0.4113474686882841,0.8440743963128232,0.4187340771415875,0.46803739307951947
irene,rest1_vs_type1,0,Rest,Rest1,5,0,20.046649,10023,12523,-0.08098085993584903,-0.08597964153720561,-0.13511058859734604,0.015031717927217692,-0.026436295749916905,-0.09792363807122717,0.10307611254766247,0.0027125453594996074,-0.2501930227364957,0.09090975074411034,-0.08476303194584012,0.056394728687267026,-0.13900196255157393,-0.24355135422223917,-0.4830585404522165,0.09582755925004127,0.0879171080570782,-0.026946713534282463,0.9463913609872032,0.7641405623394734,0.7814351409383713,0.8254764126721053,0.8387452941487709,0.7781604628881129,0.6573999892569716,0.705145058985109,0.8363880316561417,0.8008217692494852,0.8267854052794875,0.9434243412606291,0.8170948845130782,0.810135577760901,0.531641539825321,0.9017426614703973,0.8663983653309439,0.6308451025196369,0.8721751351290867,0.8186756379935177,0.7741018573057326,0.973145518732983,0.8096431134278025,0.9083522282654005,0.8696960219302142,0.8333717257101994,0.8797433315548018,0.7686061301755667,0.878442892180585,0.8506861310889782,0.8417354951028919,0.8602902629050545,0.7996492242788825,0.7078046998673129,0.6631328728511655,0.7105495902570079,0.9384038882530359,0.873635063877658,0.8392341300358824,0.9416999686569907,0.8607444809262021,0.852256029637123,0.8283515860732585,0.8139601398735522,0.7931195241776134,0.6894363460633135,0.6237583982383907,0.552910728367555,0.6869344597658642,0.6601939781588213,0.6751370361214487,0.747985678236865,0.8108697533736263,0.8297775575101848,0.7176540067282133,0.5883480739726813,0.5072494540629401,0.8314165455063383,0.697997178102455,0.5450850062885655,0.833059702569941,0.6646862450890149,0.8676787346495722,0.8725489332750684,0.7727408836912235,0.7380752797392441,0.7408210377556348,0.7193178303277078,0.7373059976462613,0.7255898185904981,0.663947690103169,0.7251083089718494,0.7438624328109459,0.8399273484803488,0.8371814001563994,0.7655997093634717,0.7195150699375036,0.6096876731692754,0.8861716215573195,0.8347605431420415,0.619004122478353,0.9056035670100091,0.7437559666718494,0.7864296104081311,0.7424517396884024,0.7067265181976272,0.7376985220941671,0.7336929694347659,0.6348080198881696,0.6108485904936947,0.5175099328822022,0.5518025169863261,0.6820174007577976,0.7215074196668885,0.7377095592159275,0.7292049162361807,0.6638997220269482,0.5618789336916922,0.4829526214228453,0.8367506191840864,0.6602325852686988,0.5174084979253585,0.7826954543932353,0.5942589231595441,0.7754999148681612,0.7965249509423652,0.7041771013588101,0.6778861759862416,0.7232326337416548,0.6582636079937191,0.6092391787034946,0.6303298043143364,0.5866169789290789,0.6931594070637739,0.7108965409478589,0.7219219025389507,0.6719268809331441,0.6561052145006615,0.5394643714650261,0.4743810420558785,0.8235057672987834,0.660468688740695,0.4671268978733974,0.7759492905803477,0.597008065650887,0.7285555461225284
irene,rest1_vs_type1,0,Rest,Rest1,6,0,25.077465,12539,15039,-0.17126532785897552,-0.09439626890775976,-0.0011486360179255861,-0.08714339703777485,-0.16829094990758842,0.023080261438006344,-0.1555649018327907,-0.08524540197769515,-0.09461679242031318,-0.030940267292354218,-0.07031306184864006,-0.02167412265826707,-0.506521174308415,-0.5027936260190886,-0.177919994785809,-0.15706360936515695,0.04049235085182046,-0.00391937134608944,0.9913988785594859,0.8526671199955328,0.811358979691269,0.9250260060575064,0.9582112755351698,0.9543263319508113,0.8539508220867347,0.8095966115891168,0.932003360137074,0.968376991414584,0.9727113185431657,0.9656820849391609,0.8994559887774933,0.8744358912628862,0.8415105505863335,0.903818787870778,0.8509039273202263,0.8204840667925674,0.9668579779807578,0.9527262001596122,0.9824735514734225,0.9637581723420039,0.8585369340636106,0.8127668553961025,0.8316631320838058,0.7650028652271239,0.7916149420229281,0.8110395582708972,0.7817756278775799,0.8164615440804044,0.8043139945259808,0.8572118193185521,0.9489971589577615,0.8744671014248003,0.769223813750753,0.6854437986115668,0.9382225234319106,0.7976718510459841,0.6696810885170429,0.8686332392622744,0.7304488487376314,0.8542095123819202,0.7726121204394701,0.8336351755087215,0.7646342274941904,0.7431118620321433,0.6661224754136105,0.5828112903653363,0.6175351006072302,0.7023063219819198,0.7598335109512447,0.828594402966898,0.8151095137515646,0.7846137830880986,0.6716411324232034,0.5921748610409509,0.4906248859308375,0.9136490759851196,0.7896430153152871,0.6114016605712491,0.9029194222071677,0.7458620381466623,0.8957815464883544,0.8265110739160498,0.7066187743746521,0.8315725083816293,0.8374497978661706,0.7776341583190406,0.6935892377521237,0.5916353503657605,0.758230564685944,0.8508184766840254,0.9029365044354574,0.8347409802033116,0.735598706398623,0.6395336422503753,0.5706343437194912,0.5143716343871628,0.8844933299724901,0.7798443565661566,0.6047137708242956,0.9067811938877883,0.7396868085345182,0.8375809860680415,0.7961737479751658,0.7510545799108083,0.7333086249885297,0.7138612816594677,0.629969117938778,0.6496105468802934,0.6700355364663891,0.7166189595631532,0.7078804017328286,0.7657736899001235,0.7859528085648027,0.7748658912885235,0.7024800462942523,0.5711576995345689,0.5460480091241413,0.8381966879047683,0.6682460661762053,0.5900035499175865,0.7672684765253077,0.6476298711377076,0.7781174581144031,0.7509549619075158,0.7526877806716482,0.5845110013727604,0.5799756778472152,0.64990093866873,0.7182586047757218,0.7028692518269712,0.6228512377987613,0.6241846564381811,0.6890978067714661,0.7515936904156535,0.7047062578678905,0.6509424096228217,0.6159518585536353,0.6621379439230785,0.8544762368956698,0.7464135884343089,0.5287857531811868,0.8072010845679526,0.5952836905973251,0.7098333706306588
irene,rest1_vs_type1,0,Rest,Rest1,7,0,30.091634,15046,17546,-0.07506801409888908,-0.15349598949784315,-0.11096101454611063,-0.12201756426977983,-0.09417082979425562,0.08512368879742538,0.05281953146970775,-0.18580206121586684,-0.008503417477232489,-0.22282762840848314,-0.13921626617125193,-0.030897938949315806,-0.07624109141930902,-0.5576535867884518,-0.2947231530436212,-0.10778779905341107,-0.30613507102457205,-0.21065394097861634,0.823689918793392,0.8002033724758523,0.7579202994740204,0.7730725423874937,0.6015653100208942,0.472678833860045,0.6658314933176361,0.6809698602708744,0.8067669383010844,0.7130272557532088,0.6150985395036658,0.7770905472511762,0.7142369333975923,0.5584880469635414,0.34359310293030004,0.9122621579132932,0.7557457272073157,0.5655509923876733,0.9001892944445653,0.6846526333053368,0.7671624331173476,0.8599831379688245,0.833344181547725,0.8234227536008057,0.8025462102514379,0.766673932293865,0.6487257069709307,0.7050855237858025,0.7808502712101528,0.8129486547684416,0.8213036076678792,0.7838156893873752,0.8830306646679501,0.8153646891951152,0.7020670341730515,0.5370725318599656,0.9530571248489091,0.8354239444862057,0.660782309647891,0.8690902049516458,0.7225888636127468,0.856362175935412,0.8745034689254563,0.8817225534825665,0.780713792075491,0.6976610012819562,0.7194544184142413,0.7714809892843385,0.7285287446964593,0.756099250743843,0.7579431341721122,0.8516036780714648,0.8333103325160954,0.7755958818363807,0.6621849629592567,0.6250803346674918,0.6434236462054737,0.8183625500455581,0.7345789150477487,0.6535459830822523,0.8653637239021309,0.6969291646582602,0.8252225864631623,0.8392824737234673,0.7782577620454969,0.7900915413413089,0.7836802867309698,0.664975809260932,0.5840226736554592,0.7001684665135144,0.7723463923327529,0.7968120173718561,0.79306662192275,0.7584561132007551,0.8569971786474729,0.7828817673766036,0.623363968099502,0.5323053420420628,0.8878300477248231,0.770607893089307,0.6010919086698618,0.8576487557611084,0.644012382063086,0.7669644086154307,0.7123145822466893,0.7787677192016532,0.7223132139958053,0.6695704048440212,0.6090923003388723,0.5604751002135062,0.5471666792672765,0.5606191346883833,0.6388882760903414,0.7439050175774883,0.7119450669142257,0.6659452444244397,0.49201697004880757,0.46232228489513316,0.4461659107070627,0.7287282371944962,0.6614506284742537,0.5516510537551618,0.7710987877401705,0.5692018115338923,0.7502278628995919,0.74984094381867,0.6756067576824795,0.6166437896926578,0.6239165911743036,0.5915451367561209,0.6187033497380904,0.6534064623222064,0.6404014090255363,0.6878824672704128,0.7235671267888344,0.7624766617072466,0.7062542602747003,0.5943631464564942,0.6213764749526249,0.573466326578443,0.7654674730127526,0.6949277213894556,0.5519098305566943,0.8453958070380989,0.6447074782911342,0.7608494291033302
irene,rest1_vs_type1,0,Rest,Rest1,8,0,35.10759600000001,17554,20054,-0.13943469630559324,-0.09904942548361895,-0.09619778020627123,-0.10751771660890386,-0.0849104781649701,-0.06009257181704464,-0.1317086532875491,-0.12498562256711221,-0.16883164584384813,0.05953998372571068,0.06852639169614938,0.05794699728151875,-0.6743482398244343,-0.5060211380631854,-0.236551651314024,-0.1354131730306376,-0.1092710178639611,-0.0374187410066793,0.9592106476889526,0.8020625667522576,0.8941452036855654,0.8738358269720542,0.8627011524420165,0.614286828404961,0.7012873900698484,0.8048186915934958,0.8121518873056668,0.8850896976146448,0.7117441336246249,0.8650325854776703,0.7943291684328591,0.682193780841414,0.3942721942473571,0.9413681654181513,0.8648162043389186,0.5496865625331505,0.8904762513207938,0.5910331860107892,0.7413415729046288,0.9602574659751784,0.7803520309783551,0.7740884826249138,0.7967392119279657,0.7868545105450201,0.7260411005469403,0.6859437339597924,0.7057186575431369,0.7789686655035788,0.8020221460167997,0.7715646998400958,0.8822378638698344,0.6978584941705145,0.643964367978683,0.4763637311911137,0.8571752367697725,0.7913019713577824,0.5615333295041032,0.9314742032035302,0.7445062600494333,0.8435957631858209,0.8692915466692246,0.7962953450376683,0.7884685352099361,0.7069627190327443,0.6338549188507929,0.6498318270942665,0.653944293186404,0.7105144462191582,0.7285558610555488,0.7074842150682085,0.7690359476867188,0.7911759330709666,0.6234708844584576,0.5050517381670359,0.4851255996717767,0.8509556892530994,0.7534589514683219,0.6656144188972642,0.9120514364915712,0.7712324235623222,0.8105103729976875,0.8356936213797697,0.726778204053645,0.6847744154680084,0.7408424203020728,0.6821192819479469,0.6522196901239066,0.6517395647471055,0.6114813517291767,0.6732088616020233,0.6847566437653618,0.7500757006924145,0.7799244648728407,0.6613639329313676,0.5679545816426165,0.45327897589363947,0.8850200030354456,0.7066239121366464,0.4612240881035246,0.8197585842148821,0.5644778094498093,0.732512080116417,0.7057976403499837,0.7208608733612223,0.5674233175553449,0.5859765437352686,0.6031783349473007,0.6124932729662359,0.6040836615880343,0.5375539650448038,0.6553125476847176,0.6972337013183046,0.7695911872315049,0.6584342624557783,0.5057934357132149,0.49321023340817804,0.5168652929039718,0.7205513423547414,0.5940252365463172,0.4709712101407794,0.8151837751767649,0.5491203637624038,0.6567631312861124,0.7376092189553274,0.7532762821231586,0.6700861619334796,0.6163203142107649,0.5697119174142674,0.6212293940526783,0.6834302058218658,0.6684028884062267,0.67430358357011,0.7128275535606973,0.7599685704760523,0.6265035814230601,0.5816232880610659,0.5597543239946041,0.6313227664416896,0.8423294983051755,0.7621568063625676,0.6331115637966748,0.8454677410680063,0.6778279830950121,0.7400109770154908
irene,rest1_vs_type1,0,Rest,Rest1,9,0,40.12515500000001,20063,22563,-0.11823488043462405,-0.07090413499519688,-0.1690432509919071,-0.045442749613404665,-0.07310446988129238,-0.0234148699955532,-0.08846371552555166,0.1345846610449648,-0.36088625988647083,-0.1557709472932136,-0.12323485511723753,-0.07962602104129735,-0.3711654564805542,-0.04703680613816097,-0.46270056351668654,-0.05619571769681908,-0.14867781846288386,-0.0913860510212463,0.9694316384797276,0.8853167970667162,0.8754996461790793,0.8615991592087,0.8608450843058135,0.8931998899787551,0.8751567149221515,0.8304705819295302,0.83564714678876,0.8514698765327883,0.9174680307223787,0.9286331833431132,0.8666762723763418,0.8639889746622651,0.9141124673698418,0.9548730736737127,0.925091495254129,0.8547380640227852,0.9816071788061616,0.8183883320151716,0.8318255834330182,0.9505926655997983,0.9099781875152863,0.8259935197150433,0.822718602198535,0.821259950063292,0.9109052308759077,0.8462679413989375,0.8027033287028091,0.8041726551225454,0.8351614639132936,0.9411516785162953,0.8765929246641975,0.8596344350081453,0.8350950229510269,0.8447353710493349,0.9656912195413117,0.9424113978088966,0.8343448423072424,0.9731645462858903,0.8345393340481546,0.8748288500760514,0.8799072898758623,0.7910544224427354,0.7168240003035358,0.7541536876008028,0.7060919418926436,0.5955483358170915,0.7650784616991086,0.6425713529250356,0.7059168971086849,0.7194851709207793,0.7086112629462912,0.7732761518513753,0.8052691002222667,0.683207450868769,0.5778308910112757,0.8572720338127087,0.6644942375594429,0.4738484994391004,0.8266377067175907,0.548316093005772,0.6827681262564925,0.9023873215984831,0.7963599294476759,0.7752228823883126,0.8656937407637515,0.8498304524114373,0.8014569381746256,0.7134431109260058,0.726185848954167,0.8458154491576813,0.889548247405437,0.8897408951630911,0.7779301684700933,0.7375579711087958,0.6852556279434185,0.6376419198392019,0.8389039561531118,0.7656410275871349,0.6648441209451955,0.9054533222151706,0.789376159025023,0.8979187374596145,0.7296265050546596,0.702180062929994,0.754398823791419,0.749068156983857,0.600888610289452,0.5772030140991945,0.6689323520961803,0.6683266441685245,0.7843226735951949,0.7131718074122678,0.7493611570654869,0.7635437657729829,0.6825434592363274,0.5765458804518399,0.6122806016088643,0.8135036947268822,0.6725494845230722,0.6037370957837958,0.7768329643481936,0.636191601345395,0.7451723527468546,0.7772958814796909,0.8024564014420151,0.7713896261341756,0.7041622663790137,0.7017390386302111,0.6578486863578451,0.7226956943361679,0.7061720324441306,0.7381157002771841,0.7952740594030887,0.7954137669029937,0.7588673371745994,0.6682685037492139,0.6577539400037621,0.6114762383137891,0.7827600510725835,0.7728214501655939,0.6280383054221165,0.8356764665165756,0.7060587845473953,0.7751573319117266
irene,rest1_vs_type1,0,Rest,Rest1,10,0,45.143356,22572,25072,-0.11521797697104663,-0.15226559198053558,-0.1369768605160493,0.027178680932809396,-0.24023764147260174,-0.13389123562013028,-0.021938631471521752,-0.20165867170148477,0.032485444805635755,0.0813806874649794,-0.24304539805982994,0.04921869388861322,-0.35147952474628497,-0.4807252229647405,-0.16839272838910802,-0.22587409383241774,-0.47699526078497034,-0.009068004162690935,0.996247160634948,0.9913544368012862,0.9519213069524894,0.9419337088898198,0.9579092365580407,0.9507595304953137,0.9855540201146913,0.958523713445148,0.9515591687831456,0.9672059277586582,0.9682565873368814,0.9536500344744555,0.939186745066082,0.9474868586492293,0.9344048759255882,0.9940601728143487,0.9848472041545625,0.95704834888288,0.9897431374139423,0.9650327226776295,0.9805867306596008,0.9880539094997421,0.8839216301481833,0.7332797974843897,0.7207996939008565,0.7420747312877124,0.8680982159930537,0.8667759112134834,0.7217772911130552,0.7155481614916879,0.7416095853941447,0.8980750719141765,0.8195265639615649,0.8043222264360956,0.815948079987298,0.7971318067229739,0.9594001044833711,0.89805751038366,0.7128019045004077,0.9307105773589396,0.7141063751440717,0.7834707476962852,0.8950918169074061,0.8181328669886053,0.7874100012271998,0.7998734038088366,0.7790880432398054,0.6793514880900504,0.6864853646955938,0.7124008495649338,0.8012205688846087,0.814894868818988,0.7652922001542506,0.863582826945811,0.7139418854123275,0.7105624380062499,0.587954612310102,0.865381589302646,0.8107908031452716,0.5939057730661167,0.9062434507184022,0.6896416818254478,0.7833312629264293,0.8272350543246315,0.7855029460290304,0.72496426849271,0.7717497309087129,0.6665720922430707,0.6745987763867897,0.6346079312880599,0.6097671320855035,0.7650031157951822,0.7655640309923955,0.8187159464608835,0.7542647881217549,0.7082286160292064,0.5816929270591603,0.5434608338252371,0.8266854999631219,0.685539835998098,0.5572242305388881,0.8586008349457821,0.6920710882151153,0.7871853627887417,0.7443968082134643,0.6979901778877788,0.586772483319568,0.5856995119575773,0.5461186833491837,0.5563407027718755,0.6232049378463171,0.5745269362833137,0.6320495561209358,0.6830352811476916,0.7310419970217339,0.6790815535816762,0.6124789305856188,0.49870779355377215,0.5378641482721063,0.7768059743982328,0.6123071551379523,0.46666084472639185,0.8451574870954512,0.6003048731619419,0.6950647537266894,0.8011132549142618,0.8145510046157323,0.6835666700861136,0.7151483021199542,0.6738925280286547,0.7412771477315091,0.678972239506264,0.6360675813409066,0.7040623138642857,0.7248347608642681,0.8193869003008082,0.7155291465771052,0.6993371775625028,0.6418948194619438,0.6471123959298136,0.8119180963768616,0.7337494574298221,0.6487032634279518,0.8221583489073803,0.7326247159493584,0.8058952694394861
irene,rest1_vs_type1,0,Rest,Rest1,11,0,50.143571,25072,27572,-0.09844668931255995,-0.12270366101348529,-0.16433528292091726,-0.08518305855155006,-0.1872534404913293,-0.1344185014611452,0.051234808850316504,-0.10236196770897887,-0.10680462186694273,0.015129030019588097,-0.1538782737057689,-0.09584330723964762,-0.1598945811943464,-0.31108881717382264,-0.3997221062947176,-0.21140741983907496,-0.45284494403566633,-0.2077439545604205,0.9966049242564945,0.958746922354158,0.9552942271618678,0.93635813467955,0.9665502901887851,0.9363879466218983,0.9467630291976205,0.9480974960254077,0.9340344941996934,0.968549822532162,0.9472621008586101,0.9763190153055685,0.9570542570983803,0.9518119365877232,0.8879715264832632,0.9665176365971491,0.9596026251586418,0.8980760910860187,0.967474232077187,0.8798321592351366,0.9050665434791728,0.9722656684329289,0.9740010315937778,0.9057895465915581,0.855547008833757,0.7950797088730868,0.8414592630999473,0.9577474373736888,0.8909748257538223,0.8484866631929331,0.8126423649628702,0.8836254178587919,0.921216730103899,0.8600366270253613,0.7914298159491981,0.808422569149638,0.9467537127304418,0.8904141666420544,0.8109028428264193,0.9580125074668004,0.8169347599391561,0.8566021484644618,0.8775388019514627,0.8355822947830057,0.8264634773309143,0.8021538328152795,0.6437636915919598,0.6430400445694963,0.7050706040345918,0.7620887379154115,0.8027914601865359,0.7997653209587496,0.8022242240096871,0.8304775877001833,0.7236912464851205,0.5270673468603642,0.5037936094891371,0.9177383354436615,0.7306551218007046,0.6576335999270093,0.8605347726331185,0.7517327806477532,0.8979668163318519,0.9003886379909738,0.766403206987829,0.8018858771983278,0.7559070740204729,0.7392802709873393,0.7340942692555628,0.6755489462948869,0.781070245088729,0.8586294734783853,0.8561845457148923,0.8643973123147017,0.7964700950508258,0.6637528053676649,0.588873519963885,0.5285381432962718,0.8561432528196972,0.7716670685588675,0.6863381216476544,0.9240418316031386,0.8347743383771279,0.9094490120472541,0.6990770544430365,0.7985586868730813,0.6918049722024194,0.6877288418514508,0.49146629178259155,0.4687150325222335,0.7137535409809542,0.696707539310931,0.7632197123737938,0.7400974006204417,0.7208831183933254,0.8116266369160211,0.7315864831177816,0.5799062756972421,0.5204861929540961,0.8709935416198471,0.7072175476349838,0.5664949227117057,0.7960890245539914,0.64043951960404,0.825927762759627,0.6666942027297891,0.7027583196529772,0.5955275097528105,0.6119727778241872,0.6265641571196835,0.6242743213188657,0.6419825695233327,0.5861511537653503,0.6709965190466595,0.7583243467164587,0.7151381261523928,0.6372661958619447,0.5842594603085008,0.6282749424259709,0.5950081015509323,0.747646651488756,0.6888565707739406,0.5427246132340711,0.7676800069651135,0.6088253352216885,0.7329266940691046
irene,rest1_vs_type1,0,Rest,Rest1,12,0,55.154343,27577,30077,-0.14045716506970862,-0.11145741643300511,-0.14348432510494025,-0.03258025503891693,0.07338851685747905,-0.06818483425862976,-0.04827009422366846,-0.09069844978538466,-0.22332464515449013,0.06352950278981462,0.0012408147644697998,-0.08615941202430899,-0.3281296509510936,-0.249359070526884,-0.3829173981828333,-0.03198930923776677,0.0712249176159725,-0.14225279624263742,0.9894114368895286,0.9556070910934793,0.9335100068548532,0.8584825737507743,0.9034510145270442,0.9524318047477549,0.9381114410610609,0.9166003563934656,0.8436567085554836,0.9193018143814681,0.9722772427758651,0.9683203745987209,0.8610114419102235,0.9072401100959597,0.9263884976715913,0.9151138773604086,0.9429572049045646,0.9179430318109421,0.9007287346420632,0.8377562557461781,0.9559306944831394,0.967840644281447,0.8445375060538844,0.852181650245963,0.849952708681197,0.8561338518784736,0.8854834825674339,0.8206190720220746,0.8492032881024939,0.8533201940109013,0.8786052548770162,0.930927124297699,0.8865702499725491,0.8675907941378255,0.8720218001669058,0.8395511781983598,0.9738798452730104,0.9472364073515996,0.8511940477311155,0.9560226888242285,0.8709191504926131,0.919232809670707,0.7918978668881967,0.7923571161641795,0.7816543557153786,0.722214897219683,0.6588024719104281,0.5605244290408625,0.6113733822103031,0.7272972942271527,0.7418338175731438,0.7454273727660112,0.6692603494073035,0.821536053804362,0.712396114326023,0.643438980758293,0.5267348844374098,0.8918177767106922,0.7798985383191149,0.5550140876232146,0.859820034242067,0.6080097266607205,0.7682988323626628,0.849914241285442,0.788917038443216,0.7630718443656996,0.7510627853251892,0.7174004751361891,0.6235385825470617,0.6862150984130319,0.6560013245861289,0.718861379816623,0.8082851963401746,0.7037852506803499,0.7938296202443417,0.679156088541077,0.6213704325677929,0.5679566829404282,0.7947025294371987,0.689539813109368,0.5139787811584766,0.7668563938955361,0.5877656544669514,0.7676691310631203,0.7503421380773876,0.7593770221193847,0.6974117678578998,0.6764913181362218,0.597094974067886,0.6305565642379743,0.6939482707219428,0.6123550316283942,0.7305506830274244,0.7305385961329753,0.8132109790860236,0.6685709963497354,0.6535995675269634,0.5995523798764195,0.5893945945526414,0.8019355894588088,0.707407335690728,0.6231750478348329,0.8492330063802754,0.7254169494514846,0.7888183661892834,0.6600384098301496,0.6988884229754618,0.6451243771143969,0.6328169051958343,0.5999654787251282,0.5694726814473712,0.5888083516067922,0.6465061410529187,0.7141200405061477,0.7592487530946143,0.7603477003798523,0.7109300735752951,0.6725298410185944,0.6136374466998186,0.5305194071931972,0.7202301922225709,0.7122076886943409,0.6069652759036437,0.8210748160351179,0.692496642805931,0.8067135984626344
irene,rest1_vs_type1,0,Rest,Rest1,13,0,60.179408,30090,32590,-0.16449910972045068,-0.1795280771271912,-0.10062995332872848,-0.2381228279639349,0.03145797301183739,-0.0011342423152469472,-0.0810471646424098,-0.18821048625363446,-0.06646695250889945,-0.18839084829365937,-0.11746152869438409,0.09509516606494484,-0.41504344545933325,-0.37101839219705646,-0.26083501361179406,-0.5187729475768763,-0.4747295831399476,0.09958251662234208,0.933941116660742,0.8983782960823561,0.8939513903980075,0.8875152660339909,0.8870525440977453,0.8909557564384741,0.8748544992686222,0.8902164295873153,0.9148797474706348,0.9166001065776538,0.9178504437864073,0.9659016336795267,0.8982451428616378,0.8834164222795754,0.8893504002359919,0.9499114895845516,0.9325186899456951,0.9180933198062389,0.9829144990906407,0.937971342099735,0.9685047998034707,0.922189879284838,0.8722965048525982,0.81772565976677,0.8264137922487045,0.7678090047233894,0.8136672537892637,0.8187064236371588,0.7832406606013504,0.8240881307599797,0.8254298384937975,0.8797612822096257,0.8539501744586138,0.7788354708747308,0.6891196411515379,0.6743240425272395,0.9201722340132944,0.8268215702971615,0.7115584968132818,0.9364005878298383,0.8358421463296256,0.8992536474922229,0.7054457867649825,0.7544392359293444,0.7825081130648981,0.6118535736850822,0.4359487716713151,0.3834887187064458,0.5126289987691304,0.570168785051212,0.71358949091528,0.6710321057072937,0.6874237155791864,0.7841798932546146,0.4867576172201607,0.3320640547428262,0.2944182922855579,0.750931860277539,0.5409659093332678,0.3622971681538577,0.8442589864312399,0.5528106307947102,0.7165146924863582,0.8269788306718485,0.8460715486949902,0.8580216717756972,0.8073191946902433,0.686745154767617,0.630354976446355,0.691243724920231,0.7613418715424424,0.8958699259666397,0.862736139537078,0.8058098113920871,0.8491466803547792,0.7362141549847491,0.5846210194233528,0.4911371750538242,0.8721827093897749,0.7109437154258402,0.5463621182554931,0.8829728623824019,0.743547792849801,0.8512920208310498,0.8046367191674328,0.7529204722351577,0.7202507859167884,0.753899377919252,0.7325737458643108,0.6491592238268492,0.7089299006445013,0.6706163466553878,0.7457088182731343,0.8221874640645188,0.7566326429431981,0.6910590033058467,0.7195099480610304,0.6575871541678111,0.6199081760469288,0.880002358780609,0.7670482912443375,0.5500914658243878,0.840074194256961,0.6210113895613468,0.7560058391441025,0.7834208190013425,0.7453202845844925,0.7548657686929834,0.7159693926678763,0.7285888315762303,0.6907632202985555,0.6559579470696421,0.6870921382019836,0.7841152169113537,0.7735969552073139,0.7597094078048066,0.7291070886715659,0.5891858413427774,0.6208372302420577,0.6411964255230492,0.7465582218470888,0.7298070208612822,0.6397887947756465,0.8189958351243548,0.6721069014921568,0.7561760225414382
irene,rest1_vs_type1,0,Rest,Rest1,14,0,65.20881800000001,32604,35104,-0.10389561238852885,-0.07603571536338904,-0.2712815434630311,-0.18606106478188078,-0.14755536154066018,-0.08469732790969431,-0.014057399340162036,0.07947904863170141,-0.3877710791495117,-0.2767246198436073,-0.13304717529358445,0.04889896345470279,-0.32369486350451204,-0.11000154358260517,-0.49469707728148116,-0.5082874477000145,-0.3475297506560464,-0.12285909353693691,0.9800438687799669,0.8423754982691825,0.9281053390058802,0.9473167922648734,0.9299558426683289,0.8510958863106828,0.7748766548642382,0.8830508151626253,0.9536425664437791,0.9587953191326906,0.9043180700898348,0.9335814935751872,0.7973842388302439,0.7220279900204211,0.6013425022061896,0.9169695275437363,0.8494996051327696,0.7376022484485636,0.9597191091070685,0.8764179793903255,0.9266492354300201,0.9363505158414974,0.9315056988264305,0.7986222145312067,0.7679570734985003,0.7829658863877498,0.7206526826457827,0.8379263730554116,0.7138800577421875,0.6947870347442301,0.7383948527327706,0.682662419256031,0.866197302848082,0.8001985528906517,0.7808688612492805,0.6387646699458085,0.9095787578432282,0.8640722489461931,0.6557242459897356,0.9515450022416622,0.774497206934483,0.8219503609835213,0.7912651205502487,0.7213932279361136,0.7601373953020288,0.7464158180888227,0.6353830667391616,0.5444778484210953,0.6368185812188044,0.7007635956854836,0.7410619195006888,0.7633030337207093,0.7995037153999381,0.8538904012458134,0.8148535176585082,0.5766827319238487,0.41613761716374986,0.9281421235160928,0.7073810005985754,0.5160967644116252,0.8309071421668418,0.6094885661858932,0.7827839986583671,0.8083252671385035,0.6576100895468099,0.7105664542201845,0.648713215171893,0.5792024878410836,0.6079419939255909,0.5276797107858859,0.6737214823881935,0.7166774935188711,0.7206330918745483,0.7598791097090252,0.6385525445282075,0.5595500054828952,0.4391630518680239,0.47604591300356386,0.8444871581432617,0.6920536784201214,0.568725308852432,0.8320470274387317,0.7019961225200612,0.8676710341534964,0.785899395354588,0.7971621473366406,0.720411446202495,0.6838685924530389,0.5728687545310192,0.5815940022101542,0.7131555242083061,0.6623041320708859,0.7260229929734515,0.7663799842401939,0.7707767743700573,0.8074155518776774,0.7535460888504694,0.6335047375366536,0.5653756475434767,0.8156720205097727,0.688271485970739,0.5743167945816336,0.8143956216480134,0.6604768794463658,0.819265032036237,0.7606566289679837,0.8093618800637732,0.7148989914022392,0.7269161684053614,0.7196525444859334,0.6927387139492016,0.6880347417401874,0.6488801976165334,0.6896716226506754,0.7672506283914061,0.8356520864481036,0.7548905051966986,0.7202753619242861,0.6627163508456595,0.6838207844563153,0.7713725228572216,0.6649547928593391,0.6281041896124503,0.8035797568785613,0.6900910794566477,0.8337499077229191
irene,rest1_vs_type1,0,Rest,Rest1,15,0,70.20913300000001,35105,37605,-0.10982197450592501,-0.13344383696636886,-0.026357744565015828,-0.1088177295196302,-0.08081543521058476,-0.185870861482202,-0.005336816223502794,-0.06232598799170841,0.2957811186338759,-0.10886824109136528,-0.0806068708852834,-0.1488597440572339,-0.10006354681069762,-0.24350564975118605,-0.0008367071714721064,-0.3648333597389284,-0.2402607432245949,-0.07128376907359701,0.9922551155268127,0.8768180121404343,0.9654489309428997,0.9628279813440592,0.9461718283695548,0.8353707355765816,0.8368851617983039,0.9503326841398171,0.9645760300614316,0.9551743405250425,0.8741084303950785,0.9004033492223388,0.8514993568581293,0.8124522535887037,0.6302704350947609,0.9771125696928116,0.9515830313133996,0.8012858272157135,0.9859568973299953,0.8450030618784673,0.8896634737199729,0.9752671608632859,0.8571865841359372,0.8122945642093584,0.790027293012251,0.8100921601926814,0.7357718266846114,0.7933958177712375,0.7611009751935128,0.7586111792067944,0.8167852232344542,0.7995615242362515,0.9382551881308023,0.8253451759510011,0.7738302952913664,0.6006725246820178,0.922388360891938,0.8402042583706505,0.6159920769824477,0.8976461399151842,0.6710773025241168,0.8039618484824741,0.8010146943928447,0.7278803744899661,0.6485944942279738,0.5401460933272314,0.40544978910900253,0.41957172601202747,0.5068357961613321,0.6247489282711064,0.6773757477845013,0.6733671789878647,0.6735767595806276,0.6357814803581442,0.4750599195252588,0.22446135626578237,0.13003129782072342,0.8063854738222843,0.57106074701274,0.4203497543570554,0.8213564172394566,0.6421403180224796,0.8739130157520699,0.8443561283442633,0.6884646864345383,0.6415148153149465,0.7259596490731429,0.6361846127365456,0.6209350689208677,0.5659090314500277,0.5923720648451899,0.6999793512019329,0.7231206073772101,0.794905815027945,0.7203327856448218,0.6174874479708522,0.386501361333465,0.3904458576646633,0.8138984650275357,0.6350734375660018,0.4554333964002532,0.8047876147086375,0.6456608514236207,0.8124064143207343,0.7158254490465077,0.733366771579549,0.6757467304940499,0.7156605709782007,0.5996076121067486,0.5730971914055938,0.621318421100337,0.5658459495788088,0.7298871442904661,0.7328061793972857,0.7721132701738938,0.6796035034299804,0.6514528058142759,0.5212699442594771,0.479733697045093,0.804128853712311,0.5993779878629593,0.45833571501811293,0.799738094743763,0.6394082499307546,0.7465856794998615,0.774976056902758,0.8037477501865227,0.6779331049178693,0.7470952946864855,0.7126546420422182,0.6586987053080214,0.7160091108320317,0.6540926349412838,0.7310163540069969,0.7372769743808152,0.7313261151932162,0.7019193806686892,0.7599266127806575,0.6855488780433823,0.6321566188665905,0.7395884248223241,0.6977396084617098,0.6175363256453039,0.7931682569965971,0.6723945292330861,0.7542188333734551
irene,rest1_vs_type1,0,Rest,Rest1,16,0,75.216172,37608,40108,-0.0959638268959413,-0.06574275349222702,-0.2186871917078994,-0.0646272579824112,-0.0035342333231014322,-0.06432773914794732,0.0627321382917927,-0.03476053685478586,-0.0365923609636325,-0.2393814578367821,0.06163195383789555,0.11036893477759424,-0.09964334775582717,-0.018970420269869948,-0.5338627104199718,-0.4558980409313662,-0.06450189455358979,0.08778729675600205,0.9469860856804027,0.878338377099019,0.9436213388487279,0.9289917816603024,0.854760044597901,0.8159693571387314,0.7533918976265056,0.8629977756491728,0.9524535217348752,0.9364579144258316,0.9283103657687057,0.9417563390679043,0.7905549203055708,0.6752039105041812,0.6066043656924546,0.9145151494997217,0.8105030012413579,0.7357094821842343,0.9567155580452819,0.884745016453908,0.9433302673432833,0.9303229478712702,0.7877211482694985,0.7875336218288617,0.8014227011446791,0.767028973855539,0.8065352547328941,0.6663404687746403,0.703668529068789,0.7319459631498623,0.7521437851464517,0.9033541336350461,0.7947277175222642,0.7105312415178981,0.6309368450684156,0.543957048442989,0.9527492035889817,0.8730778813781104,0.6567909061303084,0.9401936086799807,0.704800118822774,0.7902952409423571,0.8897585464985134,0.8122072990429653,0.6791390875164113,0.6995698833658902,0.6820582736638523,0.5574807918821748,0.7185063646112084,0.6787832512309419,0.7255532195180783,0.7923913050658291,0.708778397146269,0.7571181769181101,0.6071680049653567,0.5617431036905262,0.4070392006986443,0.8488363803871998,0.736742068462572,0.5093111576154639,0.8769627020421006,0.6335138981549977,0.7498152992822555,0.8379399065874461,0.7992833460055,0.7861942415828895,0.7666097238063693,0.7440641955527469,0.7198309548747863,0.6856780995968168,0.7472667589306553,0.8445413137401424,0.8740280512248974,0.8660083138928473,0.8541352734600749,0.731145331258029,0.6495154352941915,0.5461618373602429,0.8648653668355161,0.7769043853515796,0.6778441041850489,0.9005697423369551,0.8013770381676076,0.8706718622984932,0.8450727230572551,0.8134250132455612,0.650852178836163,0.7646254468917904,0.7150303509498447,0.6913036346137487,0.7763241541860952,0.642958166403306,0.7684389481030302,0.7745793070498713,0.7635675917014833,0.6857853920080667,0.7445122192946084,0.7222248593512419,0.683725713816543,0.808054374873884,0.7322983940113401,0.5410982443300711,0.9041744567575862,0.682099594894344,0.7684677608706312,0.8112825371679018,0.8221865589400972,0.7271019395966558,0.730226629643797,0.7318305867679381,0.7111517156196654,0.7411256327405836,0.6750172836628511,0.7854660116711586,0.8310089239802064,0.8159511461222317,0.6980234530101807,0.6828985811864942,0.6712029113935771,0.6461532324570026,0.7748388643025368,0.7259702369684393,0.6266455207756971,0.864750472932448,0.7414841763686648,0.8222011006323482
irene,rest1_vs_type1,0,Rest,Rest1,17,0,80.230411,40115,42615,-0.10868655322930287,-0.1497802222791469,-0.032821110452315505,-0.10283415353560255,-0.24795088363005213,-0.12174531965993429,0.02003694674439327,-0.050397076088084525,-0.18449736353262836,0.05447286916406835,-0.14350496136438284,0.042220286584815137,-0.13879233298999605,-0.39244851987030493,-0.03890678803647729,-0.03245158902476719,-0.1308360875925958,-0.08567024799691203,0.9561594937342325,0.888969007155553,0.7722695655614172,0.7960374797637022,0.7601140892981594,0.7316168594933802,0.837877478006166,0.6987621789640217,0.7653671525178459,0.7695056621823867,0.7956848420811069,0.7704705721950857,0.7187717584582288,0.6699058653920195,0.6570225021601772,0.9319409425217284,0.8487961131657163,0.7389183314101033,0.93378413839281,0.790100293736229,0.8805229311428006,0.9018612539843535,0.8414573770315081,0.7078453827002774,0.7282772972472455,0.7283408128521144,0.6957025238480107,0.703749529466516,0.6142744117045139,0.6719528232921418,0.7597613093278064,0.7710213070379544,0.8848381190036249,0.8130447352747577,0.7188069504454627,0.6197546042880061,0.9344087977457882,0.8244287658636583,0.6739389846080613,0.9039539186356751,0.7426691490341205,0.8838597175683944,0.8482654241784701,0.7414462590740105,0.6403038064049442,0.6634409208358869,0.6289429514823086,0.5542013582676982,0.6446050991681561,0.6156759929848168,0.7535877636129419,0.7880238976486591,0.781594507357707,0.6378695068048091,0.6345292469379955,0.5221759440812362,0.46147104745597073,0.7800433208480415,0.6107035083731919,0.5078419915680114,0.8633988432166473,0.7217260329641172,0.8143132487740017,0.7609022607638282,0.7713344162951312,0.7249584129035411,0.7192498989183135,0.6269482559796445,0.5603834945875,0.5955742148015394,0.633597017814079,0.7357327564613608,0.8020819955298916,0.8098513305715201,0.7189183636928937,0.6074488696450459,0.45468211577169576,0.3898608684279893,0.8715549154207817,0.6947216191599291,0.5882040381298503,0.8478502780805867,0.7325685659867863,0.8690659430139454,0.8028025520248129,0.7799375414730667,0.6701012162869183,0.761690997207044,0.6289859123274342,0.6512521618210418,0.7366751235383203,0.6044355649779468,0.7909787473228962,0.7354108689796269,0.7397637723208701,0.7176557338177962,0.7126046402404509,0.5964310718224749,0.6108929953507743,0.7974454139432062,0.6701305868320026,0.5835653761627111,0.7893674173260671,0.7313929503345895,0.8495254487398651,0.792853649662497,0.8051818580071306,0.7679080132392042,0.7621614687710432,0.7342007304570564,0.7260868915088216,0.7866422896399459,0.7330710101298212,0.8227919678984268,0.8047202218683503,0.7922642416917277,0.74880591247293,0.7361867540714201,0.7179629867453098,0.6679150300942405,0.7690457704668123,0.7555382703001622,0.716452850868059,0.8612079275729397,0.7577927232526428,0.8536562990653821
irene,rest1_vs_type1,0,Rest,Rest1,18,0,85.253685,42627,45127,-0.12347265985674483,-0.13325379739115917,-0.12233623168736951,-0.08442406543011582,-0.1178716646915996,-0.037672706148006885,-0.08208282949739054,-0.09743977944380156,-0.2588364206116194,0.10805180175469786,-0.05693933951929164,-0.1119615121509745,-0.32898898570220236,-0.3375357671448107,-0.1960972996066941,-0.08996676623788269,-0.15308010376622372,-0.10399750217285542,0.9983219849161625,0.9931423271040993,0.9745026340270214,0.9778810236400264,0.9640939571270463,0.9946737513305967,0.9921559789099502,0.974738147383539,0.9801614938259225,0.9681455423915328,0.9966079708012526,0.9823977450955671,0.9817420607075045,0.9710106589457631,0.9902579622602679,0.9954614511544573,0.993992470711266,0.9804854189493515,0.9946296277373194,0.9861874354040464,0.9767767174677408,0.9952621000649298,0.9850784617911842,0.8748919274151178,0.8720684964893589,0.8725636275636137,0.9152402799394637,0.9762882975402571,0.8700487353055236,0.8715887136959318,0.8771576758579016,0.927227901908406,0.9024340994621216,0.8901834820210806,0.8755530008434645,0.8912684229324831,0.9720728520584611,0.9194711315197288,0.8865461199806463,0.9617990018118632,0.8877130884483622,0.9137983239942187,0.8066033255079944,0.6903707446275886,0.6133330104456521,0.6168175218968404,0.6468199975310598,0.6580241095083224,0.5494114725027881,0.5024586047107605,0.5561112727816552,0.6348601324493807,0.7362697313314801,0.741604233662095,0.6821194692768422,0.6784292893151519,0.6221821753014295,0.8510836996282245,0.7413811396499034,0.5807091852347173,0.9126536618892918,0.6458444391763317,0.7420255454304368,0.8638914631057031,0.8025728992743648,0.7023526408446891,0.7561894353835198,0.6644243373442297,0.6361744608599212,0.7036180995857589,0.6238046578575168,0.7149631285892679,0.7201742281162885,0.7336492548160701,0.7897537282965482,0.7368258177316939,0.6344165172495707,0.5679064630375134,0.8632953161726458,0.7038930156950904,0.5865757484868239,0.8566267011367872,0.6959233378772783,0.8055558459184937,0.85722507155118,0.8572322803503964,0.7445371226037246,0.7727550337281962,0.7034745912267621,0.7613806432367846,0.8144136108704529,0.7032133462812912,0.7337148833735474,0.7274743633940954,0.8172258685457472,0.7660014208882454,0.7568651632085966,0.6839131776490823,0.7659375063403187,0.8669757070240863,0.7964743935743482,0.6811317203589405,0.8842539626371674,0.7019267783441578,0.7326267150498585,0.848902275573302,0.8788205986226074,0.6860504941516723,0.7837326629648382,0.7675455921180643,0.8008859251507553,0.8460559857355691,0.7076029370930235,0.7909047691904317,0.7634077595185388,0.8320408926045116,0.711317632733447,0.7742950320101071,0.766208767858879,0.8128575385841356,0.7657742729400505,0.7486601875122808,0.6512122927180556,0.8562295652702263,0.7251577652441895,0.8147142448218067
irene,rest1_vs_type1,0,Rest,Rest1,19,0,90.262191,45131,47631,-0.13374332324354743,-0.08954656136056371,-0.17003574785839204,-0.21969605546451554,-0.1902156349259636,-0.013801965834907115,-0.0028294415546668006,-0.06591377520172426,-0.18377491644377564,-0.15876519631477226,0.040712175285062546,-0.183581318592416,-0.3026572036334789,-0.3612452886297328,-0.4075326849363705,-0.34130473555200735,-0.20047714482695955,-0.12075108783407162,0.8543867455071569,0.8329179638362884,0.773828527922167,0.8070166894545785,0.7239110285316676,0.72894717102111,0.7852425648697298,0.6389016377188731,0.6539952182284026,0.5845943622708905,0.6818540836141599,0.8444968695842834,0.7673619572816658,0.6947089123739693,0.6882691595418104,0.909994532028547,0.7398942632051041,0.6275488991225547,0.828954423222931,0.7501713518069736,0.8108991924283919,0.9369911816197812,0.8784282735288068,0.7774960529572265,0.8012714604381062,0.70077079961826,0.702739629478991,0.780147764835067,0.6707804999525965,0.7084326293164379,0.638869607096352,0.702726389280406,0.8662718696917582,0.8406398897979507,0.717842363705166,0.5982909071849644,0.9703798610604496,0.8679236001748258,0.6694872828107669,0.9118251686972801,0.7211007772842193,0.7686877293444412,0.8912882795538579,0.6922685796871004,0.7720224100905123,0.7369975451642828,0.6721611130082003,0.7080683285418842,0.652645517968407,0.7407920172377941,0.7546188530113233,0.7620163673943395,0.8164298146535143,0.7933194399918726,0.6949546833185969,0.6933593502417202,0.6778450020832969,0.9299682049780471,0.8496072868628401,0.7931165052342946,0.9099411678228151,0.8183991786720888,0.8659792733241863,0.8052006166812924,0.7565594731422258,0.7146823789919845,0.7013857066816924,0.5843616282474884,0.4922181999756947,0.6472942866606648,0.6251487408154619,0.7099098594465517,0.7172892736603117,0.6699411538615992,0.7755421597098964,0.6826978813366704,0.5514157034429904,0.5112236100673899,0.8409128765117387,0.7196828939239204,0.5170367799720305,0.8230357275795026,0.591336606737814,0.7507706118679169,0.8110202345845368,0.7676174283999248,0.7448713189679907,0.646334131540379,0.5835639483080384,0.6440014074531739,0.6323055907849198,0.6735756267522841,0.6911649969838533,0.6856520885102805,0.7496495680848313,0.6088114715591294,0.5693653747162984,0.4360587421225779,0.5434364721313119,0.7472909501007963,0.6471932877758811,0.5291416499170829,0.7701935432136078,0.5661200800764092,0.6449652778656505,0.8180568828796707,0.8276665804750599,0.7306279187950807,0.7651014509039663,0.76773115882279,0.6858839473243158,0.753981158606244,0.7387171345968151,0.8013805734239703,0.8423819442272552,0.8082406002730086,0.7217119860326405,0.7373287009552645,0.7157553410426277,0.627796662856881,0.7935911304412269,0.7797679789494844,0.7017915272872054,0.860101742528846,0.7315719861266401,0.8250535190829055
irene,rest1_vs_type1,0,Rest,Rest1,20,0,95.281265,47641,50141,-0.14479155888242445,-0.1500951024552215,-0.18400319475338023,0.05793495846378782,-0.13618573017588886,-0.008090394394120182,-0.10344512882215184,-0.01593145840604926,-0.31653076376216305,0.13229928577757022,-0.01436428083783925,0.01613970397723752,-0.5340060063858436,-0.55433347926395,-0.513364210390582,0.07414434931495606,-0.19499606637336186,-0.10786186904684825,0.9981570216312367,0.9711187644071808,0.9566264744777577,0.9821713839978862,0.9835790474403028,0.9825776549705104,0.9600424043804732,0.9496142491025639,0.982487087055956,0.9880254877874668,0.9893667343562053,0.9725805616591897,0.959693571192409,0.9415048868511217,0.9304059964752573,0.9663854118394356,0.9384173945100074,0.9270767252140353,0.988539872877067,0.9737703373030164,0.9851176234215865,0.9635005176862219,0.8954396326006597,0.8456198206571681,0.8465808256429985,0.820000673434973,0.8491260309241108,0.8445534100874775,0.8297461179860653,0.8493796576648941,0.8243749026545643,0.9141087135620012,0.9043836385553742,0.8653667419985397,0.8146056151150365,0.7966490504988885,0.9383813444182125,0.8964420336647811,0.8219490808654508,0.9762125839395057,0.8497297124694075,0.8252007344225402,0.9432428257858487,0.8203237244705806,0.7527792789092353,0.7794578962768115,0.7385927431332087,0.7442814640515264,0.7576851830714578,0.7247612642818922,0.7696572463171447,0.7439497291709034,0.79901398643523,0.8644128111276517,0.833864573474199,0.7777904450611095,0.6817766697100296,0.9374592221231913,0.8796648624433497,0.7721221947489024,0.9669151896846441,0.8277379170775749,0.8412149058935102,0.9306433302829643,0.8712588953072288,0.8481085677207699,0.8593363636695994,0.7863711123367675,0.7511948398161286,0.7865269456474632,0.8063636336737502,0.8312740602686464,0.7958142458394546,0.8275877647992855,0.8646892202157911,0.7863228331439012,0.6959857111966082,0.6496540662421195,0.8928086732925253,0.8270467080273457,0.7203599037447763,0.9329870298718663,0.8156211615188058,0.8815972140776511,0.7564643532889155,0.7763807529601453,0.6819153055653169,0.743688894860488,0.615798207580947,0.6658704861082585,0.6328935480878228,0.699768174961434,0.7874371093087864,0.7473559633427121,0.7826402864683716,0.683929558448573,0.5776522346947996,0.4907352679423348,0.6118036670455396,0.7774308204482812,0.6616491392421411,0.6099079292444067,0.807016420864312,0.6943078702795925,0.7314265908577917,0.8093082202891569,0.8287879891330802,0.6695953203130686,0.6701489120188913,0.7164648580621101,0.7219375372655993,0.7491864238251859,0.6851513177136835,0.7421617111735964,0.8007544063717733,0.8289606512578912,0.7014869278292529,0.7249756165016977,0.6835338009569351,0.6930029408980993,0.7858782877372446,0.7657022406619135,0.6688724898318834,0.851589489867207,0.7512971900302792,0.8448443966153258
irene,rest1_vs_type1,0,Rest,Rest1,21,0,100.307744,50154,52654,-0.10424426295732214,-0.09127319410299606,-0.028734240455797533,-0.03077839526175019,-0.155063336312959,-0.02471133097434297,0.0235974894829587,0.008700512938097482,-0.17586924264654824,-0.16276198951145426,-0.048025486156063835,-0.07091468639266396,-0.2970218879541662,-0.1760452743755776,-0.20249634188902776,-0.07041819567884788,-0.07414611748042876,-0.0021212515577904156,0.9898523905567289,0.9710928108616309,0.9044482094698766,0.9138939554605107,0.8677346909506741,0.9263477448932611,0.9728500979446654,0.9228431603146422,0.9348580097806899,0.9011551814248319,0.9598690139532564,0.9280939029514494,0.9145734405481925,0.8703884878034541,0.9279178315933964,0.9745989952751788,0.9486379483584745,0.9521142090325888,0.980817123420506,0.9569690937846049,0.9494453723666207,0.9905488140702704,0.9476292043684049,0.8728976869060663,0.8691689741123919,0.824170318069224,0.939439893515271,0.9491724662234471,0.8765591706093562,0.8765327501128444,0.8441037686810753,0.9637178139668129,0.9203763642917661,0.8991036432833691,0.8493555535683004,0.9317382097520062,0.9689967531923072,0.8997428311167912,0.8764779146301015,0.9439363647897209,0.8907771198965895,0.89935689237253,0.7930455897614859,0.6595271323773826,0.70640930172944,0.7321458481311462,0.6695029638293581,0.5554205735500143,0.5179355774329403,0.5827457097671399,0.710618090502222,0.6532235608418663,0.5983568335097091,0.8593982583631864,0.7852271418012626,0.7143164835944843,0.5602729323055451,0.8935224009677397,0.8221998900050107,0.671820273343574,0.9016554563256204,0.7106397411035782,0.800072096892343,0.8750597873853723,0.8967655474432752,0.7440051990410457,0.7932844215009863,0.6893703726738217,0.671399616953689,0.7980697696709337,0.7440364775826543,0.7814017062650582,0.7511436991106514,0.7732975936225664,0.7703005498151542,0.8014186034436751,0.6823140050296875,0.6322396794292604,0.9167337823078768,0.7544680477461924,0.6532790939659554,0.8484783934991051,0.7552148252941866,0.8980327156423519,0.8528218465810363,0.8778171532641226,0.8187345043876484,0.8600678778436922,0.7930872866276002,0.7836164105796116,0.8165209193564632,0.8248710608445055,0.8498624376958613,0.8245637932799387,0.8388863450052797,0.8490715498743866,0.851811645219909,0.7945443584309274,0.7853431360759169,0.9010775730626744,0.8049279932529064,0.7231354282012672,0.8917786419169066,0.8178683905363744,0.890730331609164,0.8143651876094093,0.7982333936862508,0.7152726303207059,0.7695081787613612,0.7222930536701931,0.7323720865881254,0.7302550976923937,0.6948439674077599,0.777082482570113,0.7849277947589216,0.771573635098142,0.7365651904918212,0.6977164913613688,0.6481362051422727,0.6553326922516427,0.7514998953617075,0.7006234777613608,0.6553100402121586,0.8314337839305768,0.7792224602892559,0.8238056045024792
irene,rest1_vs_type1,0,Rest,Rest1,22,0,105.318516,52659,55159,-0.1408270215015861,-0.16112923758231457,-0.2057497504148662,-0.027213121281628894,-0.18276641527099868,0.011977164982625244,-0.032410070683290826,-0.04382525714416463,-0.253678794438732,-0.27363684237320607,0.042210450628586305,-0.07252900208288149,-0.3696907635771245,-0.32638337825492325,-0.6385867340925824,-0.3381109221268772,-0.22936008799502328,-0.35715895505391115,0.9929302344458151,0.9476680919391817,0.9399081734037874,0.9517852655454067,0.9207393524218872,0.9555824321775775,0.9284893978164815,0.9240927289485119,0.9372360715161401,0.9110254465954818,0.9482233231026675,0.9320735157851152,0.9465654627180244,0.9099383456333113,0.9640977584991485,0.9931451823039195,0.9666344281202558,0.9011757717973836,0.9700509442625765,0.926196737644518,0.8979037660199967,0.9747473772971543,0.9315397825040796,0.8657376574489016,0.8612409547850995,0.864939995036715,0.8944663879558489,0.9060818827627186,0.8484888762928953,0.8476242570331357,0.8741702316100277,0.9245760496160357,0.9092613292960924,0.9068025418426954,0.8989782929878777,0.872446714572288,0.9847246864384772,0.9544608980929993,0.8345238474138936,0.965531394327302,0.8411539607711379,0.891755961731018,0.8448495471107026,0.7294790478647785,0.6345231607776514,0.6231076963717359,0.5945837747347705,0.6166520526234498,0.6899028429376621,0.5700163747131134,0.5968360217997583,0.6476012248293408,0.7861712470738585,0.7857945549844766,0.6423975935128289,0.6230364563867876,0.584406224696419,0.8504341795766854,0.7612582228651062,0.5768272698409714,0.8881611034979663,0.6571253998977868,0.7764267602706473,0.7759428726111722,0.7375029489265769,0.7030163061438705,0.6447136622854771,0.6356349307324194,0.6008752951964488,0.6063755489074165,0.6074586117781706,0.6619137708635879,0.7069879346797668,0.754188164147506,0.7342736983714386,0.5974408072553865,0.5693149002858561,0.4583654293710132,0.8505710955116564,0.7615849799704174,0.5855424953028759,0.9179666653221874,0.7309050812788984,0.7810542356080477,0.6712334959990548,0.7670779342224698,0.6122233530873014,0.5914125030899544,0.5580114725818701,0.5247495554639009,0.5437085669854994,0.5181873453415842,0.6789532645211991,0.7217414344030784,0.7235575290077256,0.6499853707978184,0.5173998165836685,0.5459966641920525,0.4073432006903732,0.6722249244140444,0.537443689606095,0.3742962542157251,0.7512366327848082,0.6042647837598232,0.8241029312570813,0.81819251960563,0.7904940389251607,0.7274575752087663,0.6782616520233044,0.672141940611729,0.7471965177394515,0.6928621819309749,0.6710224043184817,0.6591882014490309,0.741761340109749,0.7988669395076445,0.6992152256590165,0.661275152098018,0.6315596900609382,0.648122387079108,0.7122479431818901,0.6891113914851684,0.6644567366040048,0.8571344311879683,0.6890811958858831,0.7880938902849798
irene,rest1_vs_type1,0,Rest,Rest1,23,0,110.320205,55160,57660,-0.17478084172769304,-0.1802417352221637,-0.14797201368344304,0.021746107181169982,0.060867298331086506,0.011231549802675822,-0.0832768651894753,-0.10477352942069906,-0.3483027794144613,-0.1426890134903469,-0.030076317957975274,-0.2501291205004459,-0.4514662951588928,-0.48441658172461377,-0.6809549281822402,-0.23381078964640567,-0.18093806638636112,-0.1643915789846595,0.9936833745951319,0.9773862612538237,0.9206987623093351,0.9628119463315462,0.9615703469483647,0.9770663606407064,0.9658888771137754,0.926407058700166,0.9627916691179566,0.9723805448465845,0.9888195974614774,0.9131298955537626,0.9579054192926924,0.9375502235105907,0.9582023033974458,0.9454343886573717,0.9318733236526091,0.9241269988334994,0.9822593190870759,0.9675050448580463,0.9795885297224087,0.9890777362355625,0.9350436602088242,0.7989479998908809,0.7416703485440042,0.77631179480514,0.9040413593067238,0.9083327847135568,0.7832854026486423,0.7369671635292698,0.7858829681588928,0.9164690769632989,0.8788390117188148,0.7914098955440904,0.8170320486512629,0.8484492950558692,0.8929954768943845,0.8960381041081318,0.7536522708091705,0.9136951747667306,0.7115280537804017,0.7831255374064428,0.7967143770433459,0.7084702444308878,0.5989769536344108,0.6310563500342058,0.5112058487131803,0.49363700532982246,0.5374598631337638,0.5114438417977085,0.6257488190003255,0.5256805137464515,0.6455486126450878,0.8312424004404402,0.6839518790530728,0.45027959413572693,0.29275909061091476,0.8104842907220235,0.5573944917157246,0.34838976610981653,0.7386905482986893,0.5082585705415205,0.6725712801171462,0.893515175221104,0.7712951612572014,0.7201158784677979,0.7886345239241752,0.6797125984367838,0.7197793537501328,0.6543820730325621,0.6552835934850957,0.8145239912092265,0.7618202735280187,0.8155080291016592,0.7148659740920743,0.5718287778977945,0.4886509725441699,0.5739422703000028,0.746843189252393,0.6256273180740343,0.5571500468965687,0.8041237895735166,0.733467283123051,0.8224343052388151,0.8064715057568682,0.7427562322037853,0.7548860254857674,0.7583953200248171,0.7221730135850406,0.6844733770478041,0.6271968295971485,0.6478177284883264,0.7755452991408326,0.8478861806101393,0.8222676374531602,0.7271409930948829,0.6824506768404254,0.6238275804393747,0.5962704303282016,0.7398637239365031,0.6118990180150791,0.5487376375522675,0.856083747549753,0.7300166858713089,0.8616783774400211,0.8301720416988074,0.7692226414504565,0.7611220684719482,0.7749313298875617,0.7667165250105449,0.7011050788844586,0.7155524180358293,0.729798258687123,0.7959859345071995,0.799953750933601,0.8120695437608433,0.819748860164072,0.7670648216834306,0.7364666679721416,0.6136940757396925,0.8104659384855747,0.7275233084850901,0.6606760208475746,0.8490535976323129,0.6986436379068109,0.7682642512599853
irene,rest1_vs_type1,0,Rest,Rest1,24,0,115.326255,57663,60163,-0.09804374337851751,-0.16789664705950624,-0.2855480573027105,-0.1794375643382562,0.03219030140540102,0.07206168430861837,-0.1688176257859766,-0.3331223049700949,-0.08757490889621433,-0.14971342504934615,0.00933701002946341,0.010155962586920086,-0.5317938370600155,-0.894140151686373,-0.6441938402964658,-0.5135764694975347,-0.04709542060133476,0.018105212322329756,0.9673350859471043,0.8581670677255695,0.9114519640962885,0.922234588068909,0.818319964075026,0.6894971714907081,0.7659001015564568,0.8534229011772269,0.9170577325594579,0.8420863960922421,0.8075699962006282,0.9015053843000723,0.7803988953430756,0.7352854481315177,0.5288857458106853,0.9308617758761286,0.8592549367702793,0.5976871667202831,0.9127001099699813,0.6935418853997363,0.7382435804114522,0.9730476049251299,0.9213963697996457,0.9050663146844917,0.891190496706195,0.8679766011404901,0.8985219398718424,0.8933541680350503,0.895418859517826,0.8915599648481825,0.8994892425980378,0.9192105456666929,0.9281997768521045,0.8554490813780802,0.8470988097883375,0.8113254444393714,0.9365740621051725,0.9048157735391009,0.8724145846412235,0.9626614046092978,0.8984579766214441,0.8979181308660307,0.8644807836649354,0.7989363549889972,0.7288341048319709,0.7749137212885819,0.7304908724259069,0.6620985370670389,0.643899351703911,0.6294314886833589,0.7901406115401683,0.7784425752461059,0.7812591924686837,0.7388196113727562,0.6182613228189107,0.5362463134334117,0.5088329672682045,0.8389120551063246,0.7332077570093384,0.610063581367819,0.9188832580833493,0.8038906599925445,0.8721707785809889,0.8830286709430131,0.7851028142117467,0.7956849392167857,0.7665089710154575,0.7515415419034807,0.715884185937094,0.7168714317404563,0.794201485677494,0.832174783254835,0.817484234724012,0.7908708254190749,0.8418473819339592,0.6663009505285091,0.637384484633912,0.5914351738818492,0.8471009285281708,0.81170022033802,0.7064769225091785,0.8861172511885441,0.7594119346513741,0.8680100243564238,0.7895303383075906,0.7048076377351206,0.7099568771522632,0.7364840366622526,0.6267851921307765,0.573147272715235,0.6472326142484711,0.6627004693830401,0.7670777639453081,0.7478707740106589,0.7264480109847437,0.7150872697932373,0.6711060932692289,0.5747963098578847,0.5171661243193814,0.8378981318113538,0.7016764814234544,0.5029422249875528,0.8545113235120161,0.633742264507057,0.7548336377192015,0.7849079159485495,0.788929684568128,0.7561348378122544,0.7400464265448989,0.7203645158783551,0.7057751360029261,0.6897334427579894,0.7039988650316272,0.7461246441295211,0.7911722772158715,0.7979993342840422,0.7380331251316872,0.7193950785472201,0.6046914177305447,0.5942159566505607,0.8277062287784575,0.7105033160082618,0.6551142926377915,0.787979792231189,0.7190054692366239,0.8454263602004144
irene,rest1_vs_type1,0,Rest,Rest1,25,0,120.347677,60174,62674,-0.11085470979573842,-0.12454855909996976,-0.19856213832962588,-0.2070464273342223,-0.09323503988233561,-0.10220385118523057,0.01868725114228731,-0.059734050174664155,-0.11612014318445896,-0.06299492204426826,-0.04754831397509296,-0.12733979405247142,-0.2137916110212954,-0.38545544530984444,-0.07308052498805884,-0.27130061874089595,-0.06268715108568523,-0.21254914306248773,0.9963775496468292,0.9857908612139734,0.985778547686291,0.9793327171868661,0.9658526377335983,0.9707638034017748,0.9802861765467646,0.9810184112435806,0.9725091814239232,0.9683333034704065,0.9800823665540291,0.9777137803915211,0.9560517825563627,0.9490692542595498,0.936427775471742,0.9819865423582728,0.9622853371270707,0.9515869406467607,0.9601022313283861,0.957722655262281,0.9382381015102714,0.8981413060744691,0.919817903627005,0.9147684758729776,0.8808900469698656,0.8739075840027427,0.9042367452031166,0.8259275765448258,0.8353572168204018,0.9031520795736501,0.9157592595070635,0.917312837815604,0.8684045692195911,0.8117261446529205,0.7984405749514666,0.8291452079163932,0.9363501259698325,0.8952292543346371,0.8336797175622915,0.9759280877218872,0.8849023189923371,0.9286115093206441,0.8420617983213518,0.7877713425104111,0.7258249816676848,0.7396812504275857,0.6713030705058004,0.5978967708473162,0.6188528349610928,0.6247869526104409,0.7273890059625718,0.7036621216450629,0.700787285473965,0.8229042113335988,0.7044321640502853,0.6186055823219597,0.42633515995551163,0.8649394404610077,0.8059573204205177,0.5951173211729903,0.9280332653791816,0.7131952646292166,0.7717605187041218,0.9065221458245079,0.8163160421105415,0.7910601381355857,0.7821038786293093,0.7253317759541462,0.7059000131155325,0.7348785564960222,0.7718514737329987,0.7436794916187232,0.7798479406269848,0.7242142294653564,0.7520346482905549,0.747818115795505,0.6401653313731656,0.6730439953726464,0.9218742754771995,0.8538921789805393,0.723892474824765,0.8990342850850451,0.7513533915858753,0.7946081113566423,0.7872931962608091,0.8138590437795373,0.6868445585822844,0.7405141988782638,0.7412027107576806,0.7314827041944563,0.6838987031683196,0.5960399241218438,0.738213749131313,0.8342330418931535,0.8280594158729225,0.6731684900916722,0.6738957443808115,0.6963065182400436,0.6496805081357083,0.8170701369476485,0.7067366497988329,0.6022474597679379,0.8677977806659684,0.74698931162402,0.8359242086167583,0.8311794210551264,0.8413923111944402,0.8173046262999947,0.7954421749198187,0.7693270275359282,0.7515850801055832,0.7556120081044913,0.7409297250070997,0.7697660275304222,0.795461563655059,0.870485835144474,0.7701532284621438,0.7201408989519182,0.6759574809497075,0.6750192954995022,0.8728004207310612,0.816207238289229,0.7591142747936723,0.862388576741826,0.8255386002523497,0.8540093004133319
irene,rest1_vs_type1,0,Rest,Rest1,26,0,125.369952,62685,65185,-0.1222755598773535,-0.1369883284253426,-0.31345348088708525,-0.06889202558297969,-0.10953507220102088,-0.04255793806449004,-0.005651995853266811,-0.04130327116814225,-0.20955411553998582,-0.1589629405398112,-0.02821512198200793,-0.07700479875324362,-0.22772561493582177,-0.29086827361488865,-0.49418054525788957,-0.2126094604254667,0.005464250073142551,-0.38715927981290177,0.9875881085844466,0.9511903888975733,0.9795088660081751,0.9868649976536731,0.9773388002240642,0.9631415615543867,0.9291568443648645,0.958281450709549,0.9735834797094244,0.9926536390413452,0.9843126594591826,0.97103873243537,0.9516490597900858,0.9287139768973535,0.9163831045820005,0.9874197300431017,0.9585614507267686,0.9455550650915769,0.9751973981878042,0.9640125382025343,0.98845659391569,0.996088602480808,0.9411557577015156,0.9433745181577039,0.9578720786504495,0.9584260358017229,0.9648805933574194,0.9212980695494732,0.9340492931424415,0.9557570231803991,0.9614105781549258,0.970953447059158,0.9514611900513038,0.9287397922001316,0.9217204406746685,0.9076989063855779,0.9809628341140668,0.9625051906851366,0.927451023233931,0.978604222317874,0.946816160977844,0.9717153579610813,0.9075690359845661,0.7985065625407914,0.6906997026770224,0.541178114137675,0.4453870112557681,0.5999606628468134,0.6920948314111302,0.5702295878089263,0.4945660362482952,0.4663470628062391,0.7106391999333449,0.8113345368003897,0.6588256114116748,0.5333884479512911,0.5814531975733491,0.8708238184612296,0.7104619614410194,0.5756368847171847,0.8780453039462002,0.671569280390734,0.6660277152613857,0.752781878558721,0.6797800321855385,0.7307348669899457,0.7117594795549725,0.6003595310475461,0.5823165302623742,0.5472992005566962,0.6361506596110256,0.7567936079563649,0.7587910115456398,0.7343920663274581,0.7965563582435312,0.6598023999230695,0.5228288295911997,0.4892566842872462,0.8585886213852153,0.6926470073368813,0.5756194397860321,0.8238911382306088,0.6702591221502315,0.7878235276571249,0.8264372841557913,0.8776248923459216,0.8719923812770857,0.8450712414892978,0.7818683493039332,0.6823081665990681,0.7302115178466486,0.7577966370859889,0.8069205646320001,0.8404443680479708,0.8055096293476632,0.8003876578075544,0.7462171022678266,0.6928998785488644,0.5712633646441346,0.8877818211746572,0.7898850116567567,0.6665539581365104,0.8951943443931067,0.7342826909770733,0.8192038697721142,0.8341811015580266,0.843922548204358,0.8550066040651619,0.8466711547952462,0.8233254151207681,0.723912375665283,0.6894964084899146,0.7428287712817734,0.8260670830002667,0.8634360884076036,0.8010269352037988,0.8483600925988809,0.7733172747736867,0.7407506756059566,0.6160483043229806,0.8629878039743556,0.8123708229520739,0.6847102700688223,0.91465625251926,0.7564517713880811,0.8099804496679525
irene,rest1_vs_type1,0,Rest,Rest1,27,0,130.379197,65190,67690,-0.039351582909189275,-0.10020394383123143,-0.2555034115649617,-0.04678753430122917,-0.20739059806326443,-0.14078416389246584,-0.015454971377665494,-0.04764662084908178,-0.04346339960198975,-0.026703131118715362,-0.2664531256079403,-0.06824585112473969,-0.30114992480019165,-0.40453787921964235,-0.7748620328951388,-0.22514256721650883,-0.4690718364034199,-0.1711512267758608,0.9858840718787459,0.8582503301296993,0.9259884509199966,0.931338675574353,0.9623724965236444,0.8849715714961142,0.8022939202397119,0.8819645078883028,0.915645227460354,0.9559208811767465,0.9267070936820136,0.8580461358813942,0.782572132978344,0.8021507007410644,0.6840267381140058,0.9706701456110696,0.9194968910753115,0.7793531403305811,0.9540740561070704,0.8379017927764238,0.8901501080988267,0.9928291027037529,0.7856260433266092,0.8583215410849486,0.8549834079487166,0.8550297379777211,0.8828310066691027,0.7596324884686759,0.8451495448599445,0.8541744761098607,0.8633136398697464,0.9014675767140747,0.8310223286549151,0.758538878470212,0.723459648532309,0.6971224113388004,0.9718041199581897,0.948955692781954,0.8434926713294963,0.9871275054967635,0.8750373077344465,0.9008271100330395,0.8774054664678932,0.7842535880210117,0.7139071280100836,0.700094970505821,0.6568748502435011,0.5479884141731478,0.6754279010825688,0.7507689308841914,0.7873679039386132,0.7979967922488739,0.755930138882739,0.7695615455813303,0.6647448694947731,0.5740392367287632,0.46701410343933675,0.9173020694820923,0.8521104666566383,0.6988561030055118,0.9352211709793546,0.732197034910191,0.8130103316547795,0.8345038353020359,0.8747086470656847,0.8656407280351576,0.8058718922831689,0.7252475191652308,0.7060403871271076,0.734763579123918,0.7723406337187252,0.8576934030714914,0.8704829824366017,0.881525260730418,0.8384660484793516,0.7328464233703138,0.6402164224310768,0.6419438612210255,0.8619641379326722,0.7552885697463352,0.7101487573891767,0.8858136806983516,0.8216800358103016,0.9151954259230453,0.8315509886113919,0.8427646660615824,0.798154729133913,0.7861126326442504,0.7068928710920795,0.6527797995225897,0.7206604730776217,0.7279901495972865,0.7241110645640175,0.7509586493969891,0.7689054123745317,0.7484388295370149,0.6955717020566939,0.6614247582028415,0.609032352361471,0.8971335194778817,0.7961729332599218,0.6436670909755347,0.8318644021900542,0.6567009809034462,0.814206786360581,0.8037075326836615,0.7674683451610536,0.6678133027049207,0.6509316130530229,0.6301801951885423,0.6461688332400459,0.6563938754739844,0.668230870256207,0.7048946821427701,0.769340470144778,0.7423848191480086,0.6880873364848827,0.6201668317407147,0.5801092948239475,0.49645717106509557,0.8529829441287009,0.7699141092288879,0.5723468124926581,0.8693436907032529,0.6172981395283368,0.7265641272206412
irene,rest1_vs_type1,0,Rest,Rest1,28,0,135.388351,67694,70194,-0.09876662084517918,-0.14392461846163052,-0.13213777826592388,-0.15265131507360197,-0.13899649263117375,0.016240666752986854,-0.018403775824147317,-0.10396676913016556,-0.1548140940303635,-0.30502717827091663,-0.13449288183904473,-0.058906697311234435,-0.3380086709908303,-0.48704842933028125,-0.4241741158784764,-0.5539865409621547,-0.2760764072295836,-0.10204132915360509,0.9562690463629696,0.9650831824350271,0.9796205170615285,0.937856362058962,0.9477589312455535,0.9099119242880866,0.9138391537409809,0.9305620268393591,0.976469132943226,0.9834112939958141,0.951302091063282,0.9874047054637763,0.9074701901014114,0.9158131159470233,0.8524883501320355,0.9309089470861612,0.9323683504604914,0.8845615078653247,0.9660614950886658,0.9689145270055367,0.9307463111488431,0.964472286950813,0.9458062474240585,0.900698126568399,0.8672424721036638,0.8645951121174189,0.8113482974111031,0.9158172263193451,0.8643508475278895,0.8590701493942229,0.8707133646187258,0.8130221271991251,0.9128710789942895,0.8580638388104408,0.8271409994875362,0.7640234502378989,0.9743050930195638,0.922800300657825,0.8673629425531931,0.9600164172073475,0.9012624896755062,0.9037207834015687,0.9363792606041571,0.7447453094555097,0.6874457535368399,0.6877824579024058,0.6107137696417139,0.6324973717847889,0.652474880843475,0.6564173560842073,0.6931201445077407,0.644725224825754,0.731084898034686,0.7507967471125961,0.654501720923951,0.5085642709429739,0.41092889806299926,0.9279509111003638,0.7865680706266351,0.5992942229507501,0.8952125899672643,0.7167150084438508,0.7743124793713912,0.9001408947259156,0.8486141741871862,0.805959650103972,0.8040424263379674,0.7711725116168394,0.687394086510303,0.7976794412413314,0.7828741777103434,0.8161131662395181,0.8385411295476903,0.786266833486589,0.8991404409191083,0.8670159529519377,0.7407753321342113,0.7009011390727002,0.9508003964718826,0.8174940303511569,0.7510189990007303,0.8752725257214524,0.8040311360303596,0.8760216538688772,0.759406204964788,0.8382823741602093,0.7705899721509896,0.699854602231886,0.6336999699090947,0.5726506354023179,0.6995311195811477,0.6655942723824063,0.716646428730386,0.7620270349691622,0.7434696730997488,0.743661826099827,0.6292090507145757,0.5792522296204421,0.566578701275486,0.7425630055340419,0.6402135929771544,0.4632722765733197,0.801780670441155,0.5698462298369517,0.7574304852330701,0.8463227197185053,0.8718487613250996,0.8215770814357486,0.8220361590970618,0.7817728342147586,0.7504047195137796,0.781780909666072,0.7447001708412315,0.8010625410778888,0.824611973818502,0.8513748166994122,0.8208303662370062,0.7979290915810745,0.7807986096330095,0.7119130433997644,0.8925821437252772,0.8048319191695759,0.700651480807285,0.8815894743771252,0.7525452758558142,0.8338147765314228
irene,rest1_vs_type1,0,Rest,Rest1,29,0,140.407253,70204,72704,-0.09842242967950554,-0.13389249826148308,-0.22460091598094145,-0.07574280308004555,-0.0654271372547437,0.058276201441034736,-0.01859344531512086,0.03148780045506605,-0.1517277274271267,0.01952546165266078,0.020400509686742563,-0.014378290356394263,-0.2485023262752568,-0.3645788844245228,-0.5505434941924552,-0.01751696807907077,0.0008810191214077001,0.15388784514541554,0.9815347048142297,0.9560559294226022,0.9751190851978222,0.9780538359862165,0.9302418069769433,0.8559570139585847,0.9173788625769751,0.939669034381507,0.973229825258414,0.9437524987111038,0.8964849943427127,0.9852361080292891,0.9455652291116643,0.8845544037388307,0.749141006701214,0.9764010288917598,0.914940312578134,0.7833685603604567,0.9534573385159236,0.8415695961101034,0.8570284024573949,0.9902512433883034,0.8747103600893193,0.851820903240247,0.8550319998370702,0.8632407345999804,0.9205653229345766,0.8388311842661704,0.8292938206487976,0.8523859210641798,0.8739249299491826,0.9408611298886717,0.9141599344786356,0.8862063601217437,0.7976058553273904,0.7790213464545064,0.9635038723311198,0.8955890089440033,0.8186898710580076,0.925712297382025,0.8481978627303203,0.9074672081497596,0.8669293333560598,0.833801619001685,0.6502506930791307,0.6547579505583352,0.6717157999713765,0.5051909346064342,0.6675859058672028,0.6722321694937565,0.6810639721575701,0.760529348102674,0.6756462569957794,0.7735506431561974,0.7096531631114418,0.6385498418386304,0.44124373474411177,0.9079263511185224,0.80307418047897,0.5556197990833123,0.8689507881806363,0.6176650811204583,0.7311378855594219,0.8946773411928618,0.7948549900435516,0.7417150724615074,0.7425995943212321,0.7097619805824822,0.6541085886836706,0.7084954593275,0.7117994859880807,0.7610626418698153,0.7724385971909825,0.782305597332528,0.7996499906566013,0.7068243192832905,0.6255422179486942,0.5729135561352078,0.8380567920116644,0.7678825962270674,0.6843789197265205,0.893782860566739,0.7956931044299378,0.8082925335306277,0.7951815610109385,0.8251395517668361,0.8476314645103216,0.8146802263479886,0.8026341046743413,0.7310462292691754,0.6857175732268166,0.712029292845139,0.7444832326136238,0.7778929740585827,0.7543662720965156,0.8059261944590552,0.7802549908769874,0.7491139612736906,0.665241684324677,0.8728592651370376,0.8196946230334072,0.6746918315469016,0.9026807952002789,0.7146721316620784,0.7838752587042118,0.7565327322055017,0.7914437801703957,0.7172713334752863,0.8146381040737745,0.7261303945592924,0.6248341399838379,0.6057239156123512,0.5651834224571701,0.6857598137626382,0.7151611409826566,0.713309540070669,0.6988981075116962,0.7307259340399672,0.6465162582388927,0.5475236092711584,0.8274976234669085,0.6903817179161543,0.57708363237417,0.8237995424347581,0.6456545111747843,0.7429103882051218
irene,rest1_vs_type1,0,Rest,Rest1,30,0,145.418853,72709,75209,-0.056750808196236235,-0.061349833835711465,-0.01274840319090842,-0.1910593793568931,-0.13446512507881758,-0.018482615114252088,-0.013449914021245846,-0.09092853251209387,-0.035881977878700066,-0.0677079800843785,0.017508112651878793,0.23326664090091564,-0.12606754661674735,-0.2705986288959714,-0.3121793202308045,-0.2312853980934837,-0.3143440031554148,0.18786127391466168,0.9523587948587071,0.8923871799366823,0.9189487771700856,0.9229390863172094,0.8983600130149262,0.7628644295695252,0.8167412571842008,0.8688887711697381,0.9180508204912775,0.9388626573462899,0.8596174706117639,0.9035372913005176,0.863256970712797,0.8384148322019652,0.6115350890343138,0.9691779040572173,0.9151502211633147,0.7137262791735767,0.9665983521115803,0.7866453125982058,0.8173058348864923,0.9521080273490596,0.8975772316057355,0.8681655321095724,0.8747192320741048,0.829639995773992,0.6530806292295072,0.8202284875254504,0.8231154510982296,0.8605412947752905,0.8496169875397951,0.7169881540924018,0.9005618483848595,0.8199947782984213,0.7577359385156723,0.5353191212163476,0.887682095951074,0.8438965008328781,0.5435969123362497,0.9619230659231288,0.5907328026322874,0.6365174799833138,0.9279938111083025,0.8366414577021207,0.7948805088255506,0.8346714077176096,0.7724571911772397,0.6995276596526414,0.7429652863539586,0.7560001608866951,0.8321326211309678,0.8224868926475466,0.7652367374987771,0.8683943634365772,0.8243820274800877,0.7047153797794737,0.5853991394982276,0.9155783167297277,0.814626900738552,0.7201571823721988,0.9146619726358548,0.8020117020837277,0.8437848187913342,0.8671279922438684,0.8453969927599136,0.7976519356962402,0.8499128904579686,0.7621488840882757,0.6621280626497165,0.8041073358140979,0.7829759852283934,0.8692424858764759,0.813755140347783,0.7219666825223787,0.8298611126651411,0.8102096647363816,0.7233865498101397,0.5709945126963119,0.8921927831057026,0.8205524709593707,0.7090758534590383,0.9208848656148796,0.7653945112698881,0.8676677900235118,0.8021735463235089,0.8619574336619159,0.8716091436206861,0.8297259661279391,0.7738267751433471,0.6956941134893413,0.744552841529404,0.7744352651549286,0.8326555628246264,0.7894262862349346,0.7701501773538733,0.8793971321205444,0.7844296603993323,0.7351720561395478,0.732789576328507,0.8873001220546339,0.7989929110892429,0.701809447298233,0.8999309985164283,0.6908833586246278,0.7386810240296798,0.7808630118348208,0.770727775181979,0.7792038323116824,0.7750744402461469,0.7583719069162156,0.7215322535072942,0.6660281748388632,0.744227916280907,0.7907435277498364,0.8098300515123628,0.8273843277226394,0.7053792036939175,0.6859660700245879,0.705127247965331,0.6980726613173933,0.8527409648075311,0.8010392466147792,0.6515795618394593,0.8534934016684284,0.7037413740857599,0.8052665047499872
irene,rest1_vs_type1,1,MentalArithmetic,Type1,1,1,150.42440900000005,75212,77712,-0.12867169479539342,-0.11953355435722823,-0.031058465518472023,-0.013793485892135138,0.00099994422228189,-0.18656584674062193,-0.035113380325732635,-0.10621965486962726,0.22874752712904378,0.042511622625660106,-0.19021801425545126,-0.03241264302383007,-0.4230907706940874,-0.515500205159193,-0.25227147687973916,-0.06957775370818764,-0.32580897843761436,-0.38468570172717276,0.8147422592036565,0.8622321363312859,0.9538265980884592,0.9304381657672707,0.684884870168558,0.3893896021532316,0.7579226993721204,0.767354794946583,0.7692588691536927,0.5500621785275412,0.5275097241895272,0.8293150408124641,0.781639702436654,0.593323498496784,0.21596104201776073,0.9777571323862269,0.7349694561676906,0.3877587413438104,0.7856694009286935,0.43461025678419196,0.5745474130124767,0.7439350728088038,0.6839591042977597,0.6390154512391912,0.6038644950958901,0.5608661316735217,0.537089658757115,0.3549802026354823,0.6157740030321167,0.6979865922890369,0.8016025161529938,0.8695345854645149,0.6402477594319866,0.4350359303857452,0.30410503165448,0.17026622278871922,0.8592523264811877,0.683438849973737,0.5121778000606854,0.8252548403003102,0.6460148606462081,0.8278363412915215,0.8515071420889008,0.8680339892006363,0.8310040106977805,0.798195675001245,0.7484290578570967,0.6488674732982926,0.6893654560856325,0.7001726430419679,0.7816779569212402,0.7914674489058864,0.7989935228815528,0.8158876179032925,0.7152483493996168,0.6623315098384734,0.48506189213265594,0.860189703542417,0.7667671044315524,0.5149348267892957,0.9039358039792618,0.6385936454096461,0.7337316879141051,0.7332900233792317,0.8083490927713157,0.7938216602689131,0.7414178571071512,0.682095559092011,0.5331503990907215,0.5711592316781431,0.6837105563974957,0.7333314455137766,0.7754275401153363,0.7433627999057766,0.7516599992289651,0.6257756754493035,0.5585526068361923,0.35093726568489303,0.9037542097200565,0.8443595106356165,0.5573020615314445,0.9034818961943629,0.6359269020665463,0.7604215957503969,0.7366472182799764,0.7965115305454953,0.7729268983113314,0.7239969417738469,0.5870107871358258,0.5408388765465341,0.6001207037367269,0.6600686285583526,0.6775508703965721,0.6976678915723518,0.6873241792224282,0.7636917731311889,0.6950958397932454,0.525425311639592,0.42381231475675407,0.8489458057919521,0.6167645489931083,0.48905534924627425,0.7620692264839083,0.588526088064644,0.7142679059013529,0.8051219867225164,0.8332643318389721,0.7793723733988144,0.749094620691339,0.6885951988529165,0.7061362354186363,0.7046420058966884,0.6861965373164902,0.7692019983162144,0.780901543556517,0.8133184916559706,0.798732983420301,0.7196697789301072,0.659108161371639,0.6407225315597153,0.8178214616820318,0.7403787367818617,0.6628927896820944,0.8342215746533213,0.7638446003201323,0.818625802112366
irene,rest1_vs_type1,1,MentalArithmetic,Type1,2,2,160.844127,80422,82922,-0.14929778813747685,-0.17967976335099856,-0.31345911385357006,-0.08129648488520402,0.010811007659687899,-0.03392718478429346,-0.016127799021425915,-0.25678596806837906,-0.29750882954842783,-0.09540159125343983,0.00216737156345137,0.07750915128967639,-0.37505348809183303,-0.6906332441690086,-0.9358733132242496,-0.40215622294953146,-0.08599151304269514,-0.26117961543323576,0.8572876445227477,0.8106985192863344,0.7775786960595273,0.8053079073473768,0.7261610879251938,0.5648140181230691,0.6289987045877293,0.8129298995468069,0.8927776454908924,0.876776061071565,0.776361070010131,0.8060008584219861,0.7394999946770046,0.593788585304788,0.26791461551945245,0.9371395761183086,0.8108527947738978,0.5068490577113466,0.9102563814317065,0.6279615378316041,0.7509830639670717,0.8339702744590564,0.8324223279843997,0.8078915614702372,0.7368274036717803,0.6581033371321875,0.5114677044142922,0.6183382166521408,0.6525053889980995,0.6815488023635027,0.813470200581383,0.7682261123255766,0.8380089098991821,0.7198085834461834,0.5999316155374301,0.30910244422001143,0.876350425461173,0.7446958667524685,0.43106783095237067,0.841116172205641,0.523284561481274,0.7253270883457106,0.6996958306909887,0.8261157969837721,0.765748426754127,0.6646535922757661,0.4416255849241082,0.34152052468512895,0.5451017084807751,0.5995376732647779,0.726503295898533,0.7337288397900936,0.6344581977792373,0.8258933726926392,0.6626084891245405,0.3978837302736507,0.2456530691461642,0.8287173346777875,0.5404918742079926,0.324373525301012,0.776778358841204,0.5404044901272267,0.7076192803282085,0.8524744505331927,0.7665660519401496,0.7962470415640748,0.8151012960654819,0.7587392983794055,0.6345221276146309,0.6282554916787143,0.6922847487429027,0.7794314180522752,0.8201595594663927,0.7680832711238771,0.8708506622436207,0.7926268068333383,0.6360205499474664,0.46739233016521936,0.8789547418679473,0.750881598644546,0.556883446340856,0.8912043279890327,0.6630689946990869,0.7561970647751083,0.8263812340963015,0.7939551998144394,0.7216842253640656,0.6945269092316708,0.6530978286180772,0.6254391111249963,0.6277856471975016,0.608893050716844,0.6530456740803523,0.7315159220787006,0.7550005868135565,0.7773240161324256,0.6483887148238785,0.6013896458230761,0.5326510610137322,0.8122346606248121,0.6875420125683067,0.5665717932786513,0.7930305617218711,0.6255039354083636,0.8057743163218667,0.8471467462414841,0.8328932115739264,0.7427599600191372,0.7254893733017426,0.7144210784380854,0.6723199731318555,0.7685984717983181,0.7294681321772597,0.7539634461137601,0.762400519578808,0.7506278725033394,0.7827367515018759,0.7499276841052023,0.6996550844806534,0.6553836530629301,0.8403628470137628,0.7797531915926952,0.6365593391520732,0.885530867687065,0.7257129971031675,0.7525927438591653
irene,rest1_vs_type1,1,MentalArithmetic,Type1,3,3,171.732242,85866,88366,-0.20234564145149214,-0.2758432451337054,-0.2301467083876405,-0.08080313184639598,-0.10143249397336884,-0.1392689038446231,-0.15384436880175834,-0.16432016508900738,-0.08886394152136878,-0.12201909210096273,-0.15223881943038498,-0.2460081298392831,-0.6201738143620785,-0.8090291084363228,-0.4949583398466224,-0.2536965854215527,-0.3190705599284285,-0.5124759372219161,0.8779964932047397,0.8430812065252435,0.8448622434670098,0.8721555155494588,0.8531863599832314,0.711064187278771,0.6950453386069112,0.7868385347990003,0.8471208133472895,0.8778223028768,0.884918201558056,0.769666646644622,0.7392286963564281,0.6592110062482988,0.4536038145520531,0.8979703690037171,0.8551052531061822,0.6710485288928433,0.8777491174602761,0.714403716575328,0.8554971159938931,0.8339765536920454,0.8470533570474863,0.8644141750032063,0.8152883932031723,0.6837575930539073,0.548087127572821,0.6436684812196768,0.7924504066004266,0.9200952442687161,0.8901382643139959,0.779258769595206,0.8668608115751434,0.698125331559516,0.5239731553305879,0.3073295922821989,0.8930632689844566,0.7319384957799445,0.5004613122466985,0.9070389321485423,0.7153256187982134,0.8430709575055989,0.6783600855717963,0.774124235936799,0.7242600867002469,0.7050990068818116,0.6240519742911441,0.4553574936316525,0.520765519664204,0.62271096225772,0.7003335091774001,0.7795057777209694,0.7880300572409172,0.7296573630054308,0.5835712489551619,0.48078794003480474,0.3465044973230212,0.8431706600310388,0.678189851254653,0.4612613500896268,0.8781904438262588,0.601525824179455,0.7556354671880812,0.8997280001747383,0.8031620109071463,0.7392818512145324,0.8084661481158627,0.7687421650364413,0.7519443738153062,0.747311120462833,0.737151931159418,0.8336992814252155,0.8554475405876287,0.8575110480445849,0.7649977602311849,0.7242950745759837,0.6412677759552068,0.6224195368741349,0.8505174836259459,0.766194834904957,0.6893672757073902,0.8913840947697681,0.7860430776806349,0.8872454820206875,0.7680587396033116,0.7744291793409034,0.7670661588637891,0.7893604725327209,0.7165065841346613,0.6851829821402589,0.7065884753995539,0.6908548971445055,0.7657128276433919,0.7973107647501876,0.7760672461251742,0.802182713435119,0.7052222007704451,0.663648325289744,0.6715951126873916,0.8623364180477073,0.8058669250956312,0.7199357863842654,0.9020028054458181,0.738317357057506,0.795672792188353,0.8283321460109213,0.7938280474591072,0.79224768601865,0.8021105595249844,0.7541965963489283,0.7180716356959788,0.6962780523120455,0.7455591737728086,0.797051258970215,0.8135391581681367,0.792375789848929,0.7858034090481064,0.689099882163664,0.6540629589251524,0.6359060065378326,0.8406502950631969,0.7806398907578341,0.704373043510774,0.9000752788809393,0.741755503713489,0.8031512144353222
irene,rest1_vs_type1,1,MentalArithmetic,Type1,4,4,182.116575,91058,93558,-0.14508272675735867,-0.1838663059595289,-0.15905806177317539,-0.17976773291319548,-0.09138252091028587,-0.19661035404074312,-0.011177791118438307,0.04086422199368123,-0.06654825467441805,-0.15909009795303186,0.0033480415226099236,-0.02023698286687403,-0.4136463226205116,-0.4507843459071692,-0.507008196391467,-0.5020637588272816,-0.563765450513257,-0.3892224861021347,0.9691464886711134,0.7361541329327752,0.7890626118598192,0.8170717136947419,0.8667742852221851,0.9037142764501176,0.657426261451793,0.7623431286939772,0.7995386427536932,0.8942297120165957,0.9532414825901598,0.80938061992524,0.7204348230773869,0.6501823104784051,0.5760370833373243,0.9399251957530841,0.8628057460604514,0.7520490598964158,0.9256747277271149,0.8011300142989076,0.9106476652288706,0.842492139754268,0.7773950854304197,0.6975545352257999,0.7063507974071057,0.66438558294948,0.6623122846850599,0.6042533555156988,0.7643290920943665,0.7983877063524815,0.822998506482678,0.8562436755362681,0.7547134578203527,0.6873993935729161,0.6021762901844455,0.5053710075624779,0.9185976943611975,0.8562587263477377,0.6843124667873767,0.9197428240006387,0.7512223037951485,0.8703561203520082,0.8492300511553698,0.7456084829066892,0.6140603765718992,0.6327498159494572,0.5826709439464974,0.5141639879989142,0.5942920337671151,0.5736342441868729,0.7062447507041107,0.7164715768386235,0.6512660430548232,0.7324021879672676,0.5849595789711072,0.4721451114396129,0.29666776279700263,0.824191129153049,0.7041303998438665,0.38721726602141243,0.8670909925983386,0.6130872254869106,0.7503650269757732,0.8811073032598493,0.8946057630494344,0.8068162489320588,0.8189395848772855,0.7583342875951649,0.7610885063981505,0.759887793098525,0.7277209695050509,0.7690287591402541,0.7404367789606969,0.8320396815511868,0.8258382506465703,0.7694340491890445,0.6911447162874829,0.6505302496291848,0.9296550984436277,0.851879601449502,0.7393313492083838,0.9257360019846118,0.7900607805330121,0.8183327433546875,0.7379993094099412,0.7524998240051184,0.6646891162184883,0.6154696360779205,0.5413917833019648,0.6253733782398311,0.6353523184569961,0.6488827434943951,0.5933433489951556,0.6326354389847701,0.7736895250371673,0.7976415876576596,0.5702248027477412,0.4806362836976082,0.5188766766345092,0.761340785996199,0.67465697125634,0.6018264833043713,0.7998162517108203,0.6590505942081013,0.7252411388679586,0.7813106360894497,0.8447143648077015,0.748232599879314,0.7207168820059426,0.6698542155778793,0.6953502543845473,0.6587757063057341,0.6516736720072291,0.7161335944266695,0.7496727838261789,0.8576804090980763,0.7921666613107662,0.696829665357601,0.6608642309947653,0.6243052907742141,0.8630871986296905,0.7694524907368908,0.7015871912212949,0.8437752011158927,0.78720355251886,0.8554964580769816
irene,rest1_vs_type1,1,MentalArithmetic,Type1,5,5,196.422038,98211,100711,-0.17081830914552043,-0.19391864783622026,-0.20431768087839863,-0.14112707575358252,0.014631026880727926,-0.047494667868914764,0.010266806514265703,-0.20475823391255155,0.016063639136907337,-0.0667101946735813,-0.11535840430250355,0.07633941383046428,-0.3638304158633314,-0.6831696579048865,-0.2881190030966221,-0.5518652664012089,-0.32056756179026413,-0.09573634414604326,0.8255224488408296,0.7218617001953163,0.8098664254337954,0.8013909230390546,0.7445908678032148,0.5554393953691086,0.5923771738001645,0.6452892445516979,0.6985454096077494,0.8710439187347476,0.8099287988898749,0.8294105582472199,0.7178974590516554,0.6561362624809236,0.40017956252178283,0.9444898004114108,0.7824568986717408,0.4650730817253964,0.8533269432168212,0.5686209120360116,0.8016860409090275,0.8535937521988038,0.8133957403831731,0.7843731689639102,0.7681770762280891,0.6669252978933442,0.5501385178753796,0.6093771955649726,0.7149861182474837,0.7632837829893806,0.8308735857383431,0.7711650683670928,0.8165426583697153,0.7036789790275744,0.4871454308468849,0.3185841142847089,0.8686499210547868,0.6734122932409863,0.4652671215335567,0.8371357459755159,0.6254505773684232,0.8286669167202356,0.8789954616612664,0.8167003103082725,0.7610191887646953,0.7219896001809599,0.5322687708277511,0.5640631208949877,0.7154544697995336,0.7586013009163377,0.7420901669392715,0.6291330082347844,0.6906579541694345,0.6875716001369062,0.6253982300146642,0.44632650239416677,0.5037031239989235,0.9118768882763184,0.7545056649409226,0.5743763014659229,0.83415896454993,0.6286635444723583,0.7651060554940863,0.8054069642967119,0.791695035680347,0.7838010599023671,0.7845560100094577,0.6804185392788911,0.6352295767216305,0.7202154504217555,0.6695749610289846,0.7475370675158473,0.8030860074059472,0.7705777170791607,0.8125530039166728,0.7394130257372604,0.6832875248631384,0.5560064304675203,0.896944201540859,0.7767555580933079,0.6473426010302705,0.863005112252782,0.6944377974589493,0.8012734911657328,0.8309280290719706,0.7923734429649701,0.7781259501038894,0.7650894057599058,0.7134697448850502,0.6595500481017207,0.7149013928329757,0.7302471932817555,0.7387154140102611,0.7258230481891634,0.7654862507118242,0.7946732617343667,0.6835772211020188,0.5973608195083736,0.5087114159361168,0.8634436719488953,0.7656550494225325,0.6147964588693285,0.8702917647543473,0.6570220812473665,0.731927974494475,0.7809626144988123,0.7912519417188048,0.7625079300629928,0.7504408066446092,0.7250593805295108,0.7364165277343578,0.7186895842053936,0.666507866153437,0.7284134873686089,0.7549157172009031,0.8148450065628453,0.759399985232404,0.7267837344038196,0.6755526959716175,0.6610729332091156,0.8237022912789127,0.7675031299659635,0.6646444501734917,0.8553123622795378,0.6857527220142677,0.7984886946695466
irene,rest1_vs_type1,1,MentalArithmetic,Type1,6,6,206.503778,103252,105752,-0.08367098679985219,-0.14672039569111295,-0.25817761625184055,0.05897823565697635,-0.04594321670387824,-0.10455613088293614,-0.02854919472617201,-0.10231044417228397,-0.28242476408429695,-0.008185252102480778,-0.05358125086472665,-0.153861380379694,-0.2019180742433475,-0.3898151502504099,-0.7427562036364894,-0.16022977587569676,-0.0004221517052447332,-0.37575157790048364,0.9811157768889446,0.9181685357737843,0.932710767978604,0.9294250435812216,0.9269324970203034,0.9051698991553565,0.9013532663430928,0.9309004992242805,0.943720477245885,0.9483117066007922,0.9357693062582201,0.9851339874324888,0.9631334228924446,0.9447933960303712,0.8846601910485598,0.9920389051950389,0.9803067818237654,0.9283221552874888,0.99555968757179,0.9532252808110704,0.9669799044373578,0.9818661124752552,0.9132103090412528,0.9093172851035475,0.884234606297743,0.8379596638519748,0.6794845942748763,0.8748258693514424,0.8873426913181266,0.8933771644431342,0.8734413116320702,0.7391894300467585,0.9269440396480397,0.8653298273947008,0.7890458120266567,0.6313518991651135,0.9495387648127731,0.8862436572707351,0.730236958696849,0.9557763557871387,0.8169485918484523,0.8698199580213838,0.9207256423500564,0.8318480304473496,0.7792048020936936,0.8001110585244656,0.7392101787401184,0.6582601622179396,0.7328934474048752,0.6540265625725871,0.6938721240686929,0.693824761475421,0.762612975068044,0.7743106997780895,0.7611330690762235,0.6771711440541607,0.4952972630309064,0.9470096396965937,0.796108568824219,0.4385628362208374,0.865272142903702,0.4916087917189877,0.6235469589389601,0.8927619856422943,0.7931995949560415,0.7286249153556761,0.7329190750487206,0.7653304917052226,0.7455528683493031,0.7245661215496394,0.6977574085609395,0.7123346817817215,0.7708954865303481,0.8269939088548941,0.7530815950069785,0.6813651197816075,0.6555165937787912,0.610527098481491,0.8876317513549942,0.8149348838200763,0.6825184073495248,0.8660143100615273,0.6865842601721677,0.807889443735567,0.8405738333485913,0.8236063795538185,0.8277094407731416,0.8215778201557679,0.8004530740051902,0.708104851265833,0.7248581094343924,0.7235946503425446,0.7886612064406184,0.832120867373015,0.8199647503695611,0.7931114164363752,0.7117134717901046,0.669487422942452,0.6060873344744473,0.8941312275754006,0.7929911247678055,0.6404786668490731,0.8890800551437241,0.7255972761757381,0.8315961445102791,0.8339306512360336,0.8151406490019625,0.739613461022081,0.742151835413254,0.6898426834517655,0.7525078254914336,0.7210380910268795,0.7141282287414782,0.7577519457776669,0.7719020933644788,0.8420125486449547,0.7874737504435803,0.7462837023791646,0.6800760885614152,0.6434437504654941,0.9043014097696318,0.8402098562940888,0.6997113388581149,0.9094146372623179,0.7554760015135368,0.8077582953686672
irene,rest1_vs_type1,1,MentalArithmetic,Type1,7,7,216.694376,108347,110847,-0.11035161377506597,-0.16039307648047618,-0.1331001075784526,-0.09265891234305945,-0.17776707018256355,-0.010995802158506596,-0.03644562446678723,-0.04676947066520665,-0.5257371384705904,-0.22085077261382358,-0.08987950131214095,-0.09353612882662699,-0.37083658215328796,-0.42413119639134944,-0.7649446745865025,0.010087295220155834,-0.4114756825130521,-0.24686480568609115,0.9428011251203959,0.8777909784425421,0.9199505594328447,0.913499250889859,0.8620928898943244,0.8540744724571654,0.7723427091509137,0.9119309597014856,0.935119970259363,0.9182529534566295,0.932975267385026,0.8735200067825714,0.8492306995862788,0.7651556712330533,0.6592560520396935,0.9871291941509455,0.9331151416768905,0.8095757258515736,0.9518335630646682,0.8364667896269774,0.8740889468469404,0.9511521575625045,0.9411248546989722,0.9203714760132714,0.8706846313256608,0.7846626103373104,0.8129210174286231,0.8618688731637837,0.9317860081393153,0.9128239218601858,0.8424519906587892,0.8906141736395543,0.8572925935305377,0.7735246585100543,0.6788302766797096,0.6993350919500155,0.9211575460271797,0.8233780913921659,0.8283167454811814,0.9211224419397859,0.9190826105120232,0.9427895871860371,0.8408690658372467,0.6233441974851164,0.6648708798974832,0.718540281931217,0.7067846093740598,0.658422376395177,0.4029296756310742,0.5596875442557733,0.6996591156420081,0.7219328926360105,0.7490184773648282,0.669101458465061,0.5763224519844009,0.48560770985413854,0.2878310618682242,0.8920216029045469,0.7545205333752993,0.5434645407745764,0.8997771405563851,0.6618797211755486,0.7549595782620963,0.8591110873809219,0.772789392667183,0.7302662171856301,0.8150703131636174,0.7685697454748183,0.7501022727832899,0.5902758018038032,0.6387889411851676,0.8208473087834641,0.8380475974892099,0.8477116354282695,0.7180415736053725,0.667134961568771,0.5698434522383776,0.5178814766928257,0.8599305793822895,0.7333584087303423,0.5854861211399127,0.8724925015221767,0.7512902702671548,0.8572889782249093,0.8861713447299762,0.8333483893939869,0.8333640657308974,0.8325247923130159,0.8189268217718607,0.8064918099165208,0.7400484453136948,0.7666627122699495,0.790449533519925,0.8367739679933474,0.8650124943590456,0.8550259798578352,0.8282265635103647,0.7598625605802745,0.7184786047921878,0.9261436003328437,0.8597939108540835,0.7186606530099806,0.9307461201102014,0.7402926314406362,0.7874477742879153,0.8417177200537138,0.8645874913331919,0.7824196392571158,0.7524127750407055,0.7110955973763967,0.7843512562293646,0.817172794181345,0.7755133922266647,0.7815037677748622,0.7715021298766258,0.838966571645049,0.8058584669575845,0.7391548874284064,0.713657136228585,0.770465771425448,0.8792588021354506,0.7956890189009541,0.7605405925806592,0.8660908245508339,0.7800780627701327,0.8029756348625708
irene,rest1_vs_type1,1,MentalArithmetic,Type1,8,8,227.038202,113519,116019,-0.16195122569396325,-0.17598302352578976,-0.23975031664653823,-0.05943643865896231,0.04253029443448186,-0.05288500535859475,-0.0470941630457542,-0.14674367355288354,-0.3098974714766496,-0.1341615766131401,-0.03776340724396787,-0.17150161943484,-0.33746008305482,-0.575881976888633,-0.446908199310426,-0.44113592026975557,-0.27838225708920206,-0.2660704188092482,0.956129806461182,0.8550334351152729,0.8799363365648052,0.8702411913991595,0.8217369231001548,0.7439515044859273,0.7555691879765527,0.7988645578204572,0.8137170288309212,0.8257788009850764,0.833701909045428,0.952342754980483,0.8958798134821614,0.8101668235520031,0.6697873656595752,0.9701025413086105,0.895321373464736,0.7324812880335748,0.9405383708078702,0.7894168727222047,0.8824911365308062,0.9444501612346089,0.8196390212078751,0.8638895854956647,0.8530603476114021,0.8121568518853062,0.7050314673831652,0.7399044172445747,0.8133239140850039,0.833854461298478,0.8462918689604549,0.8005737905163655,0.8899446663894893,0.7665479353314818,0.7010700298339513,0.527660841954314,0.9222423415684637,0.8609746690695611,0.6646546523580087,0.947340839622369,0.7360802110688534,0.8352189902746128,0.8874935341466597,0.7669267654536134,0.7118371274520608,0.6055378131073932,0.5840800159703704,0.5636230519444185,0.5862338408168487,0.5785469060687461,0.5426129179555068,0.6080913381613354,0.6722218204872861,0.823583470987146,0.6671634638922813,0.5755773821048051,0.3585990407045649,0.886859111632928,0.7783555804994962,0.47415786889160877,0.8705940273717525,0.5437986306142482,0.715764665523828,0.797127507454816,0.7401551173332513,0.7423854925056134,0.7137833521297704,0.6348629173197642,0.6723977835546687,0.5170240378728497,0.6006974946278673,0.7111631078024632,0.7316237854654994,0.8076871636311482,0.789309018614839,0.699859710186204,0.5614565974072006,0.5123563733137156,0.8727238669798704,0.730285618099711,0.5878142137846332,0.8273180855156244,0.6989888986987687,0.8405028504830693,0.7933172586965028,0.7748526255136711,0.7712370993671287,0.731237826923827,0.7055535389904971,0.6918304540340516,0.6728649230815203,0.6632451421431319,0.7228524285232536,0.7932662206386937,0.8672377770207174,0.7771202895580346,0.6828019988987786,0.6245335634711676,0.5499162850569844,0.8856214089871941,0.7386302686634766,0.5429899976369333,0.8240317540942431,0.5976814260454973,0.735137543948095,0.8109389173057909,0.8294564086245122,0.8032852525845572,0.7880816580614746,0.779417744740217,0.7446098115155416,0.7463597380330598,0.7543588664585429,0.7558073598330358,0.789625193053495,0.8149780831114987,0.8716191422933564,0.7819274398353186,0.7782306921072203,0.6800816112058093,0.891704692772703,0.8441733554428594,0.6984959353271933,0.898653313127407,0.7466380674991326,0.8164264758327519
irene,rest1_vs_type1,1,MentalArithmetic,Type1,9,9,237.117543,118559,121059,-0.11149376989448001,-0.15741150588390784,-0.05961165342768027,-0.1961470255285893,-0.14232122489746413,-0.16659821328899893,-0.058504420436385374,-0.13869157303822455,0.15368570271963078,-0.13833511640532503,-0.25302505841529577,-0.20841357508248226,-0.264354918826724,-0.5217902555100604,-0.19076850205791418,-0.7322975113706414,-0.5001270524070285,-0.3760791013384881,0.9839011505430915,0.8959607404557978,0.95108289699255,0.9591758725399835,0.9642951272893013,0.944020182367431,0.8402923455317989,0.9177580635374318,0.9632458386692118,0.9674321101350913,0.9790638276902311,0.9357611258355106,0.864299678555098,0.8726153625785661,0.8155584017411327,0.9679775680639433,0.9507752270217587,0.8988201771652303,0.9819221872665875,0.9611155316529272,0.9648200999074891,0.9591222482564329,0.9166953646726116,0.9053134406963611,0.8839232051663972,0.8374677487470698,0.8440801963688108,0.863160681522782,0.8822250270299193,0.8963383023482695,0.8648912715783545,0.928062799509662,0.931764623612022,0.8885252795338118,0.8527451235862086,0.7946574453835809,0.9561978030720277,0.8985335131850111,0.8554077455604442,0.9528958026110853,0.8972001999346255,0.9035796814184386,0.8677333574933106,0.8417229842085265,0.7704351295479911,0.7521855807370389,0.7051444737744667,0.6457199059084054,0.666167451269268,0.7099759622820611,0.772975478039832,0.7778020720077391,0.7851446393374147,0.7079446853163349,0.6164356931385292,0.5495579245109207,0.4977269764615302,0.9074522974894014,0.8140364687191887,0.6290820387089979,0.9264133041807808,0.7188936945914602,0.8025625739255385,0.8732779827067172,0.839762004063566,0.790222363999201,0.7351025902552846,0.6861584344623343,0.722828587638993,0.731582891052472,0.7325537212559348,0.7202081022673359,0.7504437990696157,0.8000530962387548,0.8342357651704128,0.6945716823923568,0.5738555166161269,0.5653690566513883,0.8745047444804049,0.7460405042088243,0.6692471809288548,0.8962876576458887,0.737097932474389,0.8080799311790289,0.8255705144267571,0.8735660583623,0.749681084680608,0.7723011024284253,0.7180939533595576,0.6211172146090589,0.7414940739702282,0.7307736115339298,0.8053973161263764,0.7910806353476221,0.7752256098075513,0.7565901278843951,0.7242275830954642,0.6442326825296333,0.5527204259197709,0.8770018987259582,0.6997907042792791,0.6172950216364778,0.8383502729985384,0.6863690350977976,0.7263154023854504,0.822582591427269,0.8199900996263165,0.7651406444680308,0.741310683525382,0.7167142388081351,0.6914822822253066,0.7419174097731787,0.6693121353988788,0.728572360301137,0.7511320773583284,0.8029396012332392,0.7752463631274582,0.6917709300037256,0.6870980970273691,0.6035887752986359,0.866593194297883,0.7943100981734155,0.6314265111792057,0.881815232247828,0.6808561301920609,0.736410900511865
irene,rest1_vs_type1,1,MentalArithmetic,Type1,10,10,248.363394,124182,126682,-0.2364084078034745,-0.17373700734858488,-0.036635136512828126,-0.0026176358911977893,-0.05700312916365169,0.04447355103476269,-0.2202422807032205,-0.13874169533251912,-0.05422003171337364,0.019040748458505785,-0.05542487372547322,-0.016016927634342037,-0.8737133077971047,-0.6421522940681559,-0.05521702223775504,-0.21144179380396766,-0.20194646191984633,-0.2587078314670217,0.9483335624851938,0.9167374321499904,0.9471057421729284,0.941930942342563,0.8587210490193644,0.6770867846480787,0.8324570884358597,0.9358731949276784,0.9375064762413614,0.9332521491803927,0.807883560774374,0.8866925198767867,0.8733713883444602,0.7799065495120084,0.5609037419669372,0.98663082192983,0.9279077220594019,0.7169405933422425,0.9294068317992725,0.7234568807323001,0.8324638642061721,0.9024316281067304,0.9231725740936959,0.9010501982879289,0.8334817080521209,0.7395884432188252,0.73664099006914,0.8223926695352963,0.7993847516994086,0.8064310269900279,0.8253470569552086,0.8309502598503447,0.9392734065002262,0.859203441100777,0.7121556240900999,0.629215237835082,0.946784310738399,0.8082892654884366,0.6780634358402189,0.8963898090073207,0.7040208047606338,0.8175201364669448,0.8047815922568389,0.844118983926372,0.7560717826287751,0.7519557562477316,0.728955528423763,0.6408127981811377,0.7074212495752819,0.6823399513151315,0.7269258790768925,0.772125079282382,0.7208651193235671,0.7750511553018979,0.6983574005228316,0.6410964271651387,0.5506753410133219,0.9121111446269717,0.8274076304921117,0.631579626197423,0.9155322095919474,0.6941871839832925,0.7683026905376593,0.7915955264369531,0.7329481477524036,0.711206413690615,0.732832055696479,0.7001371605385995,0.6371924662765857,0.6420403492709102,0.6677172247508479,0.7032358003926443,0.7259889371948124,0.7071646347316474,0.6807764940375326,0.6097990911614773,0.5668337055368068,0.49430012231017956,0.895403538356071,0.7835849600775701,0.6421960128863886,0.9037963588022406,0.751485519869025,0.8363671075413499,0.7788216006460942,0.7526711228443809,0.7106494649183348,0.6574801379119017,0.6261018326192967,0.6184398987657733,0.6130406182607544,0.700561241171717,0.7653698081035574,0.7596381736014631,0.7924367172828268,0.8034929336748395,0.5968826334535856,0.5147138688437897,0.47885982301263685,0.7751837525596975,0.6178773370755519,0.5777011057957653,0.8156307816863932,0.667872222529844,0.7820343834353822,0.7942247865533272,0.8173960337971748,0.7539196783490413,0.7905027738331313,0.7196771726325407,0.7253301602964056,0.7323690609490556,0.7130428068964249,0.7497128191154605,0.7460920204177276,0.782404860496915,0.8318551052981054,0.7721858797114803,0.7111856186253936,0.6670705196621448,0.8421787726066728,0.7473979822474307,0.6693966876345322,0.8631634935551143,0.7393306893960003,0.789592386829834
irene,rest1_vs_type1,1,MentalArithmetic,Type1,11,11,258.92476800000003,129462,131962,-0.18131112144199424,-0.1715633686257494,-0.04742378319527596,-0.07508283214779476,-0.018041255894783337,-0.05221557609465055,-0.15056685740311693,-0.15711544915810638,0.031001704981006295,-0.10076874891243648,-0.06167057642596685,-0.03724221640136216,-0.5366044234122205,-0.518606662266464,-0.35745040454900634,-0.41660685134277364,-0.3773269245334716,-0.27026397575332894,0.9467053415046458,0.8478810684041308,0.9138768135769891,0.8804368762072896,0.8588448047799668,0.8338442403179314,0.7493141378776009,0.9571155175105511,0.957134074215878,0.9448276404502763,0.9466523412762166,0.7797050573493958,0.7137149802988546,0.699649411271407,0.6464913626975315,0.980573280471817,0.9629330135046181,0.922377044788656,0.9807033620423546,0.9599317795705122,0.9587764808486554,0.8192230613094671,0.9160181311382589,0.8447129863128585,0.7812550908115123,0.6938756606626976,0.6406888026576367,0.7295623137939066,0.7093407108233363,0.7065389616639727,0.7718430295741259,0.8430269141693152,0.9072005876035506,0.7790143428669957,0.6515287058640641,0.6006924590796154,0.9227256549826435,0.7955661007636233,0.6347582669516705,0.907477846752099,0.6646307185331505,0.8122236910449356,0.8124999655704102,0.7845204552586459,0.7567312273854935,0.7011825553428611,0.5480909237474859,0.5197564576357532,0.6405817460460076,0.7383664903203436,0.8008390097809124,0.728915985275684,0.7320972063401946,0.7992841810943991,0.6707413701045407,0.5717012835909329,0.45646642221476125,0.8838771427853083,0.7928439404325709,0.6320705765282127,0.9092736125631287,0.6950087757630244,0.7860458573133804,0.7975608943720068,0.7814639045967896,0.7244243675664696,0.6814308362167397,0.5786594805005039,0.49707957448100265,0.6282151452500334,0.6702034221951412,0.708727851379048,0.7273336779984031,0.6440469059726494,0.7919057876577847,0.6478052140426188,0.5170732719883773,0.36699223950932464,0.8718542761939894,0.7303912965626784,0.40618282938896044,0.8511814634836488,0.514412647685697,0.6762473281000104,0.8276212393254505,0.6702435127209274,0.7356518777000842,0.7435696561722585,0.7597777119426506,0.6840023459982347,0.5764469502199824,0.6932871806631995,0.7256444923357503,0.728913363527086,0.7808399549133013,0.7094344327922593,0.6340652116865574,0.5931489432803321,0.5521301744398388,0.8659629439470433,0.8290874163595762,0.6799738778095429,0.8949637758896132,0.7192282663764616,0.737701033124695,0.820483085265893,0.8067684236014647,0.749979181456456,0.7838769155396039,0.7322328589408408,0.7372034557844596,0.7449140507234404,0.6941900445110504,0.758193842791113,0.7600756342451566,0.7891235843317289,0.7807234019723012,0.7606455984905316,0.7355054456650402,0.7275623879143485,0.853634908080022,0.7875398088330162,0.6963464736166616,0.8540326890726476,0.7709303198012064,0.8355215641595687
irene,rest1_vs_type1,1,MentalArithmetic,Type1,12,12,269.551109,134776,137276,-0.15451989034464209,-0.21448797237135775,-0.267748976494981,-0.07618834049706891,-0.09652941408929205,-0.13422883964007193,-0.08023980885518611,-0.10965052572448286,-0.3556766891386345,0.04482636779095328,-0.09145165281976197,-0.2226257335530364,-0.5057638863205067,-0.5288166294060996,-0.8393383081338359,-0.16876293258929875,-0.5711334321107937,-0.5652505803633581,0.9433381575335549,0.8501756423983331,0.8879052338237651,0.8806188058412807,0.8629454692635758,0.8118520411191347,0.7452922306378575,0.8636004076732561,0.8883309327144554,0.8676733703042537,0.8652407609922178,0.868598590081624,0.7609964453506856,0.7411008202523007,0.6462875897307923,0.9407443619145835,0.9151640747761557,0.817928480557111,0.9838259422210424,0.9062346541798786,0.9411851924298832,0.9058981530029668,0.8193035344980831,0.7762702654045823,0.7689911678983176,0.7832957149064171,0.6814841996166001,0.7017125074012702,0.7254564509781959,0.7583005995431142,0.834097617042575,0.8018654384589866,0.8791403515988181,0.8146359414524325,0.7807900040915453,0.5075819907378216,0.9300805245988342,0.8880007509353919,0.5562176099026513,0.9111662083698282,0.6038775383668318,0.7366312546591144,0.8309734641362486,0.8054977644872983,0.7317243063287661,0.6725672055579165,0.5145913857439135,0.4920201683366715,0.5836746566996385,0.6071175970371826,0.6562724084136551,0.5775856165118457,0.6109394762466188,0.6507075618924144,0.5549121620654804,0.3684410292265039,0.2912852057102702,0.9067967834504889,0.6983351385691702,0.491598776549849,0.8067076345558554,0.534123498929787,0.6558337262284932,0.8205895185340132,0.6864231217885224,0.6398428622691965,0.7430449156264316,0.6602052396979712,0.6063612120272871,0.6899285426234647,0.6569928335066585,0.7827186347764217,0.7243081599943061,0.7428081011895923,0.7255270546257014,0.6290621472102143,0.5701277214782488,0.5353030830274732,0.7988436487908311,0.6527681667961224,0.5202445994024979,0.7734163449885155,0.6395310134347877,0.785134577825648,0.7646043463984734,0.7776474874890147,0.7491044446228972,0.7867694457875574,0.6439174068809554,0.610608705016908,0.6501132007362652,0.643080614048831,0.7329820175142193,0.6420653140817163,0.5959862222525688,0.7450282524182937,0.6253543908370529,0.4760927815407636,0.44454144553734426,0.8260936107258091,0.6430762819233005,0.4995804914042411,0.7648595684076639,0.5752049127906803,0.6833709722277679,0.8473365977956002,0.8435700868373408,0.8204749593057371,0.8160496962373492,0.7650204189554956,0.7048390046810652,0.778181159142321,0.7731065492801781,0.8386319820588652,0.8536568248670662,0.818072887636761,0.8115848852505189,0.7618845128392912,0.736801363720786,0.6660389006821195,0.8432379163651682,0.7916046452085678,0.638722268534686,0.8831500054806867,0.693749264222122,0.763691250532092
irene,rest1_vs_type1,1,MentalArithmetic,Type1,13,13,280.830179,140415,142915,-0.09120125981980642,-0.11732974113575967,-0.15801707401684517,-0.15319785393587537,-0.06764399898320761,-0.11833006511427246,-0.06986513466304256,-0.0488730465765439,-0.20539236799125105,-0.17341428255801805,-0.1374689900750088,-0.22000677185041062,-0.2174185882968187,-0.27194847214590556,-0.4500714242384203,-0.47950921406483493,-0.3178028515609115,-0.6296989706058214,0.9475494478702069,0.9232075156659814,0.7776773184435121,0.8668973690804208,0.8484659310779538,0.7910906827971214,0.8615357161939594,0.7935989654300043,0.8863198060881872,0.8876438974674711,0.8891531620732035,0.844368129106807,0.8737192420041853,0.8548584141951795,0.7483319571011678,0.9299279960015403,0.9132948899906599,0.8124199033821622,0.9576378525953374,0.8394101527809829,0.8941999910932834,0.933794048840089,0.8921090065788309,0.8110089017367107,0.7800687858206138,0.7696466392436673,0.7749793084211191,0.8391449392719545,0.7935609489288514,0.7851542780607473,0.8479346339441372,0.8626817558242661,0.8782744984369638,0.8169367708274765,0.7861339110576284,0.7639115120224639,0.9318527734340625,0.8404097549669819,0.7222068973856363,0.9201341322670358,0.7577232568016057,0.8548693563613045,0.7527161289535425,0.8842204810572715,0.7331424155302307,0.7385827310227822,0.6113300156224278,0.4629077341228913,0.6679689427270498,0.6077972698822103,0.6835561987645044,0.6500875165947781,0.7469281180418772,0.8008751083965736,0.7837637785441772,0.6298593331352802,0.4229470653572316,0.9226726106612892,0.7725457615109274,0.5042375440572495,0.8647830550513834,0.6078588731503577,0.7381728698617905,0.8871454096543803,0.7256932120275116,0.7157528743443158,0.6838819222119508,0.6299353350142246,0.6823878091588246,0.6389735074360605,0.6609582250078225,0.7420651409868994,0.7625934458333502,0.7901712753152743,0.7538062973716961,0.6174718355429815,0.5408844776758618,0.4713330722098977,0.8425601940970147,0.7464280376112923,0.5796737870101417,0.8992070328871743,0.6979657836969468,0.7485669501579282,0.8331524631471577,0.7522755359588631,0.7191015924882306,0.7320465744277931,0.7363840415915787,0.7885007914245918,0.697793423368713,0.751296262343528,0.7951206895249846,0.8024021113179275,0.8476817904540909,0.7846581111795128,0.6976725021871807,0.6279604764140173,0.691203984927054,0.8774203017709988,0.7599039425380141,0.6801823321430898,0.8730304642688187,0.7376435769211027,0.7929715427087666,0.7986998454105549,0.7761842723652947,0.7000197091089005,0.6942526750860611,0.6897266357200725,0.667931652508338,0.6315884151008706,0.5864558912178165,0.6265786578326197,0.6971109663996338,0.7632523074530269,0.7424713075241994,0.6782014702368141,0.6059392431057758,0.5804772492101672,0.8337843257407825,0.7408581070784858,0.5651241041169357,0.7857969609469538,0.6165183274290013,0.7258138586462535
irene,rest1_vs_type1,1,MentalArithmetic,Type1,14,14,291.733478,145867,148367,-0.038793859313344115,-0.08621932324103199,-0.19304843400952176,-0.01872415764831148,-0.1845367262968236,-0.12503216081687407,0.10327860492305962,0.01765153786462026,-0.13712781288795073,0.2577284879327646,0.008243890627865902,-0.04632296342517872,0.02278966142208194,-0.16535927826827113,-0.3695285985761174,0.204781176569238,-0.338734108876662,-0.2894933353120144,0.9529096221807325,0.9221487776424034,0.955940264985526,0.936444137562741,0.9133697357679197,0.8967529264814743,0.8655846597739082,0.9178461244207575,0.9607057972944023,0.9651201860371966,0.965429548554566,0.9634018740755455,0.9062679922317133,0.8685982404710921,0.8179896959604849,0.9580680546795174,0.9205795004014705,0.8773622322974515,0.9820088189332293,0.93484134746014,0.9669608256515185,0.9854655856138326,0.9093488946557381,0.8692863253174739,0.8988569821429149,0.8857980772878049,0.9422672317649455,0.8863544006388175,0.8519426400724641,0.8942346377502819,0.8843937398203657,0.9490875815506319,0.920544518265413,0.9169477901896831,0.893484413032423,0.884498171638034,0.9626170801967244,0.9243338828260818,0.8676263925995849,0.9619675414706418,0.9222793703363045,0.9378543956120313,0.9573299832449674,0.8691840902634781,0.7626762340662233,0.7557408414450942,0.7334103673632586,0.701930398420795,0.8049315451670959,0.7130648084093639,0.7514742695977894,0.7598003478811389,0.7963445259231281,0.8468210238996265,0.7510073358584044,0.6682137123556854,0.5900197343666699,0.8980429885961232,0.7981656637757248,0.6345883249539715,0.9093568824134527,0.727256068660702,0.8032430595087376,0.8672125565334219,0.7796191053740277,0.7713740500764109,0.7516753731268615,0.6772200285141228,0.6665456014196047,0.6880854096765212,0.7864336778795077,0.8379071906023986,0.8215864989319105,0.8150882678683644,0.7324969373618613,0.6438326704198397,0.5361743794645967,0.5262584201413982,0.8887221192702093,0.7489056506517963,0.6921180290605151,0.867499461997242,0.7707382787311392,0.8901405572300564,0.6958651813158911,0.8583685059494931,0.8249142973819145,0.7436588650524503,0.6073313514804946,0.6250434707151017,0.6698687328459662,0.638005101561444,0.7069995909665991,0.7104886058073311,0.7442286619867778,0.8138906052804343,0.7018267023217748,0.5816716948169417,0.5768730099923239,0.8395009515720055,0.6796716022613087,0.5998728547325813,0.8293705105388477,0.6847787919871829,0.796474061127356,0.7567692019325108,0.8285476441589116,0.7946220541447352,0.7658272382942938,0.6928085212369672,0.5861114163004744,0.6225556368798894,0.6620826150958824,0.7079138234009948,0.72873676295904,0.7023875796189175,0.8657636573478754,0.7537414471892241,0.638477449538346,0.5050102135007215,0.8663470993239009,0.736641111603732,0.5695761747358671,0.8537981954848831,0.6950391244854013,0.7875941352671674
irene,rest1_vs_type1,1,MentalArithmetic,Type1,15,15,301.918461,150959,153459,-0.17530296334003115,-0.1419922503684523,-0.15731196328104513,0.006986510065825957,-0.1812029868413112,-0.1022983371246573,0.003911487224015353,0.03825412868448108,-0.23885001066077427,0.2621631573092311,-0.34120254935653316,-0.12306601938682693,-0.3644887693246561,-0.29699803734957086,-0.6388099285647386,0.09297532265439612,-0.4307386140340421,-0.28070981006168116,0.9581049346788184,0.923942800657556,0.9180246476828479,0.9221068195921899,0.9336032957264322,0.8993200935752518,0.8827912092185911,0.8866509550033896,0.8983920038180088,0.9321815140801883,0.9599686923032822,0.9857311265452694,0.9781706575420548,0.9702253436862394,0.8783251304062281,0.9965547222313553,0.9840354425848415,0.8998904213311806,0.9852553064003384,0.9133523593081627,0.9441668682989192,0.9254984792093807,0.765540584905912,0.7065123903693369,0.7372652254153057,0.7368550421075512,0.6868231441200436,0.6678411759162892,0.69753094519093,0.7548109792514928,0.8127642059522513,0.8059074642702554,0.8460006639583861,0.6756761404502424,0.569875761514144,0.5014005609580056,0.8516731239863038,0.7142112472837447,0.6349627597362579,0.8959310797504068,0.7403306717098613,0.8574355608303732,0.8357113789770885,0.6513325840976415,0.6519075712086123,0.7086426371654684,0.6926245774418168,0.7179810399975086,0.5335806142579406,0.6155156947253139,0.6660537961134818,0.6895741353316861,0.7929049139208919,0.8119375429459924,0.6650266646974248,0.5389246393073716,0.426579863848696,0.8823567574311021,0.714771260188952,0.5930823765416349,0.846280363939376,0.7330439401869987,0.7991259919829243,0.8125535949601492,0.7236447866847848,0.7488611954266962,0.7451998507817422,0.6609532727803699,0.5992729368797246,0.5701505137050289,0.6997539124505098,0.7740324265271532,0.754191972547834,0.6911877035052699,0.6854632182137814,0.6152184041123628,0.486604628408469,0.3801355840882636,0.8971551478213693,0.7242590519705038,0.5626993771025749,0.8567420696956596,0.6841474307807115,0.8541149774054582,0.8078942418244935,0.8044704750741534,0.7664183947752362,0.6959307663640213,0.6112768398645743,0.7026571372034588,0.7165788630113511,0.7069422133062067,0.7164298424849137,0.710270438821097,0.7777170629465149,0.7560813049181161,0.6724089449813271,0.6073390518395269,0.6307419546923878,0.8612595456411049,0.7170929335294093,0.6452786526816573,0.8541861571388449,0.7153680506265797,0.794014730868718,0.7953352616667219,0.7986135700837226,0.716792609775217,0.7458099051622824,0.6733945390654418,0.6948075932562142,0.6733378113949432,0.5943225578980095,0.7034642588752025,0.6878254214178382,0.7283830453304222,0.6824203977046985,0.6496958148360531,0.5927510528990078,0.5375799542384003,0.8059026518499706,0.7372482302151214,0.5703390285255666,0.8278877157074912,0.7088526399652234,0.7357702081294294
irene,rest1_vs_type1,1,MentalArithmetic,Type1,16,16,312.861247,156431,158931,-0.15406417575635878,-0.11978674604207296,-0.22787574512535347,-0.07264634208422738,-0.2515055269293014,-0.16884083048693732,-0.10488157472530357,-0.021806554999517225,-0.2374812325983311,0.14598323005871183,-0.1702231679804438,-0.2060112547981765,-0.3415589458610917,-0.220445023595099,-0.41339736499120017,0.0744006152750849,-0.7533410020764357,-0.5829228674599825,0.9932497373437272,0.958617639675946,0.9611440074104037,0.9670894913544598,0.9618074761390776,0.9406971132293489,0.9357840439663554,0.9491189458962018,0.9628046545481365,0.9633402388039412,0.9599009425706184,0.983085099344527,0.9674028285355285,0.9523955553966283,0.903441655782632,0.992192274379546,0.9823772810800884,0.9329324250530701,0.9926369626286615,0.9517744856054907,0.9679028751481143,0.9392933665663579,0.8315923090300632,0.8040639901534183,0.7484009010583242,0.7404790194131806,0.6583011174012929,0.762170490348062,0.7652009955032244,0.7800875771757882,0.7978733604727211,0.7799972566579579,0.7953178551369086,0.6580605470347718,0.6087880821708869,0.5015193669442188,0.8965328997637431,0.8389089999983416,0.625295633350585,0.9463697879105362,0.7413018853860998,0.8341439441509934,0.8212681857853696,0.7968576721491998,0.7196947155409658,0.7223166290446431,0.5876725134586663,0.5033019288307234,0.6273597460491167,0.5813437755181537,0.666825660192929,0.6177198603966894,0.6670597163598657,0.7169482050761935,0.6043616916646198,0.4745231339788673,0.3802774743513536,0.8936815340478272,0.7047179206974667,0.5191116841126798,0.8468917101967591,0.5933655595246372,0.6716914103700619,0.8531823386052938,0.7493320370338324,0.7721750356625559,0.7326868248822952,0.6719630174903829,0.6684328702846182,0.5648116718908353,0.62734313767166,0.7033086445382442,0.7367332029407372,0.8017475475445373,0.7196334956726695,0.5880563658638488,0.4180388807312905,0.3992390355824712,0.8743196273529902,0.6807866072809253,0.5430723037302037,0.8109282221520675,0.6632200366869767,0.7422339194905794,0.8533451622154353,0.7906589579654278,0.781171410255207,0.7955966590255164,0.7619677063624939,0.6708705055918216,0.6628427746157574,0.739740471341883,0.8365921512227623,0.8339092996501539,0.7783103935079597,0.7539412148554133,0.652171676002527,0.617040809183888,0.5965093146076191,0.8516308504144285,0.760426769417319,0.6092991799550612,0.9190907356410808,0.7257588485916272,0.7752955619473074,0.8096432047351217,0.8649041595247314,0.8131818165617983,0.7458837009015733,0.6539605879173439,0.6038879736006035,0.7076206083810219,0.7385073193456542,0.7571440325835515,0.7197184860849404,0.6737056826343957,0.7921457578612805,0.7138710242232158,0.6064963047500558,0.5436261990385816,0.8915712938897764,0.7659254333608604,0.5962063315212364,0.8226271378793468,0.5759135746895605,0.6717483987020678
irene,rest1_vs_type1,1,MentalArithmetic,Type1,17,17,324.819871,162410,164910,-0.12053705310762819,-0.14252601007327037,-0.1945671471545536,-0.10409226937583949,-0.2343830044210078,-0.07870208450328331,-0.04176472438804524,-0.12326952507738564,-0.11281693972723694,0.056048261576354896,-0.2699192823387464,-0.0366631346657762,-0.24501253885527596,-0.39775474969551716,-0.5305049792047303,0.038405490052090485,-0.5787348479872467,-0.2997431743579555,0.9638838635176423,0.8126806907642584,0.8565494091258923,0.8529697426902385,0.8833281955835741,0.9291586051868513,0.7413221700135422,0.7972351489476721,0.8299938525657573,0.883518179259608,0.9662400194761449,0.8326956014501979,0.7687662963053479,0.7103155471606344,0.7073403012142556,0.9397626113914808,0.8735824593834128,0.8237118692513024,0.9613612287866063,0.8784134109680606,0.9315434715089651,0.8264076018501427,0.77082113662839,0.855953685101015,0.874698420811948,0.7576292197582606,0.683466864424256,0.582984899725779,0.660569375573529,0.7864111968886234,0.8707081062615465,0.8777631786683265,0.8523124384139777,0.6461644852712161,0.5119706818267357,0.43102193131301286,0.828361831744522,0.6614382210969395,0.5090589602785097,0.8842239842752423,0.6882849395039398,0.8309784564887068,0.8575569235124336,0.8183020018932997,0.7459466809382775,0.7369441390434266,0.7014043220917128,0.6076210021251311,0.6149775169641407,0.6689059898728127,0.752498638874508,0.7868459109502612,0.7734866113615559,0.7514155319198512,0.6333934664238369,0.5564836061567737,0.4197808066310257,0.8971222248144616,0.7520633226506923,0.5441711638740734,0.8924402500738078,0.6885095324414883,0.8731048905011457,0.7641855977920575,0.7397416630938879,0.6340219856324387,0.5195634658217066,0.5141035153937485,0.44839845392476035,0.49720232441765927,0.6044163533788875,0.6482322328746867,0.7044857377670151,0.6799320375572617,0.649267050920254,0.4711307537255846,0.38824097865317386,0.31577458794648533,0.8565272276249872,0.7507150216479406,0.6384187516244499,0.9024289552216386,0.7656578538420701,0.8367765122437443,0.8215350793528484,0.8125220689704664,0.7330670606203835,0.7349591556619247,0.6640586655370603,0.6282160090943492,0.66518240487005,0.6435819309357497,0.7412163965874226,0.726438049808307,0.7106032199130441,0.7833181666256434,0.6852483637083281,0.5700758520364724,0.534551331805623,0.843462887536182,0.7033576355548631,0.52538620338454,0.8600645052587395,0.6404620599072015,0.7449870943090606,0.8392530869955761,0.8425134017150034,0.70563391643613,0.664883436127572,0.655915183545984,0.6613644019820006,0.72283911571675,0.6599044309293021,0.6993311442822272,0.7290830349406152,0.7866948370796297,0.7911423779572683,0.7008923363433225,0.6062363121913901,0.5868008912067528,0.863742078416731,0.7371842614413026,0.5850894358502963,0.8258704689205072,0.6329469719241908,0.7581587733531607
irene,rest1_vs_type1,1,MentalArithmetic,Type1,18,18,336.029947,168015,170515,-0.07796112286456491,-0.14360485825038172,-0.18265889955874304,0.00836779635601248,-0.08199674594224504,-0.1819495801309201,0.11648939550539072,-0.22665740750025254,-0.020082097719130054,-0.054786454325565614,-0.22546471050285488,-0.09323189990819136,0.027404465446809745,-0.5790771867296698,-0.35159497256716055,-0.34502890597550806,-0.16508698550975653,-0.4038755814310502,0.9571141879016215,0.8159994629534645,0.7912610258026191,0.8298509246844352,0.7774380303076288,0.7774194282679604,0.7215972011064673,0.7303609486384228,0.8066955784086682,0.7896314126419249,0.8354122342401898,0.9164840005286703,0.8324024394742036,0.7249942024437357,0.6226293946135455,0.925125434828659,0.8232065302494971,0.6539729450133043,0.9317551451875314,0.7809120477635785,0.8516452433805309,0.8922403505327936,0.895658183321791,0.8666889207267493,0.885937814294655,0.8282605636089415,0.7275520141139584,0.748608828744801,0.7648341816557667,0.8389554729751882,0.8594639551182823,0.8570436788182229,0.9231199483372542,0.8516906405322104,0.7706122013554907,0.6305827567368488,0.9361408635347728,0.850353852345608,0.65154628288271,0.922629016287253,0.7212751944045822,0.8155070714431354,0.8800620579349991,0.7661318139453382,0.7405464333403791,0.6597585786144972,0.5716407991617547,0.5631906662290619,0.6622486387616027,0.7504603046196113,0.7546838784392879,0.7083513350277312,0.74516462820752,0.71906910748004,0.5582800755748725,0.4972849748093383,0.49368475076890506,0.8604091800186044,0.7737034870060455,0.6767024819278364,0.9437186117539961,0.8063967664975832,0.8604653050555899,0.8438033156081405,0.8007915142369461,0.7097946432432454,0.7329672230952189,0.5656256385528216,0.5809330313755656,0.6951019583189523,0.6299675719563452,0.7110959902377136,0.6294372522454048,0.7093384127371981,0.7854063327203006,0.7284898647871431,0.4942666289804635,0.41002577018717373,0.8627960869383177,0.651809754151866,0.49827749713833996,0.7933857072442682,0.6883199523073467,0.7697454014273948,0.722617606255858,0.767155094898435,0.7804752159749765,0.7600748451141763,0.6619248597712161,0.5806291934367874,0.5011256160922031,0.617633056473833,0.672976295639241,0.7080760935533784,0.7156957823677278,0.7311414755384216,0.6217224148450383,0.504513126213125,0.37476451838925373,0.8314686791499841,0.7192866547365421,0.5708655938174767,0.8628814407702817,0.6546756872618543,0.7832424270417104,0.7889982481558097,0.7697787303048305,0.7037512165323222,0.7313482248965881,0.7055953089555338,0.5657559901262713,0.7076100063675768,0.634595896439557,0.7240832165773455,0.7466345238989611,0.6672795840331455,0.6514515385027216,0.725270570086569,0.6771056143682711,0.5345551971088325,0.7974701039056524,0.651361493380563,0.41552444632994173,0.8423873193366047,0.5636832705472594,0.7353629131340255
irene,rest1_vs_type1,1,MentalArithmetic,Type1,19,19,346.43603,173218,175718,-0.2151022335926669,-0.19456429552813237,0.08180296019730893,-0.21714116335799627,-0.12474084659750417,-0.08782575527395853,-0.25189500278567767,-0.23106996705966587,0.10584278492587185,-0.23049016181424742,-0.03878245101235578,-0.15459293693551635,-0.7673229551544605,-0.70088650434964,0.16938096141885328,-0.7815497653604098,-0.38535240743447896,-0.31567685013302893,0.8657583247714633,0.8560440465887115,0.8406619053152409,0.8020958290475206,0.6584208060882755,0.6706905428599069,0.681187714689798,0.7384908862263537,0.7923297875446443,0.8005793676089542,0.8393179482891274,0.8071421449096,0.6954665286284344,0.5315922911078932,0.4676145449682692,0.9360421262564907,0.7561944337647163,0.6851207377904026,0.8469041984189604,0.7877524668390349,0.9264311592113752,0.8459503582286813,0.8611577275889418,0.8710998923254919,0.8522215300688705,0.7221577453645723,0.5668297472746979,0.6632474223265089,0.730947260365428,0.7915326606314347,0.8316761429769352,0.7888117347997091,0.8559167544005822,0.772647242499994,0.6044583893545641,0.4274571350096759,0.9577903907946912,0.7923927582315308,0.5484053567298954,0.8756566389671521,0.6436346526897472,0.8402119251802841,0.8493571632564584,0.6627511757491301,0.606812669757852,0.667825482316211,0.6342586682836961,0.5330029679870049,0.4762635870363281,0.47565417263458903,0.6383071485999315,0.6957245442245111,0.7273099576921026,0.7653099900562027,0.6629335485637533,0.5022124995277497,0.30029421919506366,0.8783527717041655,0.6804921083884496,0.3902406560304814,0.8377230725360295,0.5532167644193837,0.7601661174715441,0.7975369281446266,0.7027794860905607,0.6970567627366824,0.6840251299949344,0.6966837183591928,0.5995548511159583,0.5517671678926336,0.573710694391757,0.6092725829037335,0.6968885112559943,0.7505113988887413,0.7376528309028614,0.6736549848910527,0.6280879621163061,0.4106192076481665,0.9273858800165062,0.8125112468917227,0.4714253308794765,0.9028892303999109,0.5229958338672764,0.658925362940412,0.7412273082002269,0.7830819447208905,0.6859075213670991,0.644419906532512,0.6164129256805002,0.5548183677994634,0.6493909583412132,0.6799576618865003,0.7270918469234697,0.7899146803247175,0.7488518250234417,0.7264522379456164,0.646318750070191,0.548600173070219,0.5151506067372088,0.8753132831588676,0.7309149761421968,0.5477466117433326,0.8587825228273984,0.5906277723916157,0.68129875703252,0.8143685853044015,0.7865545922325666,0.7359600788779782,0.7325127650308642,0.7044105082853404,0.668812966494301,0.7202195184465741,0.6871881799556068,0.7321694182738658,0.7473301674249311,0.829095124401509,0.7690495053109425,0.7316978369770454,0.6540457886133285,0.6051066927102464,0.8834539969862301,0.7811506659751076,0.6197006744807432,0.8690195910668788,0.6926202371231905,0.7756037486727315
irene,rest1_vs_type1,1,MentalArithmetic,Type1,20,20,356.551734,178276,180776,-0.29051676610943034,-0.23154573108035503,-0.26481094424603313,-0.00781207795840011,-0.06923480845228625,-0.16738541210872038,-0.3097955179493619,-0.2433992623577641,-0.3218956601451719,-0.15887502839955037,-0.061450222520870845,-0.14282771499360258,-0.9986773841973964,-0.8381798450449516,-0.8050989580628101,-0.5203592552135294,-0.3674043395457134,-0.4306293935481096,0.9367478328827478,0.9340763116019098,0.944702885882311,0.9321142685263238,0.9080107909079688,0.795235615790055,0.8391510422234979,0.9810872685157142,0.984961172724417,0.958324218495724,0.8720526203871227,0.8635565562676947,0.8568665251852882,0.8367490572804841,0.706935494551535,0.9935437513930349,0.9697671295838314,0.8615663065668183,0.9736724218210306,0.8684117475655385,0.8386843683919517,0.9786163408646057,0.8795238347668266,0.8708237888709967,0.8601056272521682,0.8136404546230402,0.8078608775230947,0.841488006491179,0.8960970517327144,0.8899986159906537,0.8566768781200346,0.8577335320013771,0.7940853961774241,0.7603353434628611,0.6986279394210086,0.678279254124977,0.9556880263598037,0.904078679913285,0.814222418121584,0.9609845371924964,0.8524586147714307,0.9181891537800736,0.863784532768373,0.690609627210403,0.7187030408111179,0.6728011673938069,0.6270512244480522,0.6148807122487435,0.5347132198809551,0.7196830492336371,0.7450315025503838,0.740123555378889,0.7857968321876511,0.6610183248376512,0.5067827084264672,0.46244820656245844,0.34022363235094394,0.9267764028468227,0.8433448948563571,0.6516529744481597,0.9404517461365101,0.7106791060697297,0.7846828154013853,0.9007638080150183,0.774024960388287,0.7499851851988746,0.828320546319262,0.7703044040225225,0.6408110438099784,0.651294507501395,0.7266589525766901,0.8815099762629296,0.8643543439888772,0.7689920650573681,0.8674276647315019,0.6806794784322853,0.6273177170878258,0.45579327960841653,0.795776017396948,0.7361354464528155,0.5684208875607493,0.9040794323139629,0.7399579605238242,0.8290803261668817,0.8302504392936779,0.814983236012847,0.6999560109327496,0.7715760161404299,0.7454302852242265,0.6336375292044214,0.7272632269563339,0.6639294406779603,0.8085696647300203,0.8494989556406812,0.7826031204031173,0.679506915468367,0.6885004110155926,0.6644017008650266,0.5925946887808211,0.8676060912131744,0.7655612027416875,0.563340071884674,0.8897351989174321,0.6699054209333036,0.7889604395686864,0.8147543511426014,0.8130344287279667,0.7611641682391848,0.7274163539668649,0.6998589544333923,0.6531505117985817,0.704692609586673,0.6843589615097264,0.681029893418058,0.72986528456288,0.6914427285899962,0.820315860540827,0.7027275359938063,0.648478379428645,0.6379977998691159,0.8352212725343167,0.762663113372736,0.5820846097157215,0.8625155887657141,0.6624092285971892,0.7231160535363612
irene,rest1_vs_type1,1,MentalArithmetic,Type1,21,21,366.481992,183241,185741,-0.11051998807186436,-0.10490656351419414,-0.11430987988097563,-0.08645992598426488,-0.2692041359385011,-0.08297276030977652,-0.021220390532810107,-0.10841043159066732,-0.009434584144123903,-0.3162607179113208,-0.10732054130741053,-0.0948044317958956,-0.15079251503912694,-0.2786071167742641,-0.7468149036790122,-0.36615309363676696,-0.6851287310394552,-0.6340300185488357,0.8922053299575363,0.9014542860509849,0.8536780187683303,0.8107405744248186,0.6833541522987807,0.6146513496889817,0.7222472231119063,0.7884839020005509,0.8314463498980882,0.7871317468349064,0.7775671182682912,0.8921201143176337,0.737404455755438,0.5985760742846357,0.44733806993464637,0.8787579024457708,0.7458275556799362,0.5758324110437734,0.8908800094978649,0.7585832914326596,0.8591807968951228,0.8420876821960728,0.8851644769419192,0.9348676650957,0.9011055062270779,0.8309501656528483,0.6494138652891579,0.689585007706775,0.7725029752876059,0.7984699662104868,0.8862067948632278,0.8751312217511988,0.9190229613760188,0.8320875310891959,0.717170039473353,0.47295981785266983,0.9422313475534722,0.8255114557692106,0.5743823245386348,0.9075448663982211,0.6362365243124406,0.7926808631095335,0.7055910880675076,0.6731290324945918,0.6517302978946178,0.6246966977729481,0.5782723126647275,0.6060723338354189,0.41465180863330875,0.5667314444825238,0.7257531328772487,0.7215709862821134,0.7534400525624272,0.7407761358136957,0.5085423822672065,0.47506403805513814,0.37672085408770445,0.7901446047124279,0.733824539633791,0.5796531230616023,0.9122174512727612,0.7064416954587406,0.8040723739144274,0.7857566408052757,0.7252046390339006,0.6670206606038095,0.7352386154804093,0.646248623533624,0.60239409801327,0.5667503292183682,0.5947212647914156,0.7416267765139845,0.7839892770006739,0.7742437933900961,0.799522422665924,0.7077985042203446,0.5286099962696497,0.3457334338653468,0.8553311854514617,0.7231676074146317,0.5087126001042469,0.8555658982719758,0.6763498593940298,0.7775179078010493,0.7284776044248845,0.7346499618706759,0.7529710264236205,0.6550609324780369,0.6596453294029146,0.4969463972872144,0.6068377484097502,0.6061842870417186,0.6686266100907196,0.7040006035680978,0.6364537825503587,0.7154547938969604,0.5663176195689654,0.5248035510631814,0.40476035294075285,0.8445212179984418,0.7439656395394904,0.47288338795184726,0.8421562917728489,0.5610664273834124,0.6873058390568489,0.7897255657652569,0.7978924464553658,0.7929944303628774,0.7471541402549832,0.6916522590772856,0.6136664469998198,0.6726061100945284,0.7241093599309831,0.7136752626789192,0.7578427927415662,0.6969033531223864,0.7917167489119665,0.7308421505568046,0.6460121392267012,0.5836169527104494,0.8915542259191651,0.7832159053233299,0.5952458167901875,0.8470728804708851,0.6681698737816059,0.7337403580919108
irene,rest1_vs_type1,1,MentalArithmetic,Type1,22,22,377.907016,188954,191454,-0.14129266027747622,-0.17119041999368978,-0.20870262891218072,0.11586787303640333,-0.045815205858146246,-0.18869613148710673,-0.09298604046554448,-0.16478942579014255,-0.39544487548130025,0.035916068367832565,-0.2025662114406146,-0.1420828914744745,-0.3798374061580567,-0.6638212003284609,-0.6774974640115414,-0.06641109351978614,-0.3770371864702309,-0.3835422976264524,0.9099255547319199,0.751658574343138,0.7823419239223924,0.7777685662786583,0.7001971286907678,0.7356279383215591,0.6703234987522113,0.6984266580295885,0.6892310803907516,0.7019188463207837,0.8682488259636765,0.8233425663304723,0.8169857559577519,0.7360717309264765,0.6476835094751373,0.9811417567925323,0.8701796183703179,0.5962790000126779,0.9134333214992714,0.6302239362333326,0.7142451409051396,0.9534832112709221,0.8631401221946674,0.7600515802708115,0.7773647289150214,0.7824723885743341,0.8382977331389702,0.8310618478990661,0.7234826300799888,0.77349052517628,0.8079972477951184,0.8927622190671499,0.7541482111092729,0.7414029285884531,0.7697659264019155,0.8118082537056969,0.8708157150862226,0.7335987217279444,0.6731267406990492,0.8888967121804342,0.804781950051635,0.901460663516614,0.8457323117589354,0.7394593859561901,0.7816548627256528,0.7722378994145629,0.6026154193579951,0.5258867390661588,0.6475560212477375,0.7151780473750773,0.7721872685978753,0.6521189912934013,0.6761885253899205,0.7862969497981737,0.6941354652210692,0.5176675020678927,0.38797610300136637,0.9097816612703161,0.6927502587001865,0.4996964046161571,0.7872865703448959,0.6181226225445977,0.8138445109749443,0.87932283765951,0.7326665087262966,0.8352049856737503,0.8562043774761635,0.728974016580173,0.625830935340245,0.5697012053042046,0.6789090328067497,0.7823458746968717,0.7777747679664423,0.7518063058360118,0.7966302554683535,0.7012822628143809,0.5399106971949057,0.40140956882591056,0.8953172921249741,0.6931978200458149,0.5216428157454505,0.8297826009891646,0.6388717318746133,0.7600056888438766,0.6359729412294909,0.6878238205145195,0.6494429346673111,0.5842412645455748,0.5608807742049651,0.5659939677368927,0.4602933697628109,0.5513806400192804,0.6337933341840442,0.6785736869440656,0.7256525982009863,0.659509608446296,0.5088949318391456,0.4782155119440829,0.4039255176099214,0.7939722955455523,0.6345824896229059,0.47791005670876363,0.7914318146529954,0.5619125138593202,0.6942381868478283,0.7513844408141034,0.7611702834288933,0.7506173806437333,0.7426551597807989,0.7289662407548849,0.7023521846739584,0.6545397465806726,0.6662755846175653,0.7192241756307877,0.7186424765114299,0.7171304199495114,0.7567155175299104,0.715248508199441,0.6534914426005579,0.5817323503319844,0.8792015378346936,0.8102383750677015,0.6680529323892331,0.8637741197763885,0.7323517845719597,0.8251288625428372
irene,rest1_vs_type1,1,MentalArithmetic,Type1,23,23,388.838198,194419,196919,-0.16249085580046163,-0.21392264923097937,-0.07697977846189197,-0.3780254317169409,0.05687704640355573,-0.06782685387194887,-0.07647337478254279,-0.2016844541192988,-0.2646423551782866,-0.1679126196235572,-0.029119314699059817,-0.19222649794722524,-0.4047454888559834,-0.7121450308896593,-0.41196978373778803,-0.7007082722671178,-0.09189459951532886,-0.4564337912563301,0.9097833270373049,0.7686469801817991,0.8544680541790141,0.8617823738907258,0.8025817214132905,0.6759013267109222,0.6437426765321825,0.7975113902655792,0.9082524783913489,0.90033342171864,0.829145086540952,0.8440735059448822,0.7168934001772485,0.6299443430322816,0.42665134292446794,0.9048844069920094,0.8252330874534921,0.5988540371619446,0.9526530089738687,0.7298263740357361,0.8262731536901304,0.8846171074076692,0.8851317564897113,0.8020216514408581,0.754781600153745,0.6412651955675115,0.3779525629565888,0.743990358307888,0.7273376374791081,0.7649125283905882,0.6900263756177175,0.554640818406966,0.8603859067160846,0.6871613116880196,0.5445310383869345,0.3011585004608765,0.8469957609808483,0.7158095520429187,0.45522711718118936,0.8977253136100541,0.559189244171668,0.6908601432968358,0.7704446948123336,0.7551801095077655,0.6134986733818859,0.5894068391286914,0.5235560025003322,0.36855743560584825,0.5108053585535149,0.6892591206082964,0.7580383541635956,0.7251646797009155,0.6714177019534834,0.6534045059134608,0.48772954424685266,0.3837616545504135,0.20858419869911762,0.8951816795630456,0.7704876580800858,0.4912110128620237,0.8949587989675332,0.5919665641184135,0.7192069074591225,0.7878648320804291,0.6484549701048271,0.6664768335881557,0.6886372184248719,0.5853096287708061,0.5381546896748791,0.42384323157262627,0.48623462371783843,0.6111467561834749,0.5580039466308961,0.680853769977734,0.750453023732597,0.5942564192177971,0.4291425550341736,0.33668068711703364,0.780076811647654,0.5641226920005978,0.44167985897353873,0.8120072450392285,0.551816769793192,0.6418956846359942,0.8079823276138778,0.7709795593163534,0.7533056084191199,0.7362083104143001,0.7129781739981585,0.5439066031021768,0.6498484297011379,0.6955470403041434,0.6979052213600974,0.7758053031569682,0.6839383858655714,0.7760299958626269,0.7124595638296762,0.6396160860240345,0.41208607499040567,0.904950582486573,0.780399009243872,0.5272841054653921,0.8348445533875671,0.5704212744728872,0.7548753516361447,0.7885360011770436,0.8049577510972522,0.7175482570247544,0.7379571125081522,0.6936419270305317,0.6333099568662155,0.689388809320466,0.6462529074307709,0.701874616026959,0.7384623673059875,0.7270013394896537,0.7996328610789011,0.7224911363982274,0.7032230413745949,0.6277686254474294,0.8505297557537779,0.7468820832403085,0.596347735182074,0.8560725710621315,0.6382011841678847,0.7365475979280197
irene,rest1_vs_type1,1,MentalArithmetic,Type1,24,24,400.5901,200295,202795,-0.06916615398786696,-0.08993004852328035,-0.05426910438382304,-0.08034669822033713,-0.15971373152555124,-0.24051481621579063,0.010091996020852534,0.0005494295186263543,-0.07713497083231591,-0.010734462095891573,-0.06647971998742808,-0.20379865311078116,-0.1645049107090344,-0.24182408978752346,-0.48480590786149325,0.05699597756510899,-0.6567988007124903,-0.5804289105665461,0.974343309912397,0.9257675365958662,0.8749726208234292,0.8699044110832825,0.8461662386263222,0.8262867213252156,0.8842286222459405,0.8843130838658421,0.885087996732434,0.8824855783539316,0.8947871890579053,0.831752478963476,0.7961946622141588,0.7617452488925239,0.7311285744396889,0.9846614998952897,0.9725308692190204,0.8985931519977575,0.9841159137696452,0.915413331945494,0.951423936494686,0.9856768353049362,0.9241370845234012,0.871609336747624,0.8672188460442254,0.8788138396020339,0.8483217871121702,0.8952460166612021,0.853781307881098,0.8590878730743908,0.8788369390050315,0.8685828610848931,0.9264626975756429,0.9001571014553524,0.8779046292879953,0.816040928772672,0.972948860284031,0.9411695488748634,0.827422388476536,0.9813301805718057,0.8399567607065396,0.8710631828764527,0.9002898424678797,0.711497700144964,0.6568904432876848,0.6110493769605401,0.5067380033174391,0.5857266598017974,0.6030906004876053,0.6495189209713298,0.6650165423949267,0.6142773630272851,0.7191503033805866,0.6144784835721274,0.4686896972937744,0.328018270389253,0.3863256666045259,0.8648563261728532,0.7162668219183316,0.5746251127222335,0.86606004587366,0.6481915766278493,0.7705858863568492,0.8794153226758311,0.7521835606866666,0.6168872265399717,0.6584387047318774,0.6120511578541676,0.6832784279680553,0.6542194185554724,0.567180029681707,0.7129507224528769,0.6927430140662356,0.8051251000714563,0.7683371973688514,0.6221189770084149,0.5436652603299936,0.5545016706535544,0.8278804606718388,0.7329643583687203,0.600662407626874,0.9177266824939088,0.76254222674372,0.8282138058840137,0.8097610625572904,0.8126066239006388,0.7698290268735549,0.7731532740582371,0.6500199807564774,0.5872597191379066,0.6661140918969565,0.7286441587070617,0.800164689922963,0.7767958607373006,0.7143218103756162,0.784236271984979,0.6948231534965437,0.5685324595034704,0.5020282445124763,0.8788365638070901,0.7725708015104751,0.5945925461799209,0.8474351943125055,0.6327775051560879,0.72330096558404,0.8838547169531633,0.8671093092901901,0.8488147547670074,0.8123424822585148,0.8057897902067177,0.6475616463820663,0.7602964080490563,0.8085978487092228,0.8155420931394445,0.8227550056642068,0.7393077979466725,0.8518991174266204,0.7538212582318806,0.7255907215411819,0.6036430469187032,0.9039742071404707,0.8354180627413272,0.6593904826778356,0.9091053842680744,0.6826075401529672,0.7228650209898639
irene,rest1_vs_type1,1,MentalArithmetic,Type1,25,25,411.040244,205520,208020,-0.12199327450281316,-0.12518235963794577,-0.22994631110563724,-0.25348578163055047,-0.0981005333081515,-0.27249611030494547,-0.10352947372947963,-0.12074779535109847,-0.31432431212311185,-0.36029374158984684,0.018121878823116333,-0.2304797134083416,-0.40164010413660556,-0.3721377726549848,-0.8803275300250362,-0.703256300898297,-0.3241462813503744,-0.6029569392889287,0.9283026953220451,0.8790112439193807,0.9041204062011148,0.8924144654568972,0.8427049777793569,0.7888350186455404,0.7842394837171658,0.8689177885449181,0.9302252074795909,0.8961256434462772,0.9010655073728373,0.9428666137243992,0.8156116500620051,0.7799266795114196,0.6742797044494191,0.9241782592126315,0.8856705733575017,0.8060263008906536,0.9662851124285932,0.9240311095228828,0.9445906349013609,0.9749518402097418,0.9260099095339941,0.9199440917828013,0.9401803775982649,0.9003303147603919,0.7958888622497683,0.8764773195642314,0.8871155142234285,0.9356769966592272,0.9267531696206059,0.8594873107640648,0.9564348672040114,0.9105838303843671,0.8527348458210279,0.699761294281502,0.9684435997851143,0.9128306714416605,0.7533983848048899,0.9632692560072669,0.8371675392562338,0.9160130452021271,0.8724633604897518,0.8844717117720501,0.8331044538437552,0.763877820171509,0.6723895091194972,0.5762083776765635,0.7789969336642798,0.7431035876372695,0.7003620226349581,0.6497434536871157,0.7155191897096667,0.8535140441198559,0.7154021465254423,0.6283800625491582,0.536724770221872,0.9223945622415892,0.8376798193271804,0.6257603553623681,0.9512602691626558,0.6745951917162308,0.7237144450579883,0.8935303548229597,0.8011405521741457,0.7605687354775986,0.7530471370298254,0.7314265450386619,0.6376471180974639,0.7575115622634976,0.7613653426463949,0.7976396461386236,0.7990810197085515,0.771169206914327,0.7949472258537971,0.6912958377520269,0.6235934059532856,0.5157587232217639,0.9112683035858361,0.8110163122072102,0.6322049707769383,0.9132589002047237,0.7157617174305994,0.7926066247720729,0.749873456245605,0.8225175470323979,0.6508806190926988,0.6897038890857092,0.6099905538913447,0.56915284975215,0.6196254794326411,0.5449766823517608,0.6233290941980806,0.7359678351792797,0.7761901411830001,0.7020473530918837,0.6553757072952442,0.5414252834369827,0.45307273726314623,0.8808258759556901,0.6774877884951781,0.4330402653337989,0.7766912636813705,0.48895578644229887,0.7004996098558228,0.8530543016843685,0.8212066727735627,0.8274017476665357,0.7935976725816515,0.7528631838480604,0.7118746814661322,0.7360072693569562,0.7517520610122909,0.7993735932455036,0.8287767434738935,0.8297270260227381,0.8439908290771265,0.7318145161592621,0.7005050541029327,0.6281498145968833,0.8735387207751995,0.77178441578753,0.6493143892207301,0.8538323603985776,0.7107455292877948,0.8287875560247364
irene,rest1_vs_type1,1,MentalArithmetic,Type1,26,26,421.443237,210722,213222,-0.09250125030711231,-0.08547974843444273,-0.21039389960292887,-0.05753835319957634,-0.04423800795610111,-0.12395589648942007,-0.04600456953715515,0.0033993182472027428,-0.3199014188888678,-0.04832319101830773,-0.12652340608465718,-0.15568095684892524,-0.294748858764323,-0.2034353209811668,-0.5011051906373121,-0.3839139185250615,-0.3631854262980623,-0.4825114979572347,0.9923949896729546,0.9819914377639318,0.9544529373918575,0.9414378490375774,0.9353137147601737,0.8986642997469015,0.9615227761972344,0.9463493279410158,0.9394848486208515,0.9342039497844512,0.9171119191259863,0.9645279636082398,0.9427981964000209,0.9337258113350437,0.8691182075316649,0.9925963604179107,0.9834941625127276,0.9149387569871478,0.995046163639255,0.9465553863179357,0.9585613291334274,0.9688790693686339,0.8822608982769946,0.8967891340353729,0.9217990917580212,0.9248004244450542,0.8891412585982291,0.832707598882323,0.86384048640557,0.8961293666362242,0.9024399335080128,0.9503945706094472,0.9046461716789682,0.9072887220465675,0.9213866288416404,0.778849597779348,0.9873448911998653,0.9087146916726287,0.8248844302679015,0.9383051682872052,0.8580532542195977,0.8840304315347955,0.929503611798576,0.7304978228291177,0.6285707768622346,0.6581273673775015,0.6906338867996215,0.6563864406840766,0.6339178983065158,0.6166837910475448,0.698650236470174,0.7531391831432448,0.785657222845101,0.7637707624023946,0.6351281829597486,0.5949024407170287,0.4802926885596377,0.9062678527254198,0.8235203984031138,0.6082259095644746,0.9174302105909792,0.7184712846728402,0.8237662444315893,0.874404692623318,0.7915087718559015,0.7573179847084878,0.7529897066954457,0.6861560594730483,0.7214276365320597,0.7556269713788251,0.737934406840763,0.773532198984092,0.7745003113520469,0.8182733746739711,0.8755245238687983,0.8131919447260717,0.728018552322229,0.6181555940853392,0.9139911996094184,0.7896775558818414,0.6052277615080784,0.8515981972604117,0.6483292470079746,0.7420133791683936,0.845596221030246,0.8199721276691729,0.8289369199314351,0.761921946154412,0.758315842630708,0.7356325365785835,0.7222984293473231,0.7365346004801059,0.7736916722874949,0.7802175645687387,0.8313044659435804,0.8331903257695434,0.7459606434299969,0.7095538470483626,0.5828362291012639,0.8306211714519484,0.7864191453394171,0.6737296437744352,0.8870833888706701,0.7075150627874809,0.7579433824699174,0.8548343259544476,0.8440237837731797,0.7953527626497795,0.8173289452569996,0.738429268936307,0.6618041277119083,0.7461624713778425,0.8121990538518054,0.8492851806418896,0.8475111507770375,0.7616962145087011,0.7007063157150861,0.7171557226023233,0.6442755708241514,0.5450918548907986,0.8640707781580301,0.7850722823019672,0.6415507705695577,0.8758452942464202,0.7158547715917527,0.8125189680338291
irene,rest1_vs_type1,1,MentalArithmetic,Type1,27,27,431.555141,215778,218278,-0.10338886163178707,-0.07342214729831564,-0.11617801125899163,-0.0394985283553142,-0.12999071662797768,-0.10856613112188729,-0.035929347018790025,0.06842077516782119,0.06750982350230439,-0.15054692520836532,-0.12474180100542798,-0.13943477107697566,-0.3087538887004735,-0.22941359698750752,-0.1783391539687429,-0.1689081850601788,-0.40234005579240906,-0.45773266497659426,0.9695502979084175,0.9224192240877499,0.9764369497764913,0.9764429161138563,0.9617503730527648,0.8828655521004226,0.8489528285129012,0.9434862694798206,0.9769732118995226,0.9808114978105839,0.949192231992239,0.9446044047267027,0.8760858357043007,0.8544560283306654,0.7564670704219566,0.9684511283422579,0.9553446164669265,0.875357879636297,0.9934176922778182,0.9296360940236112,0.9538401432703225,0.9319547724731068,0.8160081525276134,0.8961602888771392,0.9025386725118845,0.8467468733449512,0.7336455603488422,0.7213319181097696,0.833350978145794,0.9073725542128749,0.8866090602331149,0.8325821090762827,0.8852754418308768,0.7381014633465723,0.6802750244637915,0.5760405463950831,0.9110785536897635,0.8377374904436652,0.668629954805778,0.9511062684148801,0.7996126148211458,0.8733306967293747,0.8073809995829873,0.7385120844348619,0.7399830212447936,0.6733838094880409,0.5912247213678856,0.5696513684454902,0.509739398536827,0.6989153294575693,0.7576187934979233,0.763937165538617,0.811935211394321,0.7062656897679599,0.5091814130780734,0.37201160435746117,0.3356699144777232,0.89420845039524,0.7588049796755801,0.6821289764655502,0.9184626457878169,0.8222561307667642,0.9195817847305824,0.8108661912175904,0.7098845384529162,0.67230116198072,0.7852118093953605,0.679025579845884,0.5078159521556092,0.5210869761016809,0.5862390842488703,0.736613913710787,0.7877557271141138,0.6857868712218075,0.8056307404632509,0.7124292657440561,0.44693572861076103,0.31176378468895116,0.8476836932727986,0.5936850199908901,0.42872885864456645,0.7770572789836592,0.5666324743556787,0.7691396816529928,0.796488185444459,0.8359290355729825,0.8045689326350922,0.7520737820756858,0.6949015522008649,0.6985044974206123,0.6442087874318456,0.7077712275786874,0.7824437352157141,0.7943082887024001,0.8395665663821484,0.8282140521108388,0.6928306091388865,0.618749058208466,0.5760131034526567,0.8716472977936891,0.7785132721155803,0.6656559858916735,0.9097472870226487,0.7472031256821825,0.8054029752800926,0.8136303986122673,0.8456166773132611,0.7955188115670738,0.7453363393053907,0.7053135473599277,0.6957009482787083,0.7492803979896807,0.7524535573020852,0.7740606333363653,0.7883985162340794,0.8029750641992138,0.7989660242471863,0.7125190877236157,0.6649074840473115,0.6536493186087311,0.8793273427511197,0.7878951917448289,0.6918894314243005,0.8385365613471552,0.7148935997520687,0.8103656507430383
irene,rest1_vs_type1,1,MentalArithmetic,Type1,28,28,441.943261,220972,223472,-0.12798247052062806,-0.10109285669599899,-0.1093839242403769,0.05629598328139718,0.04358673602286256,-0.10631869867625365,-0.030186261652924706,0.03848402485845437,0.1372447594109003,-0.01460288219558148,-0.0938542931677584,-0.172260443161111,-0.2852777312242427,-0.19382033487598882,-0.0998608936489096,-0.06784656062658323,-0.09310208176761625,-0.3409861862671155,0.9809479696454959,0.9317071652637992,0.8993768552401625,0.8552404961191101,0.8401463538135878,0.9070710008720102,0.912704746102365,0.9013311226226285,0.8689218162251354,0.8638518336246923,0.9119119299293387,0.8599007095654422,0.7891919109802663,0.7732552387523571,0.8049698944510952,0.9547394546993694,0.9076906615544175,0.8707462844019306,0.9704473639166178,0.902591571871755,0.9338264103533118,0.9460416469612776,0.8865450541638328,0.9001415891127456,0.8258109329387213,0.7678575136159601,0.7780075609353079,0.7906443788219863,0.9099559484404041,0.8765649020125289,0.8366615767524066,0.8594735629637101,0.786937379999132,0.6757514921684881,0.6131911858865036,0.6066082912594477,0.9414547382168752,0.8504907734773023,0.8006210778269567,0.9471033139008102,0.8397863396143935,0.910089011541938,0.8648456301131112,0.7785650149678928,0.7136086993206834,0.6818879094158246,0.6655960718673556,0.6242606039596895,0.589179250737752,0.5867585176346956,0.6545373030083904,0.7238957605348283,0.7153604967487609,0.8229080750548199,0.6812766377129726,0.5429826392431936,0.42218780219782276,0.8724261428472565,0.6980328929789303,0.5001741360035059,0.8568221936549371,0.6364159833796231,0.8202140825195005,0.750710877944852,0.7392856264934399,0.7412060971450185,0.64557903557115,0.5053320042649821,0.40052160845533424,0.48414154372891255,0.5503539642475794,0.6119522502976822,0.6376612025338445,0.6038667078513106,0.8033133373603796,0.615897439723583,0.40480482568309206,0.27781882205990754,0.7846470712916354,0.5759150875108786,0.37430223818849867,0.7945723766166514,0.5851174382897494,0.8196705201276192,0.7773966168681864,0.7785972722795518,0.7959625551130608,0.7643345189692999,0.6615730484845034,0.5963284199899851,0.6819747924036611,0.7017514074809422,0.7163896893806473,0.6913660473177627,0.6803612867792561,0.8123467636172641,0.7158479573040805,0.6061304430521136,0.5333209481323935,0.8945339990858181,0.7576694426715381,0.5691515969748181,0.8429216201437683,0.6378326859017244,0.7560556263522438,0.8118856447435463,0.8253587423385416,0.8048174966673486,0.7848159666359368,0.7515578602218067,0.7069324217328059,0.7229754675854546,0.7196012324952868,0.7540426882429025,0.7739820767422381,0.7930287874253704,0.8481210465387132,0.8076211730790488,0.7603655919672466,0.6989966934702102,0.9018633574200817,0.8472160474821515,0.7014850887822707,0.8871250819350041,0.7214839015374664,0.7845866282423406
irene,rest1_vs_type1,1,MentalArithmetic,Type1,29,29,453.216771,226608,229108,-0.20083438870599934,-0.19589360132943945,-0.41017803287692667,-0.11976611817505578,-0.12842808472818534,-0.10031449055955721,-0.1126373524127855,-0.2216763444992731,-0.5876111011482079,-0.1682137504846426,-0.15859458109793478,-0.06734827124276865,-0.5997930682168677,-0.7057868661241571,-1.2223134455403561,-0.5600043629365805,-0.3155645899550301,-0.4366588287885973,0.9282141493740671,0.5741054315029008,0.7864567273725924,0.9115125249233392,0.8677453527979494,0.8303419718581546,0.39671804644234565,0.6940200982553056,0.8918214247276477,0.8400383434223634,0.9420393098760281,0.7161325233919291,0.510587222351439,0.546325460688289,0.309989992058462,0.8551218937328597,0.8393295763639802,0.666473752700609,0.9602526809199956,0.891937862506461,0.8429110326840183,0.767487391183227,0.8555215670493411,0.8687633183919429,0.8545197268776746,0.7119655627702265,0.6575219939833743,0.5488612382080845,0.6461813633071422,0.7070193412633421,0.747595627824608,0.8586570800098724,0.8318224631459005,0.7287043193547088,0.55129455049693,0.457697793674108,0.8993065283914845,0.7182093954076354,0.6000529134809399,0.8260056120943553,0.6829159062972614,0.8408199705003728,0.800248521518984,0.7490982171459104,0.7214601897084191,0.7017180975220181,0.5555873569726838,0.3232868085378612,0.5757395415186253,0.5883685771131835,0.6719756069463363,0.7114240766831578,0.5401428992838051,0.7778921689192836,0.6684332896126397,0.4982601352820393,0.19180124477249183,0.8889224624067121,0.7127331075250642,0.2089233925235884,0.8334923278790102,0.30591917756360537,0.5263636464861856,0.7755609870512363,0.8619255434333801,0.8089171111156075,0.8021213148974655,0.6768702893559113,0.6680537556732684,0.6819628187512969,0.6680620556624003,0.764254477752485,0.7482634420791713,0.8137909024338869,0.825990540922739,0.7846906730085331,0.6516424808438396,0.5424077302950667,0.8648886199261626,0.7619571937561994,0.6501005515513453,0.8498087566386864,0.7423485803984393,0.8439636586428294,0.7161963028476364,0.7264518348853776,0.6603134605374698,0.6209899157238492,0.5501217201797807,0.5965554820913412,0.5450847128196903,0.6305936474881183,0.6872293313240593,0.6719908183058737,0.7728727403522396,0.6989612150300538,0.6198927195628321,0.5072658832338061,0.42376237457434585,0.8530201963236937,0.7336890741433014,0.59574379171488,0.8266384974590952,0.6524725070146585,0.7021545831023467,0.7599830618306929,0.7600865569344888,0.7620664532767346,0.7485735360696163,0.6826576932514711,0.6262937656600236,0.6939932789588386,0.6716069665515522,0.6823243547342315,0.7015451174142566,0.7131866431234246,0.8420308544464794,0.7597014896028672,0.7143835010002045,0.6471110727621819,0.8761533638877961,0.8153696028968369,0.6465744627174043,0.8811808021027775,0.6696051360614695,0.7296795048900699
irene,rest1_vs_type1,1,MentalArithmetic,Type1,30,30,463.611899,231806,234306,-0.12000091948201685,-0.15040142730718653,-0.022411664576100776,-0.29483959166375984,-0.19414152054128087,-0.028973023155850708,-0.015552449563325688,-0.0441555272555334,-0.13816459884758325,-0.10162034651697072,-0.15025636745110083,-0.12667168294048392,-0.3495176652975207,-0.5506948214387837,-0.034419566814780644,-0.22790562954592053,-0.39046284359606,-0.2780602349605621,0.962096832421533,0.8707079005954571,0.804553408434847,0.795514962959598,0.852492875705359,0.8110217711489205,0.8284055549456995,0.823858553263427,0.8303139441504389,0.8757478914516655,0.8595514141215498,0.8411401615068557,0.7842062380596267,0.8003229275318208,0.7620378825850155,0.9549998300887614,0.9286288937606558,0.8525724742719744,0.9538520935152429,0.8312519776095522,0.8646170540522657,0.9833715954987012,0.9578716855085118,0.8570813902698423,0.8246894395244231,0.8448723436772809,0.8496659859206652,0.920234630256512,0.8508595392653654,0.8314804135801483,0.8620343992823427,0.8793671384997612,0.8986756333946065,0.8537543606860627,0.8477350132709969,0.8190833598426355,0.9553583490926969,0.915311780809282,0.8915795142928308,0.9644096927639594,0.912414514200081,0.9469152909793993,0.769330366114467,0.77642832487737,0.7177986039119114,0.7011920223412619,0.5497170322637168,0.40510314907234446,0.6100740008287097,0.6785937721261815,0.7493377454372006,0.7675078051050117,0.6818738472731789,0.8168788765746725,0.676590222326661,0.49716976117931505,0.26411354450614455,0.8527349239673188,0.6817602435011869,0.49524351091356883,0.870433035294308,0.6052681186974957,0.7383063357373852,0.8412023527009025,0.7187017015122132,0.7765358870849859,0.7785143318301139,0.709842335563389,0.6636267111976097,0.5494472284870542,0.6600706371499768,0.7363441543860035,0.8038401691510427,0.8048661592113616,0.787557645294027,0.6698036979575105,0.5243656917010692,0.41996929435480373,0.8920758409630068,0.7598010016753325,0.6152835980471877,0.8719952686079712,0.7237392512951334,0.8936981112664445,0.7683155061512312,0.7552471011567868,0.7491893878929315,0.7748846250074732,0.7315137624035213,0.615285345578364,0.6127930254278512,0.682093667482575,0.7793793165299124,0.781450790367548,0.7827797830747575,0.790642894175775,0.7087542997694617,0.6547389707060104,0.4890016731054691,0.8150762663699522,0.7493477730080345,0.5677934945373504,0.8907351111494368,0.7016213760208616,0.7658287663940433,0.8010301196115145,0.8622663933554281,0.7785699576473878,0.8113398140701131,0.8089625653860415,0.7617489780552832,0.7191796857322824,0.6649508210994904,0.7163858357105363,0.7820762017302526,0.8012236662369407,0.8064454180371202,0.7820923051749848,0.7718301360928853,0.6945820350975327,0.8893186975119831,0.8186341043787935,0.6674386197866434,0.8878223455800521,0.7262413919529837,0.83020271831065
irene,rest2_vs_type2,0,Rest,Rest2,1,0,473.897907,236949,239449,-0.1329148325050049,-0.20687467682290706,-0.1800235984391918,-0.13434148102218924,-0.3222565959739807,-0.05084563764142702,-0.05640405158731987,-0.10811761597435332,-0.3411403070528327,-0.08634582213086617,-0.42929000383320925,-0.09519160875783883,-0.37783013347937455,-0.5384820118231177,-0.5753114471100282,-0.5043187001521503,-0.5416161773794734,-0.3387489035725486,0.911468379169728,0.8727893080501671,0.7892848251285981,0.7832931922050145,0.6835652725101544,0.7038018343273081,0.7329262990097698,0.7359528474951879,0.8690857164850126,0.8114859451891013,0.8208701065166917,0.8943498043813384,0.7729331893252398,0.5906991491732436,0.4976777285402364,0.8904202350463627,0.6927896084098596,0.5283889675327321,0.8727886069000106,0.7243628838024009,0.843281460124284,0.8158665395670417,0.8830528353495407,0.7826623836895866,0.7157215237195983,0.6509731209207648,0.6727889050135547,0.7956062376446569,0.8208886645814919,0.8112822597755664,0.8316295876518714,0.8812074653496494,0.8659509543831684,0.7514411956059434,0.7091978226463398,0.6800470025319112,0.8781529298368258,0.8410045153654289,0.7549387474556669,0.9650447185022086,0.7923364350127933,0.8534868081272042,0.6415607474139782,0.7483628089879796,0.7631418016840333,0.658934609415627,0.6164649594829075,0.3854775919877624,0.638161313717946,0.594244709495821,0.6359432956425143,0.740044995449164,0.679297238525744,0.8117604274272952,0.6492469769398586,0.5361274260283232,0.38047429468979627,0.8165739353705374,0.6210609555773675,0.4448579109125342,0.7232691858439214,0.5104011607944703,0.7536421938037609,0.859563278673259,0.8233969993169407,0.845670801020743,0.8093784676682283,0.7506327361589021,0.739702226102444,0.6479215212184881,0.7861037225204529,0.8108810152500283,0.7858872510298438,0.7430697524896492,0.8330245890432619,0.6780531370271798,0.5928696274405759,0.6355680648674158,0.876170012695505,0.7956552170623414,0.7495213312986653,0.8751052585558633,0.735534273756503,0.7933986121398694,0.7617519311708927,0.8657583649608165,0.8199597602657689,0.8125636800021169,0.7067270770725892,0.6903593253201661,0.6998625217951937,0.7203702701305552,0.7451619254603766,0.7646331171935302,0.7492876573558974,0.8813500227327997,0.8278749096283464,0.7037449145901691,0.7138238408881348,0.919229997537307,0.795468724722476,0.6926447751188274,0.8401968681169586,0.7258272749758279,0.7573660826729107,0.7976550609753427,0.8637247641085724,0.8412903803460513,0.8087420188738653,0.7781496756388857,0.7177057514698185,0.7600306344090154,0.7782851768566393,0.8012213158014402,0.7919998411491581,0.7928740429371703,0.853934894584764,0.8052181575904198,0.7864075545129239,0.7167790418762345,0.9152417724000459,0.8467188351138216,0.7663932868151918,0.891727604811601,0.780448627260585,0.8571853142831247
irene,rest2_vs_type2,0,Rest,Rest2,2,0,478.905748,239453,241953,-0.11119145330028601,-0.08719186451690408,-0.11402611219715642,-0.0037448890511377897,-0.059315292163723665,-0.06843743768869937,-0.0850909366758339,-0.04672919165231981,-0.3470462464377806,-0.032565392790985026,0.02821972612565027,0.11161963158649524,-0.3623482788420578,-0.296786850813759,-0.5782519622966085,0.17599409195230908,-0.32898600144099266,-0.2737730217012637,0.9992298283250627,0.9936259674165198,0.997596109164285,0.9959488945653266,0.990323741648539,0.985178569283777,0.9924815549833587,0.9967271458869993,0.9964479286693011,0.991602784204183,0.9887422211461651,0.9969458185688587,0.9964489237847143,0.9933874942449273,0.9850074272992104,0.9989591659139208,0.9938874843825672,0.9862899781566169,0.9964707197840765,0.991266707701352,0.9963747254287401,0.9941814287402376,0.9756792683528009,0.9006216857492051,0.8970805642189079,0.8865730533095164,0.9551970050787267,0.9553090216325405,0.882154351834768,0.8878665254451896,0.8849989976035002,0.9705782277621421,0.9442594177317503,0.9209699476585252,0.8948416317554232,0.9086120919806139,0.9760911637353382,0.937835393649162,0.8546331894327258,0.9751301736643545,0.8686394773023242,0.8811583777299282,0.8992676193097567,0.8197453260135587,0.7864308218001658,0.8016473025712565,0.7183433463177138,0.5919409463309492,0.7754792214763578,0.7842135762005984,0.8318514810912337,0.7956577937940704,0.6968432176584494,0.8767982217670263,0.823568737527519,0.7033657053320274,0.5417793455249498,0.9390466021357343,0.8141798323752217,0.6055837471975727,0.898681212271291,0.6791240619026164,0.7407892302120858,0.7876687585824274,0.7824374050412457,0.743756257694557,0.6977830623511929,0.5969952260598563,0.6067881745416726,0.6366228671169383,0.6333136650167605,0.7046993775716298,0.7082798266837811,0.733353812681583,0.7814823643947243,0.7383009480979597,0.6426224605269064,0.6118071583100627,0.8941328865383327,0.7373325416180835,0.5964441938134492,0.8831682064152137,0.7226776936062885,0.7885797448144194,0.7096299302256313,0.8281110679737012,0.7727382080573652,0.6710436586667387,0.6047647935684176,0.5127656182716938,0.5703131628000817,0.6941600709051626,0.7364943552371819,0.7770741400144684,0.6651581508631182,0.7763640895489532,0.6024011005848445,0.524265834578454,0.43450872127033296,0.8230165603694024,0.6749231812858341,0.6066466209916125,0.8287769180522466,0.6654939076468408,0.7227818244467028,0.7570448079420221,0.841585113065382,0.8068998189254097,0.749005440988753,0.6997167448166708,0.6142558475136508,0.6958112999810485,0.6820487673839026,0.7597102740761438,0.7367370956936891,0.6997761688505992,0.8683262153569722,0.7715630570544082,0.7061006813587886,0.6139471073244732,0.876056454304413,0.7801854013156914,0.6822985327614306,0.8836791277023311,0.7129892745156327,0.6880434016092891
irene,rest2_vs_type2,0,Rest,Rest2,3,0,483.906278,241953,244453,-0.09633935957256767,-0.08823803466157276,-0.06783071433647336,0.05528919144776756,-0.16955629761885804,-0.02845235815146152,-0.0839467136596106,-0.07409091320442229,-0.2238506333231074,0.014790198209740701,-0.0945350510571834,0.0998232254595477,-0.387804862192481,-0.367299155453062,-0.33843549410572527,-0.06355446974630086,-0.49212923159356836,-0.09727041373875522,0.9664546364781347,0.9506350393332521,0.9543303267907753,0.9541523180146305,0.9293513248840103,0.8500234602248707,0.8827362007272204,0.9459360188867685,0.956104653107309,0.9657680456773067,0.921278598342462,0.9427354343712547,0.9089412205296996,0.8497684920695283,0.7422289655627164,0.9810662856161866,0.9405586086763746,0.8358618480126575,0.9724286932211581,0.8837283534813768,0.9319676118022437,0.947398347696539,0.9125397565561969,0.8440380573785112,0.835994323751835,0.8112962039188203,0.844374212397712,0.8771725038809326,0.8573618839236479,0.9046759294302713,0.8832618992652357,0.912135915009661,0.9269883450655175,0.8341835880097608,0.7929786935573455,0.8286659986596292,0.9092326733165439,0.8470476984334281,0.7936442289450311,0.9301180605212603,0.8434323767038522,0.9234212403579476,0.9185171311069187,0.7832635742626899,0.7355175177627977,0.7595497186969252,0.7215641830729624,0.6709557037816548,0.7123365967290933,0.6917588202353948,0.755177922888999,0.7664839421425965,0.7694183234320167,0.8422747971951716,0.7901071707650024,0.7291644829522668,0.6311156193042261,0.9334246242254041,0.8586369751236799,0.6928930677535089,0.938883132795515,0.7781728430102414,0.8452737382903774,0.8315354384145007,0.644655105900893,0.7262699835514267,0.7781995542650316,0.7800178485424333,0.6142013882820234,0.5625887277884128,0.6527145419688548,0.7962377448238406,0.811850626615933,0.7165558990372858,0.8354900012263401,0.6640877788401677,0.6144311459484484,0.524594031398145,0.8268329670692471,0.732624614914295,0.6029023449313373,0.868934353261236,0.674252545880534,0.7402881668621519,0.7752798154444871,0.7554308630419998,0.7490271008592021,0.7014761689389517,0.5412196586727407,0.5308847927337735,0.5857672931987117,0.6257415507206607,0.7113770236884281,0.6238377843329638,0.6719349886796027,0.7961004437420576,0.6514607549438943,0.5422662167421318,0.45643785618844407,0.8145784785544868,0.6241295979192062,0.468235196616496,0.7917338491192977,0.5642644064107155,0.5739446414072054,0.7752191851919426,0.8817273582630386,0.8020663649412041,0.7588868472904304,0.6691296849654963,0.6242689740060198,0.7218778417625867,0.740804604687542,0.7650243143737446,0.7593875140363864,0.7175385329363104,0.8183928087150991,0.7337738875500672,0.6525523269078775,0.61619454970851,0.8744327808651239,0.757183403781327,0.6471736642446967,0.8586276669370405,0.6967894058957547,0.7081106565509399
irene,rest2_vs_type2,0,Rest,Rest2,4,0,488.930562,244465,246965,-0.12391495839737487,-0.09822820893989803,-0.05174619126051283,0.05926678494616189,-0.03369426583563673,0.06515546342741896,-0.021683430731070708,-0.055426314511049846,-0.006034924335385661,0.09314258768911676,0.03913594499793582,-0.12475275806990593,-0.4191423021398606,-0.46556921498656845,-0.16808825813389383,0.1010490907202155,-0.39846427019845754,-0.21311774356148705,0.9707230569856459,0.8714329836638055,0.8850297648073133,0.896721496330296,0.8858144261828269,0.8953963122102037,0.8420580020421523,0.8569713324255518,0.8647941127847509,0.8723789249993836,0.9371207702335009,0.9759548976889939,0.95799914008674,0.923894777933651,0.7473809596581115,0.9911504777005578,0.9633077770320602,0.7773603555229869,0.9791032075270919,0.798942148456929,0.838403086612128,0.9436380586861131,0.9165624407785402,0.8404066291480857,0.838375970134863,0.8202042086782587,0.7935521029999331,0.8296476695679303,0.7835133320411324,0.8567268986833183,0.8891675126615337,0.8825891221774639,0.8806557077672009,0.8161033543653471,0.758798746182276,0.6905419299468034,0.9329768886645713,0.8196448449623178,0.7218140174324956,0.9097129183874574,0.8221360856564498,0.9197017202913826,0.8822803888549715,0.8440333898488037,0.8106688695398522,0.8119168196241251,0.8142263572880915,0.7261755111043062,0.7791515347883708,0.70250595062128,0.7944197050538196,0.8548667743663086,0.8485887333981297,0.8132005324742267,0.7790568827749818,0.7723754315492333,0.6591194127827017,0.9191769715468743,0.8390233080659285,0.5854936650667694,0.9393217646497696,0.702993064755351,0.7877061498880904,0.8470989152334186,0.7802236743700021,0.7184010452106223,0.6976081350100126,0.6894825921974433,0.662185719157636,0.6376125025062903,0.6238504241845215,0.6672530443763587,0.7330139627151757,0.7215972640965586,0.7831808260007027,0.6553615561141242,0.6341140739804407,0.5570023921444376,0.9085133307731739,0.8179434194334642,0.6625444088660531,0.8762495512543392,0.6922622026038813,0.8106920114338735,0.7587876141081591,0.798296681047479,0.8042308566183105,0.7704582120147181,0.7183210612352487,0.5894367099018725,0.6393727348811035,0.6758546206585473,0.7348917870584517,0.7422249030667537,0.6846518078480401,0.7960808160566318,0.6841917169538181,0.6224518835293693,0.5834500519206887,0.8270640606374856,0.7714317897977715,0.666758459070418,0.8286617287162183,0.7322698817778662,0.8544519516413533,0.8735157841218754,0.8240332157745844,0.7629039816259975,0.7728824367190998,0.7243238322370479,0.7393823771965772,0.7866719120100638,0.771518726761015,0.8055066247491095,0.7769841780702871,0.834693840879208,0.7573123767984757,0.7622854816620483,0.6917089452939065,0.6947587195684042,0.8836423405130991,0.7608598309442671,0.7091582657386631,0.8563093814550361,0.7560528881604155,0.7880936920213414
irene,rest2_vs_type2,0,Rest,Rest2,5,0,493.937777,246969,249469,-0.06597440567457813,-0.12270630270350757,-0.2157446832647265,-0.08861456325893347,-0.25475352669587203,-0.11331823299946597,0.08057755510128395,-0.09458499117001118,-0.23248784709930082,-0.09436969970578524,-0.004968775128069813,-0.050848057059017515,-0.18266972854682084,-0.41900222565891454,-0.7856732791682846,-0.36488708850579843,-0.22695269988954925,-0.21613088134496428,0.927052854303187,0.9183992992766096,0.9003023545321602,0.8777211799466818,0.8607006988176527,0.7751425921084163,0.853582395437883,0.8439600382714761,0.8272137248190524,0.8506421540080278,0.8480421195453766,0.9024310057659716,0.8667779117460404,0.832620130571524,0.6642537965374877,0.9749396289646675,0.9059540068813888,0.7041946991984438,0.934997169028619,0.7249047181850679,0.8550217749964025,0.8562453990958179,0.894251648996851,0.8318649821996335,0.7340432045867928,0.7353272263512379,0.6483293593906824,0.7389682876900073,0.7075246156756849,0.7223037370189871,0.821331049617432,0.8325806039202497,0.8774493023707195,0.745640771590143,0.7007049546242488,0.5328346071107886,0.8827892096411927,0.8047006453375257,0.5885641060916547,0.9009296057289161,0.7047565606304759,0.8196189225505277,0.8944097796366446,0.8532674943411477,0.7560403230605564,0.7169159970005644,0.691406041084269,0.6004770487863995,0.7940805728329133,0.7584089293093115,0.7365603782170795,0.773375161879049,0.7092565345503304,0.7596202797530676,0.6713241424219423,0.6397749558536493,0.5375828894349142,0.9049988281210302,0.8314556748892206,0.6778612636158321,0.9226944531855054,0.7081153888762927,0.7887741938110111,0.8698745916632742,0.767476391454294,0.7611127612164299,0.7905282670623327,0.7035225490852118,0.6141232750716497,0.7369301697001368,0.7447319121508268,0.799186196059689,0.8302724155604811,0.7783001112494892,0.8242365703362049,0.756754807769295,0.649030372917531,0.6119448118377758,0.9086682758907284,0.7343687678910399,0.594751561734812,0.8308907918053229,0.6631626531590301,0.7538086402982473,0.7704078665242681,0.7551277128347276,0.7113861169998175,0.6749607921856523,0.6528249697014256,0.5877661181705875,0.6387853591309611,0.6685001994827783,0.6943685879685644,0.7444681653967593,0.7075645733117272,0.7614024734876724,0.6217044818430061,0.6090952991414104,0.6066141398946983,0.8169755898288009,0.698841202213559,0.6038642186105267,0.8133895215635535,0.7001245592664139,0.8242645859485861,0.808918189150843,0.82325105143727,0.8129773983337,0.7963673899123266,0.7541645018072892,0.7389167990689154,0.7785968014641841,0.7605203491058675,0.7990815877735138,0.791783922030185,0.7404925900088521,0.7927152332881207,0.7568713653729908,0.6884222183992394,0.6924072058574456,0.8349914350940376,0.7620963861475054,0.7205025064620768,0.8705284528667172,0.7443469407450009,0.8139280035080947
irene,rest2_vs_type2,0,Rest,Rest2,6,0,498.955521,249478,251978,-0.17468794491295547,-0.06995176951474402,-0.17851369597705702,-0.09370398509008515,-0.0599392877644318,-0.09827844000226049,-0.12723148515898242,0.03889314088762674,-0.44910587536829194,-0.1332191467904167,-0.0769222449167084,-0.022393474940880287,-0.6545873145999357,-0.23283558362833467,-0.8915485064707052,-0.43377451100603404,-0.03109229034908867,-0.21298042319297328,0.9645182746880043,0.97338357314002,0.9594939180465597,0.9159559694224465,0.8605105230349701,0.8180852699605917,0.9350720629731191,0.9074169094507231,0.9132606842641664,0.8839405261540834,0.8716031563297842,0.9413325178791345,0.8810505478133308,0.8238968120941172,0.7826370803433285,0.9554648457454857,0.9088369322255258,0.8334452074256987,0.9701148869383842,0.8882462629431697,0.9276070718813793,0.9607587799429925,0.9228205601884222,0.8696252682094976,0.8724138099464841,0.810159096204446,0.7036979149783965,0.8427595126160811,0.8160971473271048,0.8626117037813079,0.8642329483580229,0.7873231352878124,0.8959607176400932,0.8109055049301689,0.7023447427023899,0.5480949984616961,0.9313358080206293,0.805926296486175,0.5842500172882924,0.9051493581848875,0.6912541970152936,0.8407646338733228,0.9048419600229348,0.7524896644153095,0.649262263138379,0.6632748698941507,0.5922779951674341,0.5429496311885607,0.62878500403535,0.6050213168902963,0.6748635245437029,0.7001044410026815,0.6621350330244022,0.7783023718166509,0.7058382805427859,0.46546415593404356,0.34372061374318064,0.928334101573772,0.6629507414721736,0.4451410615683878,0.7808834136618247,0.5418384362851295,0.7416313434768876,0.8646722434541946,0.8920324888369296,0.8783644583387814,0.7542176845519402,0.7325030695979112,0.651155637685801,0.7684189470934892,0.7458734305348773,0.7995332190236106,0.8123383755426817,0.8170063467250959,0.8596673647425891,0.6824376928627317,0.6333110080007388,0.54032550660409,0.8044512197975718,0.7138142035548622,0.5688587477244131,0.8761869814031008,0.7269206838491193,0.8048693075216335,0.7616524566981451,0.7012675188538978,0.7034796975459269,0.734856441779112,0.6486774717218036,0.6334542697819491,0.624786120351094,0.6221935671391488,0.7256017611651581,0.7594465371277814,0.7715276006113814,0.7444471458621468,0.6313706791080682,0.5133946197761238,0.564759956288566,0.8110501654698856,0.6326726429400549,0.5678259371147975,0.7912609342742407,0.6543056322558096,0.8163437320580025,0.7893910962732683,0.851236674257981,0.7518806658801539,0.6986674481521653,0.6951931337751935,0.6974816195865166,0.7468323864670801,0.6945049787580869,0.7173570193782556,0.7294088790318053,0.76407461185224,0.7832124771411361,0.6870191254288436,0.6546628332038144,0.669065263078944,0.8389644963399845,0.7845925317022995,0.6507517622048025,0.8421725989884532,0.7122405837432253,0.8033420840235719
irene,rest2_vs_type2,0,Rest,Rest2,7,0,503.969571,251985,254485,-0.09166786681172745,-0.058129847849672345,-0.22412400615579253,-0.05222363695347587,-0.014232427108842316,0.10757222940043265,0.01166277310844599,-0.02951437613955843,-0.17635981852121674,-0.052709126493449165,0.11147927714399453,0.06371513148668528,-0.17379505051988087,-0.19280862867441328,-0.7490380459553845,-0.1960448934080632,-0.06345333294042166,-0.27774960548594674,0.9828208988605611,0.9192169423753872,0.9132206980016614,0.9073631858289759,0.9501747233701241,0.9189977831296503,0.913205217410878,0.8802411794004692,0.8814182129641438,0.9616110945080172,0.9103700755798969,0.9163532935131826,0.8782566046599313,0.909465199588141,0.8139345372325253,0.9755879918253696,0.9095741964389065,0.8427941452608749,0.9234455180789226,0.8488061833792472,0.8927010905684941,0.9871370931462013,0.977115532053255,0.9436674429741081,0.8919305021688241,0.8885734645170166,0.9085708429686308,0.9721172342240981,0.9341534328797523,0.8948094793072606,0.8965205241364423,0.9271966338118697,0.9506259728740054,0.892829337239303,0.8774488919963558,0.888013512582322,0.9494830236879073,0.9255954156285243,0.8948798492998855,0.9481912628176141,0.8912420763129364,0.9273382675852009,0.7939738566306718,0.6874710273021944,0.7265669374672292,0.6491194848214878,0.6202327440561705,0.6145787524420282,0.5752354976620488,0.6076633493908139,0.715200362774246,0.7735097755206342,0.7744511680948295,0.7546483043932553,0.5931840168007342,0.5475323516534375,0.4236530597927885,0.8466026139200876,0.799602903165491,0.5990241002551099,0.9270177361840019,0.8046340813844082,0.829792480777399,0.8597638342118507,0.8022081515506992,0.8853185129020343,0.855568912841678,0.7579706518156966,0.7401381322954559,0.6821413471048111,0.7955553293627522,0.8763230093307836,0.8518214278431165,0.8538587464281622,0.8687967743530072,0.7256461369034909,0.6408632140249727,0.6401622771313747,0.8737217480279503,0.776325087671058,0.7267828369328976,0.9085925096397488,0.8071409266210706,0.8987817858406119,0.8125439284687005,0.8641034826743265,0.7699975049172664,0.7881111895730599,0.7118025920163904,0.7272275874147262,0.6936329892441996,0.6732887394757479,0.7292524451736518,0.7120939771187272,0.8073704343024088,0.7782332043865541,0.731581480433989,0.6552168007139961,0.6481817736753196,0.8663890450628123,0.7308165100270931,0.6344269516101885,0.863126786222238,0.7014109997179944,0.782335563880948,0.791665837470526,0.7669668611648356,0.7152219907105883,0.7017496618027421,0.624351819960596,0.6486563059339352,0.7201902700082499,0.7077455179501745,0.7576238412528868,0.7199188713296117,0.7136721826729929,0.7646965911195931,0.6709559643003766,0.6154993927457253,0.6028419693037527,0.8344170283042743,0.7375160146565174,0.6291889472486265,0.836444146488124,0.7223333719641006,0.7620147144044324
irene,rest2_vs_type2,0,Rest,Rest2,8,0,508.995685,254498,256998,0.25621255086674655,0.2359922490114128,-0.1910584512552953,-0.11432458110987742,-0.047735086443443375,-0.026904256794648695,0.6092250685684739,0.49750300608481357,-0.13696489176478277,0.14843723455027158,-0.03672611422082861,0.012659605838237109,0.6274574415237533,0.5879588232549704,-0.5647887553083151,-0.1437029686622373,-0.22957822812915651,-0.1654042471717081,0.8686726887287333,0.6957870069505726,0.6973392029124743,0.7495332731542856,0.7071061444048824,0.7869194151876987,0.6301435469545716,0.6121342027818298,0.7968389764849486,0.8418301611943224,0.951135001285134,0.7278870541134403,0.5813555730952876,0.5789400887318108,0.6411805007373098,0.8123889044213081,0.7113779860353963,0.6257383216279606,0.8767253415686351,0.8124226838085848,0.8690490778932997,0.7799920879877025,0.6314912709798428,0.614021319557225,0.5552059454016145,0.6714128913894954,0.6850645974274748,0.3956286124004367,0.4521083216358918,0.5924109037358309,0.815959874957417,0.8790097892108553,0.6582393126459889,0.44897238140750456,0.36733481870189205,0.40516260469223503,0.8158605925975557,0.6106460892572066,0.4790105443260849,0.8023871801103861,0.6717913660032528,0.9027721495538358,0.7520739026863411,0.7458769540333793,0.7234275601402321,0.6562425230749738,0.5511131033978164,0.502565267921797,0.48291475610847345,0.5453785384839003,0.6659251229487045,0.6206932786846507,0.6875453096405958,0.8224456153234334,0.6081878303136,0.5089717919390604,0.3436389214440288,0.7946070582895405,0.6785399041590231,0.4427325804452909,0.7832984066187945,0.6294999304066491,0.7966352587815244,0.8389109191004047,0.8315681659080149,0.7188110071489042,0.678379381866429,0.5854929610195254,0.6263125105062789,0.6372634338248444,0.6644158982271692,0.764394058818312,0.7510295381572621,0.7977120402549275,0.776400274240998,0.6189938254052748,0.49981849555433683,0.48151296638511243,0.8538630897736307,0.7092425894448677,0.5767597194574029,0.8790442218379991,0.7131534848606842,0.8256954137560294,0.779764789788105,0.8214324167466281,0.7217360993160381,0.7037020241365687,0.7184956182207678,0.7522532287976852,0.6783150238016133,0.6087108221679646,0.6409891232898409,0.706514302522664,0.7757390595321564,0.7793314091985994,0.6918686303643887,0.6873948290974287,0.6560477863767787,0.8827320160155708,0.7574383768212553,0.6412307135271601,0.832703944066145,0.6869180523112844,0.7869031841425119,0.7001571640161744,0.8042751919830246,0.7568920105363258,0.6705169393615226,0.5886745152195665,0.5899784021931701,0.6474892511692059,0.6297745576701027,0.6788814714060885,0.7134788002577231,0.7461766870518969,0.7762906715500381,0.6718997693190223,0.5928305654263832,0.6160714765355418,0.8464695515852736,0.7336842317635075,0.634753748136514,0.8280366007240679,0.6913928574873397,0.7513156993299549
irene,rest2_vs_type2,0,Rest,Rest2,9,0,514.008636,257004,259504,-0.26105427458959163,-0.17474084774338206,-0.060513707840065045,0.006560400925865739,0.0006120122413526552,-0.18136792195807017,-0.4063004041983369,-0.08690284680759941,-0.5216580915533449,0.27419383090215765,0.012539176923091144,-0.08951454310679807,-1.149751095230867,-0.858851537100743,-0.8001856107359853,0.11786170938990503,-0.10188874312154361,-0.18491376329269826,0.9598666985694884,0.8722673028163039,0.8665851099299339,0.8699348119045776,0.7690482590553763,0.5826774321935008,0.8079071385812615,0.8680446124961787,0.899462473447228,0.8325510376522761,0.7095060315947394,0.9217545695854388,0.856956548906308,0.6835791340780479,0.43722137722376936,0.9648734863108892,0.785619866479206,0.6119102375027136,0.8464042280905544,0.6699320825416559,0.8041109395619715,0.9153302289510667,0.886017650287855,0.8128467991969305,0.8015681646608309,0.7671902754728821,0.7574162335824501,0.7932833742124306,0.7856455081467388,0.798875706028441,0.7991066157766643,0.8167712824107479,0.8597341749848767,0.7587040698954185,0.6976057692930852,0.6266150209111759,0.8771204264994263,0.8269039341360254,0.76820455162325,0.8985162101928246,0.7866204540442194,0.814540633279579,0.8843741800707277,0.7341570576077447,0.7299431663373421,0.7322701977859094,0.6715420958536508,0.648221472108311,0.6178671123868976,0.7501786239748865,0.8216906731477289,0.8027315113605552,0.770572814955317,0.7500357819912075,0.6524105812450246,0.5687836848766554,0.47724919904845753,0.9318420384722466,0.8590116444494463,0.6781971254482579,0.9384513753573752,0.765429217091489,0.7821646164525389,0.8183751496478524,0.7364069649984016,0.8321754423155145,0.7607393848348621,0.6801813145309806,0.6439660065884633,0.6728785966019634,0.7706356452147042,0.7528538113570491,0.725937360204377,0.7441854901684741,0.7609609258111988,0.6178175061686187,0.5267806150061011,0.4938139548010719,0.8859876326837428,0.7437052676859025,0.5806338192119865,0.7725531447423174,0.6302116237943359,0.8035664810563022,0.7996997570150235,0.8272449768314969,0.8169611377878483,0.804529428849021,0.7739422229923307,0.7363842992261849,0.6523793894864629,0.710833240684053,0.7817930688579218,0.8029126235150944,0.7809704463643974,0.7917522716206443,0.7407114079609034,0.7037971866528987,0.6796960286767346,0.8705853777060261,0.8070273147539987,0.6967321215401433,0.9060987964357594,0.7414571294910117,0.794100877651573,0.788655522945253,0.8588726099669822,0.8162319452118025,0.8387168447704382,0.8011069659589706,0.800836104133121,0.771448563965849,0.7091936355129241,0.779808172822958,0.8301063539759971,0.8661958923761693,0.843240292137263,0.8080060552330738,0.7569200700533901,0.7901292117398626,0.8636576734431037,0.7780055520896498,0.7382730809325341,0.8601963578268778,0.7972737535545381,0.8291216086503626
irene,rest2_vs_type2,0,Rest,Rest2,10,0,519.0223179999999,259511,262011,-0.07718862691522421,-0.09452666230767903,-0.26870287155860684,-0.18889319202338894,-0.08602866723669811,-0.0686786289684207,-0.020825556694820335,-0.1275145933875823,-0.1135031622146987,-0.22843172535106504,-0.1151973032199125,-0.07390287855172506,-0.23089635240406903,-0.30039454774931773,-0.3621916833027776,-0.5331045436753739,-0.2889377764657013,-0.0597359472202692,0.9815347427349207,0.89149128768383,0.8865795787542458,0.8943563908301617,0.8793670417913161,0.8079707202998033,0.8692590919596923,0.8617872142906939,0.8950722011606884,0.9020339319837521,0.8616372864644584,0.8814627643978636,0.8438820806799322,0.8498770449433098,0.705301560467584,0.9782268138481468,0.9437176014108118,0.6650066174945041,0.9762848961606181,0.71452478194402,0.7767796609236418,0.9833978969784859,0.9045409612269868,0.8606267302371007,0.8526188605200891,0.8068241060487994,0.8069099305242821,0.855887368303707,0.8361095275713875,0.842974086319642,0.8165740793194511,0.8545276776563407,0.9044536479017067,0.8308521588604911,0.7374889191127458,0.6563460295267568,0.9400604935691037,0.8578788736120474,0.6940829015717913,0.9405492503282208,0.7252955051230692,0.7749358972199045,0.8776387965533703,0.8334505562321393,0.83436878494731,0.7809517494087098,0.7023941246421906,0.5564910418304982,0.7400960819410118,0.7882872852294945,0.8552458446412243,0.8034692504387662,0.7197788163714637,0.8321075379892573,0.730804539008961,0.5961955410537381,0.4556676196317527,0.8774569216161241,0.7648273703597519,0.5186354950776173,0.8800171595169531,0.6549278353943192,0.7262773540042464,0.8164830388595067,0.8679910983911564,0.8171649067019479,0.798453352178714,0.7653655821187978,0.706779405882525,0.6948201035757817,0.6839790259556388,0.7018635440171332,0.7863963128459412,0.7506785273490626,0.8387098783589844,0.7698312005733351,0.7021651544799735,0.5789782933839628,0.9279772798486673,0.8270485102108015,0.5926281251646737,0.8590445004505605,0.6560281300330628,0.7943437233267889,0.8734568962680406,0.868400049248247,0.8298464503443442,0.811742500414973,0.7095696799035679,0.757149060821452,0.7679886345636096,0.7967349478596403,0.8173591240739454,0.8107128512289051,0.824867699680721,0.7839021636952181,0.7453208068850787,0.659948320885186,0.6932217426142461,0.9001868447628322,0.772774035267682,0.7086866997672332,0.8728409847467605,0.7743119794893257,0.8287399088063149,0.8520992185086856,0.8398167662104375,0.7974004199271162,0.7983486679611203,0.7476294975883803,0.7874360652868315,0.8286670989348188,0.7729297513155974,0.7938673459784692,0.8028873047225046,0.8568251562026641,0.8344138644275492,0.7936727615119432,0.7545123106946795,0.7578656360837219,0.909727956954415,0.8295905966591478,0.7964385427849155,0.871757224410995,0.8285915442628669,0.852750609449459
irene,rest2_vs_type2,0,Rest,Rest2,11,0,524.028447,262014,264514,-0.11731300021676994,-0.07810779956323533,-0.09356936171825803,-0.10653640163289868,-0.0877681551452465,-0.06056551026635759,-0.07902993737124575,-0.021011464207781216,-0.2534969258906621,-0.035963574860634395,-0.07813994265220048,-0.06121657715594697,-0.27429427816833396,-0.33558476986609787,-0.34366303112001306,-0.011838142690377751,-0.0271561631928825,-0.00878305236664012,0.9965768293695896,0.9825883649802203,0.9879396058500739,0.967759035782737,0.9511218207870189,0.9773621220219132,0.9778062153344179,0.9873793292375791,0.9770895036657596,0.9641630565398662,0.9842331314729417,0.9771895528413119,0.9554216103019527,0.9352477447138001,0.9696812359630259,0.983714996256942,0.969518615798409,0.977905303007456,0.9935517313675919,0.9670172212140186,0.9522020472426443,0.9856533773792207,0.9711173050878965,0.8710583925455361,0.8570824192362458,0.8642657950821433,0.8826939464052859,0.9558790917941627,0.8621414587367808,0.8599600929492802,0.8887708831044737,0.9236476436264448,0.8467706183929813,0.83056099697527,0.8458518882742642,0.8560685908436132,0.9735198029910185,0.9254643068360509,0.8168941487750121,0.9418788100515992,0.8357823720828838,0.9166223212775265,0.9082534374993595,0.8361096380112663,0.7597056314614751,0.7524963827589768,0.7215795519973417,0.6578895104891594,0.76024076493213,0.6831704400614451,0.7537847292929866,0.7814471346531934,0.7676170726217922,0.8593448087271925,0.8384096715572269,0.7940710242608211,0.660904713633359,0.8912009598722539,0.8262597233667089,0.6941235002864479,0.8777356091263252,0.7632654099567716,0.8797683550385644,0.7839979318499205,0.8408640341025208,0.828405799638218,0.7901011576053742,0.6633122389596978,0.5853311462227437,0.6744801148487883,0.7737509906199498,0.8355382903522062,0.8021843160826216,0.7755504925597736,0.7923999803318085,0.6818876335679739,0.5532465750123586,0.5325340708559632,0.9049743747390011,0.7811021948661172,0.6784636449908363,0.8892097971741981,0.7527310090049939,0.8550666037466849,0.7998650936107436,0.8211682102991816,0.8365106938702598,0.8203952975203164,0.7786708595579745,0.7470535735454321,0.7775441119692498,0.8140944573432228,0.841267140665367,0.8589090529817666,0.8409490974009671,0.8510091318749406,0.7806877337439326,0.7061067646937129,0.7464708611450973,0.894156965915273,0.8349062909970895,0.7613458739860983,0.929224585659386,0.8189715911873162,0.8335579032152046,0.8895833069050108,0.891835104883426,0.8838040130228164,0.8875307605767442,0.8702183751807102,0.8261775728468757,0.8469636041394394,0.823363961646863,0.8243998820406165,0.8577039201186745,0.842996765508396,0.8930154473096712,0.8484890582897601,0.8513588798712322,0.8479759191131518,0.9222000656625119,0.8902608595586289,0.8312103261841711,0.9037718686474189,0.825511501247493,0.8958516817050048
irene,rest2_vs_type2,0,Rest,Rest2,12,0,529.0511799999999,264526,267026,-0.12641394200924871,-0.15737002536313582,0.03996671484132763,-0.2779458655295808,-0.025760461673672186,0.04440842573931514,-0.08082713781483974,-0.20867832437048683,-0.13443207538341406,-0.2029715866697921,-0.01611994438023867,0.08427385384257136,-0.3333296360858382,-0.5178407284450293,0.009091929104350527,-0.7719329830971189,-0.3565053910492981,-0.05435724633835415,0.9625020941356245,0.9291815216668887,0.956465357623329,0.9201988032461391,0.8367953981015192,0.8233310554400904,0.8673103084811529,0.9224473082598883,0.9387156638149861,0.8805227401449355,0.8625441210069466,0.9031114089729609,0.8306977906309131,0.7487078458452668,0.7556120900320272,0.9505370022023858,0.8939516482376452,0.8824432714290517,0.9524928891148419,0.9326494504144642,0.9787855743267416,0.9236469000410457,0.8881518439170776,0.8641335686461873,0.7903167756728758,0.8140437269302099,0.878248226663824,0.7637951048533291,0.7732341045682507,0.7903193555505669,0.8432235049044506,0.9114371111604567,0.8195956292204808,0.6912041443242765,0.6910407958119104,0.7372444810363854,0.921332329438186,0.8920962011391702,0.7960025318475811,0.9668048524453781,0.8099960314549902,0.8714199802709222,0.8913822959956502,0.608512588153903,0.5626698183947656,0.611914487674723,0.6274739686141244,0.5530142422702057,0.5016029700451041,0.4915151826924319,0.5600549163037121,0.6277106383584514,0.6134380401244114,0.6454969874223085,0.49958475658207974,0.44354736874709677,0.2843498684012022,0.8598183932782067,0.7607583137608869,0.5427429965551032,0.8650018794411102,0.5961965761765078,0.7474054240835354,0.7503240629827003,0.6801077125141965,0.6586511082161087,0.7607255633812551,0.724789357817297,0.42776505975746404,0.5179928037154113,0.4970324775746677,0.6687538474517422,0.7422017443157973,0.6303505650257343,0.6856260409278442,0.5904673399457746,0.5138275667650971,0.27660192343715834,0.8346380722560306,0.6942840304855719,0.3335751218906206,0.8802888140242744,0.48217619828729164,0.6239024284596971,0.8695649355567618,0.875728705241802,0.8920244639932312,0.817676364717567,0.7353605831408927,0.6683556453666933,0.8178763300101255,0.8533945017544086,0.8316034787776397,0.805779368605203,0.7580214702038117,0.9031555951720531,0.8129151006614264,0.7383984464160115,0.6859719248014549,0.9225701587482388,0.8139336753298341,0.703481758003282,0.8737789113598731,0.7317988473943596,0.8314293335634995,0.8190165517080659,0.8626788863176073,0.8145664574976088,0.7982968073800459,0.7607500106336424,0.7650676334785008,0.8126488968309087,0.8133854990231254,0.8371222870130578,0.8348890905575999,0.8591180658713355,0.8810840371815417,0.8199181731913072,0.7795607330990094,0.7798069271785666,0.8946976171527291,0.825466978050385,0.8068052121540287,0.9023645965975403,0.845862813638993,0.8817413419119573
irene,rest2_vs_type2,0,Rest,Rest2,13,0,534.054632,267027,269527,-0.12413372279741175,-0.1457770036431194,-0.12254318114293206,-0.034801523176410054,-0.0802087624447747,-0.1328179099039657,-0.04459784406038203,-0.18507849149411726,-0.2607387574341695,-0.2292824204481403,0.035558190346816954,-0.05193149880427006,-0.33793288610275596,-0.5723099073705544,-0.41714729334152656,-0.27553111152925114,-0.06716826541125664,-0.04471713098180796,0.9965328351147947,0.9733986338296767,0.9536576848053455,0.9633065321252392,0.9734420305604853,0.9666148200681371,0.9707718318816198,0.9602247014763888,0.9706363620704528,0.9762082529557526,0.973127739143835,0.9772270043490988,0.9732024911664044,0.9674657786797389,0.9371585323928281,0.994845782755648,0.9757594852517275,0.9207991063014673,0.9822355175120356,0.9410225018204248,0.9577861626384633,0.935778356634961,0.8981473179602096,0.8359048938848842,0.8398643260323755,0.8020214259601044,0.8058930236660214,0.8071499391305432,0.8289669687494848,0.8801964838002657,0.868403833299979,0.8901233236431212,0.8929726840988368,0.8290951240093283,0.7657702251115958,0.7037620366500478,0.9470062940972154,0.8927413784027408,0.791730424433958,0.9535342722817567,0.8803909523813963,0.9245769377877446,0.922274715922776,0.7768981828587193,0.818354947585025,0.8074391518923669,0.7558103692335134,0.640504772099149,0.6908078134104804,0.7769605465008899,0.7944671594703079,0.7791849552551119,0.7226933688647982,0.8486166907344449,0.7480653892749041,0.6340225664189976,0.553922830974115,0.9301503210181791,0.8265835714906699,0.5576405225660432,0.9337697058174684,0.5970925542666458,0.6625970911200579,0.7973088182171884,0.8713278030225161,0.8205988247255591,0.829626347673984,0.7495161829945296,0.6020722147587402,0.7762965265426429,0.6950487504982994,0.7140022659323894,0.7355873310235215,0.7155886035088403,0.8230845869744549,0.7764380057115547,0.7146270617372891,0.5885405846416152,0.8864720335826834,0.7758002052969133,0.5659123004883884,0.851319132126102,0.5730637263129602,0.7273720275693943,0.7598848478430866,0.8580382596640773,0.7817777791709589,0.6909960137879959,0.631847767875616,0.6241646031399324,0.694926909828569,0.687440530350026,0.7048778785806721,0.7779379405757971,0.8416899975535125,0.8014116569590815,0.6859102093655671,0.5868761572124724,0.590939846501925,0.8706634692306597,0.7382533788372863,0.644580815080379,0.8432253654685399,0.6949739382365306,0.7701071412006071,0.8106545179172026,0.8256207301842864,0.8274352673292723,0.7992242981813007,0.7676427092286422,0.751769907227497,0.7970229761687563,0.7928277400205831,0.7703095449657872,0.7840765014344114,0.789547964444464,0.8278612206566913,0.7909877500285174,0.7433993082098242,0.7609754903959429,0.8999771515424893,0.807114980968359,0.735873276832191,0.865425300641142,0.7641765427655234,0.8155385509939267
irene,rest2_vs_type2,0,Rest,Rest2,14,0,539.081547,269541,272041,-0.02330426757441373,-0.06419517411389464,-0.059299277331273714,-0.11407428850455403,-0.02816263135375152,0.05568261527459706,0.06025788617323702,-0.05386610959295446,-0.0733387958612286,-0.002945913921157839,-0.005264228793224746,-0.02321164381152485,-0.043230787939355864,-0.2603478022550929,-0.3291127669607459,-0.23150931755816595,0.009188031157018717,0.33504613420669127,0.9979667814213401,0.9693489854064568,0.9598121534695254,0.9548192386373201,0.9457753585831301,0.9819609912728429,0.9638729971481534,0.9621006418772237,0.9560891108202696,0.947418525583013,0.990943859427876,0.9357393882857594,0.9305430947091937,0.9170910243065792,0.9480503015584926,0.9976856613488163,0.9948072129133243,0.9477138787977961,0.9974713959213242,0.9393567346810586,0.9305191379921051,0.9520469169598994,0.7878788684603109,0.8919140396764538,0.8583198663817598,0.8152599507918777,0.8175732692369129,0.7404961704287725,0.8716888528812616,0.8710696545474353,0.8405011675932774,0.8535547548744289,0.8839102890524824,0.7710366164225757,0.7131837466786227,0.7032921276103671,0.9332736248084197,0.8890894119258099,0.8669441238142706,0.9754535503384607,0.9513292519949403,0.9501072690951349,0.846492597769315,0.7930390648437922,0.7619429582230621,0.6751357014414422,0.6685035456304583,0.71913965801547,0.6662792624649888,0.6822247907182561,0.7359161485464689,0.7681285621101537,0.7532558380099632,0.6543514977071504,0.5284552155731292,0.48605356015923235,0.515675613858745,0.8309926799369952,0.6918388979103439,0.5474320785182478,0.7953098104866769,0.5671816191927623,0.7392202112636587,0.7847655765848199,0.7920151416908895,0.7045622515038598,0.6779599814457021,0.6184067032612228,0.5238467551830163,0.6525734871386912,0.6813111147023709,0.718946035535819,0.7616471358702992,0.6660513209239738,0.7871039944033809,0.6675591719358203,0.6324451690601494,0.47926287020584535,0.88504903996167,0.816578337078521,0.6078991960569999,0.8814883927114054,0.6842305994306774,0.8115125746032542,0.8106204162338203,0.8208067311731693,0.8063126144165029,0.8132278372555553,0.7003659177644735,0.6428760595492126,0.6816047000869664,0.7256451752169478,0.7757586005559683,0.7737907764639272,0.7183784063155415,0.7528790763827811,0.7379187958987152,0.6469030119948558,0.5327138982154044,0.8935105302649267,0.7217425557463373,0.5828809427912495,0.826067325830404,0.6263808291645505,0.7355988964484429,0.8095180026370945,0.8070801030098047,0.8044063112385653,0.7671849373009064,0.7439910416395327,0.6699107615465095,0.7089860966222343,0.7430261459440318,0.7543394639919866,0.7959872899760325,0.7426231521419945,0.7905705368391008,0.7356831483835234,0.6851972069908387,0.620406446653225,0.8600312251431886,0.748908694827863,0.6307634339667427,0.862757264944752,0.6733561525904468,0.7182524354875044
irene,rest2_vs_type2,0,Rest,Rest2,15,0,544.0830209999999,272042,274542,-0.05635288418399842,-0.060361659829236025,-0.09546275352853684,-0.1462925163760871,-0.16002075164981777,-0.05400319182964042,0.030671337798111153,0.0625945308669067,-0.2551385325002764,-0.12267313017600268,-0.25267484837096044,-0.10709388617509319,-0.1333379590696726,-0.2308313905732744,-0.5636975946942306,-0.44479038489553924,-0.35184668629989657,-0.29536209334983266,0.9886614218685414,0.9694201414146796,0.9645306462774343,0.9686464850547511,0.9625335320678062,0.8914060970044766,0.9381593625502995,0.9352062874547412,0.9391603516146539,0.942418218239788,0.9172854671807158,0.9547403552789343,0.959687337984175,0.9365723557837876,0.8285245967731414,0.993914320922695,0.9925309582344942,0.851313296691442,0.9892802226619282,0.8483971290900092,0.8739065332442161,0.9787776181905659,0.9174083042065201,0.8637610558265981,0.8243863949240177,0.8065494174675435,0.8677125214188358,0.876262353839589,0.8869410754609186,0.8628210032330131,0.8509767043993346,0.9149840557670178,0.8493124977679927,0.7796349976069864,0.7468102868175642,0.7720856320901243,0.9602452869671476,0.9326484770369996,0.8740063050404006,0.9816735325074586,0.8863345140826008,0.9035770026898745,0.8948029773462136,0.7618181726371529,0.8483944197304862,0.7817606072732062,0.7342481603911967,0.6265463283578342,0.6423642209464072,0.7887587209169536,0.8494438793988008,0.8540394959750068,0.6885140095575969,0.7772668755788857,0.6841328968620134,0.5392877160503051,0.5207079156286369,0.8425958667749562,0.7273269938527237,0.5680803346955762,0.8850079636261168,0.6606546442553564,0.7385219550126509,0.8414873614353446,0.8526160191142241,0.7819733438719331,0.7700699095171973,0.728382669301394,0.6818340188683594,0.7519656447025747,0.6890718968669796,0.7281180541277016,0.7623865726586885,0.7406185545477664,0.8545943427389023,0.7727313073384006,0.6639348115398516,0.6675608366993601,0.8555310859736951,0.6984126358688248,0.6328197306403275,0.8478244902663612,0.6997185688182955,0.8027131550060473,0.8275585822966816,0.8018781407056043,0.6784680715107947,0.6419282585067758,0.5814845325233517,0.6587235630090367,0.7341769820768398,0.6638377183254405,0.7257451658547972,0.69360489029623,0.7875295042404472,0.7429322657395204,0.6315707603119374,0.6162577443606013,0.6848487502974374,0.8191649005064267,0.7046813380523649,0.6347527925857531,0.8354056678057036,0.723447840062302,0.8143449443958923,0.8336085965833784,0.8257777173636636,0.7886032496740945,0.7565017198084347,0.760270153041318,0.8096276209231758,0.7306732092041968,0.7260941082001001,0.7124066568591314,0.7792772971041324,0.8403853884844947,0.8052449012061061,0.6729428244854933,0.6933506057883737,0.7413564075450886,0.8303891419805923,0.8351005901671289,0.7535347969796629,0.8976220239129027,0.7737297830708796,0.8449806380167219
irene,rest2_vs_type2,0,Rest,Rest2,16,0,549.090022,274545,277045,-0.12118459999527786,-0.15638663258868757,-0.1499939505880663,-0.10041353737173653,-0.17798726089594918,0.002532249924848351,-0.12086764265201921,-0.14331499860793695,-0.0724424604511098,-0.17397186501448747,-0.17414289647917425,0.17445640038541654,-0.3491863822527952,-0.5971070954963444,-0.4664918240715217,-0.09552036266746633,-0.31401896254548145,0.07418819417230171,0.9978837605224039,0.9258878176896521,0.948444283654538,0.9419207970652625,0.9344135064461642,0.9848173221010442,0.9197203544939004,0.9463681301758416,0.9408621496441965,0.9364006210929948,0.9888449169106762,0.9683537918412568,0.8813745924970834,0.8663587820003468,0.8824698685255804,0.9382542826465027,0.9201363626775038,0.9268747789190166,0.9823960949131483,0.9461653890117431,0.9472049518953815,0.9883687529253538,0.9451491921308895,0.7670106415680884,0.7905890989262887,0.7855868419129202,0.8806716170924599,0.9419559871691485,0.7734993780854006,0.805615393682431,0.808064637991564,0.9110574793025138,0.8625342735659995,0.8552840916019506,0.8418053726524174,0.9023739362467202,0.9702857745878832,0.9387887874569862,0.8495819389706392,0.9678738690979918,0.8679912879896228,0.9038322325684703,0.8204432604749707,0.7511436551293935,0.6553418018193062,0.7101257692645456,0.6082348535704135,0.6224102424578064,0.6382465205693092,0.6260682024268055,0.7841239986963546,0.7605438689678709,0.7958992045048275,0.825495464050779,0.7012470793954605,0.5241567348363092,0.5174186355954765,0.8821122553912631,0.6701756981455019,0.5969520384200958,0.8490461929444627,0.7480801338800872,0.8662187758785286,0.8253127507946991,0.714515563176134,0.7237710949107202,0.7245559212007007,0.6687721764584313,0.6452963929832326,0.5069088013059656,0.6957920924056802,0.7172470090361053,0.785863508547035,0.8003903316023778,0.6951845856051452,0.6320815634429852,0.49797048011437256,0.4027248594358866,0.9008794590219935,0.7836566921898406,0.6555504534664993,0.8388508202253292,0.7050410781631101,0.8659785535555866,0.8246570995402124,0.8288459863476173,0.8156794520296442,0.7510706415304214,0.700568342203559,0.7149670499776708,0.7224179697019161,0.7303264251112374,0.7454849316918274,0.738246012829023,0.783179037991916,0.8081161259883861,0.7219090518264398,0.6011459182691697,0.6650993734626833,0.8720475406072562,0.7211122288433255,0.6857717678554226,0.8313680753663829,0.6909644015000933,0.756473678531098,0.8084056020853998,0.8111032884479811,0.7969449303487879,0.745493340878699,0.7498098833468543,0.7490229964860414,0.7480758112904479,0.7460240400166559,0.7939018612973794,0.8038757609680992,0.8128093508804299,0.8103730154729805,0.7553143331313215,0.7604378505680341,0.7464196890259084,0.8896458048574206,0.8291478641990293,0.7464311561821427,0.8753318529824075,0.7593324675221182,0.8537988738549307
irene,rest2_vs_type2,0,Rest,Rest2,17,0,554.119786,277060,279560,0.007530546682117389,-0.10731429181801655,-0.07576869464970004,-0.2362653765894609,-0.0734985823615828,0.00553278912588917,0.3652044387996032,-0.06893945549036751,0.03447064640082864,-0.35792692909048274,-0.15196402025359657,0.014968429096717362,0.1898079882989272,-0.33561845781626776,-0.23866616039222865,-0.8234398972569108,-0.250188467870732,-0.14913261206441009,0.9650839463798132,0.6563422103767792,0.8647606081097189,0.876719628618009,0.8008816271574722,0.71538547442032,0.5894871729942399,0.8521301413833279,0.8757080210296297,0.8487129491306143,0.8204292116178492,0.6382490216191894,0.5723563067187201,0.4868735851985216,0.3683148639187227,0.9336432454318387,0.8357225172844481,0.742396131590599,0.8949012074284688,0.7791305024854025,0.8573388881750049,0.9676344628867027,0.740219537928516,0.9273655908763251,0.9057566951118339,0.883457730530904,0.8152509055627006,0.6762093683054217,0.9042885960523463,0.9040337820159501,0.9038763149848866,0.8689091899643693,0.727658818487132,0.6666497775582385,0.6122357505146181,0.5184502689741264,0.9549434107858521,0.9183451432868416,0.7891181667805061,0.9704411285009109,0.8428628853057554,0.898855383287227,0.8395782026439659,0.8188660440148887,0.7717000727520893,0.7602690279838153,0.6648888299866009,0.6659448107648259,0.6456662950369739,0.8060165365726976,0.8569042127259,0.8319414004544095,0.8260086220635191,0.7519926251128783,0.6648397233403586,0.5424387356735881,0.5153421624116447,0.929783794832249,0.8273347566671674,0.7312146437543037,0.9278311242310012,0.7925714142337276,0.8708706815656575,0.7738721944052395,0.8709245467605478,0.8213538364733507,0.7583721050636358,0.6873126210661468,0.5577059609230743,0.6515914378481917,0.6929575999755647,0.7746745597021425,0.7712791994934842,0.6773239067311796,0.8328877694819067,0.7266807760621912,0.5809863513433311,0.450324021248107,0.8868029388353298,0.7484498080894094,0.5124524141304558,0.866041581796248,0.6191517857586568,0.8060007601227546,0.811405102073596,0.8587453340069311,0.8366391833823628,0.7971955040320644,0.7585227145427702,0.7202883565273065,0.7922130250143555,0.8060592006913383,0.8273639986630925,0.8122231945866264,0.8214041981843239,0.8197180688572695,0.7732246520216733,0.7449920488458388,0.7171807080911681,0.9175356972320705,0.8369693103495048,0.7255973129309122,0.8884804774441257,0.7701706578576696,0.8375537130896099,0.8437983336887189,0.8620698627345852,0.7910237607001738,0.798057451938915,0.7946664481347838,0.7821610066707091,0.7634854421409671,0.744750143938113,0.7597265272903977,0.8070305930695606,0.7925467404273,0.8055537520789022,0.7698838888210138,0.7562920003973748,0.7449289299653954,0.9310093336218362,0.8626643539557249,0.7333059086176807,0.8987372779682369,0.7655321307108374,0.8215204888941554
irene,rest2_vs_type2,0,Rest,Rest2,18,0,559.140278,279570,282070,0.015510174175099145,-0.020329663452947067,-0.06167200502215531,-0.22282968995413555,-0.00391064424605414,-0.07476302427339698,0.17499874847810837,0.056909832094418356,-0.0283437830025437,-0.20353577163717684,-0.15774746633001646,0.03535594354216531,0.191894382911741,0.04805243034048523,-0.679045174403643,-0.37741993027249987,-0.10753393567428216,-0.005239758131897698,0.9768612900692748,0.8747325271746023,0.838764026365463,0.8744402870282457,0.8576130827799441,0.8149945737179876,0.8349466060198556,0.8465389753436395,0.9102625202986162,0.8720958891325151,0.8228595243714278,0.8263472190015673,0.7864029262725427,0.834521136797704,0.811903231787018,0.8991113617373006,0.8464165451530334,0.7472780912222101,0.9090746902869,0.7306702515415361,0.8772642868768367,0.9829639144770409,0.9542704779773258,0.8643754154325507,0.8629475569355647,0.83227555697622,0.8515580169850954,0.9200139231423179,0.8437706790050696,0.8635292207456029,0.843305165319473,0.8841140270155614,0.8892465641445336,0.8648243746665667,0.8016217163803251,0.7655616866788925,0.9748989160701429,0.9090366183695662,0.7712930899993701,0.9452224228638695,0.8192106341857618,0.8936471371008753,0.8164158337639771,0.6388568785793509,0.7400278615312934,0.7642704789298039,0.6013841614619208,0.5749797581861006,0.46537737722815187,0.568796080077482,0.7701664633262579,0.7327187654421375,0.7541789263797042,0.7445656643576055,0.4916163523593729,0.34098597099694855,0.35301945654133676,0.750093546525313,0.5534537490268076,0.42385535880931047,0.8406904446811173,0.6830369579667621,0.7913342607301355,0.8579676181273546,0.815940902804825,0.715309466803539,0.6981839114482414,0.6800662855621418,0.6045993573310007,0.7365504199493574,0.6334426420869105,0.6999725764991737,0.7604936991008869,0.7071260656250085,0.8428534993493788,0.7616362239047147,0.6306498207979322,0.5412579717499728,0.881509297433472,0.6776102979247992,0.5753709334566194,0.8289790812646851,0.6762735335425273,0.8222659827466829,0.828774714968286,0.8344320843560795,0.7566016617287609,0.7977273148655243,0.756607450791914,0.7311577043648739,0.7459681813160935,0.733812237694746,0.8088888492186275,0.8148421244833302,0.8168891171721598,0.8053298642548078,0.7925172801598898,0.7589897030660537,0.6929167475506943,0.9088801768754702,0.8199832998145555,0.7012867829373479,0.9043286712297546,0.7810043982128564,0.8550851908904488,0.8213943668695253,0.8418666091083841,0.783079056946421,0.8108037606424477,0.7452389658420729,0.7545855811974822,0.7449374859528225,0.7281621138953802,0.8049279871959596,0.8597877792817373,0.866463565871046,0.8213422397325281,0.8277187964435726,0.7413366906434985,0.7376529148600509,0.8826491752918426,0.7999653217781721,0.7208681541092119,0.8647682257445061,0.7879813188313431,0.8361030983932672
irene,rest2_vs_type2,0,Rest,Rest2,19,0,564.149245,282075,284575,-0.09605706584570761,-0.12982176326141914,-0.1207843003207536,-0.09387216460416692,-0.1504990320459787,-0.009382829066664211,-0.041241936872402185,-0.08384523295881685,-0.12008991766063826,0.09469458982460832,-0.10957230206591806,0.01099940820123435,-0.3427822588692244,-0.4897976235413264,-0.31574808523554054,0.03696597278084912,-0.31270673490573664,-0.15191486812274824,0.9760967551924891,0.9776454743375222,0.9594952857578755,0.9387790485740909,0.9128351403193848,0.8654217592171468,0.969957859096925,0.9620010934656174,0.9616281104527205,0.9454460347814142,0.9128034341980694,0.9903739726630649,0.9638026347720096,0.9356545127408363,0.893966465527442,0.9817566631461058,0.9563900431850789,0.9023650510658046,0.9905695901042875,0.9396653991694569,0.957994398302387,0.9939304524240441,0.9669575612200493,0.8470567647442798,0.831842845082057,0.7869256777816345,0.9159433521015201,0.9525628959127606,0.8329854438835717,0.8270162124446053,0.795866696889089,0.9363593308883109,0.8774737061454876,0.8404004049158988,0.788621884264147,0.867611988630295,0.9682578917614546,0.8723795720578749,0.7927695166443377,0.9153600671507984,0.8251733112891183,0.8639334324896321,0.8953507980453813,0.8608098774087797,0.8502442784418559,0.8616907817136192,0.7878522189306151,0.6936385089442075,0.7435896237979865,0.7407933706620782,0.7982645866778498,0.7835806143073178,0.7857887058541371,0.8705495934495547,0.836711450794039,0.7458425886310803,0.601629518753289,0.920088533277585,0.8072400945857225,0.6140790036702578,0.9110559261720385,0.7212443884692112,0.8128432571052416,0.78335843373771,0.8152777943524674,0.7361724513992925,0.7331662626969362,0.6755448908212195,0.6795745881718328,0.6606174189511138,0.5820062439010872,0.6914837398505356,0.7474782379862469,0.8107810620952627,0.7695713328795714,0.6143083813289927,0.5885881852832057,0.5754382284202877,0.8166022165241467,0.7241033232576523,0.5401545669749226,0.8790105148089911,0.6588067041600402,0.8017703522210041,0.7513145400841231,0.8157084814409296,0.6593197036146727,0.6626992405017018,0.6112496118287808,0.6424446241177301,0.6563619690032584,0.6199768368327035,0.7731559933391213,0.7627202736563073,0.7931393191802552,0.7264112768200264,0.6531508198763056,0.5902018292170362,0.5930279961387226,0.8195519096993144,0.6961040530448205,0.5975886489300251,0.8454181720435252,0.7172918142005369,0.7832048351677358,0.8304742057925805,0.7775357086225979,0.709969569758394,0.7303285108874767,0.6751048932587292,0.6955843762975625,0.7312375013254023,0.6698083420353762,0.7158252515192856,0.7460389141621289,0.7663525553553397,0.7446153303299722,0.6946538507049559,0.6466217042766361,0.6761997193277418,0.8868629208864522,0.8067953977434453,0.6386591448548453,0.8530100672681773,0.6821990958262587,0.7677363034476161
irene,rest2_vs_type2,0,Rest,Rest2,20,0,569.173285,284587,287087,-0.13150176013905046,-0.1519120707102024,-0.08254499735420229,-0.29714904506379414,-0.09654543450081343,-0.17397540336720185,-0.11083564741153751,-0.08629619114402676,-0.17193505428783196,-0.3674647931372843,-0.1884190695788832,-0.13302577142883232,-0.5059627592824576,-0.5219903030859552,-0.3294470491501018,-0.3259358661502896,-0.39009961816549943,-0.2868591154081117,0.9500786617915415,0.9195593610683093,0.8982074080331999,0.9001924785976154,0.9011199088423518,0.8830689102323636,0.9810082417096992,0.9409085265827456,0.9475713153476821,0.9616266327361837,0.9130023510076537,0.9685765880475398,0.9701326736581345,0.9815983999687549,0.910885146749993,0.9927446542650677,0.9693214724066892,0.9106062795338311,0.9770045060715183,0.9144239216527325,0.9385324951356793,0.9768029587956191,0.9229434451589172,0.8143173903327737,0.7912195872037162,0.7163156036995989,0.827947737955193,0.8786327631108768,0.8014239375598686,0.7811501614963102,0.7111522899338241,0.8226494179518828,0.8806480299264159,0.7892029363454874,0.7142333491786306,0.7650558123191675,0.8620979649253021,0.8164880224780233,0.7804711412597645,0.965748221793024,0.8599080548655427,0.8433234141203098,0.8066853935883878,0.7686251930718043,0.6575019296876786,0.6617321552190192,0.5782534061736961,0.5121851992000964,0.6458796252121737,0.5768785680671823,0.6781137816881702,0.7036152475132559,0.677448240873587,0.81901351305879,0.7110660573647848,0.6220709425084716,0.4993025627773348,0.8583982923152064,0.7661567957168002,0.4582763545154363,0.8770550198575778,0.4977123147869771,0.6368779826927465,0.8467692219312627,0.899151086306205,0.8687127829893505,0.8413181476468774,0.7323712979546004,0.6342404561754723,0.8116982765886935,0.7966938773781963,0.8253028678525088,0.8395811444635067,0.7236647842450266,0.9027929882576188,0.8259050662554047,0.7066488941460368,0.5947041654267008,0.9323650448353652,0.7932386265080011,0.6135383352279254,0.8710817841116352,0.6934716467057875,0.8257739972142119,0.7576120174896669,0.7751532206534935,0.7255501124080398,0.7019887579369075,0.5550883136376792,0.5572294610611408,0.6480465556498978,0.664815619759554,0.7512679374505444,0.7369627281538861,0.6862505911112221,0.7442871236827263,0.6571599294728561,0.5567246093076769,0.5620147017814233,0.8528587700715107,0.6429749101876923,0.5551376956690671,0.7531885897532523,0.5901914772115894,0.7628828933157964,0.8282115810498426,0.8581320589655819,0.7993791967613273,0.7729125933018531,0.7783350345323552,0.7672345829216749,0.7854185721177417,0.7410841907879104,0.7645264032726633,0.8050822260235335,0.8101503470548221,0.8570364470333613,0.814321384988639,0.8175133462219211,0.8024646937467436,0.9284623249022915,0.8988141392238995,0.7941626144005555,0.9107704796358379,0.779800575593605,0.8616345381744348
irene,rest2_vs_type2,0,Rest,Rest2,21,0,574.187316,287094,289594,-0.05617692544819164,-0.10977873028481344,-0.19385029715122126,-0.13479626585888171,-0.09685663286037904,-0.011584960526670685,0.0009073641442931546,-0.08200462557799693,-0.41802747927175865,-0.1756359041831077,0.04689477549680898,-0.09965842847715733,-0.19330845124856388,-0.30095306639645525,-0.5309483924335585,-0.4589115402961763,0.027786070013343878,-0.11762297506971553,0.9967515678945649,0.9610626429880088,0.9456918231486717,0.9701099132012055,0.9715041424693737,0.982298557868455,0.958455645468983,0.9426381646635419,0.9687534857800694,0.9697400670043005,0.9873775989573804,0.9538805598231438,0.9605021205119366,0.9555365952206396,0.9434964752750836,0.9663923947012587,0.9690984047074903,0.9372139399605798,0.985693609476319,0.9703894636702399,0.9782083295730007,0.9830479976834274,0.9391204146356816,0.8485503119944298,0.8328354793800307,0.8356610309768867,0.8658356048909751,0.9215598550025486,0.8542985665151445,0.8426780216192539,0.8475823703755947,0.8923618075720744,0.9175653838240653,0.8958559389077486,0.8854149709490248,0.8625338266214071,0.9748177095113757,0.9449800909354629,0.8697708251245783,0.9674066118407312,0.8785786534695031,0.9266344435388366,0.9550587167093539,0.8293561374978438,0.7968085488205356,0.7965600082178083,0.6866124945947558,0.6545123053648806,0.7894747947318728,0.7870614499616901,0.8217736176367704,0.7546230534150372,0.7477509180360382,0.8735002979976046,0.7795367041177659,0.7323668964833827,0.6174887316176352,0.9201246456781759,0.797888816599513,0.6392437991703565,0.8768072416407574,0.7328750063820696,0.8596615119998661,0.8344594744250898,0.7773688295795803,0.7614118245619003,0.7729937285305328,0.705752768230445,0.6853008097650349,0.6649873984081283,0.6879992644813151,0.7452611768191824,0.829254757811253,0.8352187284067051,0.8097681961254047,0.7341905241359629,0.5925520760399732,0.6176651545112481,0.9244229595509998,0.7525928073408332,0.7141651594339947,0.8300310994267093,0.7236949271229786,0.8139150749064733,0.8137107798877441,0.7611240582191433,0.7590383626102722,0.8066173915243461,0.7551368738515164,0.7622350744579822,0.6829082727409329,0.7106079459120844,0.7902476459109192,0.8232183017698088,0.8252744322300483,0.7314783501372042,0.6722308875144197,0.602423002356416,0.5926887938932858,0.8614730497898876,0.736679425318688,0.676556171550144,0.8583837226013793,0.7832221971222771,0.8818669142910006,0.8109223251142338,0.8327324826992692,0.8291978836697299,0.834690145480992,0.7482536609160506,0.7283784639912385,0.7729638986350811,0.8025900026743307,0.7985586177444471,0.8271764121060858,0.82167895500561,0.8807270783313206,0.8134512354789246,0.7524474555625646,0.7459409978443368,0.8977727447490282,0.8208117487249392,0.7615683904715335,0.8478559237216051,0.7702101670825577,0.8272532048669902
irene,rest2_vs_type2,0,Rest,Rest2,22,0,579.213882,289607,292107,-0.0978127142807299,-0.10398648449503867,-0.037185504304320105,-0.16006119293872123,-0.14352405307701366,-0.10906685787378434,0.01356772487907243,-0.028440365987410843,0.04899256068493196,-0.15999032626103293,-0.17452934408977505,-0.018805292744326074,-0.24993426716486322,-0.3674713211406804,-0.12406800352085412,-0.3789029410678344,-0.31119418947340316,-0.2218678270972978,0.996670091023582,0.955147638551583,0.9254907189991621,0.9384124725325169,0.9439659778223634,0.9873971576392329,0.9398223374889416,0.9145553972360703,0.9368406230483471,0.9546481704677297,0.9864983861336698,0.975235872940757,0.9589990966075407,0.8927929930351064,0.9444988109994441,0.9849771249755294,0.9037437439376906,0.9185177033646252,0.9404241554574643,0.9338285150960719,0.9451319126653025,0.9918730406939065,0.9674596584798819,0.9075028350331543,0.9051136331377112,0.9060950055109205,0.905415553232107,0.9521275228353895,0.9115959302665977,0.9167587707128897,0.9266659393845977,0.930419118886842,0.9215000120845009,0.8846020064790299,0.875854017275699,0.8632163999061548,0.9655334568417331,0.9332100294121535,0.902652660541185,0.9717242855267582,0.9364252069012187,0.9736660203895922,0.8626556353685904,0.8258361419566381,0.6401204417194553,0.6730471833132792,0.6247247755989075,0.6431822875300062,0.6467364442919122,0.5541224658992492,0.6600676878841707,0.7287324947357585,0.8077408687547365,0.7341191612657294,0.6322948434226591,0.544128223600978,0.4932477305855865,0.894737015169719,0.7147359837523055,0.5533809549011577,0.8552424210259353,0.6892436717489734,0.8185912141632242,0.8289833686174257,0.7761656333513043,0.7451273816364029,0.7248492493578983,0.6949855261581807,0.6670076758886898,0.6934202596964872,0.7166900299896753,0.752362457477941,0.7710105478424486,0.7648081018493186,0.7118873407924764,0.6363315231739585,0.634554434762861,0.5992476910335763,0.8805409472144713,0.7520507393610815,0.6249871071182881,0.8586381215434078,0.7168632469454381,0.8735019494340701,0.7983742936053536,0.7776136972319498,0.8277803910060835,0.8314368927572141,0.7045112411366518,0.68196757705593,0.7298874549436392,0.7572125427585941,0.7990732756288486,0.7615627181848921,0.7967885305330559,0.8768120714587869,0.7836769743948341,0.6556103909902778,0.6474797091935757,0.8637665213830785,0.7180863648259082,0.7039484916315364,0.8441520303075233,0.7792332085156644,0.8504717784197999,0.8066772695478853,0.8674607213616782,0.857527651561953,0.803371476260209,0.7794489794070396,0.727957944762685,0.8301392809716392,0.8498392945688811,0.8409013882441865,0.8358526517761276,0.8071413001526735,0.8965238931619226,0.8125720844010825,0.8064625435360959,0.7700934787340449,0.8928921043197241,0.8729956236541708,0.78105742120046,0.9050988303854878,0.8164732785411972,0.8661849938698024
irene,rest2_vs_type2,0,Rest,Rest2,23,0,584.243034,292122,294622,-0.09721022049468875,-0.027304793190723764,-0.058622239280013755,-0.2550493339178672,-0.1434390393625491,0.15783881323994864,0.06217763636818585,-0.02254905780541172,-0.13966165039783895,-0.2891365683751266,-0.1290091896585266,0.043998604465346425,-0.21013351347319187,0.06777051535805834,-0.03480978628310716,-0.36671320051502576,-0.2741709918623343,-0.03631736151494902,0.8764689450447719,0.8712108982319835,0.8349206216979631,0.8467208674897627,0.718260225605232,0.6928481304721934,0.7419835475035803,0.7955166875223451,0.840880105968677,0.8631521441495563,0.8610136303746291,0.8172669221649524,0.7352121628575637,0.6145027481373955,0.6360640989896237,0.9211401921152146,0.8103653156140093,0.7362921798109415,0.8447312042004232,0.7476940527756122,0.9099510200222855,0.6685036437654217,0.7701801236846307,0.7086800678687943,0.7273285084502606,0.6281543691238942,0.6218368066475161,0.6295784973991417,0.5439008273911072,0.683008496651709,0.7262791277300938,0.8166899515809277,0.7838878286494648,0.7625441979330726,0.6620156534340343,0.6747738899565795,0.887852252470122,0.8217150617122949,0.6671638350972505,0.8807387023954821,0.744666928163339,0.8400780113155125,0.8708417113732053,0.7304720575335921,0.7861991856411993,0.7746642358891961,0.7422481101361367,0.6980324725983679,0.7213130524802217,0.8045267065254702,0.8281642077491095,0.8534253046955156,0.8505079922498056,0.7999912605727278,0.6935572162577663,0.6303353076503084,0.6000741469412467,0.8752165097104804,0.8035328211814108,0.7018259510887015,0.909953158697362,0.7372132659296858,0.8170698693996951,0.8390570132382659,0.8460681051290648,0.876196544623602,0.8121500315142868,0.7161534454911539,0.6897313193842837,0.7696652548063433,0.7862356860683053,0.7758065351895297,0.7708629479057492,0.7518593849221912,0.8633726405987993,0.7195456237380301,0.6093351936007203,0.5569634578355341,0.8893378235128233,0.751779440814494,0.6827563421663669,0.8475197228135125,0.7690194539686936,0.8622687363309447,0.8452390867132331,0.8507163742998517,0.880470072693206,0.8423962813832621,0.7722753620926529,0.6789410595130174,0.8088210020838436,0.8288269835993215,0.8641651566941978,0.845157707166084,0.7639628906642865,0.8358202667180846,0.7759473142321963,0.7276234470675232,0.6788794005394859,0.8953737867892975,0.7850322650818509,0.6589596370980525,0.8713765894005452,0.7028908797724841,0.7856661962085869,0.771086147611493,0.8505729477199612,0.8263372513234961,0.8146174729192309,0.7538969516221629,0.6770394114092146,0.7475197499132716,0.7559163587276202,0.8178078485638403,0.8491486014391167,0.7878667621645211,0.8786302926491143,0.8391705268716194,0.7764627730825059,0.6854135028657672,0.8890003008301247,0.8175299587697024,0.7094631541918168,0.8891309031155205,0.7671936662721677,0.8231539600952288
irene,rest2_vs_type2,0,Rest,Rest2,24,0,589.267831,294634,297134,-0.1334089567354919,-0.08988905441562967,-0.23610675236975798,-0.17631665387093776,-0.12842184576477012,-0.09657335586326754,-0.161413308655332,-0.1452565808715569,-0.3310275690192084,-0.11713487186788063,-0.17377783439271122,0.04900327691272599,-0.5401001072118516,-0.4888857511143563,-0.7149845383683098,-0.19364783599428437,-0.09682164541663152,-0.10329955413567005,0.9989143525282491,0.976942135362301,0.9678951547025688,0.9631017947832102,0.9577434948789101,0.8317190055161595,0.9735522623883133,0.9649607441521955,0.9611401111626123,0.9591189794746566,0.8390869949395474,0.9955707289035332,0.9908539638136831,0.9807214708631631,0.8541229615809074,0.9983294511457016,0.9897799843681142,0.8674217344552299,0.9944159398798363,0.8739859308508959,0.8882396320142927,0.9970051271938598,0.9830828415217837,0.9592446096910516,0.9548880292690743,0.9597094985315031,0.9554502271521319,0.9710193086363303,0.9560649759479583,0.9577421491428686,0.9660341405529411,0.9662671594724854,0.9526993785602078,0.9340474458660158,0.9302918587307416,0.9245157859747686,0.9897209327583498,0.9659696202946114,0.9345686116407996,0.9810229433280643,0.9412686699409076,0.9652373269476854,0.9279030898569748,0.8544481578318897,0.7167942737210253,0.7421958938172941,0.7048566101584274,0.6570297742266733,0.7823701343976021,0.6655596381852908,0.7089489394351707,0.7158339380033716,0.733635917816235,0.8607920165173589,0.851148201346156,0.7766311117492225,0.6331693598269517,0.9396428425403915,0.8587297898817817,0.6171651713863263,0.9254142722437947,0.6771859035841008,0.7744039882900238,0.8928806541304439,0.7771932750505766,0.7910127735345652,0.818691654808024,0.7522633935437283,0.6818949402092973,0.7411003288744252,0.7610052958997106,0.7906475422273337,0.778739165264629,0.7589155849394695,0.8001344225597938,0.7483457552251719,0.6792533749336331,0.6000148557690924,0.9292152116876684,0.8711265442406291,0.6673919693717133,0.9255819368988429,0.7555534044551497,0.7911603608884028,0.8628534715172632,0.8427885608169933,0.8026376297859048,0.8393284812522005,0.7575634541338492,0.7433037968166087,0.8029745904399128,0.7748085154936745,0.8410043742490395,0.8328110452191322,0.8433888603455258,0.8392332411715621,0.8195283272548667,0.7366534035656325,0.6956963511809306,0.9105310194139193,0.8005410117291948,0.6593569483188642,0.8491956293227777,0.7405962040256656,0.8160013080153012,0.8376691825924611,0.8517646631206827,0.8210629619238348,0.8002380820351418,0.7900299844581514,0.7888652196986943,0.7642302931329324,0.7889611780710456,0.8036930421417637,0.8394207725615513,0.823038162859241,0.8042970910795495,0.7685682586898244,0.753382390581951,0.7143123593566997,0.9117385783329925,0.842559125645231,0.739044028507553,0.9130412835724715,0.7723084111945717,0.811484384829179
irene,rest2_vs_type2,0,Rest,Rest2,25,0,594.285136,297143,299643,0.015211544826103207,-0.02775394595486702,-0.09467682835989066,-0.0986972997114508,-0.08365092624434611,-0.0016304232353498982,0.17300574683627534,0.05206376055995143,-0.19083086364923574,-0.19633896177587662,-0.22743164842232444,-0.16078049393531213,0.11545418330898993,-0.06868971524281964,-0.6346203857008916,-0.5714935827382561,-0.6793738420718274,-0.4147700655531561,0.9452631118479394,0.7703320548191135,0.905542005191203,0.9145857771100192,0.895894441997363,0.8706775874042799,0.6462003416065686,0.8133578412924135,0.9764793519447573,0.9808534118840735,0.9694326740197952,0.8544292658867404,0.6279120312976896,0.6005944004860122,0.5916095760252716,0.8293095331037469,0.7820506406385411,0.7579361866552755,0.9869488958257502,0.9750648213652694,0.9950296309951764,0.9041444661306061,0.8329539931348928,0.854992205743058,0.8195763473620724,0.8300197621472468,0.7799904262233389,0.6778115763349967,0.7828635747990439,0.9175737650729954,0.9500750126571881,0.9230991419883776,0.8905268913120785,0.6924413033187774,0.6448705696918854,0.5784339401200203,0.8458347494456109,0.7963650607915379,0.7044206028015999,0.9692337492955868,0.8851801840702789,0.9371211337880493,0.883889807952795,0.7643877030373739,0.875519067903412,0.847722736961167,0.7025593261880654,0.5765500061358936,0.6632427691135052,0.8330197031331665,0.8311983961243189,0.7860807662048745,0.7371807647460237,0.7746975490187675,0.6582356224615131,0.5038733292444957,0.3615905440512278,0.9399668577043322,0.7897746032337377,0.6214461305668026,0.8819446833348676,0.67362207134704,0.7540819175474067,0.8754381515730063,0.8127410876876754,0.6945400108544403,0.7397247524498916,0.7162682922393002,0.6272792258150248,0.7411654015837348,0.6229240303270037,0.7122202260072875,0.7526579608288098,0.7299389238925371,0.6609036003219796,0.6557164100366358,0.6262023790132653,0.49386086353481784,0.8863348452144593,0.71529561492623,0.6567184757913564,0.856597444247698,0.7199699841110272,0.7697276603424181,0.818188238328333,0.6929276894990365,0.6861928236109655,0.7478720963353209,0.6601492297227104,0.6185594162298955,0.5725853561116928,0.5526739532840115,0.6779321700160097,0.6793781305468987,0.8011037348612577,0.5973228546808313,0.617597124840703,0.6209668084368491,0.5462966951627518,0.8721540542685985,0.7334893507080079,0.47193801436301014,0.8233190252081709,0.5970976511386904,0.681936942427897,0.7927278414702642,0.6147041554332957,0.727407101276452,0.7171376300353324,0.6567833742632335,0.6310358674147414,0.5694505304478324,0.6333112137151402,0.7796069248509288,0.7707340043101851,0.7447801040345736,0.4969681059423849,0.5192800849545309,0.5266537236033615,0.5228263765145492,0.7837071899609154,0.667739611926461,0.5716863649589001,0.8544398531959224,0.637064922989323,0.6982379257508735
irene,rest2_vs_type2,0,Rest,Rest2,26,0,599.309875,299655,302155,-0.07795507865401774,-0.08036178217908496,-0.21421023385454152,0.06392412261033042,-0.17253857036025266,0.032042226758372205,0.0401247218354186,-0.025955874951967495,-0.2936051611072843,0.12736697530291652,-0.0870086553596594,-0.032424306273720394,-0.1923612793453735,-0.25194862426280906,-0.5396286765166431,0.15452450137895424,-0.15353505809175116,-0.05570059824100504,0.9965474892742657,0.9327481277461012,0.9749162905310952,0.9893007944090565,0.9835566831650735,0.9843573255627813,0.9208043087173615,0.9676917341708416,0.9873770621996679,0.9845991985062621,0.9910514076372275,0.9788316611635469,0.9522269995439182,0.9514281888641075,0.9201376387695647,0.9923233507624741,0.9904303295074379,0.9682115352334014,0.9978215448372617,0.9868278472222114,0.9912071942821633,0.9910248783688134,0.8551490429826515,0.9093622273890711,0.9165655698620998,0.9193952578328315,0.945127345961814,0.8360789184401873,0.8990235950165018,0.9123898511749406,0.9172245349013424,0.9585677881938096,0.913000099701647,0.8789231739464887,0.8204000130775481,0.7896664670328819,0.9676870840644997,0.9320754801921804,0.8705031564760541,0.941881149569305,0.8886265238237885,0.9264777808112733,0.8725628549794979,0.711503776551535,0.7214879645464672,0.650050629642674,0.5163671430158508,0.5894768538861124,0.640430242487693,0.7080583142647423,0.70551855588948,0.5872344628745395,0.6725465064198005,0.7934528266455967,0.6328181838561109,0.5231311261144318,0.5184224644513501,0.8463346027916739,0.7288045540929161,0.5796685587938752,0.8600842185468812,0.62589547690663,0.6813760241897877,0.8066851979381955,0.7950172109493173,0.7869717097292996,0.7589662215692687,0.6381938968064571,0.6536633811273351,0.647548261875311,0.7078298768023571,0.8124708045765214,0.7736295846402165,0.7990557890452398,0.7724169834688706,0.6318136280379381,0.5114127104755279,0.492182742964083,0.847004808642705,0.6838074850811007,0.5806060125632053,0.8749325434335212,0.7570450468506821,0.8269788078358519,0.8162584145891086,0.879853456145016,0.9004930391834316,0.8913825836025275,0.7816128431194062,0.6673791626117209,0.7125632693743759,0.7954243843786716,0.8494345931181283,0.8087431778068722,0.8123893524180076,0.8562660799454401,0.811843654101892,0.69253770774484,0.5913602312333184,0.9203883442837814,0.7618245106186217,0.6437440222787126,0.8519505057763754,0.7010610933204332,0.7926989601723649,0.8114930433596217,0.8158364813359905,0.8706058090059495,0.8672129376443508,0.8353925150578553,0.7521857092696933,0.7018727909196718,0.760846618751245,0.7913392088629309,0.8026742714577509,0.8113047342037596,0.8696444612579566,0.7890502383122917,0.7645623678154702,0.6908689129553615,0.9091103845933846,0.855869551163468,0.7239083532712681,0.8568222232583649,0.7697971519688478,0.8052890101363716
irene,rest2_vs_type2,0,Rest,Rest2,27,0,604.3328859999999,302166,304666,-0.05815910456366602,-0.012778391542001444,0.05190101745370068,-0.049605667396738884,0.10286380053472088,0.13267016009653743,-0.11923919507185765,0.09989289350166874,0.23828217374637717,-0.0075790136362057225,-0.04143326095156885,-0.056583879769892764,-0.49683402965172796,-0.010684516646250586,0.01884172117090266,-0.2846824856170591,-0.35002471858662143,0.0966944655237767,0.9740940036363739,0.9118398272816786,0.9069425339550483,0.9102284566119198,0.8939829442290479,0.836224473700155,0.8676933894671236,0.9034916479752143,0.9209014634926715,0.9135584513045734,0.8680017271313789,0.8358694488848847,0.8100364524373529,0.7738764322344964,0.6773663469716895,0.9473770976572449,0.9331066704745906,0.7998207770033597,0.9710753367234511,0.8046084193382309,0.8591302346245782,0.9680374292096744,0.915985839308404,0.8789025734235854,0.8423144778372383,0.762834879634404,0.8226206440934644,0.8567712356685188,0.8744815667567772,0.871120237226772,0.8086274252632056,0.8785610540167024,0.8945168549409102,0.7961074035556817,0.7026974414670305,0.716404653412628,0.9284921344076101,0.8464881408096858,0.8094452879992278,0.9433330691494878,0.901082575974923,0.9258135587067746,0.8702191951175687,0.820707499281168,0.7683639967585038,0.7488843276199278,0.7013041991709461,0.7708681043941449,0.7107762524891441,0.7102104862829623,0.6826017645811383,0.7711108982774771,0.8172411757301506,0.7866175442327886,0.648832768723174,0.6054909586279094,0.6495831118099968,0.882862388523234,0.7958238942664959,0.7572880184358972,0.8461375409742881,0.7651663573367411,0.8727511208795207,0.7759879054946894,0.8205851133320844,0.8342203423352637,0.7788102020528386,0.6012927850354699,0.6004353529238096,0.6350239295557724,0.695557169377308,0.7646987762448902,0.769996465684379,0.8209816513706668,0.8298547503438286,0.6735599473385641,0.5011121434291202,0.4748589565464205,0.8763652930708492,0.6742120391245243,0.6007655427872097,0.819605025281562,0.700381074904298,0.8407760710297844,0.7784941751750324,0.8292902700579259,0.789367113050122,0.738092768034318,0.7344429235455731,0.7179095818951641,0.6750744589793012,0.7293798317473804,0.7630134365875817,0.7842435844999668,0.8135954815032106,0.7607004355627093,0.6351784236850736,0.6398893109740575,0.5961018230843265,0.8498797640764716,0.8259542757045121,0.6993991431606177,0.8563217826594326,0.7069438723635619,0.8151296493940335,0.8304850033733655,0.8310920804525288,0.7954154563009853,0.8055609450747921,0.7833193486122865,0.7428589586101032,0.7589567680113016,0.7579923721921901,0.7961702935438629,0.8183046588735514,0.8261920206144233,0.8236702273869195,0.7648655657730032,0.7750535844542947,0.7634412486537935,0.9105631080438766,0.8661266037166389,0.7547000229209152,0.8997555444201142,0.7849610020051816,0.8481659019957214
irene,rest2_vs_type2,0,Rest,Rest2,28,0,609.3462069999999,304673,307173,-0.08099179100559084,-0.06122528579914288,-0.08762954558029712,-0.18336287148648678,0.057117946281388665,-0.08110241040215849,-0.023881194440796172,0.04144258798859557,-0.3875171795046337,-0.2413583002236006,0.036708854259837054,-0.07725460262562223,-0.23510046659306738,-0.3095781120843375,-0.4462615872443698,-0.4478076634644672,-0.006271049198312895,-0.2156632369569942,0.9984454857878432,0.9776112087854433,0.9903054409658409,0.9603355391251226,0.9409882866352058,0.9277177335784026,0.9726972833054748,0.9876965910273406,0.960907822095707,0.9432742116243668,0.9365047571120616,0.9695959098434307,0.9380298696523138,0.9100231020331336,0.9089626321785396,0.9739366443353968,0.955014946737377,0.9372449355763688,0.9884360565295909,0.9697884988005226,0.9706319895701038,0.9777009973748687,0.9829749693292715,0.9573949292458561,0.9690814947401939,0.9641022271361926,0.9286213831840712,0.9595209314397707,0.9250052474467013,0.9390088203232351,0.9413576339515435,0.9386185987394662,0.967839978709873,0.9615515180357065,0.9572476459211149,0.9150545331620132,0.9845622515699775,0.9698158154362314,0.9016218848932447,0.9835243410430088,0.9169681043789351,0.9563614873173509,0.8435822488286975,0.6746717860585895,0.6794522649802117,0.6895182326431821,0.6387890189009777,0.6816839125018923,0.5800252467558483,0.5878080182379707,0.663990099650061,0.6332056880665223,0.724203320621793,0.8232807837010736,0.7144397534884829,0.6444164153699402,0.47562206916976496,0.9085469159148818,0.8012959872647327,0.5731694344749793,0.8902689362483116,0.6759162072118539,0.7510316643286405,0.7606708720296491,0.7952076388384982,0.7492242811981592,0.6772707746742569,0.6072983870531168,0.47645855774786283,0.613541315944171,0.6590593900357821,0.7206324164941383,0.7290853933787336,0.6264739154715082,0.7767854815702031,0.6435147443409784,0.5858818732870236,0.4264656212969984,0.8398523868365344,0.7140528877886179,0.490649371567043,0.8223020501254245,0.5805398615009186,0.730467399973353,0.7060877837616997,0.7669478550652697,0.7827137522671961,0.6827264525189626,0.6567750462304045,0.6527491291932827,0.6464783867091897,0.5780464356694882,0.6436719679556853,0.6448060702298101,0.7382008041625449,0.7587409592456182,0.6005708962656873,0.6042619537383642,0.6592626103995516,0.7322528303842679,0.6454006286226917,0.5524445742783136,0.817591584112309,0.5968427737502763,0.733361058837394,0.8617922388695488,0.8559662193424095,0.8524496452860069,0.8465351608531314,0.8325305367820423,0.8065181060055309,0.794724197627315,0.8442648292873269,0.8540591070636292,0.9175542540840872,0.8579528201871186,0.7744117090243151,0.7663056374688638,0.789278719469624,0.7413155997138732,0.9211627012074906,0.8692989461627454,0.8001789785839429,0.881790899809001,0.79712206174411,0.8506407503849108
irene,rest2_vs_type2,0,Rest,Rest2,29,0,614.37386,307187,309687,-0.09038552867457383,-0.10856889499951095,-0.20825437070617348,-0.12753256657007306,-0.19739776326100955,-0.0637821848587854,-0.04335034202041932,-0.0712871354662763,-0.48213878511216324,-0.24709908782883794,0.041662759225865376,0.025361342565144884,-0.37456633819621654,-0.41768644013057,-0.9304504363221069,-0.4022566683703177,0.1976614807161945,0.08242765258743212,0.9828519558643652,0.972285626698648,0.9830651834972156,0.9821676239120961,0.9620556670610725,0.9358057805426886,0.9479518600979333,0.9763534529550203,0.988096267344195,0.9792343761193326,0.9663569798552929,0.9487748185700433,0.9446100416145241,0.9249184842229011,0.9200564536786886,0.9909907473267847,0.9792055936990341,0.9379820507926654,0.9920816928328468,0.9620546147570608,0.972815602781932,0.9973202648129924,0.9484815752022546,0.9290930378390652,0.9351956024191075,0.9279886271924822,0.9549980965247861,0.9406666899414552,0.9219892999598914,0.932751392931499,0.9272867347424179,0.9662241837356947,0.9752677221437379,0.960611585990908,0.960474847355624,0.9019634598119474,0.9837214341982676,0.9684894623631173,0.8889518717601785,0.9858916376590142,0.9122559409967431,0.9225130829183975,0.8865813561225571,0.8684792756203328,0.654027090394828,0.6752778739215671,0.6157950849161846,0.5827537930605918,0.7388520864913114,0.5712030854295898,0.6540005882020191,0.746284130838537,0.7193969936504978,0.722366155936617,0.694787967278754,0.5759132474898413,0.5230944559733606,0.8686326445010019,0.6757243882663313,0.3388786443109681,0.7931558119194911,0.44751889082654384,0.6779584654460115,0.8254433203432127,0.820447371580181,0.7507300688525356,0.7473150737986609,0.6106076745583062,0.5096952132641226,0.7101379917474356,0.7668690347313486,0.8088885230574119,0.7772683416704338,0.7014045489643218,0.7751770984282774,0.7116787554188212,0.5853749990965141,0.4627948727930627,0.872716198342281,0.7564712984513422,0.5660634595548644,0.8618919561465221,0.6341899627084875,0.7482499330272022,0.8058651533558839,0.7022445498154432,0.7991359718000072,0.8217704200587316,0.6956329452210392,0.4636891708327308,0.5895721460312627,0.6868815500433338,0.7789545068528625,0.7061922407860827,0.5295963777401825,0.6450542536315466,0.5926786908308328,0.5334976883360494,0.32841165448811604,0.8675788812262631,0.7106283411508553,0.4427898250464377,0.8149974487214671,0.49935432295775994,0.4799093644527923,0.8322720630014047,0.8362480251456486,0.8555757447579244,0.8455639992249507,0.7844909708821686,0.6224215710434879,0.7470283806979854,0.8023942819323828,0.818303562089551,0.8122056379792424,0.6991848256909158,0.7672989979177062,0.7389825027345155,0.6771393645634131,0.5845205493378087,0.8944487304578771,0.7898361442375241,0.5977402130813083,0.8523447388940603,0.6284454186486239,0.600402091034448
irene,rest2_vs_type2,0,Rest,Rest2,30,0,619.395557,309698,312198,-0.0759078070501058,0.07037999326951372,-0.04808441890546877,-0.0066301243831090595,-0.08778676339784885,0.07516966517639423,-0.05499509426292182,0.26649959611527496,-0.14719254247521718,0.10557894169495619,-0.0053013703241222565,0.04601927663753358,-0.34656085837461514,0.34469620992313743,-0.5105305845371482,0.03982954274309547,-0.24203320222565194,0.06091602981455324,0.9862177152280136,0.7248592738696575,0.8948759811647182,0.9635455997479515,0.972962373977394,0.9180727325153445,0.6714696272747619,0.8453476742431871,0.9606235102323529,0.9887734673266354,0.9578856111856137,0.8734395446930783,0.6901376994473483,0.6649142259457792,0.6003152753231882,0.858103297010187,0.8503932141813773,0.7614354763594617,0.9699809682531023,0.9029797515227544,0.9574251912489812,0.9362378830466257,0.805722934617159,0.9061351751049387,0.9275328513342989,0.8865456624568839,0.7726466072752618,0.6904978387093198,0.8013172957667279,0.8951913140879706,0.8945958768205807,0.835029540197032,0.8835654393868846,0.7599646452651808,0.6841256692997997,0.5307356308816139,0.9244302791526173,0.8554640300112507,0.6734680823971629,0.9713972121294372,0.8090482633238831,0.8600269553551246,0.9087291364126401,0.6674068826992395,0.6817547190095923,0.701621530416377,0.6328331343206289,0.6341598619860561,0.5563326496007327,0.607977981521135,0.6715192314378543,0.6354742322790929,0.680922889222577,0.7488611723384853,0.6685058978457638,0.5728151553563499,0.5245731909410334,0.8973953486663595,0.7986223854007336,0.6760570637343113,0.8903770641454949,0.7875357405049486,0.8842521567078753,0.8778238069126127,0.7391126293449829,0.7871350079571573,0.795191792704271,0.6925553007254556,0.6350491118581727,0.6561034321880789,0.7376535502553165,0.7764238048815562,0.7425571719217933,0.750229522216251,0.8644517727042413,0.7822720677141712,0.578266785522517,0.4986482657372095,0.9083742534430856,0.7382174474389905,0.6377113832043647,0.8490946606589124,0.7222490422106514,0.8835327760286743,0.8480139010999924,0.7867195914935663,0.8421103782917619,0.7744820976381239,0.7318704902909865,0.7653587930738044,0.7212229538618521,0.7968373656842902,0.7719023467800636,0.7369956473790469,0.7646005794338646,0.8387229416312305,0.7637453038166784,0.6515449878508984,0.6590264837944195,0.9023292885108223,0.7964842883365398,0.7228148393896427,0.8506598037588632,0.7656316135777842,0.8454219962088028,0.8571418721097627,0.8071567228167364,0.8686827252437002,0.8385862945603217,0.8046332666373661,0.756957108424394,0.7396855417398829,0.8237996234241582,0.8461602220224237,0.8490017988127326,0.8106825385687161,0.7901931055788822,0.7666185026391754,0.7226797060019815,0.6887601739684707,0.9202034723923143,0.8432664020056114,0.7416919840069259,0.90782795644875,0.7699784669201153,0.8154680686839082
irene,rest2_vs_type2,1,MentalArithmetic,Type2,1,1,624.410258,312205,314705,-0.07850427173088903,-0.15497249304792238,-0.0887479044099333,-0.04736343456555403,-0.021662824902425548,-0.10784183537082548,0.009294474563782629,-0.16120446070456929,-0.12853567456649406,-0.012101214266118987,-0.16741390479842355,-0.14451674590388963,-0.22664954636011725,-0.5095889186537876,-0.26475331070721486,-0.36521410088795214,-0.2296136788560088,-0.2821932326369061,0.9065673141575848,0.9270437728673424,0.943177805950449,0.9297050985566103,0.8977405650126496,0.8559613942689676,0.8300682934479938,0.8743895701642914,0.9136730104763183,0.9227643714803783,0.9606386048414965,0.9671212885126873,0.9135722437057215,0.8806393204624593,0.7648921635383533,0.9723606814668969,0.9408595683726878,0.8384775322713661,0.9872236384223394,0.8882954368627125,0.9084247448187681,0.9411375134209818,0.9195760339901041,0.8510921587181449,0.7791646800820267,0.7183368558910445,0.5930185490068046,0.830930248375768,0.776873651091604,0.7355788075894212,0.7245025464544078,0.6617296545220787,0.8814134779292622,0.7686470659568884,0.6339849354705513,0.4793535906749122,0.9225904569426358,0.8000593595403132,0.6143763976211234,0.9099675226246787,0.7032527693418537,0.8001943690379586,0.8982772759211699,0.825829054187243,0.7409259569678921,0.7722944424040576,0.8001542639851396,0.7962571481657021,0.7436711799161106,0.6930309892070509,0.7816014539066031,0.8292953029524035,0.8090531852615703,0.8015946000482872,0.726003294168855,0.6818450002117439,0.7163254323160922,0.9044647417762828,0.7872979100972919,0.7530013333328539,0.8796991385558262,0.7979530937801165,0.8552098373273229,0.852628202059856,0.8258415451920096,0.8129038919211646,0.7407498728436728,0.651229573751666,0.6464720157796804,0.7237001143889913,0.7552137771778492,0.729683855348467,0.7532292668874012,0.772815281582188,0.8638227384944361,0.7340679916610342,0.5903728193701873,0.5771724537922904,0.8510482096935157,0.7107579733358829,0.6293768111296827,0.8464587742707851,0.6733075475116962,0.83522681879837,0.7907609740654761,0.8390188195059427,0.7618867712379981,0.7359122447648798,0.7258570484300422,0.6925074088613756,0.6612383712416618,0.6508307688980342,0.7540206773278243,0.7845133423554647,0.802395916962805,0.8244012389204346,0.7105070081895268,0.6455300428075534,0.65730408837056,0.8347979672698448,0.7466560871914988,0.6141910677791429,0.8659182641355567,0.680883024028099,0.7217214544657246,0.8452695044118813,0.8342206054734735,0.8222310009560394,0.7914533641707725,0.7913308541342243,0.765470998409732,0.774711727576213,0.8115584449393668,0.7926733253990599,0.8141218617432915,0.8243499001634728,0.7920209246436242,0.7106343088345373,0.7278869313336964,0.7037929966953554,0.8662177623111422,0.8210552219225034,0.7369352676065398,0.9037799389511929,0.7353337026471581,0.8300206877110724
irene,rest2_vs_type2,1,MentalArithmetic,Type2,2,2,634.785002,317393,319893,-0.1580477691001363,-0.1428077941675916,-0.1040555968745025,-0.09606834133650377,-0.08073012240290689,-0.19116965730916657,-0.054371410524035824,0.060726172056292604,-0.18848399738356258,-0.022843292796083325,-0.14168231886699667,-0.20989471142824367,-0.34385853407439804,-0.3117448773148075,-0.36961176103430127,-0.3055864227452014,-0.34981319070563055,-0.3532652334459141,0.8161324230752703,0.9061949246583055,0.7917393239856755,0.801905060656967,0.6545933594148595,0.7240821288445597,0.7404200118347838,0.6892372023994694,0.7229509255547378,0.7097017100473639,0.775165611838975,0.848404698552499,0.8601381205268352,0.7303979111673373,0.6483915399059886,0.9443140938120459,0.8592767098306031,0.7519193278240519,0.894181764716939,0.7540111747263533,0.7099646922174,0.9296018322904775,0.9337697417842679,0.8467708200648394,0.8628426284432569,0.8306356344285122,0.7837318246560983,0.8586389783976528,0.8726695603985749,0.8914093491984826,0.8714080531025262,0.8643092826907971,0.8392521243890585,0.8032263017870142,0.762573798596698,0.6897701096747938,0.9463525233294222,0.9199137677030442,0.8246647446074712,0.982081687290557,0.8984004730568824,0.9344161867899289,0.8995215634313963,0.802433018712523,0.8012967561637824,0.8184954319984825,0.7433804608756311,0.6827044585696447,0.721388966859149,0.779860827876598,0.8307463851313626,0.7949752873138596,0.8348652953205944,0.8046630022792881,0.7922280935249371,0.7010734700151885,0.5929852316056049,0.9509000107594112,0.8722165506584132,0.7082149283878504,0.9183481492472605,0.7735890428236366,0.8249405983338031,0.8191371866665655,0.7681862045027021,0.7437016204536264,0.7618200448398597,0.6849245186891675,0.6398631436886313,0.7478587768439343,0.7115122617093762,0.8022265106715464,0.7665233826855616,0.7337425421889316,0.7971934398262468,0.7703009973639516,0.6647494809104344,0.5142290116462348,0.8996406131198941,0.8027862032792357,0.5772423256998623,0.9168719600134316,0.6796943649570342,0.7850012733298354,0.8525377273472262,0.8462215591124385,0.8019062693510505,0.740485139669068,0.7219157448764463,0.6652221840614727,0.7432573080617776,0.7985934292817629,0.7804088459912305,0.7819716881443908,0.7443172442800589,0.8026521737436135,0.6903475802354685,0.653517816798952,0.5847742400424962,0.8827088088128112,0.806016451190911,0.6664580344148168,0.8821632575957198,0.7158125337869837,0.7885518481957496,0.8667450069009468,0.887149780306064,0.823519592386464,0.8333842813854799,0.8103290658963321,0.7706612267089701,0.805938101512806,0.8158805611499731,0.8423483563227203,0.8599021825173673,0.8242511260891624,0.8650918258380352,0.8044003931204232,0.7976275320764209,0.7743794374075004,0.8680691372754611,0.8686442801528794,0.7819196938077184,0.9081337492750187,0.7883745797749423,0.8639143082481875
irene,rest2_vs_type2,1,MentalArithmetic,Type2,3,3,644.84412,322422,324922,-0.13439726747840375,-0.1472473418206457,-0.10407415191494707,-0.09612475043682522,-0.11859717726560426,-0.005017742072869424,-0.09990433975794488,-0.04987136919237933,-0.10803309898935343,-0.06994505528874218,-0.3388780108378424,-0.11211028128836675,-0.43133735919448846,-0.3993811651360337,-0.2883191543450887,-0.2687455162511747,-0.4590752836857348,-0.23903615520354426,0.9423267074590612,0.7020579832166205,0.8158614227152321,0.85639702039494,0.8232601468991076,0.7554242935089713,0.6697027602894108,0.8473052711048448,0.8966098257763678,0.9035487702089916,0.8731186687996528,0.763067509763746,0.7365418189500105,0.5919887412791662,0.49952024483469226,0.9627705228258426,0.8619757222926321,0.785765084023053,0.9324150770054173,0.8384380788568918,0.9276437705921129,0.7833517543247146,0.7917288909853977,0.6841078310627909,0.6611685848642942,0.6188164430285894,0.5268938797488522,0.579725244236863,0.6682881724316566,0.6651049394184088,0.7067898448598923,0.7623910327285733,0.7701406458999147,0.5701347462879088,0.5363144530128562,0.3687114678231881,0.8288243754682612,0.7861530691844506,0.6027291638939436,0.8832144902832809,0.6767098488792413,0.8028710372255612,0.9149909314025425,0.8192451751347661,0.7727089529017268,0.8201605329766134,0.8152487462685863,0.7750818233844512,0.7074542319093996,0.7062154654914915,0.8030636397070504,0.8395406007255659,0.8622033236220074,0.7951657359012384,0.737316153954822,0.6734077154478179,0.5935692517206708,0.9260871136029222,0.8021786969839293,0.7147099197139737,0.9146747031092813,0.8293093276261757,0.8746688037471603,0.8591308510290255,0.8476874977340658,0.7767127641513537,0.7750428308308545,0.6609039331752528,0.628894937432146,0.744914364104171,0.6910544749763121,0.7500269480339081,0.7239136129437349,0.7008713000322865,0.7811782391069723,0.7386843287754352,0.5859753419993389,0.5452749369385191,0.9118098948402955,0.7612561143049275,0.6163634612892479,0.8403895898017113,0.6732404125341265,0.768559426906593,0.7974099361668942,0.8147831101370477,0.8383054321580231,0.82275126784146,0.7373737633052886,0.667094469986867,0.6599714451238439,0.6706738130012748,0.7311931733823643,0.8040828760293278,0.791207632082703,0.8023366619092867,0.7504458248630169,0.6587330577000906,0.5750952249617319,0.9208550181879169,0.7511164636932987,0.6491444047265446,0.8397870545240917,0.7102978448775773,0.8253435150869973,0.8492338385091827,0.8300653711718567,0.8288279789715579,0.7947662344897648,0.7981390457003947,0.784245634005358,0.7423594068559299,0.7655988005259629,0.8245825676219939,0.8428771426353336,0.8471320151027462,0.8034232940214259,0.7419691545075956,0.7214526447680091,0.712016821549629,0.8877413865760619,0.8654118831429094,0.751823677901885,0.9143136794394464,0.7738355317632567,0.8236345244816655
irene,rest2_vs_type2,1,MentalArithmetic,Type2,4,4,655.323351,327662,330162,-0.16696271463934753,-0.25528337590245087,-0.266736732509846,-0.08323690002557127,-0.1038482435638639,-0.17408044790619437,-0.08234235810479618,-0.2863123757636048,-0.1957645515943014,-0.25295100926053093,-0.20421677521937687,-0.06687494604129673,-0.4099869947455783,-0.8824998027982254,-0.641501117525968,-0.23787761645645933,-0.22235697664706056,-0.275261805958797,0.9443846480745773,0.9338241589238879,0.9118504063670011,0.8577827098548624,0.8218972416460735,0.7512427284078728,0.8169114060658488,0.9211060912169908,0.9241820206955059,0.8936413418621229,0.867517796929253,0.8576093407250417,0.7641961678101864,0.7267925324436921,0.6062306078929005,0.9595881269138263,0.93438026077898,0.8074825281725413,0.9850838117841837,0.8645336343688107,0.8808074943219961,0.8714314528614048,0.8821166968786267,0.8416148197596874,0.8109483850178584,0.7724237895499855,0.7258549340533628,0.7882639615721625,0.7894981479684162,0.826276622850534,0.8249760980238898,0.8357534101809873,0.8329956587377106,0.7363707460440276,0.6516415574819711,0.5696216096200323,0.9365205527560124,0.865556331071491,0.7189580181800925,0.9440370376662799,0.7946368187153847,0.8922196076930649,0.8283115150783926,0.769235150214627,0.7009799043557398,0.6844986950975059,0.5700103462332066,0.5476466252751888,0.6443019180674388,0.7306710092872029,0.7338969503334646,0.6936431706591286,0.7440151916775738,0.7549669708047636,0.6665685710944466,0.5518775629158692,0.4300533225447782,0.8852751155314378,0.8210617624828801,0.6710707730013193,0.8948586046346919,0.7186194779439277,0.8270015198327365,0.8659204269538514,0.8335138166972199,0.7300098036647996,0.7343165904164983,0.6191424685595807,0.6257764449418305,0.6815226495961518,0.6378538294510218,0.6912999953801406,0.6924516136503689,0.711512573039388,0.8111938004072674,0.7323739587189718,0.5212830260832185,0.5160398467202397,0.8976521728169612,0.6721975500140179,0.6022358451734855,0.8237839770210713,0.6891669228652982,0.8139440629859052,0.8084535889369155,0.7892339100753071,0.7967071033195506,0.7961893308239275,0.7610294280089721,0.715745100475004,0.712735762972479,0.7689080335373987,0.8185201970939845,0.8017637682329803,0.7692946104355566,0.850659100124768,0.7885566881382694,0.7192613409637201,0.6113531169732034,0.8911817091852096,0.7966897465640315,0.7002276265559743,0.893607610718816,0.7796137756057075,0.8407511542289104,0.8688359159057703,0.8719226193699432,0.8572599419800659,0.8351120696155977,0.8385216719302577,0.8243352272910016,0.8244812877691075,0.7856021517505797,0.8291705216137083,0.8313526501568558,0.8368466227472139,0.8464530757005956,0.8055392177166658,0.8015059465511507,0.7628891129102569,0.9211730699689559,0.8875229954315947,0.7748377894557538,0.8758318924040501,0.7691839446566711,0.8742061827631148
irene,rest2_vs_type2,1,MentalArithmetic,Type2,5,5,665.5573659999999,332779,335279,-0.1040451667933997,-0.19701273160324817,-0.24646715967439015,-0.0191001427729538,-0.03629586284956021,-0.12922349450940818,-0.025080206317254827,-0.16501251620557866,-0.14955521426505225,0.24637511496094744,-0.07165398987947613,-0.016746558609641582,-0.2673582816474438,-0.49041647007076694,-0.6095171949654192,0.06845164652338775,-0.3252828873524716,-0.22395247183389522,0.7954343439233271,0.6493289411020852,0.7453871049731888,0.7967542517832734,0.689365844102719,0.5902883354612691,0.4232479063357476,0.6104439573671546,0.7296002711075172,0.7276406904253566,0.8159043767094564,0.5898673946104521,0.48824919544081935,0.4361177190821407,0.20594495218770523,0.7855862210632375,0.7105795536199657,0.5763512117813094,0.7753266104523062,0.6577325910463685,0.7542407942762442,0.859727821498422,0.7951364297768175,0.6498548860647279,0.7006992609580915,0.5927556874116908,0.5857961750573438,0.5932132381931989,0.5936073483674184,0.740606759537427,0.7722157846323087,0.800390356108957,0.6710962678152423,0.5266077857711327,0.39061205342621086,0.34659434188001664,0.8864440255112753,0.680335872216614,0.6003890033724797,0.8611053204344706,0.8066084242543156,0.9279660098145283,0.7898368395579287,0.8722067792626857,0.8315927188124135,0.8261783810174759,0.6969668496014195,0.5963078845752048,0.7024348733524546,0.679832581689729,0.752715457277751,0.783206352712915,0.8092052171769899,0.9010273101520845,0.8513866298601966,0.7113042515318485,0.5586826656044561,0.9148987434590004,0.7466952737914349,0.564547403955147,0.8610411938484435,0.6828329815967925,0.8334462639722967,0.8012993424586913,0.7302748978210352,0.719627450381245,0.7071751238642361,0.605009538337704,0.5948578310291446,0.5815911288766048,0.6849989842651172,0.7924512340235513,0.8254862128616155,0.8397228533297891,0.6996660246069121,0.5922724976297533,0.4246120555017317,0.3848502136832183,0.8498724592102297,0.6510782625655178,0.6250133772134346,0.805623900041444,0.7219862042401409,0.84696814325191,0.90572968662823,0.8693612393991067,0.7896445176439446,0.7533846524917284,0.7669318510038632,0.8180348738383472,0.8323226971935468,0.7595003445801389,0.771749516816422,0.7912484244124357,0.8679678676629831,0.8326246007899398,0.7614576588498861,0.7559790361845973,0.8080564196873069,0.8983963880446162,0.8508103646383653,0.7848741298754468,0.912640932836044,0.7844304100995662,0.8671833041658037,0.865462334262512,0.8353792639662904,0.8423794698428807,0.8330408464721649,0.7793728411476716,0.784456236196463,0.7327677224570014,0.7989380868192287,0.8179949107433574,0.7826823857516308,0.8021103283202988,0.8049617552982365,0.7353470604520116,0.6862372782230794,0.6987378028325286,0.9001592342556527,0.8398496849275121,0.7192988383208457,0.8735457731338758,0.7447827379354054,0.8047464483058029
irene,rest2_vs_type2,1,MentalArithmetic,Type2,6,6,675.7739149999999,337887,340387,-0.11357239431471644,-0.19045311638304874,-0.18135140636667346,-0.06309755399163164,-0.08761666256257783,-0.05974619521351121,-0.03221554805629978,-0.21276578793765832,-0.14489869739538008,-0.055595772689421175,-0.23117032666747583,-0.12336253182020318,-0.3011163083437589,-0.6879802588552799,-0.43750223744445327,-0.1413020846102313,-0.36609682706125524,-0.2570741143846469,0.9032023226323074,0.8475293145110461,0.8401522923711323,0.740931408404442,0.8176183030275865,0.7286509548598185,0.6967974830934784,0.7481099710412525,0.835681656413207,0.9353226365221654,0.8544464591969041,0.8863476475113387,0.7203364719756415,0.6782050634920727,0.6066506403201917,0.8372927702376871,0.7972643069889134,0.6721489537787668,0.9265845487002464,0.8148698276350098,0.8378392659238959,0.9150511866910681,0.7668190226550219,0.8659648426176544,0.8169493009831783,0.7281394826115536,0.6500552946892172,0.676461267777654,0.8266765602840666,0.8520867891300277,0.792434862750969,0.7569205412968163,0.7057870961521168,0.6367883095835447,0.5265864387406286,0.4108186915385818,0.9320733269935259,0.8126511886917085,0.6785662518480061,0.8755318398020594,0.7297404239894792,0.8223484098961334,0.8644351689868836,0.7461745008700245,0.7149112358845802,0.7073983753661631,0.6931247057501283,0.6550513335923327,0.5639454201608283,0.6099844863994073,0.6709065745501726,0.6972333354620671,0.7793901482420357,0.775230575387214,0.6807940208710265,0.6365261185954312,0.528809305651978,0.9272978822316801,0.8554671726629475,0.6028007173080274,0.9145362633644321,0.6586828733144358,0.7412467432088349,0.7762427671733838,0.7663113211334381,0.7299266853878165,0.7589629046081475,0.706265108496046,0.6627059603644782,0.6069749652007157,0.6118106020888715,0.7259597609135522,0.7927351914338877,0.7841106272054024,0.7283916566741176,0.6403637351363858,0.5752050538048857,0.5129677378854932,0.8719392380357869,0.7049054654535654,0.5417191754314796,0.8354749033617217,0.6676289666649782,0.8629403930618773,0.815701019905555,0.8807352181897552,0.7905347383643146,0.7857282109151416,0.7366862639151373,0.5929725169252271,0.792081080709314,0.71296356493793,0.769898462424017,0.7747864074623232,0.7490121164293079,0.8603472607394329,0.8270980663630605,0.7585581020697654,0.5635996638578653,0.8877328119826842,0.7926851355455813,0.5624344338136861,0.8457295316820997,0.6452536930879194,0.7568518729697336,0.8185252073104494,0.8514249105694796,0.8063867441073831,0.7689487556895848,0.7556281220758778,0.7759491184322427,0.7538098996468063,0.7578268443955747,0.7995226714228262,0.8044516847565462,0.8178711344174847,0.839378517715214,0.7314532555539016,0.6985121102315426,0.743219592456998,0.8669971420995837,0.825918830290733,0.7702185474986171,0.8981167206359307,0.7833721355024387,0.8200783982818056
irene,rest2_vs_type2,1,MentalArithmetic,Type2,7,7,685.8601729999999,342930,345430,-0.12430723575315206,-0.09124926984150594,-0.12252783657861022,-0.14593075037785352,-0.2068068228210267,0.006902446206818347,0.06978185917319202,0.03256557832557583,-0.07041443044096107,0.0309124942512482,-0.15025486284223843,-0.04805163178443639,-0.28429072760109,-0.2700924713431432,-0.6201805980207551,-0.15381459363770356,-0.4295613204288451,-0.2447190653479816,0.8682875866699525,0.8116428897111748,0.7579597597415839,0.7644488790003829,0.7630887592136807,0.6906665588918663,0.8215885963248324,0.8431382275252826,0.8619885975060306,0.9242192040515592,0.8670099246106954,0.8133123925977719,0.7767944462005646,0.7705415822692862,0.6716237498877917,0.9804393892684431,0.9067739810441892,0.8054641325679934,0.9175872137365809,0.8358422574618669,0.8916207591009893,0.8810758789016088,0.746743925813825,0.8247381642350593,0.8134617978984462,0.7320051127011626,0.7475764581399268,0.5973393457603312,0.6923274521365463,0.7969242717107924,0.8407207887589182,0.9121687797251904,0.7489868817279295,0.6403828951989456,0.5504474351308624,0.4556819061628842,0.8906047852951006,0.7595587076954358,0.601231539353615,0.8975380984359334,0.7635255437537463,0.881731824919903,0.7284180816403519,0.7575132688308481,0.7881359964700811,0.7228197263232136,0.5913424630584847,0.5204789651771792,0.49801251340242336,0.5591572093271553,0.7077158362800109,0.6526222216373068,0.7001526124905042,0.7715399102621256,0.5804617311824417,0.4634912053305786,0.39408093883331813,0.7916221582841526,0.6613031656905584,0.5161021095674452,0.8571949770233702,0.691402486782588,0.7619216369046763,0.8664131439488674,0.8489383867046055,0.8522849601626515,0.8251416708681532,0.7000077173430788,0.7608099580246487,0.767454854592835,0.8093055770607807,0.8529974443304772,0.8354075423152469,0.86878130111785,0.8383522811632487,0.7704978665183754,0.6501224381385413,0.6737276135740777,0.9302656162466814,0.7811693673263217,0.7705066786163427,0.8765293588377501,0.8140374052875398,0.8203217096995005,0.757192821279093,0.7850205064317277,0.7613395137507567,0.7227119411541609,0.7016037092911921,0.6032776340897075,0.7359615225922522,0.7324567993537673,0.7452961651590779,0.772267020507706,0.760233955224649,0.7487899522998849,0.6855346131562354,0.6134843653883453,0.5456103000571192,0.8697256036050883,0.7491457819542117,0.6016999450846353,0.8349775988042829,0.624181254443098,0.780044865083033,0.7990622105846996,0.8001155547018468,0.7821202127099807,0.767818330926771,0.7249154234492338,0.7348870992800319,0.6826434931447418,0.7082203596168752,0.7574317830868325,0.779758473706992,0.8604658116863434,0.8420209038231028,0.7844644378878483,0.6880992357698912,0.6203369505429456,0.8623152127650484,0.795261035850383,0.6754152832845384,0.8460912775247155,0.7383214519021313,0.8327611887440044
irene,rest2_vs_type2,1,MentalArithmetic,Type2,8,8,696.0660409999999,348033,350533,-0.14534491631499868,-0.08269627607515151,-0.1143853036000948,-0.015690927731191184,-0.0644190691676072,0.01605224697415153,-0.10997925376523199,-0.02890488956340853,-0.3964995322410636,-0.14307888803468094,0.01711845839439574,-0.09452649758959275,-0.44868685354701743,-0.17387529583090888,-0.668132729882807,-0.36313154514370716,-0.1263894830800516,-0.18866500713256684,0.9887115382465557,0.9074953295821483,0.8706451589872782,0.8707387541836774,0.8778900579603562,0.7958048250718545,0.8729314320169139,0.8445056911974371,0.8532172797684349,0.8712027717262292,0.8097768061770518,0.9612112316627152,0.9393082707249607,0.9388175555541625,0.7849647794708137,0.9897493880813488,0.9540598958261782,0.8152709909239939,0.9476439705297041,0.8463610464984357,0.8722226615958972,0.9488036032989074,0.8826511263194105,0.7331630264691418,0.6854338205793599,0.6969504063924894,0.6669434088257629,0.8384469919945394,0.7243650025891186,0.7053047957443711,0.719375229915863,0.7539632325821575,0.7736519431915311,0.7056320168713998,0.7111599920881716,0.6214505662790692,0.9682371181618818,0.9485552026214629,0.6729174474025125,0.9752480133206615,0.7039038865036544,0.7329783971660219,0.9183001258567566,0.8767208547299101,0.7993449886151456,0.675593185258221,0.5911830322521892,0.6162636009851181,0.7959681435650368,0.7604891037019111,0.694209529371127,0.6275663238965723,0.7272328541447758,0.8991143228296098,0.760766537564361,0.6625064901364174,0.5490695426583228,0.8683717981414182,0.7558932246976628,0.5798173215217002,0.8556148640189329,0.6540272120199149,0.7377589943756123,0.8300787356006397,0.8659238134293564,0.7863657201101786,0.7532785910055616,0.6965760645508959,0.6438615535650049,0.7290425982513856,0.6831678064715526,0.7312509154944414,0.8320799309773411,0.7679881597520793,0.818151725327139,0.7679592101331616,0.6862194432294527,0.5920168676160397,0.8886932192781737,0.709840614591815,0.5304419019550826,0.8112547939241158,0.5991098719025464,0.7989315927890375,0.7421019204589088,0.7413685485238338,0.7868771989087755,0.7541426351066186,0.6814716754467235,0.6132321454105398,0.6479830995566456,0.6749560018752635,0.7615920375348426,0.858081778770295,0.8188328436937855,0.7454741066181547,0.7070510239861653,0.6588189683577201,0.5397081309839262,0.8660065190679184,0.7222089004485336,0.5385368629828241,0.858552552400198,0.6424153308680248,0.7880192409746182,0.7799017968912366,0.7766995638248931,0.7613183027746384,0.7827138975709546,0.752484257560765,0.7189778775957293,0.6581154252258439,0.7154716207957952,0.7691644929078769,0.7625182212232166,0.798656561082138,0.6489870556849406,0.6802272039887016,0.650773813833324,0.5978366728813328,0.8743045237096374,0.8285615872180878,0.7100367550240234,0.8984379841920563,0.7710287687381004,0.8382817940964589
irene,rest2_vs_type2,1,MentalArithmetic,Type2,9,9,706.056031,353028,355528,-0.11184781812715894,-0.08051609261997505,-0.034266805532112254,0.1513372070543637,-0.07341643072093706,-0.16524758702661568,-0.053913085009403616,-0.08528498988235089,-0.22247646777531083,0.07416543317590918,-0.09063659942270963,-0.07803786318262507,-0.2873500280506063,-0.09866672621350592,-0.47431250781908574,-0.17758416915338726,-0.230085274961076,-0.22652216704905825,0.8548794211001313,0.9363854361333491,0.8625641884725248,0.8142481074407455,0.7906537872549425,0.7437330486971093,0.753577293028594,0.748442535154878,0.801783555364888,0.8453394584540014,0.8806907738483586,0.8938111227594517,0.8253844574342784,0.7920708436867137,0.6971058000465797,0.9564397160978845,0.908664005377446,0.7380532904766651,0.9655110762192624,0.7986299347119205,0.8919940462371633,0.9282667408812812,0.8859073877881763,0.8647159284394673,0.8572675542716697,0.8534938554060933,0.7730039992378357,0.8117579865532321,0.8125868622179975,0.8282345970626559,0.8601584152273704,0.8433447319525211,0.8091026735475905,0.7750168316574094,0.7806684275026047,0.7160189228121775,0.9645011942065885,0.9121707863048497,0.7234635809921417,0.9594334500192263,0.7498477111973245,0.8201961188362054,0.8700315041909621,0.7871519829179515,0.8392970997000696,0.8389175203613369,0.7998389687544427,0.6535908077418726,0.6258737040712642,0.7666207806772585,0.8209057989236591,0.8413456241993456,0.8157208049144113,0.7894871897251353,0.7117594951433648,0.6526057775807541,0.47219052245389415,0.9220018744809584,0.8132044991723906,0.6198842246280277,0.933938113753336,0.7293715777621523,0.8249671381361479,0.8570003582131265,0.6829485022741121,0.7416200329329496,0.7719418873646929,0.7311098264101314,0.7016081460178754,0.533217201260331,0.6728389205567651,0.7981149326253879,0.8137643703231565,0.8145443095904995,0.7172744423625895,0.6174875939554122,0.48593237145783263,0.4375709555852352,0.843791177913564,0.6973450980967288,0.5394500152972208,0.8628360580980919,0.7018550640489897,0.8259255699849222,0.7021910410446819,0.7549974639367774,0.7535436948382803,0.6724387357064426,0.5719982514877621,0.5390088514326417,0.5720540040094252,0.6031702794453971,0.6503511501811469,0.6902730493859441,0.7033433657123535,0.8464749683176103,0.7244985053491065,0.6061208629404532,0.544922505872009,0.8064088797833149,0.6356888848780357,0.5775497403106226,0.781549351464324,0.5971620637403973,0.7501233918113327,0.8280056091424421,0.8438139283442476,0.7949467099686806,0.7872589536467194,0.7558334927270974,0.7399592331674545,0.7586813116340932,0.7181310622550479,0.762622309967597,0.8225015157299763,0.8196332729153339,0.7947929450547748,0.7465101040006892,0.7426446081277706,0.6898460176167034,0.8283999086778221,0.7944862635676281,0.6869036613633308,0.8688642857647383,0.7310848166290019,0.8491032459956386
irene,rest2_vs_type2,1,MentalArithmetic,Type2,10,10,716.135602,358068,360568,-0.21492012302654473,-0.1829242358846841,-0.04010199624901123,0.10402343224722221,-0.18862363791264958,-0.1197353519509301,-0.1694294338207234,-0.145890206135892,-0.3844072521412061,0.057551576176256614,-0.07212564384946729,0.008904030744802505,-0.8314174129501133,-0.618608182602836,-0.6854257400760533,0.3482212582078832,-0.1492392205827544,-0.20540592391862011,0.8444322973327478,0.7343270250352175,0.8243092093486636,0.775134897971208,0.7557251557583778,0.7798730000062053,0.538808716925343,0.782142649869824,0.8969881020107954,0.9301077643191275,0.9582505036880703,0.7790163880777127,0.6591488183094054,0.6069312256676745,0.5273923619803531,0.9005112029284659,0.8557651951030717,0.7409971853880992,0.9817343681810631,0.8651741593837636,0.905581947390167,0.8115167957092861,0.7579742369104002,0.6917536408292067,0.6957888935157381,0.6362040524376797,0.5098907861478389,0.5221279502075434,0.507351116851878,0.655211696351005,0.7547391335417762,0.7764688319126897,0.8557935305805107,0.7478007817047111,0.5738546593802544,0.40882407727561965,0.9021921777022721,0.7058698827907698,0.5164995523402324,0.8425629773680651,0.6810040118036828,0.8591746022076063,0.8327018992763839,0.7090988527689105,0.7239958334199177,0.6337451092106164,0.6047408713144474,0.44416596099083805,0.49081777089366513,0.5623789531689165,0.5959150867039746,0.6559813319295372,0.6803105591405116,0.6316177989857648,0.488163523861486,0.4043068011964025,0.2291458020204927,0.8660388679975625,0.6995385863835021,0.3097510572477387,0.877900989676821,0.427169605828361,0.5862049771425695,0.7846162324905146,0.7088640909106454,0.7212251711471446,0.7479623819250297,0.6959442232244653,0.7085336764856578,0.5374788434630727,0.6068282965532351,0.7310495829450657,0.7860257633141373,0.8272199820607194,0.7725014771377527,0.7038636410761359,0.496352855566534,0.42366129639988126,0.8990910164983108,0.6935651930143706,0.5735064754833827,0.8561834965949842,0.6866133991417259,0.8333839589839073,0.8050042639349171,0.831442653633707,0.8306415799502977,0.7951604374391468,0.726191181448747,0.6985369126785108,0.6952401407617461,0.7983286545909208,0.8478818046272523,0.8625364085353606,0.8512793521720784,0.8402347087414072,0.7290213043966738,0.6399688426186939,0.5808548146027912,0.8933987923992731,0.7906813560379389,0.7000604303687656,0.9146666048695109,0.7933750862641815,0.8693509706583025,0.8310160391302592,0.9028001542653361,0.8906149860071023,0.8275607516383863,0.8115651109598999,0.7796994656143703,0.7697019156867381,0.8129508839397643,0.8443373428725702,0.8360819910026424,0.8440033546300345,0.8889156606682276,0.8205648400552317,0.782499717802485,0.7133309869212118,0.895542235741554,0.8858218105005116,0.7941987583669922,0.9194099981176952,0.8573698631100329,0.8720851691244269
irene,rest2_vs_type2,1,MentalArithmetic,Type2,11,11,726.109162,363055,365555,-0.1296230314512572,-0.12190260209573545,-0.0895509594519428,0.00591628436855185,-0.04504622970623551,-0.10186607690256633,-0.09250388955662547,-0.16294784425949604,-0.218284249590468,0.1399430964123547,-0.07362612204688679,-0.09251320114862382,-0.5381401160028068,-0.5600904028159324,-0.3580999521367998,-0.06614512172184739,-0.2130354760240336,-0.3327597359293888,0.9205571765934013,0.8817177966249325,0.8977001586497116,0.8783174339903431,0.92939275904734,0.7971451948121766,0.7614597249310472,0.8196888929431617,0.8517561198759762,0.9416193803312742,0.9073158518958763,0.8880320116505301,0.7807235281562387,0.8288417810847764,0.6710098868752499,0.9254913301553057,0.9171154635125351,0.7557421266179033,0.9290418428675743,0.7890925414959389,0.8870051534510326,0.7545220074862202,0.835902039855513,0.7193226384437088,0.6859079669945845,0.5013047357660312,0.3916167412311592,0.5402294096123113,0.6546430960839075,0.7341337019144429,0.7188638318440829,0.7118706155657057,0.648770526586191,0.5567611265094143,0.3804173558611592,0.29742201838207416,0.8679507144778159,0.6334043583139312,0.4036336041470391,0.7862199228221692,0.5508232423392891,0.7604717923655522,0.7949384704147551,0.8274051068416539,0.7701417166584752,0.7624293523585086,0.5732853357544485,0.40484092981053177,0.6098935284340607,0.6794684701289484,0.7588128125471056,0.7127337975271821,0.5961611424871579,0.8670177863205869,0.7164069755062598,0.5214068798957828,0.24479421376582772,0.8890822381288259,0.7050490633947306,0.32542502884090774,0.8259553052024421,0.42918953851928565,0.6717942325848273,0.7599843704059535,0.7363972619574213,0.7262472090155534,0.6990590963229505,0.5752970166363558,0.5563653189354885,0.5641603713248858,0.6939859585988024,0.7756427658644416,0.7372799299600691,0.7723464826206604,0.7172278987892904,0.605287920252164,0.4542281431522644,0.3983544730335566,0.8588880626289094,0.698914489407259,0.6077635099796835,0.8527954237872221,0.695915398398421,0.8475435393563088,0.852449393402815,0.811553547377385,0.8235967659493163,0.8142915761844173,0.7706273624417442,0.6916214968806667,0.7114476118753785,0.782149830454077,0.8383570386694593,0.8384361821318798,0.7950587820588866,0.8057393647613994,0.723474476939896,0.6729481730210205,0.6296959848901492,0.9016665083794825,0.8190893937609312,0.6878785722121581,0.9173536910362524,0.7615944299614261,0.8603409527823269,0.8428138979454849,0.8858650385285272,0.8832128737565174,0.8557513091815339,0.8339835382595239,0.8142365727552628,0.7860161595630228,0.7836657743114572,0.8261505040453738,0.8172576879107576,0.8244364234760473,0.8920241786540563,0.8542742954705052,0.8062699388815739,0.7531106126887549,0.922494866923804,0.8738460478572189,0.790413497503013,0.9044342918638015,0.8220542944245725,0.8734383784609915
irene,rest2_vs_type2,1,MentalArithmetic,Type2,12,12,736.7547729999999,368377,370877,-0.10656543502870441,-0.17405219959818474,-0.0805108683677247,-0.13402651549228484,0.15044126458022955,0.01774905996882925,0.010331329328838734,-0.22667350443938528,0.010130643769872716,-0.03675341010573696,0.09222883467804266,-0.053861820413163564,-0.21566060512059337,-0.589216023251427,-0.3766420997456792,-0.1731221279541857,0.026306449975586954,-0.17035559372625686,0.9697299071205913,0.8021447075115051,0.8866288743913104,0.9040158946144138,0.8953271606379744,0.881676306911683,0.7357411751618704,0.8608201143999782,0.9079267124929318,0.9367369111211524,0.9400937464325637,0.840582718761495,0.7410094622872262,0.6978629844892469,0.6588917460006695,0.9297198601949456,0.8070495727023953,0.804125738592192,0.9053758712652425,0.8661752046010871,0.9333883130189979,0.9704338028977315,0.9568868647525367,0.9027787159345407,0.8424923654298061,0.7341052551728201,0.8319363787523835,0.9175938065298104,0.9043750257489274,0.8584306455572308,0.7760450242384639,0.8619520403250568,0.9401983858606126,0.8569484201169654,0.7371296901023814,0.7950652719414635,0.9376427521398775,0.8305376862618858,0.8387850802993747,0.9060209089360648,0.8226121535563243,0.7924516937825659,0.8126794336653342,0.7315192562556312,0.7317326781175949,0.7033980037727863,0.5928714368358797,0.5381449029990275,0.5068271679487134,0.6094078022357584,0.6938761488578983,0.7228361224108616,0.7433497480161603,0.7887744123454707,0.6617584497867617,0.46741994666669184,0.3291206535072279,0.8917459396589615,0.6917353989382529,0.5416824227400513,0.847796080296963,0.6649954986345399,0.8263447247870741,0.7921519340013053,0.8077180727036044,0.7882868338834643,0.7808296094088943,0.4914816510590044,0.5367839133891947,0.6304436473240697,0.7146950471102604,0.7718148814787977,0.657678373773675,0.6663029366020147,0.759209575670262,0.6418818079008124,0.35021373509349263,0.3752977548822949,0.8580887236379778,0.6105527812366359,0.5600261182650136,0.7517047350668424,0.7057818015617628,0.8599115516358219,0.8100923714073917,0.8015073448830162,0.8354046612523803,0.8095533907309866,0.7644500137200719,0.7002956905701581,0.6145385921079496,0.7290302616666735,0.7897728992576957,0.8197566994496271,0.8125726709016476,0.7700485257561855,0.6812281341697863,0.600412963307083,0.5610096016400541,0.8867355987497013,0.7896883860898849,0.6856041056498471,0.8860636168355371,0.7864973205119435,0.8504988506320068,0.850467439347078,0.8376622683095649,0.8540082389899454,0.8505341095301214,0.8424900635316841,0.7810581660350125,0.7673165626144454,0.8210549365360928,0.8432784333423394,0.8598288985112754,0.863913265304782,0.823401617907068,0.7738260448534902,0.767505195900246,0.6923200220598384,0.9195706325746293,0.841908168459779,0.7467946417216944,0.9060884856726541,0.8015780307651527,0.8586861871426074
irene,rest2_vs_type2,1,MentalArithmetic,Type2,13,13,746.99262,373496,375996,-0.20408001181030944,-0.22344732255876032,-0.05691566837832429,-0.07715788918140642,-0.02528863946478621,-0.10355636483048958,-0.09455940976496446,-0.19283349148906392,0.055241691138882665,-0.15367715378850866,-0.018406488369345553,-0.033683928855150924,-0.5512607501995124,-0.7582900215895307,-0.31522845222091833,-0.3047640111520531,-0.30241257119877085,-0.23396968597085843,0.9178778431585246,0.8531831442827674,0.8497802387990351,0.8637434655315236,0.8482215487396129,0.8115477364935759,0.7021912108985953,0.7634388716632211,0.8890493309840516,0.9190283476131732,0.9389574621928335,0.9044851158249835,0.7897331388218589,0.7286368283431237,0.612508368507445,0.9200565670968286,0.8516896476851942,0.7085727088624042,0.9711846487789927,0.8551768879313897,0.9299235767286953,0.9149708045195118,0.9358513160931393,0.866272800737107,0.7937471864435012,0.7482528244778477,0.6742417441651385,0.8212079241985186,0.8413328089852743,0.8103402707169282,0.8250825789710391,0.8044940054984818,0.8089586565331786,0.7387113981543515,0.7022815909136102,0.5587585868773212,0.933016310204192,0.903409895319231,0.7309401751420253,0.9295997688243595,0.7303710578421296,0.805694888256557,0.846516687974985,0.6762752031082371,0.7334816931839939,0.7392334079012979,0.6728838404903591,0.6270439880069618,0.4882630918491897,0.6167812103428448,0.6923676655177405,0.7147469747508309,0.7787653395817218,0.7137558289549798,0.5689110117522029,0.3970794183898448,0.28149554690231177,0.9045143171371327,0.7553886875023272,0.5236499179751655,0.8697985564291285,0.6307722799804278,0.765216104147429,0.8208603230480659,0.80885903052788,0.7538167810262931,0.7062134780648549,0.636098134764442,0.670583020008518,0.5988603926499866,0.6663195865327369,0.6997619404839747,0.7325354727321116,0.8007723668781079,0.7473942479286168,0.6617876813676915,0.5006947582760077,0.4910247479065564,0.8952213828227527,0.7161768308984672,0.5578945006016576,0.8473792049274177,0.6464028068111937,0.7744664398307347,0.8194754755561434,0.8145456141111154,0.823631364037368,0.7920836219831295,0.7738433961264845,0.745251399700663,0.7436231376205119,0.7270115464825903,0.7330739595806082,0.785362727667854,0.8275836757326237,0.7981189904250415,0.7750704194764853,0.741646083484789,0.7111929915073895,0.9221676357416496,0.8265481323791952,0.7007492049726073,0.8760729840769792,0.7360895042440377,0.8241074872267475,0.901294354741017,0.8490111853712946,0.8438116913872198,0.8387737774203015,0.8323828962995613,0.8124927598780123,0.7785324003772089,0.801126101161507,0.799646034935736,0.8201293202883652,0.8387229080547267,0.8194981130941943,0.8093387441390583,0.792540201331018,0.7601033890064703,0.9106902352600103,0.8530540768192361,0.777974090607018,0.9106025526190901,0.7822969847009854,0.8481070027579679
irene,rest2_vs_type2,1,MentalArithmetic,Type2,14,14,756.79064,378395,380895,-0.15194510911127868,-0.17594083382750458,-0.20900534261016812,0.029140193649531465,-0.1729072904212381,-0.058541755175065546,-0.018961885779415155,-0.039204303478371116,-0.05571869661653306,0.11999198692213087,-0.21907938446025277,-0.2927802403776183,-0.4479093487312982,-0.5520464765373934,-0.6049179651931333,-0.06589082025441773,-0.5557751457234099,-0.38935866746704306,0.9541986182181821,0.9350428887495048,0.9339084669553157,0.9440016373187223,0.9455706648123138,0.9073354266563003,0.8633729022268418,0.8865497038444645,0.9144115370002528,0.9805493335364295,0.9759937143326538,0.9485386192570374,0.9326888730356211,0.8682380354313756,0.7948029786990034,0.9788285883585234,0.9141635109393382,0.8322077444111464,0.9413549224139116,0.8687591692062268,0.960607291052604,0.9512955566669546,0.9307972755414492,0.9004259610249727,0.7919543198884597,0.7858174113344875,0.824885447226498,0.8660939534309242,0.8619046714057971,0.801216664963921,0.8162382949879047,0.8734304119686481,0.8987085523545052,0.7218952027718141,0.7133155067064576,0.7611844329876126,0.8902970374623613,0.8642595109676638,0.7962228979443013,0.9606114213390834,0.7732020453897918,0.8357498485054325,0.8755206601508778,0.7600738893644499,0.7520016379202744,0.7973335692280737,0.760170175378945,0.6413255646001162,0.6350873978154786,0.6458308590371868,0.722244289387549,0.8256403434103566,0.7802638368033261,0.814990751957929,0.7215137681273514,0.6177622639649624,0.43986149585185563,0.8983869323518214,0.7542964222530251,0.5488747681696868,0.8627959198392696,0.6564259604324671,0.8176882673238715,0.7210330470864973,0.7085557390158821,0.7485177008097238,0.7433132955084629,0.7039215149156143,0.651304981681663,0.48781654123145085,0.6155310715905784,0.6822671503454708,0.7790807406534977,0.8565647026803841,0.640147091305832,0.5730845194463581,0.49286139076931823,0.4648748883315308,0.9022493911487207,0.7454795588318677,0.5915429338617865,0.8670406475638114,0.7083540771922304,0.8527233284452549,0.8034976067791159,0.8374993886315943,0.830951063660555,0.7701404650501884,0.7116119800890621,0.5729805755317403,0.670884276987245,0.6588281249151304,0.7049652517889597,0.7019519758453363,0.7254732938916779,0.8007095026002197,0.6946281905943213,0.5761478179818965,0.48415043038524785,0.8530811127445996,0.7431130159373489,0.5974263981112713,0.8567089213249521,0.6288768543697508,0.7511146439236097,0.7853829788349519,0.7407354470909461,0.7748985218585852,0.7771347511813615,0.7449854174685221,0.6948981578814014,0.6560549469550774,0.6855752917969421,0.7602349779840446,0.7796930011355134,0.793996995275828,0.7171636132567245,0.6908282318476167,0.6161007002496265,0.5922782642352066,0.8600685255323813,0.7574110923628142,0.6487628296545583,0.8218092647693225,0.7530567382322426,0.8212579166908887
irene,rest2_vs_type2,1,MentalArithmetic,Type2,15,15,766.751752,383376,385876,-0.22784271569652859,-0.16802027096494765,0.023056041893759982,-0.05676524275186878,-0.055736864496854555,-0.02121697731553951,-0.25511597043684997,-0.23170207287104283,-0.23745575314176648,0.018558243885105075,-0.0858651622302169,-0.14313213545551173,-0.8655611444299822,-0.4854722315670905,-0.1540267316475643,-0.1111776461757441,-0.2890316800329824,-0.5661760704524728,0.9122466962211377,0.9375268418455233,0.9334310883775881,0.9377391242886485,0.8585382493134133,0.7270542520471543,0.8616981410653858,0.8341306788763386,0.843782009694023,0.7775188186025206,0.7199036028967609,0.9239768239880003,0.9278904935988144,0.8662947181491422,0.7301006657501389,0.9923563030571082,0.9215996490830073,0.7804052847504508,0.9330525370982783,0.7823828569822747,0.8470042849605954,0.9427082254828077,0.8515505117431412,0.8544412685744497,0.8173879012456716,0.8257928701169222,0.7695772375923776,0.8166735189075687,0.8350656110725915,0.8107079758785553,0.8556743539751799,0.8532906814636478,0.8434704710082623,0.812600166319787,0.7632765330011103,0.6533380666904933,0.9684320163474962,0.9257871547676925,0.7321735305744206,0.929340834514756,0.7358403059558054,0.838935590918241,0.8633916819450157,0.6520738132549038,0.5932848403629967,0.6883738481884346,0.7224479587728663,0.6959132453158156,0.462413881649574,0.4908275132296898,0.6612135603364474,0.7346546313919247,0.8330074530821961,0.7475380436670408,0.6168450609589731,0.5513781607266378,0.3212069699965899,0.8854264858704081,0.7705016655307889,0.38352407224550666,0.9286081399323493,0.5633934318842986,0.6671557185885088,0.8189876488113393,0.8274268048311052,0.7490334069005395,0.7385924286542427,0.706403152595839,0.6496680016281037,0.6436111025051591,0.6818382652050451,0.7792107171838888,0.8014346217600709,0.7953188205237532,0.7578048853158521,0.6350377540456676,0.5954442022944095,0.5076153437770535,0.860023513734363,0.7578082659556108,0.6635676557008579,0.868915187134329,0.7876694148469081,0.9098993349816229,0.8383311811914267,0.8025229273106564,0.8101591566641617,0.8424076096984571,0.7933305996167876,0.708318444224399,0.7559648983988532,0.7070564214901744,0.7826960476904887,0.8063479640114929,0.7882219598904388,0.7649328431857033,0.7415032437572331,0.6931489457873489,0.673615494636035,0.8811232048031533,0.798685260885206,0.635908458108008,0.9029431181987895,0.6888864238976642,0.802442940266049,0.7670715038204177,0.7685111116953526,0.7877413512121629,0.7471376648280807,0.7514283408537878,0.7026575384160296,0.6915019055410585,0.7713400506077683,0.7994144276176317,0.8345091174838186,0.8676284167404227,0.7384526265269821,0.7345199000451809,0.7355148612217045,0.6474578628926319,0.8620012596631212,0.810762817983035,0.6952527214039708,0.9119721719827503,0.7353212011525456,0.8057551603231029
irene,rest2_vs_type2,1,MentalArithmetic,Type2,16,16,777.0054399999999,388503,391003,-0.11390000659315191,-0.09879445948235333,-0.026708532707673704,-0.06716736869943807,-0.05400132440720906,-0.0671185960690508,-0.04824020226950054,-0.03539273004810539,0.02777008062431685,-0.06081932308956661,-0.04466222589799562,-0.007051374846810177,-0.36196585105905754,-0.2955887617175401,-0.11781915140592991,-0.027093022717308735,-0.21585771710748247,-0.14742201876455363,0.9741813266797048,0.9158288867542834,0.8828359543113542,0.8593155827353703,0.8445579801552368,0.9032784400518586,0.8846079112532365,0.885566851328801,0.8715150690560741,0.8827753420578829,0.9454842724670142,0.8244871314248757,0.7880305122360729,0.788626454182559,0.8295007528405833,0.9747162365518425,0.9310360079694595,0.8385135570760629,0.9535906758028702,0.8494710698624126,0.9098784935205353,0.9882814203942862,0.8809946448972776,0.8861069796271704,0.8488034301480156,0.8645998433471885,0.906193854493618,0.8517033647060841,0.866769622772957,0.8581243741038778,0.8872142526175467,0.932940787497005,0.9289884182110764,0.8176261738820146,0.7493882619297518,0.7695039953836582,0.9156334726798503,0.8612865533929898,0.8421078797020833,0.9525982165036562,0.8925038175007826,0.9263641030262361,0.9242350659064728,0.7571093052056657,0.699827073052795,0.6924565190191861,0.7318377359407171,0.769675963892872,0.6551210354917301,0.6334325977323062,0.6645373393032838,0.7110620569776495,0.8146711200584482,0.770154674296363,0.6795966403325037,0.6396226525359829,0.6071330248879024,0.9320537962659675,0.8264371756381178,0.6223138791326378,0.9060736598128349,0.6435423729796775,0.8103590486610741,0.7891771899582197,0.6630240062161011,0.695344976902468,0.7263032658585791,0.5982399525333022,0.5360636901561959,0.49733392940550775,0.580046638443825,0.6858696095143118,0.6933098236279734,0.7357618631251837,0.7683276139827606,0.7267580082003814,0.5046555906106323,0.3945435905408442,0.8673842594474767,0.647609758748472,0.5054328676031363,0.8067117406340735,0.6621506699505593,0.8559953221615604,0.7706585893992104,0.8265326546760636,0.822187648645825,0.7828563718936518,0.7650104182162265,0.686390573040462,0.7107237283620483,0.7698418528649087,0.7547707508076287,0.7978689227716647,0.7668119015212482,0.8142399382199144,0.7735394120862157,0.7165330816694913,0.6522317702496954,0.9109925889435523,0.8247850660058273,0.6863056728572279,0.8860152399826138,0.6912276441431778,0.7544323657907873,0.8575947408600909,0.8608869062107495,0.8204115359833942,0.8109243691045023,0.7754969953217545,0.6782413106680684,0.7926372305360596,0.8114384516111088,0.8415700439115458,0.8513987625682596,0.7536949470628401,0.7900653129442057,0.7689549978009742,0.7353192997200257,0.6510833203014958,0.9048518492298595,0.8549277299882878,0.6681782259173118,0.9120194120251329,0.7037905337844641,0.7647212767370284
irene,rest2_vs_type2,1,MentalArithmetic,Type2,17,17,787.1568389999999,393578,396078,-0.18009000659939645,-0.2205127307422705,-0.16590772393262032,0.2047822092756184,-0.10725152830615725,0.024473145984292177,-0.061831622295288824,-0.19247760601862574,-0.1063593989824696,0.07948887593290355,-0.28427488329926476,0.0466564469455335,-0.5693237814585244,-0.7204951243388322,-0.3578002747848785,-0.07683623491808289,-0.3363776807566121,-0.0903608975546848,0.9753150540683053,0.7750148776830664,0.9254255621703759,0.9539326086746985,0.9353623836513357,0.8338143661226227,0.744459094138231,0.8997475539375189,0.9501332897071783,0.9632894213448233,0.8993968842998904,0.814051037276491,0.7828231929744832,0.7340761765685316,0.6107121103121711,0.9696979843037986,0.9006921732966111,0.7823697718519772,0.9568957913579783,0.8507985164346956,0.9134622702263276,0.8834885382157033,0.790128205116156,0.8219314142693008,0.827579164511826,0.7816032493390801,0.6548592490528892,0.714754739816555,0.7029603473553043,0.7719517970641792,0.8189514450449503,0.8078794188133643,0.7423681650219447,0.6544067510689979,0.6388436889499896,0.5490575977880242,0.8960275908189231,0.7761786866268326,0.5389856615079798,0.9063351060012311,0.6467723838791068,0.7709864580284472,0.7798235657986956,0.6458355811318613,0.6510018960240332,0.6901875700003495,0.6234152989423286,0.4516478080092683,0.42649993244279677,0.6328860065263762,0.755583218646084,0.748086530937892,0.7113189815187073,0.6684228280109087,0.5535718736905728,0.4403861965960221,0.1331981943053453,0.8995152274553883,0.7673557956198395,0.4255921157010191,0.856905186099447,0.5376892180526218,0.7051821098557646,0.8751937100269945,0.7790694749016188,0.7792538554958963,0.8040053856450223,0.6917603060910538,0.705277065046376,0.6369715949362694,0.7027212668047139,0.809218912342816,0.8001235756344399,0.8834909418575204,0.8308037497594696,0.7003951566754935,0.5430143659337646,0.4891027530551837,0.8616330500145521,0.6953531360538409,0.5944984519969797,0.8565549765336582,0.7617650443498576,0.8543983169481182,0.8884910374486301,0.844524612257008,0.7672368556428121,0.7517907647160849,0.6731214897054204,0.68606982516343,0.7679484479381945,0.7329480511861837,0.7782529133930308,0.7565480411500658,0.7717689162218692,0.8432357026540354,0.7619916150942382,0.6566795769355911,0.6974705806555523,0.8906109800216283,0.7560754289503797,0.7116482502718935,0.8568224811285127,0.7417414889617119,0.7959462511385921,0.8282147898827307,0.8488144642654504,0.7947004843532645,0.7724942786864452,0.7621135741339589,0.7238210691250481,0.7542690745067194,0.731889198862719,0.7916486757888108,0.7851890623429694,0.8075899591192006,0.8489729021141568,0.7796769192396277,0.7675120864726747,0.7284881827006692,0.9111875263895486,0.8680242399863085,0.7781783073619817,0.8908186108592263,0.8045221000508526,0.8521766532825131
irene,rest2_vs_type2,1,MentalArithmetic,Type2,18,18,798.0730329999999,399037,401537,-0.1891810908003979,-0.21075659856872697,-0.2606304555634802,-0.02364699565990991,-0.07678501815755823,-0.19874629690040413,-0.09624582683433935,-0.19851423431359105,-0.37920473010663347,-0.25100533178667206,-0.12840258787025594,-0.14144301560280415,-0.44277217637928956,-0.6761803947837333,-0.7375430731765209,-0.5161567971363348,-0.41110591214151615,-0.3360078845132901,0.9888856678904546,0.8944945881537983,0.8868285850058187,0.8349616191223455,0.9057695708976781,0.8810167221529368,0.858194154426976,0.8879083095798679,0.8529614367017473,0.923890315382796,0.9164189277173208,0.9114315716937395,0.8064788512064486,0.8300313569285495,0.7557735230645616,0.8421995964463196,0.9259269119371099,0.8485980958675853,0.8886281285033863,0.8270294556176541,0.9414585003139996,0.9216986070613586,0.9529218203502242,0.8887423433806153,0.8042201534334209,0.7414993791434834,0.7015083599210321,0.8564086079058961,0.8348368761777292,0.7961014538920296,0.7955158962233655,0.8290769797373874,0.8801670561386995,0.8021273633466566,0.713235017867481,0.6521388830713023,0.93891580883513,0.8711951402526784,0.7735965359871965,0.9117467936354232,0.7773633149429695,0.8508147225591248,0.8282538560128012,0.7721158462290866,0.6754603384992033,0.7084612037732585,0.5426801960799292,0.5646624369715613,0.6058967196091853,0.6296528675082242,0.7047158949921987,0.6323207228818652,0.7843526331523072,0.7809120602632741,0.7266697906294007,0.5534923677342632,0.4369417622078589,0.828908963930532,0.6867994222894097,0.5437280384588413,0.8062094193518791,0.6281427927209324,0.7254125119514122,0.8326831224148435,0.8403022359675015,0.8107909368851297,0.789289908542558,0.6597522105015922,0.6537693205522214,0.6833981954394568,0.7075721566897821,0.7408284784178834,0.7072088951708024,0.7182328147171299,0.8439192710682573,0.7938493064577824,0.6595396757391764,0.6143335116912271,0.9026797687883071,0.7120800059876337,0.6122816842483401,0.79660542800953,0.6326663638779577,0.7635286960801648,0.8202527637393877,0.7780154557226627,0.7509829416361862,0.7535585244864265,0.7036878494523595,0.6262403488779843,0.7110298180053295,0.7664703346840898,0.7300399688453917,0.7587787919082766,0.7753018905279878,0.7381318426754585,0.6732442415578809,0.6336003113941298,0.5499217672491427,0.816094331397637,0.7168349340667429,0.6353879588317666,0.7959706605982846,0.6637960135005566,0.7645819416155857,0.7994234854217367,0.8033209533740202,0.7877532789823677,0.8176872982018895,0.7877691559419194,0.7199168254689994,0.7340650771887588,0.8131417802556381,0.7775292900921702,0.8288127869306054,0.7701493047633918,0.8092178910095967,0.7820998058895449,0.7145710991481117,0.6617436803297927,0.8744069989497125,0.8200552708605002,0.7357059428859094,0.8579916068450506,0.7678978278641835,0.8147249349457943
irene,rest2_vs_type2,1,MentalArithmetic,Type2,19,19,809.044283,404522,407022,-0.17635796922908042,-0.1875285590273581,-0.07752725222212131,-0.015051109797022733,-0.262897963808137,-0.05342428021866796,-0.11509903298498791,-0.08913763136142361,-0.16490008177324933,-0.0580810266521552,-0.19412793384866056,-0.044476038962215636,-0.5696886577376494,-0.6273081114230763,-0.252749204557682,-0.5051535234608819,-0.39091620409298367,-0.14419686415396038,0.9816562756331922,0.8778986412300482,0.9232807930135393,0.9018423614777153,0.9000096115991945,0.9185259496805888,0.8696048702625229,0.9248611445327725,0.9308185379028567,0.9360578676593581,0.9328075277497447,0.8860337458358916,0.8669650557056726,0.8632674638794992,0.8740232699331791,0.9658721677454601,0.9472410793713073,0.9120913521752937,0.9918140997240118,0.8943107067525783,0.9034259357969845,0.9702103740655319,0.896134281343081,0.8989506260310524,0.9017385093824103,0.9078582314595989,0.8786555268711298,0.8660231764584763,0.8891476784317108,0.9035290579954955,0.9348901431678389,0.9343596420220192,0.9532970373578806,0.9089872560503891,0.8468924415292371,0.7427488614527191,0.9709257742891753,0.9184114027243215,0.8040684596532892,0.9628559400208663,0.8400746990574971,0.9067901781616138,0.8770900396650804,0.6401258123985182,0.6040727986407874,0.6339212173449335,0.5456641406039826,0.49993881667263906,0.49746370566720993,0.5419673531699285,0.6678988097335442,0.6196481562070968,0.6257315379498325,0.6863413142421529,0.5310682911464337,0.42889972876374655,0.26205253365917447,0.8461401863883878,0.6628129639966078,0.42180745313243617,0.842517531441603,0.5955644742132183,0.7416812153632543,0.7861608675759915,0.684015867479793,0.6151200061578798,0.6946155062606795,0.5005121193696654,0.40288357945518116,0.5622289874149698,0.5798569573998071,0.6710117398629345,0.6483664352096614,0.6308177499982744,0.7651171833534737,0.6946546127553012,0.5441036653094088,0.3085472179448111,0.8513304542524978,0.7007440983425801,0.40418740973387196,0.8238987810323574,0.5347532025247053,0.6359374611921812,0.803791736166737,0.8387412061566883,0.7667379875919332,0.7155676309431389,0.6179904643989381,0.6182669276091076,0.7216205635098593,0.6749842387539496,0.6868248677793276,0.6887619436800566,0.7249487095839678,0.8162727934251817,0.7368222799080333,0.6079636608645114,0.5601942598931505,0.882539339233113,0.7387149236660816,0.5883545893366442,0.8219161941515831,0.6607361077431051,0.7900968383913494,0.8176735090390417,0.8495022155677013,0.8577406101913089,0.8337437226710263,0.7687909365242729,0.71801868845594,0.7462244785846622,0.7782928362414132,0.8229580786774049,0.8342351861070862,0.8596919183172937,0.8884867692986439,0.8224285525749419,0.770390202239057,0.689007727008916,0.8974291294306452,0.8476061541910911,0.7243899322267048,0.8942588941198507,0.8032667132281904,0.8458304372941398
irene,rest2_vs_type2,1,MentalArithmetic,Type2,20,20,819.1410669999999,409571,412071,-0.053938251764961365,-0.019940858184312127,0.0532977359148199,-0.26815880691159855,0.0783080736589028,-0.17083698453418128,0.06894664239654436,0.01471243715996895,0.2715732097625909,-0.20400508564925346,-0.006397581838059274,-0.08125823276091415,0.07398679955660104,0.046369021528677834,0.03186394335291931,-0.3463576351735467,-0.055464669683706,-0.2881354915710692,0.9572014458900906,0.8181966633747662,0.8338002175271814,0.82870977681455,0.9301347910660838,0.8045468759858239,0.7367380964608672,0.7704897853498037,0.7632117336289254,0.924481228446758,0.8477296541738887,0.9098233623764143,0.8395031920336705,0.7385612801339679,0.5571221987444922,0.9465448869576146,0.8059464098843331,0.6360867921028018,0.8273039241730513,0.6701040447955491,0.8903744382315407,0.8801223467222361,0.788168236131528,0.8050410959193537,0.7855424605206026,0.7172486454660193,0.7146882170868661,0.6294055712097321,0.7261282660370917,0.7556014557231935,0.7253843666206357,0.7958087745292414,0.7742601169694631,0.6356656062691812,0.5932834258199369,0.526852701453876,0.8630432582196529,0.8687467602546641,0.7473288542736499,0.8665315938011,0.7503610192993428,0.8767095581455873,0.8623927620384803,0.6211383824242099,0.666185351299721,0.6601461601762062,0.6325139015561094,0.6101336280974254,0.4437639187401159,0.5409886063294891,0.6055376454842011,0.663983080400518,0.6835078892249331,0.6777629199657864,0.4748061479232256,0.299877559355826,0.22889981854035174,0.8050593692412483,0.6343356402083243,0.49199747401822846,0.8273553812208122,0.6249742807765154,0.740214324101086,0.8114483610129083,0.814492092157637,0.7864119903113652,0.7210504795790846,0.6020180484572798,0.5530728531207032,0.714859330258327,0.6865431204085475,0.7284877507597779,0.6969944072181672,0.6999370456244722,0.8795080659026164,0.7544034946608186,0.6104967590010238,0.506907648464326,0.8765378191717953,0.687901753116769,0.5369636291884742,0.8176787657043671,0.6501668051114015,0.7506080880687994,0.8223070049734547,0.8375178896930802,0.7896218344636362,0.7453056789276418,0.7381897395400819,0.7441584024866967,0.7099479301374877,0.7044392946378341,0.75335300170894,0.8048322534917961,0.8312105726558299,0.7711354486544718,0.6745858364898576,0.6508002402318223,0.6524116928093043,0.8375652783028432,0.6893137762165508,0.6350683688549004,0.8393679947536388,0.7326109775221524,0.8503528683844832,0.8508566276337137,0.8429922504443844,0.8052643590067349,0.8016290569627723,0.7500879907186335,0.7096232103089973,0.8000657363905831,0.807419238701387,0.8209831768985744,0.8263414938947177,0.8426841950000665,0.8584890093019365,0.7810268259237193,0.7138147665788436,0.6935252886412006,0.8695849772156525,0.8258997377617329,0.731457152334784,0.8921825218215648,0.7704441219038108,0.8456356225666739
irene,rest2_vs_type2,1,MentalArithmetic,Type2,21,21,829.8041,414902,417402,-0.25152394759335905,-0.2655070078040245,-0.11929204958203377,-0.16867151075698716,-0.12462511860705483,-0.19950045565490226,-0.2374145806128416,-0.16152697939537042,-0.043365501294636566,-0.059031542414262006,-0.10112734444644955,-0.19984414315842658,-0.7051707291151992,-0.6308073718584053,-0.17155985860446776,-0.3099910331146347,-0.2829132239552572,-0.35967929893398276,0.9642735523004403,0.8163162351740133,0.8571827258489987,0.8466744472399285,0.8661489697175676,0.9176383989988769,0.7597640967059678,0.8433566100952976,0.876185042472835,0.8948238286096968,0.9620307216370336,0.8554718670804512,0.7925021971693841,0.7987070275468451,0.727895872091509,0.9544524689677583,0.9599699106931576,0.8280643047393362,0.9608896498714283,0.8577536848051159,0.9051223510872697,0.839849670158659,0.8083126443429377,0.753761198536412,0.7477056463666384,0.6155942426000311,0.5488283660289369,0.6840513345668691,0.7260220844831119,0.7801586117706344,0.7926796324141593,0.7113508626527217,0.7271265264926533,0.6984720346650247,0.5627133253635254,0.4553353834900328,0.959184945322454,0.821909536001651,0.528446284299623,0.8876977977941963,0.6013938413885584,0.7197196436505521,0.8973615563739102,0.7890397121050629,0.8497855193528959,0.8538047342946938,0.7442451987669847,0.6478961539949981,0.6654274523550139,0.7142995016505281,0.8500552592823111,0.82177957318125,0.7852812503450306,0.8675732972216645,0.6978080230014211,0.5813061213694671,0.42698813774269523,0.8413148035101893,0.7010537435231615,0.5023650843782561,0.9047351718014476,0.7021813912110667,0.7695843781241578,0.7970085162713962,0.7707224301316363,0.7726230217213667,0.7795460350783376,0.7395555614585672,0.6461249578382372,0.5565330212429647,0.6794699079023924,0.7822396235273379,0.7778218524324567,0.7080631964662323,0.7777249734235684,0.6973950429889912,0.6231659009210602,0.5184152425048706,0.8886484831380494,0.8106164831974433,0.6385019348922928,0.901975471114507,0.6579823431777743,0.7680271678837169,0.8494398310611763,0.8125175569817568,0.7613906754657952,0.7812329276354459,0.7053644347637357,0.6911646915679702,0.7811721713077846,0.7207772340675217,0.779556612878976,0.7987226649602579,0.8175153549856272,0.8015203021962924,0.7909283384803647,0.7323970836331988,0.6173734898382894,0.8446731918106902,0.706600108113143,0.5740528753746825,0.8503882131497627,0.6918749017817613,0.7328579435788202,0.845372601813488,0.8849921884775709,0.8336999392659322,0.7727443329739714,0.7887137418697622,0.7674940088470285,0.843970178283495,0.8503668798842033,0.8402369563603659,0.8475176522935182,0.8512624495655374,0.8691456144684607,0.7906984802832755,0.7868890103902797,0.7487741600983323,0.8996395648208217,0.8699188587533605,0.7972711021870226,0.8872043973840035,0.7707996513996888,0.8596181543882601
irene,rest2_vs_type2,1,MentalArithmetic,Type2,22,22,840.503793,420252,422752,-0.15694655994210827,-0.1506039573014979,-0.14885462014516104,-0.1429235937460116,-0.07430691169092052,-0.028921993443969285,-0.04394598956714102,-0.079195808929299,-0.0018120190221564414,0.023101770358381568,-0.13114698374272127,-0.011776239883659834,-0.44617649047643937,-0.37225247876147005,-0.24661996033911748,-0.1642984010783901,-0.16921420401683251,-0.15058533332117374,0.9872406019747442,0.9512254414896909,0.955273962976353,0.9399454252476487,0.9397928578807939,0.9442340708789274,0.9307363592431935,0.9707029286365302,0.96587103005921,0.9558778549952348,0.9724862226957433,0.9163539531051237,0.8987303376251725,0.8939828028720599,0.9012518503753666,0.9908357350253053,0.9837086675973861,0.983407756186565,0.9909717918295139,0.9901410847805785,0.9865637988407131,0.9759788931071608,0.9232979819773154,0.8471017930904196,0.8596396706145528,0.7733392965049527,0.7573789237470208,0.8663398761770628,0.8227549936718866,0.8691535582483252,0.807555609096547,0.8007849005716222,0.8800462773347935,0.8364197838318013,0.7457812753973078,0.6845791249493937,0.9195767169662207,0.8362984094255632,0.729043199426348,0.9165162063610691,0.8105346512813165,0.868884780628041,0.9110685129767021,0.8698063377934269,0.8173987184859929,0.8368438321546584,0.7386597490941214,0.6998696852241679,0.7439337462297027,0.7123245908971461,0.7995845039565718,0.7792759435678318,0.8000476686410761,0.895447527560387,0.808952078589403,0.6295801250004647,0.576741405833046,0.8999459107842973,0.7423104930808949,0.6413921634862956,0.8765393641072561,0.7625981017959582,0.883143870329848,0.8880016784053678,0.8092560369383803,0.8098186047239733,0.7851421475727577,0.7115392326608915,0.6872193312911998,0.7569305035340003,0.7985482407217636,0.7994236079837183,0.7692143231407161,0.7622318799198866,0.8695127527223431,0.786121434535492,0.6842049376910735,0.6381236506912796,0.9318091876507516,0.8006153477138461,0.7304423866914598,0.8763743358057561,0.780277022060294,0.9001587153388572,0.783131089897773,0.7896800133770188,0.7537798284662351,0.746937721298352,0.7412833036808846,0.7167636937756608,0.6136011998080179,0.637358172627631,0.7193537623154123,0.8109423856080449,0.7960847813120995,0.7577819187407947,0.6706443393516788,0.5805173033591385,0.6404333299598024,0.8428714445766751,0.7399655382872313,0.6066914962550091,0.8858178566434214,0.6971447759246981,0.7697053289802064,0.8962920901382229,0.9206142357843807,0.8861416386247692,0.8391679284867729,0.8190792038723277,0.8189333777502261,0.862951188306211,0.8382310468936559,0.8247975089435151,0.8186121772756864,0.855228804977724,0.8830796501233538,0.8158955956308146,0.8036794283891943,0.796674369071384,0.9371700438961708,0.8958864080661567,0.8236196666668619,0.9291737947600696,0.8193222445661761,0.8681419101231929
irene,rest2_vs_type2,1,MentalArithmetic,Type2,23,23,850.7337779999999,425367,427867,-0.1288090799893462,-0.1873131616261441,-0.1873830960601266,-0.09010300829574636,-0.12033416681954412,-0.028809290287379774,-0.06099867370261336,-0.16494449044829373,-0.15106447798427425,-0.14375452190916604,-0.08244779843062489,-0.16397637294859502,-0.34319888603493,-0.6396286137157139,-0.5040692718248794,-0.16987966813014,-0.251243178675685,-0.3306539630341372,0.8718855160816967,0.9201503495144484,0.9486493894943626,0.9326987860109881,0.8816508307708916,0.802917129970887,0.7648986687398456,0.8827251862407464,0.8709267000561633,0.9153371001126751,0.9343348020543105,0.9090075586246577,0.8660091950415073,0.8119583023122064,0.7098707269081244,0.9413144617831274,0.9089012067045767,0.8692921971511045,0.9589094090809068,0.8583120994255908,0.8767921820903661,0.9245413977959493,0.9128112633696502,0.7713891351413118,0.6634111524817772,0.6645853212703458,0.6741045844577412,0.8054362841477558,0.7841586432156497,0.7488143914285674,0.7732223015612937,0.8320511100840952,0.7887968544142987,0.6555051937910751,0.6089246162699372,0.581590836247315,0.8975871212435059,0.8478577874472563,0.7208365343075168,0.9404853608183187,0.8247975172836823,0.8809942855996852,0.8102411475508294,0.7278295644149132,0.7336294057532186,0.6374345027342362,0.5914346839676081,0.63590974541312,0.5649439351365941,0.723045642794645,0.7073959991221231,0.6461732770146016,0.7317907163985325,0.7724687679144364,0.6173464127574636,0.6018936417928603,0.5096088321879942,0.8234266291737231,0.7574750523295826,0.6598558271636005,0.9171171365054812,0.7635486811736373,0.8677599226569449,0.8574885069013028,0.7321108266212597,0.7154400640031361,0.7096331392878652,0.6837819753562152,0.6210557782141947,0.6416846028901646,0.6818842077643796,0.7209516986623772,0.773949943440639,0.8048723680769178,0.7727378696262976,0.6439812605087925,0.5656748038907616,0.5735450537632597,0.8778135664953677,0.7585410020295915,0.6469793374359083,0.8844033772811337,0.6856812205109106,0.826259797522364,0.8320268947143762,0.8111725581515805,0.7631161077078228,0.7824479944306791,0.726480734026571,0.7029751391067708,0.7066135641031698,0.6975323579638746,0.76836888242502,0.7911339571348666,0.7795790045569099,0.8059393956512635,0.6808528248041401,0.6406388027462429,0.6424848223188867,0.8621504487311367,0.7608675053256982,0.6700435909398051,0.8633180684024165,0.7231199822291501,0.8440624162279702,0.8392119404107398,0.8592940619296285,0.8053132443236269,0.7890743890589508,0.7993766730053403,0.7960416062953614,0.7790651337034354,0.7435665512253368,0.769069924810677,0.8146896476359695,0.848234496202546,0.8393803000597879,0.7861386517607372,0.791213854237668,0.7392861028257854,0.8874652810966867,0.8623220599178699,0.728909494490574,0.8898614985168041,0.7593001053224122,0.8239514846108342
irene,rest2_vs_type2,1,MentalArithmetic,Type2,24,24,861.021647,430511,433011,-0.1375120165643331,-0.12242031366675032,-0.04518713628558668,-0.03338319408043855,-0.10389289656940282,-0.11978163077950654,-0.07800192761237401,-0.03248878077317663,-0.13631551712647516,-0.009476790551558256,-0.1612984520928693,-0.09961202354819676,-0.39162809608183213,-0.23471536566578077,-0.2278443966801178,-0.2224056341478713,-0.13096285774264294,-0.33565392551871875,0.9905901808840669,0.9779611388394678,0.9744692478551344,0.9855964993147123,0.9792561695560601,0.9768651527077665,0.9663178156396878,0.9609076952421438,0.9726427342499487,0.9719074973114757,0.991509576732731,0.9844974264736549,0.9824148121259704,0.9693324801045401,0.9677006417528151,0.9930337460310177,0.9858213301601301,0.9578359148924422,0.9965049742233906,0.9654554520512972,0.9661158186165708,0.9755073192504172,0.9475167518141571,0.9150792633817689,0.9302960188399736,0.9189209795867851,0.9332469462037288,0.8980955429330955,0.8717394269785602,0.9297803213112152,0.9326181531696599,0.9614366784758769,0.9506923433475061,0.8943389887766312,0.8771364328426345,0.8559399376023132,0.9343205610033396,0.9025758066818851,0.8477909035203939,0.976234607538366,0.9011711166978708,0.9210542290124462,0.8987337141440089,0.8433683158284749,0.7468708703740542,0.7308873190204953,0.7130665082243264,0.6863719793941162,0.7015086668042149,0.6394053025562875,0.6929286587565358,0.7620535113610841,0.81061667480042,0.8564488587652143,0.7863874823644907,0.7153694969075952,0.5924920103589849,0.9294642713359001,0.8038053710430995,0.5867604361714803,0.8965364362948594,0.6567262469252966,0.7834995971943407,0.841590516421212,0.6821451817824714,0.6909943670464889,0.7596976099401824,0.6733609989699453,0.6560828923709406,0.5886455175823334,0.6416961307519002,0.7344475360207114,0.728627131132689,0.7352491637484181,0.8536547607250908,0.745100864820284,0.5916590748125079,0.40984172927002427,0.8588264761112514,0.7035767463918262,0.47663323152310855,0.8367134064184543,0.6140139430265347,0.7303018697466076,0.8141597437426765,0.8431143500892553,0.8364158795222706,0.8406981248701172,0.7723984157950716,0.7168434742891959,0.7318968451441616,0.7212820457001627,0.8044786593811807,0.8121718108575409,0.8613161301750402,0.8041235764018254,0.7423231113475083,0.6739534627168208,0.6148857434301145,0.8571272496689515,0.7855991419098899,0.6382396885277768,0.9071257173351782,0.7793192690087101,0.820743509861828,0.8485002846480405,0.8722556994590459,0.8287974780748874,0.800589499716106,0.8031810377542755,0.7901312210124584,0.7836632164503398,0.7490762465806672,0.7900195091933704,0.7987351267913608,0.8206886672573546,0.7895890240584663,0.7601858057293908,0.770241637318232,0.760570057287426,0.8448427994857078,0.85139053173081,0.7538042635167526,0.9086080780276755,0.7812337890638934,0.8739389110409006
irene,rest2_vs_type2,1,MentalArithmetic,Type2,25,25,871.249696,435625,438125,-0.252121429108799,-0.19264610397782622,-0.0224119668076459,-0.005438572558351673,0.0714870113505599,-0.14185342900940912,-0.24486749487476267,-0.08931557050765804,0.1752245440651068,0.028623033150580124,0.0431622698474694,-0.20630661776043624,-0.7503016744891182,-0.5467348720310667,-0.02491664187023579,-0.003700733642453269,-0.04560827771386444,-0.4751660317918023,0.9224596458811879,0.7767689495159474,0.8781736086310601,0.7928520981478685,0.7563607627828962,0.7546001002415956,0.7241615568184276,0.865086364932726,0.7586020088432618,0.8528977590269701,0.8783357132580153,0.8855508448756562,0.8632484025335657,0.7176590876617425,0.6625763876911643,0.8594725889782515,0.8731892688337982,0.8117079335669608,0.7924779566291301,0.7373985250701776,0.9291546784333958,0.8704881631898889,0.933164477389078,0.9014689396587487,0.7000252997837209,0.6833383319320849,0.6289694486741243,0.7881145254201328,0.7930049678223214,0.7953183586760132,0.7869721407196847,0.7507919048574315,0.8827346964457701,0.6324163479686399,0.6129955293161587,0.5426317041097585,0.7351080104255336,0.6977544957266418,0.6060311760673427,0.8702858791949496,0.7565924330720071,0.9041178225846372,0.8134175319296943,0.7648381948327314,0.7931307282677761,0.6968110388415464,0.6759105622968568,0.496890615199918,0.5318755070261679,0.6704584572102914,0.6569655788936103,0.7274986432886728,0.7002022037941716,0.7629665454622278,0.6087793832304579,0.5553956864708368,0.2757061447833719,0.8189378527023,0.7771736763873611,0.44731192512800166,0.8627320533403414,0.5869294465932279,0.6793715564856231,0.814452151040156,0.7951023680311324,0.7666893460278519,0.6751549338078374,0.5982139554018268,0.6018300693958776,0.6648939434810229,0.7091801163808925,0.6979503000678032,0.714725041983773,0.7338966776354124,0.7777901810173428,0.664755076786502,0.5386624258898332,0.4752065106463549,0.8576430775407858,0.645652597339121,0.5191060988373303,0.8242187729856184,0.680633244361655,0.82385733674967,0.8472339244836499,0.8278917522444834,0.7221995535111684,0.7242810631227484,0.7839769020820533,0.7225552785914852,0.6969567119794571,0.6081520676601183,0.7000308972822672,0.8129470114393734,0.7896310739557062,0.7995067879232158,0.7087355046922065,0.714816288051024,0.6439777554018445,0.8466342347911184,0.7477346312867121,0.5754465267289309,0.8494830810283348,0.6758562494760864,0.8001478632495936,0.7857698235607127,0.8757585995309378,0.8584135907213287,0.7943734990304013,0.7529235554013249,0.7069316493917779,0.7547145271267756,0.7381109299861446,0.7879613045350584,0.7789714905663857,0.809501770874966,0.8541185402324742,0.7743734954350208,0.7270678966397103,0.6899755496272585,0.8772023392000479,0.8377850871655653,0.7022177338156801,0.8805838967673104,0.7488828107031844,0.7890212510710193
irene,rest2_vs_type2,1,MentalArithmetic,Type2,26,26,881.570542,440785,443285,-0.19670436788585377,-0.18146536638272615,-0.3822398227680499,-0.04893459837869063,-0.14738779531313284,-0.08894656561648961,-0.09621283788981394,-0.18055461922314908,-0.4799835498791154,-0.08346807753830987,-0.14592849909308336,-0.06401544132621284,-0.5320116134521555,-0.6020140193258632,-0.761075776370864,-0.164629278564159,-0.24161744072910984,-0.242856782111319,0.9177259371555122,0.9374869683035822,0.8893624542701578,0.8853300906516175,0.7307730892099836,0.7376937876246586,0.8073252102186719,0.8115633910717881,0.8780310868240434,0.8221507236678836,0.8439674638865861,0.8934861525543691,0.8196048149213977,0.6415906858497196,0.6313535742165322,0.9448249006346806,0.808374766810547,0.7471730001011984,0.8860625646047384,0.8117863487186863,0.8656441750382954,0.9713607899300944,0.8780914201076726,0.8335414465391171,0.8331833097616553,0.8707389106530286,0.8799840478474564,0.8213761878253507,0.7896473665879343,0.7963749630171515,0.8544386465520759,0.9183167793135087,0.9318593374626545,0.9094242038129577,0.8835288134534175,0.7855367085103346,0.9814250027988698,0.9351830412740946,0.7843540481592044,0.9642780843254861,0.799396466393489,0.8829449203491444,0.8562114059046664,0.7973384786891932,0.784308520844772,0.7887986503489701,0.623886008223447,0.41412138535940374,0.604047311404544,0.6782936230897849,0.7764822056776365,0.7358432580982213,0.5930861656108398,0.8470696579277148,0.713688298711555,0.4861902960935517,0.22959914626430408,0.8863489692233688,0.6970112895957261,0.3858734666796977,0.8325208406661564,0.4991890540687734,0.7729045837858711,0.8639642871064402,0.7602520060800795,0.7569918861040458,0.8100354446421172,0.666588278723576,0.5201648234261541,0.6271714035725962,0.6788010602917136,0.8254670882662783,0.7797432463521076,0.6790640747324552,0.7969744431547856,0.6873655378551907,0.4925657210230701,0.39284707187857887,0.868424034726716,0.6734800013770978,0.529327112156618,0.8617061653498574,0.6662751340656065,0.7632825961484117,0.8488673634478555,0.8411150170370514,0.7761306270549277,0.7745062878646618,0.6871902085409146,0.6483789976619682,0.7008294266144951,0.6959714602007311,0.7629780044635236,0.7435045055961373,0.7217235711197751,0.74769991747246,0.6783169793956123,0.6038066477747521,0.5642272171342079,0.8985400641263925,0.7227856708476545,0.5567926918676819,0.8243923877037475,0.6465071411711687,0.755708048097029,0.7958420316066624,0.7992145444411547,0.8389601035514134,0.7682574904583932,0.694615356518216,0.5789053157514358,0.708605954111728,0.7529771734941187,0.790507739805257,0.7994246061904982,0.6681893284697549,0.8049015256050587,0.7426600458360788,0.6874602409910705,0.48999233157846833,0.8476406574611245,0.7704014237349477,0.5508328700738688,0.8707157883500065,0.6195900221966575,0.6659586859002584
irene,rest2_vs_type2,1,MentalArithmetic,Type2,27,27,891.709877,445855,448355,-0.17940242096438475,-0.17082550631466997,-0.10776467509586762,-0.19034328288019564,-0.057896689770124965,0.0036637694431882473,-0.11171801244056834,-0.10889705646142556,-0.2569330054966361,-0.1783908808595176,-0.09759655722315541,0.09478983313633371,-0.5135382876269547,-0.5502986646455783,-0.4836705680572604,-0.21066475556170872,-0.2547481142866235,-0.08723848951451907,0.955565638381057,0.9022045454594393,0.9280162645552527,0.9152457385301719,0.9730954261008872,0.928223912248357,0.8072712041234675,0.8546905390500622,0.844935240524557,0.9530812224519155,0.9715818616140953,0.964051996503492,0.9541028576582231,0.8752366355321228,0.7777105381809004,0.9899857989852345,0.9351311461606059,0.8409880101274205,0.9238404183492018,0.8290989628067443,0.9511754767982324,0.9506213173893032,0.9267131516932631,0.897705785647831,0.9184538384818128,0.8654475454865449,0.8176656514279342,0.8561910886123708,0.8559456156705837,0.9116010137113637,0.8994676917118452,0.8951284435695033,0.9528955860521034,0.9148228768331054,0.8241541725785352,0.7084677586503947,0.9562655051241545,0.8751841350033271,0.740466022738268,0.9333915622944787,0.824674775299289,0.9217664098174051,0.9094979230619354,0.7204203512146251,0.750468330009689,0.7995593739284758,0.6308566416028921,0.39600101967667545,0.6219855403608419,0.6513394851641974,0.7541792762197047,0.6485451547426582,0.5116579107001725,0.8409933818487616,0.718859372949703,0.5094305154074811,0.19732203975132134,0.8630036581917578,0.6467006623705724,0.28079466031486866,0.8473569345095132,0.48287651230052087,0.7042066323775803,0.8211416045841174,0.8005215538027183,0.7034166178961646,0.683647336903063,0.586310953217806,0.6021882608271241,0.6026425917525654,0.702091438006514,0.7581519365944092,0.7031435435419114,0.7764008984626295,0.7379850127676173,0.6376330646460325,0.4864991442622414,0.41116806090241664,0.8989504908863627,0.7693813795070973,0.6453756118067823,0.8727448819301392,0.761423244236196,0.809723577353079,0.8075033684302935,0.7923417825895718,0.7199142402612309,0.7289816350884119,0.632472017658848,0.72784720802194,0.6290047501863877,0.6323530480049899,0.7411632606790773,0.718095030401377,0.8407994262776693,0.787654533983586,0.7123779134986464,0.5981770245156873,0.5965545659997603,0.8348883741151758,0.6976823159968145,0.661773389086154,0.8176357807855993,0.7402483665515256,0.7646372352912648,0.8104877230469308,0.8263049180423738,0.8146151440051379,0.7929663315118181,0.7445204735008691,0.6792535807310554,0.677391796280531,0.6858909803106992,0.7313265400201706,0.7292402866532575,0.755018807281314,0.7882740919884831,0.7491723648458961,0.6904672215952035,0.6604569539943962,0.9015883603219352,0.8168006569406625,0.6626906364507357,0.8526991230209525,0.7025527355806216,0.7910212040930279
irene,rest2_vs_type2,1,MentalArithmetic,Type2,28,28,902.278412,451139,453639,-0.1857742488065206,-0.1518144958936718,0.09493646837117264,0.1226179172550328,-0.21014460622778142,-0.038171910476849646,-0.21458012392831005,-0.1485124483626521,-0.3086311655578382,-0.09943801381481032,-0.11110564392748978,0.030747586913231206,-0.6675010410549573,-0.5565660944386694,-0.33992919655805665,-0.0516443975315255,-0.24994628502179994,-0.06611203323883919,0.9591703999495522,0.8133436639609188,0.6906339243961896,0.8111029139201443,0.8753094813631828,0.8660234307095519,0.7202284958065842,0.6043512815900342,0.7424226266573954,0.8765300942884681,0.8581850248322233,0.8754733025117861,0.8007158677536325,0.6583799321569178,0.6186297494941786,0.8550186401972885,0.682303580508567,0.6135465988033468,0.8294508504274791,0.7749117571899293,0.8525691099167466,0.9146850305792918,0.9396739729245165,0.8454623842422914,0.8351422259085135,0.8306487154165988,0.7489331675958724,0.8388453571054354,0.8113999532714801,0.8095613779765685,0.8220347064126057,0.8861670331453415,0.90724237061901,0.8654547631877766,0.845752669427197,0.7053391861311321,0.9325603166812664,0.905071063746601,0.7649501969002445,0.9814671150179668,0.808520498360445,0.8490258009855456,0.7912118845445224,0.6755928236131091,0.7106038693082953,0.7377774946556503,0.7224563116054877,0.6440775263556958,0.49905413418117933,0.546963331573515,0.6974935613504055,0.8205190635563714,0.821136006115546,0.8552166664966879,0.718686057314124,0.5983709083996224,0.406447065770757,0.8527850837207334,0.6910835773541735,0.49407815103332176,0.8523831786976745,0.6625303717394367,0.8067144048361078,0.7970542178142319,0.7345094482354151,0.7689520455198995,0.8042443589602972,0.7346330365770148,0.670636029266961,0.5630471739176649,0.6637556002058472,0.7433464547477813,0.7433922214124518,0.7872965087939214,0.8170485583896077,0.7376350531770639,0.6164351836559625,0.4397645182687896,0.8986873603124264,0.7439245780920248,0.5277962787160254,0.8470585398227343,0.6338979805180452,0.7812903292316076,0.7889604995251404,0.8584357337788295,0.7862365418216926,0.7772014279120281,0.7091356697682974,0.6134001629363984,0.7224208090268797,0.7148643445866247,0.7640268342350548,0.8126981579282738,0.7698296247965596,0.8594096584787464,0.8130476120618529,0.7226965719938443,0.6292682192247134,0.8759872050211974,0.7406635348349003,0.6391133170704285,0.8552579645266207,0.7602291194944966,0.8330481654866767,0.8433147422998897,0.8495470981217226,0.8190227031095921,0.7817290258040933,0.7426792391794236,0.8128479287151937,0.7624915937844042,0.7621779767110957,0.7636010768088328,0.8243056658347433,0.8507771683784666,0.7937015481897298,0.7319907489459335,0.7095812755832862,0.7688843997857577,0.8833738428038325,0.7966099266649161,0.7806792976726026,0.8531903788513933,0.7894459331082173,0.8255322075243952
irene,rest2_vs_type2,1,MentalArithmetic,Type2,29,29,912.849877,456425,458925,-0.23603450061560682,-0.24040936923064837,-0.12198666116709855,-0.02895145620956896,-0.13215607844080424,-0.14575388794178012,-0.21829600312817554,-0.22548824774685627,-0.11456320681644083,0.010447845143584544,-0.08727602256408451,-0.12796300197699528,-0.6776060391371805,-0.7731400754467179,-0.41482604743291107,-0.2710959259835657,-0.12489837245424518,-0.42160416274264945,0.9001194948312511,0.8418849334079638,0.9629385028926095,0.9519041280166475,0.6800090857159725,0.5952685278586414,0.688775851232234,0.9408725354478854,0.9587296136722603,0.8112658925561701,0.7584576741275367,0.7637664148828819,0.7218311593519972,0.44649961825494106,0.36165529750904624,0.9852955157987393,0.7493330478089005,0.6817060295189655,0.7835866763306125,0.7107761054811415,0.9664668365527253,0.8597262925887649,0.6818050934543745,0.7383593909404262,0.7624725359745744,0.7078991772630546,0.6722449269314282,0.4760344350379036,0.6605145902016625,0.7354952581858086,0.8385837567785717,0.8516204681144259,0.7008450764527921,0.6671710907416178,0.5443756443251244,0.3815275580500195,0.9691616144146177,0.7981986810718357,0.6260824559811287,0.8587082547078545,0.69707164770004,0.902746363538483,0.9029998855662156,0.6713188754986049,0.7799512344583984,0.7774466790275765,0.805195547014129,0.6476421837276161,0.5628087850246611,0.7302679369631194,0.7789862602329557,0.8716443855901428,0.7689755344419632,0.7863470366497702,0.6585296954494374,0.5771384382964891,0.36897954245632936,0.898506896657732,0.796876242372084,0.5516010270816654,0.8886257095814646,0.6436006523797965,0.7464872127395225,0.8963634548887082,0.8601917268057596,0.8830833325440872,0.8811552858359349,0.7978884452054806,0.7641312003866273,0.73243597646648,0.7940673634338333,0.8538986282917859,0.8418891746664172,0.8452678847041769,0.9136025020042435,0.8592290880648651,0.7239270985882955,0.6284834449416541,0.937195954274251,0.8041065805660917,0.6822953096005051,0.8760752130038592,0.7554832242047548,0.8523336421432336,0.7753475521385695,0.8310294846561938,0.7614731850946533,0.7118140949457723,0.6576395314555575,0.6403847287324257,0.6836412151910135,0.6606079978981949,0.6648490200634386,0.6757763046458541,0.7232127824087953,0.813552924789677,0.7276038605569293,0.6716528054925779,0.614707542513538,0.8557669257079933,0.7477853098526555,0.6503197981675395,0.8324350309293499,0.7208365168661582,0.7766164179487738,0.8025168740626489,0.8543646703607269,0.8435875998021007,0.8185484681985602,0.7864784354957184,0.6968029451666525,0.7318791751625133,0.7480977976213585,0.759165728106793,0.8167794742592959,0.860327080425998,0.8344814773464677,0.791391344915365,0.7192882761080021,0.5943899038825378,0.9299389675359122,0.8494440606907095,0.6793969247026473,0.8966099288375349,0.7203156746307651,0.8110636673480371
irene,rest2_vs_type2,1,MentalArithmetic,Type2,30,30,923.268056,461634,464134,-0.20738619252751356,-0.2291165719748438,-0.00810016470284447,-0.192783162087236,-0.08613277829644295,-0.03068619800688621,-0.19834572975908493,-0.2204901898366547,-0.1829091118245496,-0.17506021193054533,-0.06363567443940177,-0.1808253764385901,-0.6987659059932119,-0.5860262898189283,-0.11245538375341546,-0.24851450292596056,-0.5284628449721405,-0.4113304019166284,0.946838934124938,0.9197336890311997,0.9024081172668822,0.9133263164539911,0.9460607077997184,0.9165590742097298,0.8237576199163748,0.8401760251864944,0.9212595986444445,0.9542110663650663,0.9838084047917615,0.933512217742276,0.835323130785343,0.8600217331300726,0.7827100727233504,0.8643552902832916,0.8875195289248692,0.8156421883661839,0.9267241028382401,0.9069368828696847,0.9384719786397056,0.9381142873836124,0.9152517513165336,0.8788319916774271,0.9515576212565758,0.8639200082840073,0.751094628181473,0.824637920913225,0.7952053520147304,0.9058685565903692,0.9342714526436177,0.8638596493525919,0.9353238407001357,0.9213155289441505,0.7896464388295765,0.6187757307229619,0.9129710771890632,0.7709637298570331,0.6163448347619809,0.8986967742831377,0.7414138554647786,0.8709826541639318,0.8073338837654971,0.7761412909475314,0.7594414316595074,0.7388183690541782,0.6938745739620213,0.5801016490948934,0.5606750705378584,0.5765753628718501,0.6507578499924428,0.700901302994807,0.7430210201541394,0.7985239542657431,0.6661271444556018,0.5880864482926577,0.43966695610215223,0.8783942831790527,0.7502184511984358,0.4780064611440376,0.8886782963869649,0.5994349777714423,0.7668542184424489,0.7921171067928043,0.8451153679812361,0.8200158280515935,0.7573136905225145,0.7142983795288392,0.5899630835814279,0.6346161058584597,0.7162838843562896,0.7682743477081455,0.815739743350208,0.7749099812906727,0.7660229910261644,0.6558536421685626,0.6018314666200334,0.49643128915871965,0.8933948268907663,0.7764963532441908,0.6180445849960231,0.8898786353282474,0.6683372945095644,0.7668323637084806,0.8256060165087511,0.8165403134920367,0.7725708234706525,0.8101392075740022,0.7856852578412801,0.7639272910843885,0.646187689754312,0.6719659697960617,0.8259281492240843,0.8370502530539635,0.8205614242679544,0.7846789768307069,0.6932186979339733,0.6244538131265513,0.5807225750749155,0.8413051004324295,0.7344783238996466,0.5872290650066148,0.9028532378404056,0.7504889178619957,0.8322286004720371,0.7999716300656918,0.8171057255108699,0.8055141131748196,0.7584691913748525,0.735240026065914,0.7041199879932047,0.693957785914768,0.7892823325687979,0.8323526577935639,0.8406673532864857,0.8446168616525235,0.778626772482623,0.7329041944197213,0.7049884672361393,0.6261269395358376,0.899480710024359,0.8559880694361871,0.7629040504476495,0.8977786687629805,0.8062938991427068,0.864266424901747
