subject_id,comparison,class_label,class_name,stage,epoch_index,attempt_index,onset_elapsed_s,start_sample,end_sample,ASYM_LOGRATIO__FP1__FP2__delta,ASYM_LOGRATIO__FP1__FP2__theta,ASYM_LOGRATIO__FP1__FP2__alpha,ASYM_LOGRATIO__FP1__FP2__beta_low,ASYM_LOGRATIO__FP1__FP2__beta_high,ASYM_LOGRATIO__FP1__FP2__gamma,ASYM_LOGRATIO__F3__F4__delta,ASYM_LOGRATIO__F3__F4__theta,ASYM_LOGRATIO__F3__F4__alpha,ASYM_LOGRATIO__F3__F4__beta_low,ASYM_LOGRATIO__F3__F4__beta_high,ASYM_LOGRATIO__F3__F4__gamma,ASYM_LOGRATIO__F7__F8__delta,ASYM_LOGRATIO__F7__F8__theta,ASYM_LOGRATIO__F7__F8__alpha,ASYM_LOGRATIO__F7__F8__beta_low,ASYM_LOGRATIO__F7__F8__beta_high,ASYM_LOGRATIO__F7__F8__gamma,PLV__FP1__FP2__delta,PLV__FP1__F7__delta,PLV__FP1__F3__delta,PLV__FP1__Fz__delta,PLV__FP1__F4__delta,PLV__FP1__F8__delta,PLV__FP2__F7__delta,PLV__FP2__F3__delta,PLV__FP2__Fz__delta,PLV__FP2__F4__delta,PLV__FP2__F8__delta,PLV__F7__F3__delta,PLV__F7__Fz__delta,PLV__F7__F4__delta,PLV__F7__F8__delta,PLV__F3__Fz__delta,PLV__F3__F4__delta,PLV__F3__F8__delta,PLV__Fz__F4__delta,PLV__Fz__F8__delta,PLV__F4__F8__delta,PLV__FP1__FP2__theta,PLV__FP1__F7__theta,PLV__FP1__F3__theta,PLV__FP1__Fz__theta,PLV__FP1__F4__theta,PLV__FP1__F8__theta,PLV__FP2__F7__theta,PLV__FP2__F3__theta,PLV__FP2__Fz__theta,PLV__FP2__F4__theta,PLV__FP2__F8__theta,PLV__F7__F3__theta,PLV__F7__Fz__theta,PLV__F7__F4__theta,PLV__F7__F8__theta,PLV__F3__Fz__theta,PLV__F3__F4__theta,PLV__F3__F8__theta,PLV__Fz__F4__theta,PLV__Fz__F8__theta,PLV__F4__F8__theta,PLV__FP1__FP2__alpha,PLV__FP1__F7__alpha,PLV__FP1__F3__alpha,PLV__FP1__Fz__alpha,PLV__FP1__F4__alpha,PLV__FP1__F8__alpha,PLV__FP2__F7__alpha,PLV__FP2__F3__alpha,PLV__FP2__Fz__alpha,PLV__FP2__F4__alpha,PLV__FP2__F8__alpha,PLV__F7__F3__alpha,PLV__F7__Fz__alpha,PLV__F7__F4__alpha,PLV__F7__F8__alpha,PLV__F3__Fz__alpha,PLV__F3__F4__alpha,PLV__F3__F8__alpha,PLV__Fz__F4__alpha,PLV__Fz__F8__alpha,PLV__F4__F8__alpha,PLV__FP1__FP2__beta_low,PLV__FP1__F7__beta_low,PLV__FP1__F3__beta_low,PLV__FP1__Fz__beta_low,PLV__FP1__F4__beta_low,PLV__FP1__F8__beta_low,PLV__FP2__F7__beta_low,PLV__FP2__F3__beta_low,PLV__FP2__Fz__beta_low,PLV__FP2__F4__beta_low,PLV__FP2__F8__beta_low,PLV__F7__F3__beta_low,PLV__F7__Fz__beta_low,PLV__F7__F4__beta_low,PLV__F7__F8__beta_low,PLV__F3__Fz__beta_low,PLV__F3__F4__beta_low,PLV__F3__F8__beta_low,PLV__Fz__F4__beta_low,PLV__Fz__F8__beta_low,PLV__F4__F8__beta_low,PLV__FP1__FP2__beta_high,PLV__FP1__F7__beta_high,PLV__FP1__F3__beta_high,PLV__FP1__Fz__beta_high,PLV__FP1__F4__beta_high,PLV__FP1__F8__beta_high,PLV__FP2__F7__beta_high,PLV__FP2__F3__beta_high,PLV__FP2__Fz__beta_high,PLV__FP2__F4__beta_high,PLV__FP2__F8__beta_high,PLV__F7__F3__beta_high,PLV__F7__Fz__beta_high,PLV__F7__F4__beta_high,PLV__F7__F8__beta_high,PLV__F3__Fz__beta_high,PLV__F3__F4__beta_high,PLV__F3__F8__beta_high,PLV__Fz__F4__beta_high,PLV__Fz__F8__beta_high,PLV__F4__F8__beta_high,PLV__FP1__FP2__gamma,PLV__FP1__F7__gamma,PLV__FP1__F3__gamma,PLV__FP1__Fz__gamma,PLV__FP1__F4__gamma,PLV__FP1__F8__gamma,PLV__FP2__F7__gamma,PLV__FP2__F3__gamma,PLV__FP2__Fz__gamma,PLV__FP2__F4__gamma,PLV__FP2__F8__gamma,PLV__F7__F3__gamma,PLV__F7__Fz__gamma,PLV__F7__F4__gamma,PLV__F7__F8__gamma,PLV__F3__Fz__gamma,PLV__F3__F4__gamma,PLV__F3__F8__gamma,PLV__Fz__F4__gamma,PLV__Fz__F8__gamma,PLV__F4__F8__gamma
jh,rest1_vs_type1,0,Rest,Rest1,1,0,0.0013639999999999,1,2501,-0.09714590782881949,0.06576063142751387,-0.016110471188919284,0.14181759496289548,0.007191858697908948,0.08513901604868668,0.2881726775737832,0.08042253003344335,0.026302175126487803,0.26662390137627456,0.05826658300729637,0.15645096788233914,-0.13464871081181506,-0.10303023961713365,-0.05182456820418313,0.09461906197015724,-0.06053908598089919,0.06043062393934928,0.9382348316121848,0.7597224381505047,0.9302451516326757,0.9226664972211049,0.8919101282210794,0.6862304272240586,0.7408312056249896,0.8846285821690157,0.9137420597593177,0.9431778058742679,0.7424609796265379,0.7599666404563165,0.6916413286249044,0.6771949073900816,0.4968733003633617,0.9121893137515902,0.8460896123148102,0.6923134818917533,0.9133131131120839,0.6509410701783991,0.789065605449631,0.8530172539748543,0.7930676230928408,0.839146073877986,0.7858657875303852,0.7033545044729178,0.640494364536028,0.6998733152858675,0.7733905904803016,0.8246004518096548,0.8329237563777842,0.7968536289093752,0.7982500612916562,0.7437125209388562,0.6574356454262199,0.6348773079111121,0.8631304353105751,0.7855067492183575,0.6323192169986486,0.9087664880850946,0.7848072339914749,0.8295757610747267,0.9047873963639476,0.86330451995477,0.8370787984113786,0.8873009201025015,0.8161162338806587,0.7600859202317486,0.7554828093951296,0.838378186149974,0.9035369315042802,0.9307492735835876,0.821831327308799,0.7884851277860975,0.832319574637348,0.707528910225674,0.6896731682414109,0.9019808538419564,0.8572134848627418,0.7134533955164667,0.9049652778016873,0.8008545264958142,0.8592182585703764,0.8456801704549061,0.7646197707423406,0.7913978061384499,0.813828903816481,0.8415562438608025,0.675200387295826,0.6693395056548122,0.7419782216570053,0.7825176123466123,0.844472920119124,0.7538524851955147,0.8055601597383175,0.6754050483043738,0.6550964441137834,0.510720885290233,0.801163910169524,0.7708419083576422,0.5478534100263553,0.875783632854404,0.6237798235700466,0.7256806224132116,0.8577231621215785,0.8806128331771228,0.8993408017095252,0.8833018743047968,0.8298157940275898,0.6806989068605936,0.7270982687724383,0.8324634954394227,0.8701014569701897,0.842075175142757,0.7373400582830457,0.8392727041304433,0.8067498035800101,0.725095813409574,0.6138006026216971,0.8870251972872969,0.8152382320583876,0.6675304694025703,0.9127965640183028,0.731475123908688,0.7803742945857024,0.9159932921359415,0.8902052371234772,0.9089412719736724,0.9501303264868346,0.9152727571905521,0.855589849835407,0.816391277062894,0.8730706046861519,0.8913675138397983,0.8966474511404298,0.8430257433567035,0.8965967767400231,0.8822858192897608,0.8595409188483836,0.8081571726160223,0.8892466981983613,0.8893005029230471,0.8033770109888574,0.9227628657633902,0.8535349944171606,0.9056708355312257
jh,rest1_vs_type1,0,Rest,Rest1,2,0,5.004843000000001,2502,5002,-0.14113493309189806,-0.06329736271802133,0.14604754611887483,0.1267040638727841,-0.14540355389139448,-0.10600038011911694,-0.2797074856423114,-0.1430126148490718,0.2696751254227001,0.21477994613982343,0.10360095281764536,0.09795858606439545,-0.42273030318920135,-0.2767446878467785,0.28120618711958034,0.144666266496281,-0.04272594315841749,-0.12173538126749772,0.9341006404958437,0.9447928034096844,0.8822034810664859,0.9225525055974316,0.9126570641746602,0.9052221613387865,0.8440061167504063,0.8965813619322289,0.899034757647502,0.9391502271174421,0.9569367690225986,0.8963506099364951,0.9246251151606762,0.8788006013796908,0.8681544609550615,0.9744538113351704,0.9537577801698053,0.9326343707528336,0.969955198442786,0.9133614965825094,0.9364815470636703,0.9260013157131002,0.7793601666303197,0.6901560282432584,0.736694170522423,0.7146994868207628,0.7888491424647355,0.7688965492341515,0.7096340857479408,0.7930783311309819,0.8006015685885186,0.891181380650825,0.7962570384158717,0.7218471989756944,0.7096011682020592,0.7788556192213876,0.8647610223180473,0.8190874843337375,0.7785263089436212,0.9585317697995975,0.8331540875197633,0.8804665057788847,0.8334854461219866,0.7878461138170709,0.7775412301598267,0.8037440853613251,0.7675049197351256,0.7255094203190025,0.7099206044980542,0.6749661357277065,0.8364550749487583,0.8693277878886388,0.8572998970477058,0.8340420349590808,0.7856055705881564,0.7173143457832006,0.6786610363716148,0.7927962659545658,0.7032047493911912,0.6700952040812741,0.9198752077371392,0.8174439958074643,0.9139931312143885,0.8573912330439852,0.8775603946413705,0.8475423629030753,0.858998176346724,0.8274710942266951,0.7547339922957699,0.8358372357518895,0.7816386525267611,0.8613784992892685,0.8380151396758998,0.7140852261469521,0.8333819033792885,0.8560094311606976,0.807557797322356,0.6919269163430284,0.8637488537644419,0.8588537968008142,0.7313131130925354,0.8997222719365552,0.7401578487791697,0.8656246659191661,0.8576774244631414,0.9009630140685267,0.843700092174277,0.8894606755759819,0.7708394093635763,0.6523983097891484,0.8481481798815095,0.7753272008387336,0.8640929657801777,0.8136249538496814,0.7351237592986326,0.8438297266973717,0.8610680972351271,0.7447538914929996,0.6312024976451104,0.885752895051615,0.7744005059827961,0.5957254371953297,0.8335236384754564,0.6786338357766255,0.813035194399135,0.8902089307308838,0.9437361923766362,0.9163782620508345,0.9177659127555733,0.9059559815261934,0.802212586627308,0.8498547143572538,0.8601764191640896,0.8945648144383267,0.8969726921902107,0.8069777183500639,0.889985191990313,0.8775321441821069,0.876931929859149,0.8108834839310688,0.8812204119930174,0.8837543599600477,0.763117538065808,0.9350942546051976,0.8016024823349313,0.8363368032958062
jh,rest1_vs_type1,0,Rest,Rest1,3,0,10.010517,5005,7505,-0.0611642795527203,0.05992736028873935,0.05510079843147331,-0.13073531711468522,0.04179925936303608,-0.06636302974168284,-0.036547624333534756,0.016777946231361973,0.15384833509835527,0.1149802023716262,0.18512281930850838,0.055448654899455274,-0.18196834271046392,0.1433951727604219,0.335837030829341,-0.08062113437909701,0.03000083820038313,-0.01570001171196811,0.9767466120663839,0.6902277828581836,0.8046509338143559,0.8108446080766325,0.8427845495577571,0.8860671511271797,0.6169421903083105,0.7844345445443812,0.8387748736573235,0.8845230057649278,0.9297813152959447,0.6948138969725597,0.6029960125147842,0.5418286245928777,0.568497107103854,0.9035088841482403,0.8889583309195971,0.7510192386303676,0.9438762797653277,0.8039945954655304,0.8767475535382561,0.9402866753852426,0.8073048168382282,0.8011196047890569,0.8318795852143358,0.8437231229578376,0.8230585664601806,0.7629378295566029,0.7597230421486386,0.8603101971388958,0.918209290231003,0.9060354684831438,0.7697514243179494,0.7815992366530513,0.728770952238056,0.6921371185279632,0.8547619853099347,0.8019576531284428,0.64378004469139,0.9299554851682186,0.7880543277264114,0.888518385150663,0.9047051358539494,0.7936832435201501,0.7956815313512291,0.8229408222663377,0.8214871025580566,0.7730723502734889,0.7701869831896003,0.7965428558386433,0.8669675813080915,0.9075656998161405,0.8927500353077585,0.830047786178695,0.8522522543962351,0.8006823206055795,0.7508757490278556,0.9060298012396679,0.8845584255611659,0.7609758500290282,0.933782640119575,0.8506981763220827,0.8898479884641167,0.9088205955375913,0.8412349342705169,0.7883132143789002,0.8686219480593411,0.8835749639775934,0.7764439627912415,0.7547265676948327,0.7541814317821943,0.8496266664313898,0.8757329671135712,0.7742091112396939,0.7400406850611677,0.7459348419427503,0.7212889336145625,0.6692216548030128,0.7868100112519542,0.7839443497231882,0.6378787213368202,0.9113238168177137,0.706496430375548,0.7991878727428247,0.8681748363504166,0.8447678980466808,0.8775112513672078,0.8775054670855171,0.8540103305807392,0.7573561403821996,0.7667976141084354,0.7955791800933166,0.8547448661125304,0.8821665081513373,0.8216299087209882,0.8098975443752993,0.8091141244988038,0.7601740212242807,0.6884726713253313,0.8996629844828978,0.8493952299405593,0.7365626540453136,0.9217500458904971,0.7570914852076862,0.8130679106763883,0.9128051677222484,0.9256519710836953,0.8779850744430885,0.8792860802112452,0.9017308578497865,0.8315747716904676,0.8706521607884374,0.8665050911445307,0.8712229999731668,0.8773391792926316,0.7844028753541264,0.8639064033450548,0.8673788859921273,0.8702502349277513,0.8232403449807734,0.922297677842493,0.9191086723296022,0.7783277117358829,0.9458800591718806,0.7887299532470115,0.8367509947312908
jh,rest1_vs_type1,0,Rest,Rest1,4,0,15.016446,7508,10008,-0.015133817095275504,0.15874426516654427,0.04044670721184751,0.18357437810161858,0.11506249318088235,0.03591159586552095,0.10186849719716662,0.17180116220675856,0.1290084250801664,0.17334698724718356,0.20744723480084026,0.10110032569575456,-0.10993993332632446,0.27382039663523106,0.08979609222604967,-0.03241160926171638,0.04186523081414606,0.005351368162518355,0.8379246033368021,0.8612602250397954,0.7376796685420152,0.6428022504519435,0.6123026960170241,0.5564675483828585,0.6876575913317786,0.7247468069772947,0.8327847703263296,0.8271437508608976,0.7496338367518989,0.6412433627679359,0.5404896691880906,0.5024492418765516,0.4596096677378035,0.8398642727721977,0.7978488006416149,0.5889634749037815,0.9756252818443084,0.7486400290033023,0.8065145508851678,0.9056800182791388,0.895432099172181,0.8754120868622406,0.874205928630577,0.8186824878263337,0.8159529236738764,0.7417061261946234,0.7501284092827452,0.8332426929747123,0.9050003426742657,0.8989845319941238,0.8706806751064359,0.8096169484530307,0.6890504687702051,0.6932636595260973,0.9102821115514612,0.7807124602656084,0.6698189635329576,0.8845152212968156,0.7559330020017204,0.874722299324576,0.8570486841862804,0.8436845048842022,0.8916184423660634,0.8761506297597977,0.8398565700740089,0.768061833286404,0.6926944907013382,0.7704783686290299,0.8291155713076477,0.8690761424361432,0.8670437714102593,0.9275075165157645,0.7336200631439654,0.7008160163690007,0.6735201192526261,0.8621474990536419,0.831045703655069,0.7674427321422143,0.9278338600774205,0.8356943018041435,0.8890927909259293,0.8137399724039991,0.8490581392059054,0.908497272742583,0.8810099098029796,0.8985389164171363,0.754556251386023,0.6966861702500492,0.787456281500708,0.813656391251217,0.8313050918029904,0.7735666130502735,0.8432689693050154,0.7687343444570979,0.7809415469704017,0.7043412654457667,0.8862063452120841,0.9042999806891592,0.7341696675029611,0.9071062721495459,0.7214306028807864,0.8018821261723916,0.860055722274482,0.8570142215624583,0.9132796745890293,0.9041078676090375,0.8896494323813767,0.81004968501923,0.7675075621592891,0.819904761456124,0.8124461121946241,0.8738429461548027,0.8084519815087137,0.8172002776355815,0.8183277781528441,0.7871887092268344,0.7650439243911662,0.8846189501631941,0.8457844943845617,0.7770886057730763,0.902631186529625,0.7788006009887533,0.8324427158319626,0.9306544780257453,0.9525934213989791,0.9213691623397121,0.9358991525202132,0.9429575611204067,0.8670389439850502,0.9068363003308646,0.8830268268802196,0.9039313655626651,0.920859192502263,0.8876954783704349,0.932030800758726,0.935523225779689,0.9291558572052719,0.8602075106643031,0.9174575399585204,0.9139225833119183,0.8061697138258009,0.9380399396754113,0.8518811529123741,0.8929295536149929
jh,rest1_vs_type1,0,Rest,Rest1,5,0,20.037416,10019,12519,-0.06222110495030986,0.02946827104699068,0.11663629389673602,-0.0035101044314211904,0.05374288056112819,0.03968022700705642,-0.0605839288102521,0.017528023022114425,0.27169953564027427,0.29807654451890775,0.028830816094711054,0.08367141100606457,-0.3915144858240929,-0.13539130245288522,0.33014337975553065,0.1528341485180893,-0.10983088350193881,0.06613032530918783,0.79086999699168,0.8321774962455786,0.7487204809605719,0.5123041110575818,0.6023445877011031,0.6108569206104615,0.6739761101055474,0.5975847997309749,0.5141350780650338,0.7827380736380434,0.8652394794558416,0.8085670619622582,0.5649657099909564,0.7459524977111772,0.5566403945042745,0.8150456141198061,0.7123678930131838,0.4720372833685827,0.6356338359359944,0.39644604096768365,0.7916147394176659,0.9377358725555002,0.8300049258550399,0.8505610637828436,0.9158824481371818,0.88776739008292,0.8014074640731066,0.7968692098822218,0.7924352174231388,0.864178144002109,0.9388265899591278,0.8820913483399275,0.9522286506683577,0.8760072185204906,0.7998753316674566,0.6636925100484165,0.9324357300774749,0.8230760576857936,0.6507118880170837,0.8880266187120498,0.7405314020967066,0.9026310313042206,0.8867308703134201,0.8270506717071157,0.9042054559903416,0.912602344200477,0.9030933616147364,0.7337239135191721,0.6919183434473848,0.8026492190828286,0.9047863637084235,0.9434925427621866,0.8274858337347847,0.8514959081399003,0.7824927121445298,0.7096139332583871,0.5821582598579582,0.911748412708237,0.8162971083535759,0.6736035451622386,0.9147305798580951,0.7506012603793444,0.8541593644174007,0.7446683638813676,0.8647468433327008,0.8354404157103846,0.7519842725230681,0.8063931765815776,0.6808282633108365,0.642055173142554,0.6716622916527059,0.7688020197825203,0.8319912265374265,0.7335740260366611,0.8334121682612593,0.6942839084691036,0.7044468539100917,0.5580429390723477,0.7611625077909716,0.7751018503339527,0.6350589073554713,0.8977841789899568,0.7119230625945148,0.8166067155597666,0.9134021570286394,0.925875682887253,0.889190907190553,0.9002670354971449,0.8854909851368735,0.813512599232258,0.8671026738863484,0.867474749925184,0.8777819028254497,0.8917584523826453,0.8389663240069415,0.9129501805116431,0.8804552727550845,0.898019613718275,0.8114647131417941,0.8609239643008932,0.886283931101747,0.7896258933490793,0.8962798083799617,0.7990383384651223,0.8913282480244861,0.9074525205289521,0.9609951971514322,0.9353241405007529,0.9337933254716881,0.942868895449231,0.8948301956282382,0.896830699171263,0.8959432437454662,0.9197146806050516,0.9112392003551912,0.8618540917576938,0.943222427945407,0.9114770796572349,0.9283071382157861,0.9052969752296799,0.9399760134064217,0.9479616467957761,0.8849616392165202,0.9503978156817285,0.8772559353912438,0.9103912884161953
jh,rest1_vs_type1,0,Rest,Rest1,6,0,25.055455,12528,15028,-0.10728053339101074,0.05143780042078383,-0.019372747761739362,0.110185782863359,-0.02874110925922535,0.034298954006625415,-0.1350405090424074,0.1394905068593335,0.0026179798631833506,0.060840306906416064,-0.03416805016004343,0.09255786758231555,-0.4663331138432083,0.046982949823934916,-0.03294976877631761,0.016158987673786207,-0.06508649498231822,0.0920594580166858,0.9568294431558174,0.6923230816370454,0.8050370898074198,0.8609224793855154,0.9802743791197003,0.8785307730057044,0.6079879826543843,0.721176972774989,0.8178092465920185,0.9648515812184476,0.905262513743477,0.9363399991823796,0.8065404278999678,0.6918924055777855,0.515500633341223,0.9379995308356328,0.8208205636360079,0.6455871726738764,0.8963863788429667,0.7373347734570562,0.873509688605587,0.9314394970942215,0.6409169199299853,0.8001174594042103,0.8722500091797799,0.8496805630519919,0.8256502882728557,0.5515139217902446,0.6945247210564364,0.8731935032561323,0.8868922997968658,0.9252160740293272,0.7672833324729517,0.6486168262833245,0.5781134318279102,0.466068430282169,0.8616183008079652,0.7982463875663314,0.6143307473443431,0.9469439294043968,0.7992835474559378,0.8701472475532354,0.9434896118652157,0.9068754068085289,0.9320967739182279,0.9243512635509131,0.8696042335334251,0.7545179673403395,0.8616294008495966,0.9186810191812662,0.9271423307072207,0.9114801491559759,0.856200685922963,0.9451083469282652,0.903485539236082,0.8558859864258186,0.7315932644252776,0.9571493690502535,0.9280774215547466,0.8084234879060735,0.953358502961285,0.8240455532966597,0.9094567259574018,0.8200057917957047,0.8179799726975071,0.8132619991566488,0.8327334363043647,0.8356826570720022,0.7194595925215763,0.6744616732348554,0.7376683577801135,0.8171131781726467,0.8360951866323123,0.7149126135868601,0.8464816057081659,0.7495610469579818,0.7544152568535031,0.6784496386345403,0.8904964674995087,0.8431158870749629,0.6805262603371832,0.9248742201565279,0.7056583909432481,0.7727217755136764,0.8159890440887592,0.8979430210115837,0.7934227458820866,0.756501135572358,0.736757807872344,0.7525495515171062,0.7724052474779449,0.7533340943641195,0.7869898912608174,0.8423832306135774,0.782895970745459,0.8256578207703519,0.7271262980801274,0.7283978576191149,0.7039133893795899,0.8302465661540339,0.7716956001731463,0.6818402208781313,0.8467005459726957,0.7438339520319129,0.8067441289850844,0.9108175423290025,0.9258565635353011,0.9192131442547977,0.9223608483808896,0.9135074710669728,0.8546307991306132,0.8866278884967395,0.9126080771125791,0.9230912419084271,0.9188149939045186,0.8768265395908104,0.9014834184529,0.8804148605861922,0.8931079681713013,0.8440765981196283,0.947768205144844,0.9543229619378666,0.8587603166963675,0.9578809276631078,0.8742177408141597,0.8994446046257435
jh,rest1_vs_type1,0,Rest,Rest1,7,0,30.060042000000003,15030,17530,0.26618854219148647,-0.46349947543301084,0.058136873650213694,-0.002535396572748816,0.03900554866078565,0.03184372962745652,0.24482397825236557,-0.5357081021586292,0.06099806940472163,-0.029972417574182675,0.1541177045796096,0.06319295361976796,-0.15040354098792896,-0.8409322919501125,0.027114150957399552,0.11821986746877489,0.12657552154892038,0.09753158989136246,0.9003940258744201,0.6973418991707738,0.8328169076433276,0.757365512570163,0.6841710878824784,0.5702670147472497,0.6468069226712694,0.7705883701285946,0.7237950198157808,0.7208941308002119,0.7330755279685696,0.8190960429338358,0.6852719307296308,0.47793253534364416,0.4581508852043952,0.7772574074074162,0.5954490101633617,0.4697481452169792,0.7099683231663041,0.40658877094574497,0.6056103928850308,0.864165832595043,0.8095225670380144,0.8112280070338768,0.8331561687766065,0.7408124919518887,0.6278424698675609,0.6153148179757257,0.6928353570768698,0.7929161788606132,0.7642048617726925,0.6757486215129367,0.8007956251032666,0.7118934870137331,0.6387315103476705,0.6172372830636442,0.9064251877906554,0.7972502986115446,0.5430200135092984,0.8774095050029891,0.5752486080516933,0.6465955788549681,0.9601861673733805,0.918825405094077,0.9725519737411401,0.9691322650867678,0.9323450713411857,0.904513071872703,0.8665858839556887,0.9474233419049412,0.9683328771898478,0.9760498893238277,0.9505451968277394,0.9236411091481708,0.8949368087572487,0.8467956601829029,0.8249035926221826,0.989336631253394,0.9549145156672224,0.9348843956175528,0.9765378923749363,0.9508213642023323,0.9801521845962824,0.7974113615241227,0.8367318432702038,0.8576796977735633,0.8345627927676214,0.8461855853524308,0.6865116874980904,0.6808316942195527,0.7090374527242342,0.710804714383742,0.7737173744560992,0.7209165184759715,0.8203688791483578,0.742764137612636,0.7440077140786736,0.6012307830926941,0.8074679859319682,0.8036070128039479,0.6499223534423139,0.8908641160858297,0.7150492505996964,0.7904419998862954,0.8627332958515235,0.9016508890457302,0.8936732273207029,0.8856146138125155,0.8689303229747686,0.7730054138410009,0.8272144558227909,0.8037490788541866,0.8509490106937755,0.8623482690957993,0.8249401162985379,0.9002628979376112,0.8054088918142415,0.7900691157115656,0.7161627642917161,0.8777265073130488,0.8243988786251356,0.7475971090495902,0.898878321713245,0.784159953609016,0.8844230609702269,0.9150806588310895,0.9377966940094897,0.9459961185680548,0.9382703454471039,0.9277368276344876,0.8612794475724,0.9112583125831637,0.9088999613400872,0.9036943481791179,0.9157441372079836,0.8646641224608062,0.9568980052049965,0.9073709454582586,0.9159047317407226,0.8528095722931532,0.933709538276976,0.9257812973184597,0.847496550045058,0.9478137720003728,0.8704166588534891,0.92200993779333
jh,rest1_vs_type1,0,Rest,Rest1,8,0,35.084573000000006,17542,20042,-0.09218982680291443,-0.023860992670863723,0.04187108362293035,0.11588443713878194,0.06369640684773259,0.042593680674697154,-0.030956554299300443,0.005828755474131864,0.15458883310071414,0.06493254917987468,0.12643629895149955,0.06714577790266096,-0.27185571124995533,-0.015433712585213755,0.20189011092718268,0.06354576844901372,0.1356548929515009,0.027560028811715043,0.7886657490843656,0.7874451335124842,0.7312110779329477,0.8183870445609818,0.6874871355610257,0.6780885551771981,0.5151683940497026,0.6411389423086717,0.8153614810165101,0.9137412103009712,0.7224682787361032,0.790452965761092,0.5452001155212656,0.41787545133394216,0.5471061758639607,0.8018738094391824,0.6790323505523725,0.4932711109927965,0.8918227111274288,0.6603642159707513,0.6963084572845081,0.7978455152868342,0.7599739804397705,0.8018733260780725,0.668833498402224,0.5396056936370229,0.5911433300757116,0.5920809677180674,0.724608871722111,0.8514516615518077,0.8138795239147812,0.8462230927096747,0.8241888455559877,0.5689629447103463,0.5048602744263386,0.5363894054291368,0.7730201870225926,0.6495436061268887,0.5955453673087822,0.8920346769156675,0.7249181451575017,0.806517281704223,0.9668030459068383,0.9623909682761439,0.9749837987676034,0.9782163197905702,0.9505012221358463,0.891541802314372,0.9460052516361036,0.9656857695365281,0.9806990710942491,0.9751107665227197,0.9299982538249887,0.9739148228752893,0.9541379687512264,0.9443927455451208,0.9116363683285782,0.9773243261358618,0.9738010729958869,0.9311409326505591,0.9788042343410086,0.9167547527804092,0.9606671659208865,0.8166715693060914,0.9127997432827534,0.8804377916234948,0.8497439852151016,0.8064356536792898,0.6582687225814092,0.770531189642694,0.7378827409664236,0.81696202533841,0.8454843391871054,0.725229721808377,0.8797188828348644,0.8231171813206347,0.7441634895887387,0.6043193818252997,0.8492526176391407,0.7913094998998194,0.604185850505446,0.8829368737441046,0.72611105593055,0.8469404966868309,0.8378367304778019,0.8828245984903553,0.8550133547780808,0.8579784351926394,0.8042100254974591,0.7585747467828583,0.815581421950749,0.8315648626107697,0.8461211519219076,0.8685058921384926,0.8329449041423606,0.8787198671880042,0.8318240847642369,0.7976610970128671,0.7539579398027494,0.9278573896219445,0.8640742821034599,0.806004259512606,0.9144682765200872,0.7994100915966398,0.8671734473436993,0.9144306665204711,0.9402817226679312,0.9513945675478619,0.9260810168595804,0.930499286431469,0.8735515376840087,0.8937480324437476,0.9311154541392468,0.9215197640997439,0.9365748361393349,0.8832200280709408,0.9491784277358425,0.9013786340456056,0.9095898265339799,0.8624082097931274,0.9522979312139007,0.9523475943806132,0.8748334931244517,0.9575425975214403,0.8695974733087692,0.9174996425544475
jh,rest1_vs_type1,0,Rest,Rest1,9,0,40.092549,20046,22546,0.07361832610155794,0.018541943585064224,0.3114508182232867,0.2460343610348521,0.08066206395205056,0.013448597782723226,0.3090661668092287,0.08312404257726769,0.5347332592543697,0.07560353824859734,0.19419559689207455,0.07214921533754337,0.22844828310000365,-0.11501775495150124,0.4821248229473438,0.15029943168614635,0.11561236426517008,0.03466091622534018,0.8993663242868497,0.8341228467206514,0.9527261999731697,0.908074584352584,0.8408512211516598,0.44817689462835436,0.6540661643273432,0.8717502647026002,0.8624189977640077,0.9196125883470311,0.6682590326567025,0.7724549906831998,0.6976683545502619,0.5957652404685179,0.28354601526497303,0.9768385665518861,0.9009002642157674,0.4603729806828634,0.9256447276179829,0.46376820247357026,0.6720176888268219,0.8000925073697496,0.7558852298687069,0.8637713266496706,0.8007992046862439,0.7160317580042563,0.42857163267680304,0.5235229432657109,0.6514973588661295,0.7784606463248539,0.9018052887656113,0.654981700653196,0.8033532842649588,0.6519759976569534,0.4840625407184674,0.2924631803000449,0.8392496756342065,0.6512050572427168,0.3629719693485969,0.8238394183908447,0.47916040854100783,0.6898181843950542,0.8609749095832943,0.7604822521056983,0.7753039043260493,0.8327771885257667,0.7646699373033033,0.7161976655459877,0.6259711560194152,0.7291785425099534,0.8405727290951334,0.861521824847548,0.7971388659310157,0.8133492268742776,0.7468934707936365,0.6415280770824552,0.5786635953719964,0.9068848605144515,0.8049496516803823,0.5556925125775909,0.8752393824216298,0.6338127472626751,0.7643074658445105,0.6391848270991144,0.8565633097387676,0.9190707165421313,0.8698420613394418,0.82024227655661,0.6825057981385831,0.5870626586852198,0.6353794712769443,0.6544536555295709,0.6765593623290684,0.622388591443459,0.843793879072227,0.8061184712357771,0.806373548905723,0.7408707265067102,0.8848611398563253,0.8587493651378608,0.6723504337102871,0.8915362280513702,0.7501150324389841,0.7973875246886203,0.7946517338285162,0.8276920895939247,0.7807399875464205,0.8049309919361944,0.8116605623133937,0.7543965483189553,0.691785891288386,0.7614076220579643,0.832079223303562,0.8397591395085221,0.7502625602224685,0.7940938049510429,0.709913930836459,0.7639013216939523,0.744846247747766,0.8145529342510922,0.8364910948678366,0.7690762765881192,0.8838141104891594,0.7582591043564316,0.8749759957864038,0.8527387292850875,0.9398223630040337,0.9444437640119222,0.9402628038439967,0.9484835373352869,0.8842285900236623,0.8463717358727452,0.8540589384243661,0.8488908265674793,0.8702961578075542,0.8319423538279606,0.9438505842705744,0.9061892916442337,0.916787956870476,0.8638633412287235,0.9413592954914849,0.9439553713552822,0.8726672923953609,0.9536551957173802,0.8824324770048639,0.9183066864776149
jh,rest1_vs_type1,0,Rest,Rest1,10,0,45.117019,22559,25059,-0.31411376246473566,-0.3059104269503914,0.09162720798210433,0.1770903929066816,-0.06338135155841274,0.18527273730424776,-0.4927189596054955,-0.37321912076892083,0.10298841260465164,0.1928709392733654,-0.1116670266800921,0.019541959586509172,-1.2814243976317377,-1.146556743892687,0.2219042736940029,-0.012199317293582812,-0.09527614952397201,0.17413938893445025,0.9678564770768314,0.9730848712518946,0.9447441426274705,0.9106215205543101,0.9259181233233812,0.7410678581400012,0.9190348791696995,0.8927977644002003,0.8744568847188803,0.9081306983431686,0.8225597084601457,0.9356991572869439,0.8931072634220174,0.8963511510173243,0.6897939566554261,0.9779967198426459,0.9601216516475697,0.6617942083548277,0.974265851939964,0.6674758386375297,0.7225612732750798,0.948485875278082,0.9294220302502264,0.9215449027521161,0.8732633224840654,0.8272317677510513,0.6033797530012303,0.8327589889364729,0.8696709871189684,0.8743759949184612,0.8668893587034053,0.6672609012351925,0.8925506044894516,0.8110429371077384,0.7632189899629367,0.5680554001444826,0.8954417234396825,0.8196888429080732,0.5722158403431064,0.9344276585286555,0.657496574334396,0.7934409872557111,0.9092877098969108,0.9544484720983759,0.9235189452895076,0.9028562205427152,0.8448285852010172,0.7452645469974959,0.8603021190663733,0.852579010722214,0.8774761187916209,0.8869429148782307,0.8384453574824742,0.9403339411672381,0.8941759661859352,0.8321503769700199,0.72575361232764,0.9220379544160756,0.8851388105329234,0.7519138141048199,0.9483329510321158,0.7882965409913472,0.8726812147808883,0.7479302234098663,0.8188584970321258,0.8521961848094277,0.8702603316644922,0.7961633529370528,0.6361331859210128,0.5754988413730671,0.6719540576385084,0.6834585209149395,0.7539582760127413,0.6423150432970156,0.865097058199091,0.7911455594256458,0.6904477805164225,0.5807878544313646,0.8910369469611545,0.7797787399872733,0.6218966908297728,0.8586504258271715,0.6768865852815882,0.7898849306370356,0.8125105357078868,0.8943970500719587,0.8616769590719676,0.8639409747186247,0.8402011423835319,0.7742690666644199,0.7429686747943114,0.7840816843564392,0.7917911990582763,0.8081467544248121,0.7824145836049158,0.9033739551747284,0.8632954340545554,0.847826605944003,0.7522642715500114,0.93090191156956,0.8719935888521635,0.7618551542066474,0.9122777794079792,0.7906594678067342,0.858598773370815,0.7644444993069439,0.9086648218714245,0.8675160453434468,0.8635326889395368,0.8528893388746996,0.7901630382339434,0.789056888102986,0.8012661188440692,0.8001504036266686,0.806717006998298,0.8270863443094318,0.9085654244594861,0.9058189095090534,0.8982109596527897,0.8477271534711489,0.9239642056825655,0.9070046043338862,0.849888038354677,0.9479005185137671,0.8874022577149292,0.9220010194731045
jh,rest1_vs_type1,0,Rest,Rest1,11,0,50.13682300000001,25068,27568,-0.17856031843730769,-0.18703309361012987,0.04284224015203453,0.2374855660446067,0.033595284435831374,0.042863815847502096,-0.14332140436986496,-0.2603755122492837,0.1275223871815987,0.015628936692773987,0.13501790886501164,0.0266471751608659,-0.5851307972155064,-0.7172167199458546,0.04419110790952896,0.16082667571430553,0.03068455778670298,0.06928822478161578,0.9430666073007303,0.86528432614853,0.9729255453407256,0.9172509927278086,0.7762719741378565,0.6921187067427086,0.766073558700637,0.9377897338992512,0.953881802870088,0.8741045015110384,0.7780656933148923,0.8413982971535602,0.742144689223554,0.5904782486625324,0.5371279330442437,0.9490249884770252,0.794843984560388,0.6828752756875985,0.877687705634067,0.7360247262019348,0.9217850082049694,0.8600846186929568,0.8283396547887403,0.8903489873905316,0.8451346200664089,0.69085737521532,0.42937985954705415,0.6914037694011196,0.7987563889837496,0.859283805386724,0.8269364575467651,0.6053679446948688,0.8557066939271591,0.7135310871386357,0.6045576012475298,0.3665839982540831,0.9028569501795747,0.7195145020004876,0.35803126685805853,0.8684777705860752,0.5053770023480253,0.6833959263662034,0.9195890724472715,0.8784516456500646,0.929920094336469,0.9073366953162065,0.8929486514089681,0.8225718905993173,0.7595271568245874,0.8430747586719717,0.8895464294977147,0.9320907192890295,0.8777114818768222,0.9153768378253,0.8541738877231464,0.8217490663149561,0.7271092119792333,0.9227261447873956,0.91389613177206,0.7882195339490201,0.9287281820980334,0.7758699387291857,0.8881639357799094,0.7351663517280131,0.8824866694254178,0.8394335638228065,0.799524598623409,0.7320838987949502,0.6490103440519367,0.6549651890822166,0.6948174172431083,0.715936725760192,0.7429670743740472,0.6783089625725133,0.799435088941489,0.7453422743064676,0.6492760627362194,0.5613431024739033,0.8781330739248355,0.7852510924005036,0.6403543380431777,0.8646393929645556,0.7753621210057368,0.7886789275858092,0.8271553403576339,0.8183177705303356,0.8200170310618373,0.8694116498301169,0.8505384351197478,0.7842565959517288,0.7491664276462788,0.7509966085027796,0.8216778071695001,0.817790816550184,0.8141682901509807,0.833462525111967,0.7618383904494488,0.7040965530151208,0.6757370980099741,0.8675247518050763,0.7667110200624229,0.6738788861486595,0.8915064782216943,0.7769531276346269,0.7980321073426051,0.876589064228007,0.9039299430098713,0.9052187057162988,0.9058142811906772,0.9069837636466095,0.8879015200130168,0.8484642790832597,0.8766508191000355,0.8658422384653602,0.859609459664025,0.8583743393235889,0.9347504004146873,0.9174739796986846,0.913743684924102,0.910349512938385,0.9312442842214377,0.9093550640136612,0.890073243146399,0.9366584968702729,0.9222071819738393,0.9271014178916676
jh,rest1_vs_type1,0,Rest,Rest1,12,0,55.142676,27571,30071,-0.037347934366137814,-0.1148251908286877,0.021896002702355588,0.067639909606656,0.21098983111498137,0.059878259940115974,0.039556271499640694,-0.07709574535527963,0.08131776537838675,0.059063438630374776,0.17802736574044165,-0.01934582236236082,0.1130963253258388,-0.25055916511657816,0.2058285984608199,-0.11970883050175019,0.14524835212491016,-0.12240348399385192,0.9835841991548177,0.755610698072084,0.8664999442016204,0.8423624511776389,0.8833199545693761,0.860224924069909,0.6961155608091734,0.8452662336698455,0.8438205152147374,0.8904081621319516,0.8803186932762809,0.8590815386467275,0.7912886155362707,0.7643942385506979,0.7002066841281973,0.9665750189614285,0.9483796570301257,0.7848676692098322,0.9741362794355064,0.8046207282619309,0.855939987848673,0.8553030498197567,0.7692587015378035,0.8896619499242189,0.8124237231565069,0.7332088084123428,0.6646726526905365,0.5827038375462061,0.7783868150953209,0.826166062587501,0.8875898974218477,0.8407133015151322,0.7953902548971452,0.6272610291386599,0.5255297150151805,0.45870403528032094,0.8938525860454,0.7769019698312464,0.6395576258022712,0.8705811104775021,0.7087943898973721,0.8874828139924198,0.8618087222908781,0.8600048461635479,0.9303591696603879,0.9050543924156119,0.8127756766523592,0.6647143808817687,0.7179731253890841,0.8256937081791681,0.8479362471522485,0.8887776049060115,0.810062285359495,0.883047145816068,0.7789261750797952,0.7117766293599757,0.6134842721702557,0.9444643974167615,0.866130425368552,0.6946183562461726,0.9024610464472401,0.7312190971145142,0.8516625066229446,0.7873240757364538,0.8305045674735154,0.8107708928177488,0.7715211138989952,0.7747052402222866,0.6492871118498295,0.7004477475449241,0.7514530491109443,0.7759842437016148,0.8351082480698918,0.7391701571334678,0.828071190084007,0.7534947073776158,0.7046364506038943,0.5428171104628957,0.9207169955197255,0.8393835744167346,0.6122572104323941,0.8747180255162653,0.6340226567858827,0.7879093141093988,0.8226768911502076,0.8641772949009128,0.8690954283415545,0.8608033394381223,0.8166216817771565,0.8048315884103521,0.7426885037126282,0.7429828816170002,0.8077914935459832,0.8125519401210468,0.8418510798386099,0.9021562639065678,0.8097597532495786,0.797734828460031,0.8297899913877328,0.880249138887958,0.842259342868809,0.8074415328520246,0.9155894169533884,0.7845086352481142,0.8522591944754161,0.8727677437542409,0.9232587736864808,0.9514745399388909,0.9272291738847971,0.927502823940367,0.8753710409271482,0.8745316935405474,0.8608926585553318,0.8817387398725575,0.8803635454881777,0.8379881971080412,0.9397279008624799,0.9297858338931728,0.9115046041933614,0.860046816623841,0.9511464812782147,0.9351095667515398,0.8667314115446375,0.9420605788910991,0.8660778533826823,0.887782780371205
jh,rest1_vs_type1,0,Rest,Rest1,13,0,60.166848,30083,32583,-0.42684200510935044,0.13995955084844702,0.1653727016618829,0.12820091095241137,-0.12661552819706134,0.02295418071142219,-0.2675475658013595,-0.028569766421651543,0.15003347623589391,0.042211175857773675,-0.07889340854758187,0.060074194252371704,-0.5811011072397441,0.01372603345981993,0.25797960087357286,0.16351021049654912,0.1424336969325628,0.08219660714024535,0.7584436549058786,0.9348511531966432,0.9298047779647632,0.8472063812908917,0.7381363657369768,0.582550867564775,0.6122726814167102,0.7124850542388441,0.7551456101921546,0.8742418962818939,0.7246347841989114,0.8621824200219397,0.7323064456620266,0.5819404594600596,0.5341531232522814,0.9029531533121806,0.810464683473804,0.5656355268104882,0.901156305121946,0.5597231143015012,0.6994629254427206,0.8011411280844776,0.8822329271406221,0.926624138501268,0.8793813838021101,0.8101184752769098,0.6531529341175758,0.6595742270337801,0.722067382852862,0.8318322193616151,0.90609030981558,0.8040552195135525,0.9116993613045467,0.7872221700096327,0.7015122634885337,0.6201150277794513,0.8879688275353509,0.7852321436217286,0.6070444692287156,0.9163799851058583,0.6951455458752425,0.8264786685203704,0.9514134454315287,0.8485636509768614,0.9487999839359242,0.9622453339588213,0.9324861291444018,0.8836580866448366,0.769845517239006,0.8939405200082076,0.9509245343565115,0.9279246162188823,0.893723579215548,0.8701181936146531,0.8090795443584169,0.7738227924049531,0.7421781175160318,0.9525883653065542,0.9325206717040017,0.861673444547695,0.9640833038395011,0.9170476145664964,0.9505185759516812,0.7871898627291368,0.806933820549665,0.7767315446766178,0.8616674181245838,0.8046837900253004,0.6989902517913099,0.5888657320317124,0.6304358697941287,0.7866597120168669,0.7761310119437678,0.7563731852931508,0.8460269515854929,0.7190184609827374,0.6693028173362082,0.5625912264192606,0.8000650532721506,0.7520754688220733,0.5920835921004638,0.8557373236789341,0.6827957174330409,0.7806619294616562,0.7503582807181505,0.8253094654805714,0.8921775055436296,0.8494412750953029,0.8602574718294057,0.8234059769394763,0.7641908967831217,0.7533746408692803,0.7989114348433958,0.8159368805241652,0.6762016499285726,0.869524651759046,0.8097326222449434,0.7861698707272405,0.6774296895609171,0.9054847334390029,0.8627440451911133,0.7181496229192779,0.8992899273828472,0.7266156896355456,0.8236657425414379,0.8820414283463608,0.957503019273711,0.9421575774434161,0.9422744295358776,0.9402100425851964,0.8758769890193403,0.8711632908770459,0.8691504330510249,0.9045781036661553,0.903180585755573,0.8163644994725899,0.9505994145565074,0.9409896795591584,0.9362365972320563,0.8762195614920495,0.9434273115400563,0.9409431033729675,0.8669188497989165,0.9603540416975247,0.8726081087857728,0.907460442298715
jh,rest1_vs_type1,0,Rest,Rest1,14,0,65.167475,32584,35084,-0.00674062522634955,0.03261553535311812,0.10850469139866714,0.05391667559966695,0.06799012109468228,0.07410103202220242,0.03921002396200812,0.09048443292538622,0.18265155320347048,0.10209442838880145,0.01502383330317869,0.025631487649722118,-0.04074602341102551,0.2162549144101975,0.3220177906187969,0.10091432997921013,0.046070560357889256,0.00895345442926132,0.9446973535043228,0.93501048022664,0.9286495244692365,0.9334061092454066,0.9233789206953843,0.8199299873753784,0.8407243173556613,0.8569048476211523,0.8925213848221547,0.9630592827047559,0.808987806411188,0.9615731615058185,0.8935499399216802,0.8195154793803802,0.8012109583366831,0.9471838578504213,0.871903761061045,0.769301316905663,0.9333988721692118,0.823512325881603,0.8211656202993343,0.9186466223896762,0.7548442210958544,0.7308854156890365,0.7765441642131926,0.7515040420362719,0.7105053424144561,0.670917269687154,0.6884344334869646,0.7410595638667075,0.8147042576802529,0.8018005615213794,0.8713753267952522,0.8145422624573551,0.6735717173901574,0.5678686890649504,0.9301345268042248,0.8338327603058379,0.6737549755548586,0.8949135357188892,0.6968644510969657,0.8271165389108143,0.8793707475306151,0.9129277985181121,0.9487001119085933,0.8844792121463382,0.8459944907724677,0.8058390809893426,0.8018326921472031,0.8523943464170552,0.9149065028851622,0.9292508645650518,0.9079840789219847,0.9056057581128628,0.8185672315356888,0.7956939231689495,0.7661391621821823,0.9278696880596075,0.8888137803332888,0.8317452527790402,0.9653946604328829,0.8954771285755321,0.9582695296230335,0.8277662638742058,0.7901159751478986,0.8634554862741595,0.8508239701253166,0.8100086559936832,0.6782783621845633,0.646818482048616,0.7704269747849148,0.8336835104929167,0.8027418461119459,0.7070501293971821,0.8141095185709377,0.6860253415046157,0.719566918152172,0.5594918668694131,0.8509584679332057,0.8257934872809861,0.6494408996877584,0.895191990268083,0.7313187464048179,0.7618160004511855,0.7903364265536601,0.8442184247933455,0.8518301704943968,0.8530121942459512,0.7744713561923681,0.7480658637304476,0.7477118570019446,0.7906130522726086,0.8255711233188769,0.815583152310586,0.8300315803798837,0.8692255480297253,0.7580853317155966,0.7142651301295496,0.7193375548895944,0.8211032576132447,0.7446627247960417,0.7265835799254504,0.8813315271830233,0.8407510255660847,0.901489209276063,0.8589254020682113,0.9436081903424182,0.9460361694860718,0.9344549622923676,0.9393422468163126,0.8884947627785159,0.8515181648845962,0.8480374898415997,0.8572353576037403,0.8707539649430829,0.8415342350827332,0.9639380365177551,0.9502948163995593,0.9480147605079426,0.9033920971220383,0.9516964929570675,0.9474979330879096,0.9054162549686857,0.9702368532013408,0.9250941981120702,0.9460454181546664
jh,rest1_vs_type1,0,Rest,Rest1,15,0,70.196792,35098,37598,-0.23696434263274835,-0.14050527628796594,-0.11819893354202637,0.01892993651213093,0.254952539932332,0.14469299524241785,-0.28767099373444616,-0.2860614683594891,-0.05925477399808532,-0.022511763190181,-0.012755676727152387,0.11647324681529891,-0.6634534540533306,-0.5015692511850807,-0.32924586611021933,-0.09474624408454302,-0.018919014922358368,0.021607763132065028,0.8618601941253213,0.6561911745467424,0.9193469133675796,0.8486551785366581,0.8181213369166951,0.642140011204238,0.5400441809386431,0.8488964249444928,0.9316511485576262,0.9159659564717961,0.7909287753025688,0.7221792304923405,0.44537259990970895,0.43418903784498436,0.44201819872160164,0.8459621885043291,0.8357255294122372,0.651235054785552,0.9501743944901874,0.7603721400330093,0.8319669541056759,0.8299707887476017,0.8629177847810204,0.9058434366256268,0.8669962657259183,0.7540168711760772,0.6246778801368355,0.724875102651961,0.8130879752718565,0.8286424244294097,0.8577823055055281,0.7799069890499236,0.8572413086154442,0.796944237385072,0.713391329765518,0.6523342782088744,0.964825452824196,0.8412601695610868,0.6173210594589613,0.881240229654069,0.6486270157067432,0.8237690203517939,0.9318924929696871,0.8964141456895742,0.9200910245144177,0.9254837679569301,0.9192456812435967,0.8687018297740515,0.8771076039548175,0.8996464835172697,0.946437421606168,0.9616984318934807,0.9178052811264203,0.9547428752400092,0.9015535729112432,0.8965943032123881,0.8375639312204314,0.9579371485775044,0.9353411248765515,0.8514249586578561,0.9748728626818818,0.8807514340430423,0.9470085227293572,0.8376246717902704,0.7360744337233257,0.7680341340147672,0.8677202874936368,0.8033389382953178,0.6456648161185069,0.65690161755901,0.7371611213923859,0.8388644408792899,0.8266223587385082,0.6865887029645048,0.8837122503330225,0.7502790879974687,0.7012652327380137,0.596210748289305,0.8190912151063312,0.7429675734768401,0.6462982114268666,0.8802479441854018,0.6886375828624859,0.7640142615382887,0.5836369883204718,0.7470654802911803,0.7654535445590784,0.7411448796917374,0.645958125154926,0.5017836576914464,0.4667273928995319,0.5270764003549061,0.6575298102331867,0.6552936206887877,0.5750467248799128,0.8277891067307677,0.5838984888270036,0.5294304216455603,0.3801111319649274,0.7495590469402331,0.623866560335669,0.4316490361824929,0.7247794005399816,0.5428857808764513,0.7574787126533525,0.7248059847965621,0.7266742740555804,0.773524878306462,0.7514456655464472,0.7575261879079758,0.6256238782273364,0.6643347008835191,0.7222737311448292,0.6833799287816137,0.7506916026656069,0.6191815770445924,0.8594924935670284,0.7622644215408216,0.7659389442417295,0.5996619520838927,0.8201667841667987,0.806191829152391,0.5969046953422137,0.8440471763434563,0.6601313340147996,0.7562448841320135
jh,rest1_vs_type1,0,Rest,Rest1,16,0,75.20202099999999,37601,40101,-0.017565187690610884,-0.08914160884020106,0.12877230902022507,0.03620567606694358,-0.01851281771890889,0.10565556328545789,0.08223513278873096,-0.13332670848349704,0.25172133521676976,0.09287687651130483,0.1927123049420203,0.01795063319998924,-0.09736161541612365,-0.20798366714368122,0.43607140890239116,-0.06315961455806596,0.23215619093475937,-0.09066052335079622,0.9708460928978748,0.8892082347178589,0.9230710117232647,0.9314538749207394,0.94207461781395,0.8823585863634928,0.8664073119538472,0.9037926811763831,0.9187107056401665,0.9373691058016886,0.9048147420203225,0.8836845596929964,0.8074987862281495,0.8469513464573238,0.8928494808281239,0.9605114067097,0.9724169600354206,0.861389856592272,0.9862111681662324,0.8332040372710282,0.8792798162297882,0.9664862795301918,0.9389453030545859,0.8896025535672687,0.8665187589980757,0.8604193486742521,0.8762353173158015,0.8873197284680373,0.8828478965184073,0.8743543357182886,0.900461950439,0.9265544788919713,0.8633229188710934,0.804472690774933,0.7944189936867125,0.8194957845352661,0.9701185536512532,0.9274810785986557,0.8684581483925723,0.957569241108833,0.856459005926345,0.9088182460118447,0.9066785116219934,0.8626049447285812,0.9101023259690705,0.8989757438495876,0.904991757213667,0.8594581903277946,0.765954706846335,0.8716986519222026,0.9011272562500111,0.9244906891510315,0.8985194038153693,0.8797473022632555,0.8025955225575419,0.7910283427054026,0.7954898575204206,0.967751151864382,0.9457786810526406,0.897971058066655,0.9611034118743245,0.9109827729849181,0.9645361673888438,0.8161116864039679,0.8426874622707015,0.8765220252059138,0.7955896201570095,0.7522467111835078,0.6783287260470825,0.6647287949155876,0.7142257828331073,0.7305829027945162,0.7611119417037737,0.7081537261659135,0.8523443311718255,0.7192981386755233,0.6609537050469554,0.5495281573576922,0.8512000318516907,0.7652920987478679,0.6263223144939568,0.8924791235059325,0.7143909882634442,0.7821594128641944,0.7339986032046258,0.8124207175043531,0.8084571702351777,0.8110530691598064,0.7090738449664786,0.5486159921323123,0.6025664540395631,0.6635382206775674,0.7444247175995062,0.718580727303369,0.5390014576606397,0.8582241147296653,0.769491328242786,0.6768346086507513,0.5185507279507209,0.8467186709140831,0.7112713478378,0.5358652847064515,0.8477651963856829,0.5787771378315066,0.7363268086758512,0.5855587310471958,0.7683251270622251,0.772615376813488,0.7625902493151264,0.7707310016892311,0.5625998848600056,0.6042730069227984,0.5854908961838188,0.6079155247408126,0.6423642182440887,0.5323638670546765,0.8131475596862803,0.730482473158078,0.7466914678579585,0.5401142890497521,0.8460654513444117,0.8025740695184751,0.5376740492801351,0.8595133054283316,0.52953005295692,0.628032503900886
jh,rest1_vs_type1,0,Rest,Rest1,17,0,80.24184199999999,40121,42621,0.026035206919415188,0.05021182406476665,0.12707014464824784,-0.0784902160321117,0.22868347264173616,0.22073068024201836,0.22448889449253606,0.02001949841547912,0.18343536583278386,0.11322102504497122,0.3718975113209555,0.06506748351805358,0.033250827306555486,0.042604588967464885,0.35836401408173035,0.36827164365009635,0.17676394916322424,0.06677196114786765,0.9729563046067089,0.7697760519298292,0.859316483436851,0.8992766113138139,0.9664913137315315,0.846434819073434,0.7328140800763453,0.8000340377117422,0.8439396224163819,0.9450735100320046,0.8995248232790675,0.8621249937914586,0.7631465123222843,0.7388082796170001,0.6745666345729003,0.9441803650507832,0.8627095307019926,0.638525793104948,0.9329544568208501,0.6816461394496685,0.8408875597861644,0.9736127759693685,0.8597336600960069,0.9018721755962974,0.8693440606176928,0.8845339379893994,0.8824335523086227,0.8379961406332932,0.9227573198035361,0.9012413520327275,0.9180298970496716,0.9283831719111694,0.8463012904846052,0.7575816754824753,0.7627938039734652,0.7443676414278243,0.9476069894499457,0.9135930275342061,0.8630831914699583,0.9478026026587137,0.8723346224796861,0.9134666158386255,0.9478916480335223,0.8302659360914092,0.8457375853682673,0.854142800222598,0.830443662306333,0.8537061573472573,0.7644061184856683,0.8081697029880277,0.8506597299704574,0.8793723121708011,0.9033271868768296,0.9452834811367665,0.881845796833816,0.7944147165436425,0.7505436084326176,0.9630855452324212,0.8962119961167005,0.8244645332725076,0.9506859241744903,0.8728337581372093,0.9317463397525746,0.7993815184568192,0.6832979486010992,0.725659853259624,0.7534444683552102,0.7168224943845748,0.5936265358048923,0.5301865735309069,0.6178198859071218,0.6543288085119138,0.7111089949724113,0.6962932415678764,0.8683750964778698,0.6810956273426854,0.5988450094864964,0.45704717830253483,0.8376704686368831,0.7466786046642238,0.5884707741475939,0.8224250711708571,0.59409461064966,0.784779364863562,0.6953518841555543,0.7242969355564889,0.772969787476069,0.7592981161753795,0.6693994425803083,0.6075076390880236,0.6191127397520669,0.7054550806426367,0.7480272359402143,0.7110549101088042,0.6164191740527205,0.7924709263036478,0.6326939586920413,0.5591550757563317,0.515226438580433,0.7897846580867223,0.6375934862116691,0.5125153411862508,0.7978375804534724,0.5552076099892101,0.7391582725432789,0.699519785283267,0.8048541900034661,0.8284138022948473,0.7961510288219025,0.7983306784375112,0.7174586782938057,0.6407620941314748,0.6702653421156867,0.7279225320753764,0.712670606321576,0.677918942869107,0.8112553728150437,0.7287569844568478,0.7032513487012092,0.6354151063673151,0.8232851445276648,0.8375340204646945,0.6802747737563376,0.8651662610595391,0.7006607353407929,0.7593520272690676
jh,rest1_vs_type1,0,Rest,Rest1,18,0,85.24403099999999,42622,45122,-0.12935623218657977,-0.012585177649222956,0.03781585175822233,0.19178003079631578,0.02015906182888294,0.12350117967477026,-0.21572691999405702,0.04471129116246875,0.11035515942623686,0.20507883525042736,0.28460723846391955,0.04438293377396185,-0.7420492883294578,-0.25163391794616796,0.12405397700744558,0.2655706448054511,0.4113955079496443,0.037744218818101416,0.9486892617458293,0.9472740535637865,0.9170783765621393,0.9069662187795969,0.9139214696839774,0.8779787336544663,0.906018789815215,0.86127946890603,0.8688141392625742,0.9012635352949521,0.9240217443777234,0.9217049202485156,0.8898819984129218,0.8778756049042601,0.8285432375266597,0.9859444132216175,0.9665330019243854,0.7579092442615705,0.9856915992273151,0.7827586494965254,0.8329231204165148,0.8443298973874706,0.8870244786889716,0.9225392168613855,0.8791006980178168,0.7598982228447277,0.5170587785977031,0.7304492029741381,0.7655244491053078,0.7679322643471325,0.8079112510649339,0.6719663771398304,0.8554291782172463,0.7773432151256228,0.656127454438145,0.52539376447965,0.9479182752977231,0.8289344672287401,0.5799969588927798,0.9000272474231892,0.6333982410415246,0.7736003252490549,0.8792631797531076,0.912734438595931,0.9652574569971145,0.9349047133462649,0.8576905000572205,0.7698510015015411,0.8330487305268894,0.8583829179721095,0.9198590452620865,0.9612351908318788,0.8701927956391564,0.9188247942222353,0.8701092524924411,0.8200344137070232,0.7713046641107659,0.9561254304290417,0.8539561959983651,0.7448582321398879,0.9196989249751295,0.7646294215051244,0.904705591930788,0.7675500091744624,0.8869208547132442,0.8645790538624016,0.84728493970776,0.7664320460433612,0.6008786718190593,0.7081077867162447,0.6410729483238051,0.6817472928286727,0.7155398056189283,0.6291218474001538,0.8443710767672955,0.8055497396907312,0.7030047288946895,0.582584228680945,0.8658267167952801,0.753233965127328,0.566023506049035,0.8704072489459584,0.6578931240533173,0.7529270418932275,0.7501581648455494,0.8068746832409638,0.8397137445448813,0.8591206304719324,0.8148280948707469,0.6858910407481419,0.6262816800249996,0.7055027563293942,0.7630469825047393,0.7051857393185771,0.7001106694664714,0.8048794807630983,0.7256389664829275,0.6786841860928428,0.5991756950995337,0.8572831182514831,0.8036857091114508,0.6515142203886356,0.8719117827114012,0.7102002757529973,0.7661638875218026,0.6809767563486123,0.816896827675773,0.8212242649578493,0.8548939352841267,0.7907872398487441,0.6509592960160345,0.6515478514320618,0.6579504139856215,0.7002646262939253,0.6846513827464884,0.5927326785237695,0.800339640219953,0.7531725313384668,0.7261719896759548,0.6033955838811675,0.8602329855956936,0.8347616784197994,0.6160324429624415,0.8670870573146341,0.651116870917187,0.7337878175652294
jh,rest1_vs_type1,0,Rest,Rest1,19,0,90.251343,45126,47626,0.20484365647031044,0.3027097706917288,0.054319315556133674,0.34597232625624885,-0.07538556708419675,0.11545330890967032,0.09976444774930826,0.14521969811521984,-0.08531731597717052,0.1281598571058642,0.09118545394121735,0.137411795021118,-0.39315500290767513,0.17398895343707332,-0.13145768897611187,-0.08022817510612823,0.12221370827161149,0.05407864007959562,0.8091201319392681,0.5705841899590993,0.8592938885429484,0.886348218245622,0.708210416726316,0.42291803010858153,0.3012459630071854,0.6584035218460201,0.8836053258501531,0.9153826680063335,0.6400483624474771,0.6939457923945168,0.44275100068932544,0.2089753465593081,0.1919307761485435,0.8009178177213021,0.6002240750707931,0.23241842546193928,0.8354118259918324,0.4612366353369102,0.6971493777869975,0.8111160048758785,0.5946260135852277,0.7890226105447499,0.8472670478516798,0.7864516720468577,0.505750464715591,0.4645856346368977,0.5604542187891086,0.754201664464298,0.8663796428989883,0.7201251254850266,0.730114058806636,0.6078251420034484,0.4586439283978737,0.20273584451092655,0.8484115462256919,0.6772873745338093,0.27596645523595553,0.8754279135597188,0.4405181909824488,0.6517788771473395,0.8841405178115077,0.916939991601631,0.9270892572842968,0.9430917688884629,0.886517144469431,0.7859826049788465,0.8219497451549345,0.7960243619530544,0.8479108484147339,0.8301157114201432,0.8634465737828132,0.925791921595178,0.9097584767117515,0.8115791334550749,0.7192033458158624,0.956182341427754,0.8716181684097081,0.7280947558396568,0.9402372321440923,0.803272903197552,0.876260583942501,0.7860580106283859,0.779290182324401,0.7923772477914383,0.8655482428161502,0.8188820425230805,0.7301301330835396,0.6754923945727611,0.7360409959546442,0.7919174392641967,0.7535131055160358,0.6819487639525547,0.7755451792022074,0.697599328739791,0.6599688940989604,0.628566019831009,0.8295557123511262,0.8187684254171059,0.715988847429331,0.9110384296294719,0.7896373761920182,0.8483545473899508,0.6626762861760843,0.815506011410379,0.7984935648821246,0.8012404285506344,0.7600611029700304,0.6231763829545827,0.6283724354565842,0.627109164602426,0.6617346673328701,0.6563012979730567,0.6361076676087216,0.832901126678569,0.7095663256301923,0.6778035029020649,0.6162574454242494,0.8298733788748012,0.7573246895735491,0.644141930615521,0.8711013386211981,0.6220844642034263,0.7710080171409665,0.7389359994305379,0.87015862251541,0.8768029392904313,0.8675665215021222,0.8686308368533338,0.7294419585888574,0.7356981956977644,0.7488836868990035,0.7737277113994002,0.7543548701731965,0.6787443473556917,0.9043828265455479,0.8562544478075931,0.8634919742587003,0.7677801119376821,0.8985768339821326,0.8804331293196321,0.7425683968574831,0.9328048154753291,0.7949065690520487,0.8376068960518994
jh,rest1_vs_type1,0,Rest,Rest1,20,0,95.271964,47636,50136,-0.03302129009904542,0.059464618189326135,-0.004342337456808565,0.4214784709702295,0.3219652225601064,0.1661271650581848,-0.0652282301052809,0.024220966370482433,0.09301794217807657,0.2958875524346496,0.15503039871914392,0.04144831480469913,0.5180480334298456,0.191400354734506,0.013103016922609179,0.27044909805297035,0.4151208420311985,0.07673391551451259,0.9167748690125886,0.7952371394419576,0.9023998671803186,0.9170775609416252,0.8605462907135316,0.6392870215154921,0.7284751343811144,0.8420985082728837,0.8551887727766875,0.9399853307316907,0.7739158214057505,0.814234853285204,0.6849929049257518,0.7102808466026321,0.6018497458777544,0.9292949116583218,0.8326841323549398,0.5716183384807433,0.8389361120415226,0.5269882392138496,0.7817130988268546,0.8726495353044142,0.8718698643811692,0.8992110004915852,0.8429268642921945,0.824840455420645,0.6318990367703752,0.7245736558287078,0.7378780715479262,0.7539349027278774,0.8784403211846803,0.746015585166041,0.8330318147543627,0.7671624445291741,0.6863648653405829,0.5403426609313172,0.9409279125481311,0.8181965947780159,0.5101581844057015,0.8754385962811346,0.5655578324851288,0.73202936976597,0.9726060447652085,0.8688353611187047,0.940694568209031,0.9832573611029837,0.9552922556546966,0.9009510366039534,0.8516208827844254,0.9234878513057833,0.9739158783742288,0.9723600464295008,0.9226217009280253,0.9011986496136719,0.8591083190263669,0.8124698108918381,0.8246164384269073,0.9568024191976275,0.9075126367548053,0.8513046247653113,0.9744250996040209,0.8953000988481498,0.937133205436879,0.7336370924641656,0.8049462670249262,0.8176584531950922,0.8486873441410309,0.8324456925586892,0.6430878661757965,0.582879317829168,0.6472762779228485,0.7463849203129159,0.7691699945552432,0.5806455372947846,0.8438343659297272,0.7174747346437343,0.6767112679564162,0.4783943625059923,0.8123235535331138,0.8103546845579563,0.5933263681228286,0.8834905312643052,0.6518756500654314,0.8011544498194327,0.6437648514922968,0.8262253837698477,0.8563693398610047,0.8317434970161566,0.7603133517256335,0.637801627103584,0.58366328730952,0.6325297280011644,0.719374755989545,0.7103456699154443,0.6359566133967405,0.8487636577767568,0.7247463601851964,0.6790946990379153,0.6242179325362949,0.8356423409487405,0.7667828024353915,0.6462210875467691,0.8848626230620895,0.7197960545143217,0.8141651001984896,0.6821958130957149,0.8935912205302471,0.8860404416887316,0.8743027786478987,0.8826711232793263,0.8025297961333016,0.7119200873767724,0.7062088645623597,0.7435300174828768,0.790110266415501,0.6997392979862693,0.9012491470209658,0.8579498084761843,0.8757099100350688,0.7893196839826879,0.9089396276198852,0.8938764085084415,0.7651877195757077,0.9067609708059664,0.7854421841416703,0.8475002591100378
jh,rest1_vs_type1,0,Rest,Rest1,21,0,100.278684,50139,52639,0.017427954401943335,0.029284917537680144,0.07910470448933093,0.2076004567916674,0.011509752081776181,0.04492815601758027,-0.23410539699043031,-0.01952380797407116,0.1234511292921896,0.07290595068717876,0.1512095935681601,0.05492061991749031,-0.2734714224789756,-0.26100153310262986,0.17119188961690046,0.18972401897837132,0.047739291512423954,0.09223102863489485,0.9038796417411147,0.9139613517102538,0.9428005620068723,0.9613594110515233,0.9317388019927617,0.8052099868981496,0.7883078243015279,0.7974571245087725,0.8735230511261707,0.9097354936155453,0.842747920105509,0.9582621896976371,0.915796044619342,0.8101343687907392,0.6862659200853746,0.9536734799664202,0.8796885671120881,0.717335651169811,0.9380936093042088,0.7903941946211677,0.8394395675273427,0.7428632745882008,0.6935836890972846,0.8035896584047549,0.7662007559997678,0.6969602009228867,0.5265581215135126,0.5392836720969955,0.6873204777392156,0.7314742156846773,0.83862823325188,0.7332564513975206,0.7186885394779093,0.49717245366302293,0.5197085615294386,0.42146558524166106,0.8157740646060743,0.7439628497401712,0.4775088670649261,0.8044626748771789,0.5081537433488585,0.6823314246478311,0.9615756842639106,0.9501569353850621,0.9549699916656229,0.968917232668909,0.933157284316744,0.8596598174619143,0.8835227412642235,0.9100678670038633,0.9653727436913463,0.9461478539008497,0.906999160359368,0.9796304035230917,0.918067189372628,0.8648548942105977,0.7940495465535954,0.9511013091512377,0.8935874616912888,0.8073655879821758,0.9592919792779254,0.8696759247900889,0.9329013391856517,0.8234151275459206,0.8262954506007577,0.8839930664424143,0.8879861323674283,0.8626754344710645,0.7512881444621181,0.681948650575449,0.7122631443591733,0.8426301729017502,0.8459348079736849,0.7371267033906356,0.8249652592880315,0.7404671448907868,0.7198337951873672,0.6648262153233994,0.8739273060311221,0.7950083762388817,0.6847495507929906,0.8578319598261942,0.736545471340304,0.8299608907084867,0.6807398715359104,0.8091537664916029,0.8579264489054308,0.8031836152239077,0.7477050620585133,0.6155846825508475,0.558560849427499,0.6459962092924044,0.712169643668352,0.7711781410099936,0.6976235977610662,0.8211375289234828,0.6925851484220179,0.6239692754404969,0.557892845985231,0.7993207463506403,0.711305525463629,0.6025041722285956,0.8802389119208026,0.6722444677675616,0.8018572826503065,0.7931141535352163,0.8762887333525096,0.9100465505339246,0.8736246187159433,0.8748713160622843,0.7886644056995044,0.7925396829113655,0.8022810658780525,0.7816789791767136,0.8148465828163302,0.7759313918410111,0.9161325285827617,0.8362472427529372,0.8467202139001595,0.7978782868751594,0.9039642471099828,0.8910697114087076,0.7960025484667453,0.8989184755257255,0.7749497400085492,0.8319471446030959
jh,rest1_vs_type1,0,Rest,Rest1,22,0,105.285007,52643,55143,-0.022774711432450356,-0.051039837559546,0.1238290173085046,0.07239295446686178,0.14044285057083838,0.06554586365790716,-0.279885879392094,0.07346311571857234,0.1310577964776023,0.06858437428651687,0.02774745375398835,-0.023226162704133024,-0.318284077374416,-0.21438178558017462,0.24121688925361706,0.02862479442005883,0.22505304336253218,-0.052849338890059716,0.9098499541312051,0.8024433574303907,0.8749808116764163,0.8290481852250008,0.8093406912907268,0.8119772538787149,0.665945294151499,0.7997200535254322,0.8476236226159357,0.8604584911112005,0.8236924259449194,0.831514936431236,0.6238069265386481,0.6003845076981962,0.6197770220587384,0.8648625349436977,0.8215920398217794,0.7634096273333013,0.9429174225997575,0.7604149393288686,0.8221687724387683,0.8023638095039378,0.7959046429036772,0.8599832376293137,0.7423413228843775,0.7404683030367682,0.6640691686094652,0.6235092279670694,0.7263884840073198,0.7680873275135508,0.8060919435474556,0.7109564284698761,0.7394583480466757,0.5372555872446573,0.555359279672241,0.47607099654893575,0.8644101633194994,0.7624588511499414,0.6281125038619058,0.8650544075443374,0.664111701985986,0.840174813823664,0.9822135948129912,0.9877787729944011,0.9869471267094809,0.984176284708173,0.9745914396566747,0.9525686573833752,0.9599880603523226,0.9614951806896028,0.9723389811869305,0.9636180888443112,0.947603390817157,0.9843697400794688,0.9705629380794005,0.9592887211712859,0.9434600992240745,0.9907206782781632,0.975303173977741,0.9429080274284194,0.9888643506206998,0.9523800591402689,0.9656662225663135,0.7864704210905947,0.7856772915654253,0.8281043533079795,0.832970586036965,0.7645183900198468,0.6223350900083389,0.5853650876982202,0.7124044114698311,0.7649320368054354,0.767275299657877,0.5910339834476548,0.8666977220953975,0.7634014067783104,0.6408419650107579,0.4941918974831444,0.8348807025945786,0.7002331789859622,0.5370528433659836,0.8080073449231758,0.5918696021290805,0.8034997784605894,0.6730056408530619,0.8070235897732301,0.8388764288596394,0.7633038507327706,0.6849903458886881,0.6200653661229641,0.5704180889596703,0.6290256144018931,0.7278830022603628,0.7241125633810194,0.638663269282878,0.8108534476272866,0.6907577800991587,0.6303658850011995,0.60737743414435,0.8225042592412877,0.7196558863320401,0.5903203848092953,0.8427060050710928,0.635713512875342,0.7736959260988484,0.7592064661379821,0.8963404758132519,0.9116944834214405,0.9010955584657933,0.8977860426308377,0.770549002169065,0.7081457890624119,0.7688458967628478,0.7404760132973157,0.7812665044906003,0.6722769894407092,0.9268455460683208,0.8804385543588251,0.8755353167460511,0.7768146038421785,0.9209888200791114,0.9164031347495567,0.7976477535244295,0.9409420404642298,0.8055542754902122,0.8521663922615973
jh,rest1_vs_type1,0,Rest,Rest1,23,0,110.289393,55145,57645,-0.2678452022807303,-0.002312172190927164,0.10092794451086773,0.16636296313575416,0.0005887485389672875,0.03837720982701276,-0.19512646920604793,-0.12161284313159237,0.05837743195999989,0.1179795173101188,0.1474030545483056,0.0951496932045055,-0.5425496667261114,-0.4824842234644837,0.17133200682859595,0.12534355131537156,0.21709692885874876,0.025493251674149064,0.8864403165504343,0.8281817555239156,0.8357669460739311,0.796120158403085,0.8214089001562065,0.5049253957676348,0.6438672671231861,0.7629049735500798,0.836227572444868,0.8858528707037924,0.6786816271772597,0.7664109929560975,0.6110563157630823,0.6116604646420296,0.3223999258214584,0.8572262281535181,0.860510888153451,0.5024720859660536,0.9458912075626636,0.6233970384048155,0.6876254032078586,0.8298700923861868,0.7338794309684921,0.805962206603742,0.7076259063813183,0.6624581534804304,0.6515064662003781,0.6269577564399804,0.6643618357571166,0.751883599724813,0.7388699287685041,0.7161924870990443,0.7165711320811904,0.45635416789518307,0.48097005234515794,0.47248254683837915,0.7226523327646979,0.657041012934488,0.5611979451351371,0.8264480761816069,0.6533774502619845,0.8667903045067367,0.873954572273741,0.8458915770647635,0.9086040904320848,0.8291771554066577,0.7940996778841113,0.6758871173014612,0.6748065640982412,0.8352798695880771,0.9084395476645001,0.9158971356339148,0.7848968273312569,0.7919238224624408,0.6553826456476175,0.6195606168367859,0.5796507059943391,0.9018782726427678,0.7718445716605558,0.6208252218617801,0.853452816161074,0.7003110797782753,0.8533461387266092,0.8163844012177082,0.892787630641115,0.8876325553759303,0.8898577566192688,0.8376165698771189,0.7600010400094754,0.743722220327978,0.7969488504940795,0.8036000683172553,0.8073602454794809,0.7004599508337753,0.8330368159126929,0.8093380706608653,0.7347810605825547,0.6684275663004884,0.9033102980299093,0.8189442948015822,0.7010002754024849,0.8740770591998547,0.760221873220023,0.8346802874152939,0.6463285240981035,0.7183088746770617,0.7667749698928222,0.781743077618464,0.7194032029562623,0.5464169621595871,0.5859239204110364,0.6501100926304566,0.6831921760361434,0.6981844548477741,0.5902787482623468,0.8063669375844155,0.6415422788248163,0.6280596110984774,0.5808982929562356,0.759691460072028,0.7262492388266776,0.6178094083835347,0.8440567031941796,0.6695119515331363,0.8065544298322486,0.7904195704760735,0.8844206665806588,0.8747917982387532,0.9029735427111557,0.8776767404115121,0.6791598972059829,0.7465014643566182,0.7520806959010016,0.7993889738779929,0.8194967967953447,0.7097532216610611,0.8741647530064879,0.8590088395892307,0.8683669637200179,0.7122371674369504,0.8993729287551878,0.8830804167770449,0.6846338006116879,0.9046274322452756,0.6882789615969106,0.8157475028893026
jh,rest1_vs_type1,0,Rest,Rest1,24,0,115.316165,57658,60158,-0.17014333759680023,-0.09527357609178155,0.03114700094507805,-0.16193176233834894,-0.07643370192361676,-0.10781331198450017,0.042753612254229356,-0.273094874017326,0.08389229852298774,0.019543677889683586,-0.08014271072966217,-0.033019677171293615,0.42432106715064766,-0.4286649952388002,-0.05807089363106721,-0.09761666355904453,-0.1357138270312257,0.01405177011154679,0.8692791019795617,0.8437535476968185,0.8899599266680335,0.9207479379655374,0.8185479626464081,0.644537310646733,0.8007829445554073,0.8357602746980938,0.8396436362161013,0.8730778661267413,0.7181382222027072,0.8006326131969081,0.7669612761175446,0.7059750615732012,0.5170362072871788,0.9566948658069004,0.9145233110471701,0.5804260600863539,0.9186654900073699,0.6187504992985597,0.6920469316341191,0.8272072393040292,0.8217265215726618,0.903214687642139,0.9213455770342157,0.8674385954872815,0.672124628567111,0.644483685823598,0.7205910767324096,0.727433792925895,0.8041019772925816,0.7439254970365151,0.8672764105052074,0.8000529893150884,0.7283624745463293,0.5273203035493524,0.9248713103628609,0.843354649130994,0.6268575529871651,0.8486386443393896,0.6275993487497107,0.8114149981856161,0.8629185819409595,0.863736365586556,0.8971505135128712,0.894824045727305,0.740647921458691,0.6678314321111517,0.7010116697185165,0.8027995755746236,0.8556502975529781,0.8133489100886445,0.6763879884298872,0.9006536531220604,0.7615947678501206,0.6188006346277738,0.6187234584781914,0.8987071289056862,0.769584315828063,0.666546669517786,0.8524030140565236,0.687903904587715,0.8346776570806127,0.8446478455894304,0.8331668982443974,0.9110941085739788,0.8845695874240942,0.8316260534886687,0.6870815484007684,0.7163800800338721,0.8119158042165766,0.8533303143771002,0.8096064655326598,0.6836791725990381,0.8740467887040827,0.7897395041477794,0.6841190841125656,0.6554570868391204,0.9024084389755574,0.8344876534393587,0.733881338472629,0.9008676231861884,0.7507995623567297,0.7641669414520282,0.8430530679506087,0.8684731916073729,0.9310215044906212,0.9040458662251795,0.8218599924087545,0.665637430189912,0.7556880919587964,0.8222910013272294,0.8326383595541463,0.8249743130679129,0.6570844300687558,0.8622031106787138,0.7834228704231475,0.7598345591147401,0.6493548348556678,0.8901813764142918,0.7846812294282229,0.6578455640921634,0.8306159408614088,0.6951673673472232,0.7981297362720792,0.8675573268095279,0.9103612313516242,0.9296572464592461,0.9093480827699398,0.902920964266644,0.7755307849754882,0.8329827376267219,0.8447167688029468,0.8673415652055092,0.8904361927565861,0.7545781432736215,0.9221160047360012,0.8607733082843391,0.8654760523083359,0.7126675745448583,0.9082658574932886,0.911820358936755,0.7771572340407339,0.9232891471867034,0.7535341110176296,0.8023926374094744
jh,rest1_vs_type1,0,Rest,Rest1,25,0,120.316219,60158,62658,-0.019324830186498332,0.019744187046607742,-0.1300579784881739,-0.08086000345303779,-0.11600368241964487,-0.09639271831168505,0.020720510614747667,0.13146516650416373,-0.08323529496949256,-0.03566087153586084,0.04388634044454465,-0.05497380034615729,0.32268407928849285,0.17849687611368115,-0.16907321959774446,-0.07387900867619557,-0.15361436861415445,0.09021884284797377,0.9369432077815356,0.8736680638470614,0.8908921011804544,0.8721692288301369,0.8763344334366769,0.8788972673963827,0.8860309038742723,0.8793001167439614,0.8584521934832798,0.8704797014223689,0.8586869086753662,0.8902380076193843,0.8525927228598447,0.883727093353669,0.8548400245838305,0.9739156189973899,0.9824832962042279,0.8179772587961703,0.9742779986948386,0.7804320144174917,0.8345082670982529,0.8399526632855026,0.8621557544145625,0.8722319595216792,0.8520478874506652,0.743850953207095,0.7330921348952216,0.6919265295265873,0.7611959951939454,0.8641051655602853,0.8843077213416636,0.874956886640632,0.9111004561822205,0.8215831952117283,0.6759018173522725,0.6294284578570936,0.9178235355729216,0.7925405027753899,0.6873242255684874,0.8755777374779148,0.7742160087482793,0.8989749184580921,0.8657599377271725,0.8686415647933943,0.9064265601670287,0.864408976214224,0.8288844838386832,0.8126430129582102,0.7196489421063744,0.8170070883474625,0.8833935354018744,0.891475069883309,0.8347464955347461,0.8711166060009111,0.7688073343080543,0.7113315871154211,0.7065301923658684,0.9269251220353837,0.8741989395533001,0.8174113956125191,0.9307237204826403,0.8263683172633803,0.8739580616912406,0.8075970784931966,0.8630239982666088,0.8347342994978662,0.8582359669277432,0.8594072715417063,0.6291369803156379,0.6869934974340007,0.6857381750496613,0.7526089817262511,0.8254845855415772,0.7303325172377473,0.8372414825659281,0.8327207741109356,0.7944702929843278,0.5925744355460749,0.8826475512567717,0.8014035175043347,0.6066913191905586,0.9206200369867424,0.6687572679926135,0.7731011071899664,0.8179912027879038,0.8410596757347627,0.8709724819978678,0.8535274097864335,0.8267773123304042,0.6479465826729914,0.7626817047369706,0.7723214919471222,0.818964808193333,0.8977948366259133,0.7477148450336801,0.8837711846332548,0.7720015107596916,0.730169710231845,0.6712289797860255,0.8697557645446534,0.8083059256652338,0.6686566826112765,0.8827510583781775,0.6627078534763742,0.7425747774194641,0.8614219689676612,0.8853178429929547,0.8976267440697747,0.8409895989696705,0.8783195455966305,0.7930310106334738,0.8254082790363428,0.8355900359296159,0.8375986678770065,0.876167073526224,0.7704443119083907,0.8964749165646492,0.8309750766499229,0.8580354411788991,0.7393834906429239,0.9113461692720957,0.9071154769518579,0.764879869055597,0.9002705556626776,0.7642359122222643,0.8009770692422467
jh,rest1_vs_type1,0,Rest,Rest1,26,0,125.336992,62668,65168,-0.1539469730984382,0.11819596843018321,0.08601809773994074,0.08338463079885239,-0.032477373982369606,-0.048532462399766274,-0.27679241631166684,0.042170598373708845,0.12212741277419426,0.13671211045694598,0.12424043309339794,0.024876077949131492,-0.5731978244616003,-0.1448068363486068,0.1558721600352273,0.0275513906399798,0.020248001448655906,0.05328270968489646,0.7091069865496631,0.8287300431101501,0.9272563787597505,0.8383772467520781,0.7604727900623341,0.6761727078909178,0.543478706066885,0.7037825006746491,0.7542947561616233,0.7432666493918764,0.8599714037122035,0.8365210393944569,0.7565715963860068,0.6798106974966527,0.6056444468538054,0.9042501650841402,0.8575601934813926,0.7600406191038709,0.8590872642201589,0.7156871566907594,0.8563846859091566,0.8483387686860108,0.7907496351112616,0.8681566426583789,0.837187856344293,0.7910690702943085,0.6467196256338473,0.6565353185879684,0.7404770656460373,0.7982595328270188,0.8352222456635454,0.7520586225610049,0.7702742643335555,0.6293377177915119,0.5729096877481171,0.4493829180973756,0.8665342681265219,0.7600419865639587,0.5830460832321757,0.8525429305044194,0.6274016029250316,0.8305655925160764,0.9473081900382417,0.9358818273018409,0.9707766598566144,0.9742672330174168,0.9138346559239454,0.880900316005066,0.8982368717608032,0.9041773375135292,0.9409785658286537,0.93425285949243,0.9034463229869151,0.9395206760104093,0.9011330504922416,0.8501426196879017,0.8572631054803244,0.9742828574259202,0.9045469523533919,0.8634510994317071,0.9383092784179327,0.8655012784194605,0.9206865319164023,0.8844890977123097,0.7756123714612625,0.8669377050755352,0.882312474724941,0.828395530023338,0.8353849706341882,0.7328798427493798,0.784909709771289,0.9265492621252721,0.8681665274196367,0.8149427048318014,0.8506747392711772,0.7328962706750561,0.7002598589308188,0.7352180759472235,0.8415663501881703,0.7746881868759922,0.737237346261571,0.9277835099056883,0.8260668975235372,0.878379123986743,0.7928684897184763,0.8366665521981101,0.8924390902992739,0.8657606262189788,0.7771096859305847,0.6833805845182123,0.6795096917253995,0.7484587645901851,0.8219331445773238,0.7498814740189286,0.665457270847267,0.8827626848738664,0.7561224155800755,0.7371833835898592,0.6482361797616829,0.8746062338643873,0.7848943740077939,0.6646634239475232,0.8268016366568348,0.703601424846934,0.7872354112344008,0.812376336653537,0.8783584758214901,0.887254439112744,0.8806532166770087,0.8904876567748844,0.7759602090039865,0.775723621546426,0.8306569519157686,0.8638364163636263,0.857834065339354,0.7512904809982137,0.923235063225218,0.8502798902629153,0.8457712646734517,0.725894757597404,0.9183152656456383,0.9096400224837253,0.781083654032094,0.9435373457958051,0.8107722200188424,0.8460657375616081
jh,rest1_vs_type1,0,Rest,Rest1,27,0,130.364251,65182,67682,-0.012803981477789161,0.316835134527667,-0.06232341942347741,-0.038489118029009894,-0.035804855438286154,-0.03934788216707874,-0.15531452544891478,0.4780716539635055,-0.014939240219949745,0.22629930413204313,0.10655841243464703,-0.01865256721640174,-0.22884890695474924,0.722475058958763,-0.13578120490474266,0.15699340359721647,-0.008530909864147063,-0.024369396900678186,0.7405225725420433,0.6516864747943274,0.7143003099801823,0.5149048425287879,0.6114463509299929,0.5042050909085023,0.6631242276921742,0.6608724551209989,0.4938861527902269,0.6584059065868341,0.7464764623433485,0.7358981424713456,0.5358418088348379,0.6361048484785439,0.758154988710724,0.7155387768321733,0.7918650914068456,0.5537958079441165,0.7442730533011518,0.5280492719946059,0.6879732597491387,0.7651477771182027,0.7949438068844791,0.9078174563326459,0.8858634000709608,0.7396144247772065,0.6315175960216453,0.6628229074093737,0.7519962515427986,0.837202839185029,0.9278071236945842,0.8995383679253247,0.8146740137621699,0.7414813334450086,0.6163369086866429,0.611944045482107,0.9236675855354451,0.7596794433549314,0.6176660036610144,0.8573587610428317,0.7273754495777964,0.861004111751288,0.9199700775094851,0.9698730797868089,0.9766637405074111,0.9829455155175354,0.9360408067904784,0.8598305185002069,0.8765680123617211,0.9057724998515705,0.915392900611166,0.9087062722856453,0.8192350886257683,0.9645052946722937,0.9499139542940509,0.8907295116420078,0.8500326799099619,0.9773988076981666,0.9225320341876618,0.8652211809003086,0.9517994820523267,0.8716393467396404,0.9364197166334268,0.7985812284037394,0.8934660377756348,0.9237119672874164,0.8756692282960556,0.8180174679346439,0.6463762056671599,0.7326608025124708,0.7578207221270611,0.7938430525435825,0.8280902914638627,0.6908580089567525,0.869149949017267,0.8139590759302453,0.7755532970858404,0.6408157069072403,0.9436814829001919,0.8433119888614492,0.5953757204354239,0.9029076251129098,0.6580729476831318,0.7721255456425405,0.7253105110530688,0.8845662745280948,0.9031435959641785,0.813922621509483,0.7292250828786456,0.6437364420725463,0.6183392994993451,0.6689859797236214,0.7973263946857342,0.7859295684870528,0.6885002644868166,0.9017052723151753,0.7527403816594079,0.6302480629793383,0.6181514212447371,0.8233867562137516,0.7104483171434565,0.6101194604145197,0.8492461948870814,0.675120943368698,0.7730652862342525,0.7939857179811338,0.872153483051158,0.9135248724723887,0.8837371955717929,0.8888617883201738,0.7818909395293231,0.7699873059622907,0.7866409248971673,0.8219618485654195,0.8083335003297563,0.7410752810914316,0.9239634183629806,0.8917514225985662,0.856824476386366,0.7977417666924053,0.9334380388234991,0.9204699692744808,0.8145983569246067,0.9166781105879792,0.8025608683295351,0.8141027891929405
jh,rest1_vs_type1,0,Rest,Rest1,28,0,135.38810400000003,67694,70194,-0.0792639483978057,0.07671990574175869,0.0468511187349705,-0.06508039018811118,0.25866834413669526,-0.03751855270495197,0.06910741717947211,-0.07296699993905431,0.1133655864202252,0.12253145583101066,0.13519739637457517,-0.09534227568678766,-0.31146561137753004,-0.02322441527640562,0.1616327430966642,-0.16780545424064908,0.25929577465359177,-0.10688880022240088,0.8508202512000277,0.8942218485784342,0.9745324393564886,0.9276236287122629,0.745918804838178,0.6637679697900644,0.7116428236709018,0.8056909876495763,0.8850971955705774,0.9121630852937656,0.86108442772703,0.9060495565571771,0.7911145839409581,0.5921042893576357,0.5266339632483891,0.9330675886639125,0.7387108981951319,0.6274119097603839,0.8560423834726493,0.7355021895957418,0.8933479365842617,0.8446259237136318,0.7767194853178795,0.8311219783755563,0.8693646012512402,0.7566124758499901,0.5191416346501403,0.6110867163435076,0.70465090131118,0.8191402227081716,0.8727305459049977,0.661368301404718,0.8551432517883679,0.7438645221646345,0.5997207592308093,0.4553309006125773,0.8923071638103002,0.7137599344238842,0.5163196624009334,0.7959264314198423,0.52700850824549,0.7499482520776699,0.9287545165622193,0.8366846008449785,0.8847972486424599,0.9284545584618156,0.8299974848998977,0.7029662723619495,0.7340173057781836,0.7990100032750386,0.9043960694481058,0.911248888133467,0.7860826558561714,0.8658913651686734,0.7858392647935896,0.6464115264884762,0.5655504472736683,0.90512328497013,0.7349493852888778,0.5953896164582211,0.8575298059514661,0.6963231991523965,0.9163868979154463,0.7761507212529817,0.8861721994618101,0.8897575160750071,0.8487458005044832,0.7954091199618307,0.6184616654168887,0.681370569669762,0.6749108835156022,0.7944465447996406,0.7952159528117759,0.6087974179089216,0.9102053984318605,0.8137180307894069,0.718254451562866,0.5662590894526793,0.8907137055395816,0.7981365479641304,0.5930451600022126,0.9101708569611939,0.6600978844706145,0.7614578774496135,0.7024411077566082,0.8491366128253671,0.8876457383730649,0.8278209210076277,0.7101159998570066,0.6159027949135515,0.5634476554732855,0.6934393558475495,0.748086310800656,0.8027035831933581,0.6977568478854965,0.844512629219057,0.6882828211587343,0.5938899086751315,0.538667856078154,0.8299968155919375,0.6959667921202347,0.5752781291688553,0.809952317351856,0.668986539196881,0.826564408868733,0.7714585998665144,0.8850193111172654,0.9097740534723125,0.8965120209723769,0.916475611082219,0.7711187797568405,0.7302895210432432,0.7739678553705078,0.7733211254594226,0.7649723826790327,0.6959143396201344,0.9114189242260377,0.8606330601615465,0.8556224991959487,0.6841362434708201,0.9329897618459548,0.9008238210940641,0.7546064224856747,0.9028270536782286,0.7626086706002961,0.8368261433157075
jh,rest1_vs_type1,0,Rest,Rest1,29,0,140.39328600000002,70197,72697,-0.06278340615694766,-0.012041429365295286,0.03627486790405765,0.175917688071892,-0.06680215957630642,0.07738308204929778,-0.03368966944482121,0.09642125376935162,0.10912338679643341,0.05655115842114,-0.006773611503902099,0.01939165742289628,-0.17689516836478258,0.03208227712079381,0.1957370035875341,0.0766396469510795,0.02067852857819341,0.1380786627162145,0.9479282315327707,0.7215951463967949,0.7357817271200671,0.7704763773339007,0.8039731541423684,0.7898110786475041,0.6502112390330589,0.7128065682038315,0.7737013573334797,0.8248811938533199,0.8378220628953376,0.8658734229936987,0.7293678942468799,0.7028125730268177,0.7161387357073127,0.9188465909672962,0.8613526513883604,0.8237566185734763,0.9264520259930882,0.8388307886371917,0.9013142368516283,0.8189716875435832,0.8010246755764932,0.8137349834003865,0.7147908008051624,0.679042875925538,0.5499668640937555,0.6189529014219114,0.6833412450835239,0.6646709967731027,0.7915544279499178,0.6987026474570041,0.770600145191419,0.580715753023129,0.5497135635528403,0.4971275956356291,0.9043108489463273,0.7723059576972942,0.5445806423205171,0.8264064849559812,0.5404872135899024,0.7069930094047764,0.9039748852393217,0.83458612332957,0.9238407025310752,0.8995616811980788,0.8224182328446682,0.6434836349889209,0.7679403535356668,0.8144732746177759,0.8124357027538494,0.8436831893771408,0.7799912465457195,0.8389264612945235,0.7994475675966387,0.7283363905425918,0.6229593473547202,0.9728573312902501,0.8856378776923061,0.6431036785212063,0.9119166030111059,0.6652221103385878,0.8095469638246897,0.5653352875444194,0.8241304979431657,0.8878187476079812,0.7460919117555753,0.7435456331104493,0.6750200322415968,0.5118038002890858,0.5693454787029752,0.5989196217939485,0.5897714633447432,0.5525081115261113,0.8461423441869019,0.6450388012958469,0.5995983349757147,0.5454397155775276,0.7891095019908247,0.7344859790968769,0.6322343411694011,0.8873997528336709,0.6617372614456639,0.800071943101558,0.73774468583482,0.8453808081340413,0.9178792939412854,0.8428318525765499,0.7523354757719481,0.5765028046090047,0.6912516052040424,0.7441178960864052,0.8168148632875126,0.8086715828751915,0.6007570425627,0.8825357539098497,0.7665861717627794,0.7131562063654233,0.5959137859925594,0.8826945834350877,0.7645432812226544,0.563170947786649,0.8476275485595438,0.6538624555728986,0.6415837165043123,0.7445921416371855,0.8153216162302471,0.8428227771239748,0.8225720688798737,0.8051205310732382,0.6685917947919023,0.6567683293284393,0.7031896076744486,0.6761516230037686,0.734901532963068,0.5969660938928312,0.9068886668094089,0.8077742936407482,0.7990583900508115,0.6825671708752448,0.8529070842172181,0.8259032319083666,0.6887167238452075,0.8599899511914435,0.6882823220138571,0.7562751522702194
jh,rest1_vs_type1,0,Rest,Rest1,30,0,145.41747400000003,72709,75209,-0.1288639568782708,-0.2236208645208455,-0.08893126338295376,0.015937523180577617,0.03720959038953753,-0.07059091924234151,-0.14231373226474986,-0.11999901046635486,0.033680102063418094,0.08342798687893715,0.16092110918346236,0.04448606567312252,-0.5224110110008127,-0.5540646568988956,-0.04866608917472881,0.35055388569668056,0.17068814581473113,-0.11361736622051222,0.9168997152714032,0.8509984713750302,0.7968586882660423,0.8047702796135917,0.8334262201220342,0.8117466395626899,0.740244220933839,0.7167661184142143,0.7750449110173904,0.8729481401202215,0.9247459508794204,0.9664339947892518,0.8435945082586385,0.760021557979052,0.6640729815880758,0.909704910143387,0.8140094655687774,0.6716994727990546,0.9352684357737542,0.751396222855925,0.8795857231646168,0.929309861661049,0.9109348710840974,0.9385236936814104,0.8930248720661215,0.8790117455012265,0.7414537166379092,0.8024773669349513,0.8769007323133653,0.888170567276051,0.9270150787488987,0.8298275643938497,0.9033032667188706,0.7979755686038886,0.788183976430164,0.6392311043693493,0.9317787410309905,0.8992423772556712,0.7598276734279561,0.932525655744511,0.8200785480280232,0.8891204073870494,0.824897422859678,0.7987972542791318,0.8887905522372682,0.8771426040507844,0.747348736917304,0.5704818654702399,0.6947031197892428,0.7477332216521666,0.7405692552082749,0.8302027732968745,0.7347438197223987,0.8549010671491974,0.7045348084918405,0.6420282583664871,0.5850215053405167,0.8912827920516757,0.7610075161334461,0.6008574146405522,0.8330722566744161,0.575974121462175,0.796858684135523,0.8136923634812667,0.775791458964484,0.8744736794338379,0.8507910388241989,0.8320319654476682,0.623800367752774,0.676744363551512,0.7805808698561291,0.79389313212245,0.81201727363034,0.6330672941521367,0.7747119485837001,0.6802700855228538,0.6973276853347893,0.5554430389580246,0.9018813299291568,0.8872139245027978,0.6673450167074833,0.899036939381857,0.649562478537889,0.7391531062182292,0.8470986645794506,0.8295053981562254,0.9085660175161954,0.8967181037413415,0.8744852111611234,0.7882877175207849,0.7445857822885451,0.8394515667137714,0.8493575702309168,0.8611874326512551,0.7666446160137976,0.8503949877392398,0.7805829718713275,0.7660493802876539,0.7456290442356072,0.9119460848381631,0.8985208235173022,0.795075817043224,0.9300375567611725,0.7663682587699323,0.8364377709187801,0.785609964179931,0.8618527857020519,0.8711084753640558,0.8255476228344659,0.8108299243478556,0.7215755876168497,0.7130155631928379,0.7350112501698384,0.7437000307331622,0.7694251195613487,0.6857547530385175,0.8501847912424784,0.737390335190168,0.7327176923365256,0.6960809777431619,0.872516922113731,0.8497772853758685,0.7325688561971933,0.9151831199357363,0.7175574227531238,0.8052816151638216
jh,rest1_vs_type1,1,MentalArithmetic,Type1,1,1,150.420196,75210,77710,-0.08147972992627572,0.07554318910000202,-0.008349090597227882,-0.21337485869239314,0.008335806416519098,-0.02846920578926815,-0.29776424910249766,0.3823326621151555,0.1092843485138153,-0.14057054357402965,0.06874373237053133,-0.047624541640639784,-0.6274489082981227,0.11366467823000503,0.12199061961415891,-0.14755519026106834,-0.04686059656671171,0.018498476207345682,0.8228038882362282,0.8541778024383176,0.9453105477663105,0.8036025652397365,0.808903602076822,0.6411673964718615,0.5969356102831832,0.7806875919158538,0.6895093275089856,0.8645392546685293,0.6894066797517132,0.8523627703609336,0.750421364074874,0.664163777784056,0.47047857869433307,0.8396488219865708,0.8322898161794988,0.5416921943877103,0.8454933793363824,0.4062255193505577,0.5856559527047539,0.8707222238211447,0.7169768311948901,0.8659687752330932,0.8966395167493716,0.8882900127642295,0.7828763917408518,0.5923946597049542,0.7357954362867963,0.7751917405199682,0.7909852724531624,0.7531246320301302,0.7735012037725981,0.6332788605421185,0.6488732479717841,0.5304778915396872,0.8930023139600869,0.8950988631431295,0.7187371237891508,0.9550455659253365,0.7690048491907191,0.8287549107938132,0.7802901432105271,0.7378407924709911,0.8337355256102753,0.8066989320662024,0.7343964146040529,0.6034012942744477,0.5750782203256369,0.8097872004779902,0.8480581309205253,0.8794216078897129,0.6726373126681188,0.7995352927885644,0.6854253932882298,0.5841607717943799,0.2785575250417044,0.9357437535548204,0.8428756015628681,0.5631463626328274,0.8961915788370811,0.6064010906049454,0.6928107507642559,0.6672695585900391,0.8704495291890989,0.8388367906878584,0.8550113031851285,0.8199826077085298,0.6818007198685875,0.5486871100308319,0.5515633454730097,0.6134694907848771,0.5613829564697829,0.5869116077300661,0.8755444372082536,0.7708578842016228,0.7524314073990928,0.6020043982843677,0.8792138901089662,0.8399031040931322,0.5896672534838243,0.9223113428974951,0.6530223083435335,0.7075216929903426,0.78538627713636,0.9053972298695326,0.8900061861837361,0.8832555578911352,0.8018101797793759,0.6692700426630914,0.7380516176281395,0.7416790847671217,0.8071684007545795,0.8227588335225624,0.7135581267976203,0.9045927707372677,0.8415369943756841,0.7577810837757757,0.6217801185247359,0.9134098732666129,0.7926344833258846,0.6083034342864213,0.8891158263686566,0.6864432544638855,0.8040716885300238,0.774616979939731,0.8634725372916909,0.8877413948598603,0.8571772842073486,0.8014782327045009,0.6805901858203823,0.7288593380436762,0.7604580457255332,0.8146544333844099,0.8389217470153274,0.7513823361172842,0.8993520708384273,0.7920652809518564,0.726268006477731,0.6275225760894196,0.8918082369958682,0.8182953254036193,0.6818339491653291,0.9119770059435862,0.740093245821795,0.8413317501853976
jh,rest1_vs_type1,1,MentalArithmetic,Type1,2,3,178.671469,89336,91836,0.3978706450770484,0.20326022788953324,0.005847800887605281,-0.17188353492549258,-0.09448264896038605,-0.0275013455528903,0.39211054595679373,0.10501830189464512,-0.009622829161077817,0.17285411260705796,-0.045844703537206044,-0.025701513692462985,0.47688892789944504,0.17182152503523618,-0.04738663461545123,0.14612760109927736,-0.08252124413395912,0.1461790711552169,0.9077597992429935,0.8258600551587997,0.9318993190095523,0.8833551475502938,0.8120973031722122,0.6950828615253881,0.7281404092631524,0.8707457320816376,0.874560194692502,0.8367974392610747,0.7493877291083335,0.8346803645396841,0.759889421695782,0.6900131012096682,0.5278925187632889,0.945651263117291,0.9064844303466454,0.7153949172673896,0.9537756495531656,0.7063910008654721,0.7905146482967214,0.8170332446619876,0.7869537294046282,0.8973382153357728,0.8234724542463843,0.7650724837272068,0.6990402429376953,0.6025809617537876,0.8004955984534957,0.8448871329271509,0.8862105288870195,0.8096437950453688,0.79097583143267,0.6450719593477487,0.5629017066333944,0.46642292512468586,0.8967602220398845,0.8286830311014557,0.7076334728589289,0.9044229587817894,0.77519419576777,0.8525103775794937,0.8497124011272384,0.783399481368189,0.8848364004300323,0.862510941550433,0.7482032958557597,0.5573651993223596,0.5733166705850856,0.7657196490275882,0.8252217953537615,0.7986682916830116,0.6963788462962626,0.796293462983145,0.6652294604122103,0.5675478737016046,0.37428245648209435,0.9315808944162339,0.8013597320412003,0.5267684588283786,0.8799513058818162,0.6113932019813149,0.7641891176205513,0.8092218917666265,0.8537193572239409,0.8617976771608503,0.8577571301300257,0.8657100171893536,0.6472760401092993,0.6860498429414105,0.7009753466973397,0.7428287075875035,0.7875479257338621,0.6691847471224334,0.8940984581479139,0.8418389086123558,0.8068694390073029,0.5952470700961281,0.8975924734122049,0.8477457598774888,0.6089775429081815,0.9147449787377699,0.6499497884716502,0.772603787590454,0.8182782607743374,0.8285120826767087,0.9242249085748304,0.8709742484883513,0.8092170590790322,0.7336332154235133,0.7564271466322506,0.7806914152802601,0.7865412668966594,0.804076073862186,0.730961276271328,0.8654292437173867,0.85015739510849,0.7648205539562623,0.6926159726963212,0.911145418610774,0.8244178474138981,0.7101027600375862,0.8727611506135923,0.7766343558516542,0.8028945376417903,0.754861797198358,0.8404709050490771,0.8969217889891556,0.8898521017607308,0.8855882299946699,0.6526094378176933,0.7048022819318944,0.7583701234242041,0.7775685965322076,0.8094769967711808,0.6840063947114834,0.8345036466718553,0.7756487554062547,0.7442960836182376,0.5768668053168807,0.9423452808446214,0.8859578027841365,0.6785545597586553,0.9218232270686498,0.6975161557798046,0.7738452053026825
jh,rest1_vs_type1,1,MentalArithmetic,Type1,3,4,190.96163,95481,97981,-0.12034834078347423,-0.046058760282400524,0.1175144100281793,0.21941975860840301,-0.005092442922202789,0.05552284888837855,0.029064606636729273,0.060603954006158034,0.18228005384058488,-0.09863413438993973,0.009366863502755951,-0.05543744076463497,-0.3143756853734092,-0.24008936885652732,0.12541046800041888,0.06634494206680985,0.01258535983338227,-0.13506051070796454,0.9701683565473581,0.9317474279332619,0.9774039524524566,0.9226840676329784,0.8895980274289618,0.871904161717703,0.8777812388622149,0.9482390737675968,0.9286777973433331,0.9092537358856215,0.8982172879106477,0.9120544104895518,0.8201527917967647,0.7894245088592018,0.7680124260541557,0.9650454486101049,0.9257454222004283,0.867745640009242,0.9448880588397502,0.871211677532625,0.8824074714794476,0.8274957067754221,0.7021581997292973,0.7866770210731202,0.741328667427929,0.6952185603245958,0.4885568792959425,0.5652547027589466,0.715283448594183,0.734409886636921,0.7457967825897822,0.5760256230923814,0.6542215696741177,0.5559400432927512,0.4750295896152412,0.386584555487395,0.9277002846904077,0.8289941486922254,0.43017695002607637,0.8925318971675503,0.4737004488676523,0.6095283618621404,0.9051441110637873,0.8481748741975526,0.9425245426296758,0.945315270570628,0.9070931378313745,0.8006371044591032,0.7467911361844201,0.8597914597139314,0.8941805732930002,0.9310578902222464,0.8266059568639158,0.8725891040374537,0.7847718824971156,0.6953234735135548,0.6464327622575311,0.934394007837854,0.8505677439552622,0.7699162457850512,0.9223801347429978,0.8082835756657812,0.8752569844826005,0.6802882702085884,0.7850783760434173,0.8003085925387255,0.7577396101483339,0.6715827016304835,0.5533971777592498,0.54421232604491,0.6223180919133562,0.7327814800124426,0.7561390803297657,0.6229072790927149,0.7707094891686639,0.6696252387104656,0.5216956408670063,0.47920462839336064,0.882908606162002,0.7488541446265125,0.55821410806652,0.8652525423703795,0.6262784518428514,0.6453130542680572,0.7129393423231712,0.7703277746476572,0.8705158675939669,0.7916382022197037,0.7663770013005419,0.6284578939164605,0.5532590615799713,0.6610299903360627,0.7200828997290999,0.7324427009370053,0.7717821465159782,0.8338963930166742,0.7022591748734036,0.600729254146057,0.5487760975668705,0.8666178953444795,0.7516121106943059,0.6233269118993991,0.8504144252756215,0.6895115913121206,0.780124343851264,0.8089066743334229,0.8979942380917126,0.9008968414964634,0.8717340081373262,0.8683252982395651,0.7206544537927413,0.744218907886259,0.7905423993712145,0.7974673159825051,0.8024794056078169,0.6883378821379206,0.8906763918050462,0.8165258467011213,0.8008037890902457,0.658553960881054,0.9041629539482376,0.8828986239189854,0.6767532268345369,0.9173568634649294,0.7115812158152686,0.8104049730087736
jh,rest1_vs_type1,1,MentalArithmetic,Type1,4,6,214.543474,107272,109772,0.08811796963801699,-0.04819106329059997,0.054406680861604606,0.1173355021326965,0.08210115100279358,-0.023750689072545406,0.13289957237208716,-0.07945034358950309,0.10554448315501919,-0.06475854782362545,0.040152619333330364,-0.02013230417946854,-0.5662945060600131,-0.7564197084849837,0.10696086824699913,-0.15163000350833888,-0.13358983813788328,-0.16961595100901494,0.9055513338262533,0.5349071823271974,0.8628972418691792,0.8089319049577123,0.8193548845525717,0.6322716841448691,0.3741313479463498,0.7512372663834957,0.7931863136300391,0.8653833736411923,0.8134092393106352,0.5796075883121105,0.27821171338352113,0.2903204397385475,0.17184895529726762,0.8053624062250387,0.8039728728746521,0.5577352039658972,0.9572488032676375,0.6756358763434869,0.7881015074931867,0.8399997689014725,0.7358434450803352,0.8851788794675999,0.8356484775153749,0.7731579523875918,0.6400631203596917,0.6690709242425296,0.7431982582600263,0.7500575138823673,0.7614555270759484,0.6865930438752178,0.7872167513276244,0.6712963027224954,0.5522993978218348,0.5255755808103817,0.8994070411652196,0.7594971575174199,0.5919170562308512,0.8269333441602634,0.6096509389543622,0.7557454306209633,0.7915211233256131,0.7064013339395071,0.8417784139094227,0.8334220395447776,0.7215974496700396,0.6369624545021706,0.4946850840819137,0.6958181887569753,0.7979847015505135,0.8215175352671162,0.749113130502029,0.7727783109574707,0.6035912434927853,0.4899214731712717,0.571609078115328,0.8765216315492185,0.7343834600537398,0.6297852351400123,0.8871035326345107,0.6618535344764845,0.7836417843319794,0.7820818267727626,0.7415208590054223,0.7976890583107837,0.8400349007925156,0.7506504113566494,0.6913064439995263,0.5850204959620763,0.6996584527715579,0.7681340489458031,0.7369004107811991,0.7091558376647666,0.7944256302007744,0.7653909551316883,0.6571563189654193,0.5445903050894824,0.8486549583087465,0.8653768305277768,0.6996181327206222,0.8289637873516736,0.7033663714293875,0.7907629953516967,0.8107241848221078,0.8156788382015243,0.8645723440089776,0.8195066608951892,0.7865900867157382,0.6981891310504523,0.6987642430323873,0.777659380158404,0.7550859490489371,0.7772691964624138,0.6933541757562739,0.9005169286404489,0.8064622485563201,0.7651971812556071,0.6479867940424714,0.8902828842327773,0.8233959485172867,0.6340414986301444,0.8510273267219065,0.6056558156346818,0.7481355124187402,0.8649403729071087,0.9309762832819656,0.9129847217267223,0.9079680401702149,0.9001775287627884,0.7901224933123833,0.8249110055404005,0.8235604844742527,0.8343191067066962,0.8394789473128523,0.800693291235705,0.9069807743388577,0.8806957666542315,0.838586208994256,0.743441598284862,0.9262093487395832,0.89960275153404,0.7605365690719907,0.910206170789222,0.7801047507564519,0.8281531732594576
jh,rest1_vs_type1,1,MentalArithmetic,Type1,5,7,226.276528,113138,115638,-0.17160709435487442,-0.14799626599635518,0.057460262621103375,0.06295471498685812,0.3414401769205688,0.017437475136822922,-0.19219904560544743,-0.34455366236892404,0.014107059598357452,-0.07470237558527026,0.11322167439788222,-0.07764765125890083,-0.22544371506242689,-0.8079535754792713,0.060796597059313395,-0.25080052084010873,0.08684476256976481,-0.01469703685097512,0.8538115136379474,0.8315809582179843,0.8312328042672745,0.7936173459126536,0.7558424087938982,0.697225731591137,0.7097317328992474,0.8555502955309515,0.8604099765695232,0.8960447801574776,0.8405783340434996,0.7961346438988841,0.7374935322847187,0.6439763910210039,0.5879865401707027,0.9834747985996569,0.9337843142425243,0.7583281288231366,0.9563800119988,0.751230755853682,0.8139899092779359,0.841741139465944,0.8616499532924511,0.8804395288591955,0.810483308429229,0.7694752074121269,0.5031813095637431,0.6525378786175404,0.7283673843127536,0.7417796785438785,0.8557569374671474,0.7122595244990334,0.8398328620307584,0.6733777385298945,0.604717551441041,0.36852387967129757,0.902434738959727,0.7794780130808387,0.4378100306054035,0.8511017179885215,0.5274111453181423,0.7581950290804198,0.8806910303635868,0.8175402705824245,0.9130591105186111,0.8964575183774622,0.8824729896185595,0.7401643813041877,0.7059830461757907,0.867101566993236,0.8943747264520218,0.9048231692148745,0.76562222959825,0.8439192251551895,0.7440923300133843,0.7469418207338241,0.6789545174300405,0.9466227619935049,0.9469206938290318,0.7790701891603238,0.9610641390191249,0.7366729267180568,0.8001900835808978,0.7512844938959331,0.7269303207058935,0.851716091659472,0.7741850142090645,0.7146956321685177,0.586947220894816,0.6323336242212897,0.6812054054803819,0.6396613797591998,0.6579321491746688,0.6121009863184179,0.7304094767795986,0.6204401359105508,0.584531402611808,0.4971833905372973,0.8575549473945961,0.7628385009639757,0.5532827981526905,0.8069372231530512,0.5358324563167985,0.6782849953428427,0.695768877461801,0.7931593238100808,0.8396762684470379,0.8282615068271684,0.7852476424553866,0.6028912671883128,0.5473309477709032,0.6365646087815477,0.626426632193817,0.6766656656351082,0.6077891020331879,0.8141870737603566,0.7111379946937787,0.6762810248518875,0.523189340575352,0.8673005815062432,0.7496883264413149,0.5786655264618235,0.84783191895277,0.6098952904983043,0.775614182380077,0.7257479676116385,0.8439122497749785,0.847627358468391,0.8037824154329336,0.8047248610732709,0.6674722882773048,0.7090193158715236,0.6966541125873603,0.6926303970861594,0.7686707644193979,0.6387733679567779,0.85059907538218,0.7639996214287118,0.7609262879666852,0.6659550407254783,0.8603126792417036,0.7942169359476934,0.6293567613014653,0.8724749203004316,0.6786467205381963,0.7540765179165041
jh,rest1_vs_type1,1,MentalArithmetic,Type1,6,8,236.564067,118282,120782,-0.04858316197706447,0.04073507124476983,0.09436594282727562,-0.10906930457050779,0.014827559672661028,0.12635172528022487,-0.04371107784798678,-0.11552767315310364,0.2730565929086781,-0.030287421366794742,-0.07548221802397226,0.015535587217049063,-0.30582588084535,0.11229150746597094,0.26213945249062975,0.10790226494486665,-0.1502292034746162,0.07533496010080487,0.8166414413765152,0.7638060884936514,0.9152410684365363,0.8719654585339325,0.787290175324137,0.5864057760733892,0.5744267529160426,0.7516988027692345,0.8060788880770186,0.9128522981150823,0.8236115573253,0.6801434529157877,0.6266275638830483,0.5423631283400365,0.31464046360879305,0.9698768896328132,0.8421848664142322,0.6054952786813816,0.8898182806238983,0.6543443793728521,0.8094982921573303,0.7229333370022731,0.7590835113790029,0.848813293442225,0.7424787257843093,0.6782169422523784,0.5353492062189239,0.5471159689947563,0.6611380643708958,0.7670015729139776,0.8859332500768488,0.7730636067541061,0.7594196204848794,0.5736880211642555,0.4759245828952028,0.3405435155309094,0.8173162997730385,0.657509437831882,0.45689646869673534,0.8502101641367572,0.5759101926511005,0.7684877380425843,0.8438246596794207,0.749033693431342,0.8638178891095848,0.8688091369962372,0.8040135034978526,0.6655429424950434,0.65088779524469,0.8179533450220656,0.8589146199185139,0.9256448288420531,0.8485412073618732,0.7550218641868685,0.6529628476707496,0.6397106070181224,0.6087283984865063,0.9233987197949081,0.8659590157391154,0.63017304848283,0.9149657731171459,0.683497566293735,0.7970268472891303,0.8344875713019041,0.8425057440579611,0.9152768931517368,0.8962763418453399,0.8809777810618544,0.7839980394809852,0.7255600729980185,0.814177498633775,0.8217244024463446,0.8823107606513125,0.7933655517847635,0.8524414317421009,0.7869573301232177,0.7698599365627903,0.7077483856491518,0.9237022320068594,0.8689776232429413,0.7486168119572806,0.9118417512847713,0.7392975790453373,0.8302660594220007,0.7826756428730063,0.8965017434935889,0.9226682759600253,0.8844493428694225,0.804636550563347,0.7819298875385433,0.7980165186549463,0.8227662658142304,0.8038215187541304,0.791589326860998,0.8236409886059284,0.9277855494573211,0.8450238702856522,0.7898113896206646,0.7931233417273902,0.9294754435216778,0.8472678510787733,0.8193285002982412,0.872711214093554,0.7901442271773915,0.8286849243245628,0.8860924402332031,0.924305401260174,0.9330559837222528,0.9030411604267916,0.93109275256536,0.8732564652088609,0.8878852638493039,0.8830713497611706,0.8695327937446046,0.8945827198691784,0.8405475685678899,0.9406760823491433,0.8867726632081842,0.9130963090592379,0.8514395512696482,0.9449689993228145,0.9478958311595984,0.8596364789689727,0.9419801879571457,0.8541830662413061,0.9035334192732778
jh,rest1_vs_type1,1,MentalArithmetic,Type1,7,10,258.428992,129214,131714,0.0959443408688121,0.28050319948876723,0.20143835793612563,0.04184711571818456,0.22425496359048935,0.1571045540937197,0.22790504012993162,0.15624022679797855,0.15260355994892372,0.0360943341502602,0.0917189817538766,0.07735360123029578,-0.2866599012581288,0.09056253575699946,0.26615282975711185,-0.023345399723665228,-0.008750830743373683,0.017216013947581654,0.887878821421583,0.725611185386357,0.9173512075820848,0.7851398879628135,0.7792095873103374,0.7583448030494653,0.5095979515868143,0.8660692963264311,0.8696838148259384,0.912182508394883,0.8641887053595791,0.6533254148592494,0.465334248212733,0.41017306287048966,0.3690202491938999,0.892954694124852,0.8565389536964474,0.7594857697624695,0.9564020540062901,0.745189347351258,0.8232997308289384,0.788168986048169,0.6457098423955273,0.8237920051249749,0.8303551267840138,0.7906334668535915,0.6584563194267886,0.34787615719832554,0.5952706341400799,0.8513867197849055,0.8828592275703457,0.8287361289143255,0.7674392521505408,0.4745478536733228,0.41041102281636876,0.27585097734937836,0.7715947498443727,0.6916690167182159,0.5209796311738456,0.9385874374729463,0.7693473683530871,0.8636242703057717,0.9106420723919925,0.8615574815797796,0.9078344317494041,0.8922281014186426,0.8597495041882742,0.6366216115324919,0.8083435920120052,0.8718101578930595,0.8686797601880029,0.8997516268609562,0.7206055529912808,0.9124427418119292,0.8351961460135423,0.8192098267972275,0.6651692727875396,0.9617865723495516,0.9347757028512562,0.674226722576532,0.9481812256877794,0.6638710740429862,0.720422422931337,0.7283662058609023,0.7922597856249789,0.8240609777701232,0.7611210732732435,0.7566604263504959,0.6772175401947611,0.6153909514738193,0.6341319013985833,0.6579909510824081,0.7169362975732054,0.6765893301281213,0.8166602336081094,0.6625493337941397,0.7244399889129037,0.7130101302723083,0.857823794419241,0.8058114627086289,0.7034617494123792,0.7924286823905197,0.6591223832901701,0.8269479269603087,0.6867910359501795,0.8204043628981532,0.8464107791056401,0.786908103206037,0.6509393806597769,0.5403181127497272,0.5837159386722849,0.624946573171096,0.6469928198162126,0.724751850169367,0.6437268158717455,0.8867522618474399,0.7573464272796456,0.5717490506811735,0.46276842675659774,0.8439851114282009,0.6515885266100223,0.4703715457137022,0.7652585491826187,0.5441974788779089,0.7036846410181399,0.6213404114344622,0.7643458228714614,0.8171628284178428,0.7761808476195184,0.8054382507107817,0.6402135730101046,0.5113346555857462,0.5569027195565012,0.598400064879328,0.624176413420324,0.5107913817508982,0.8344434744520323,0.7470742773701206,0.686549261499214,0.5626128465257983,0.8520993438635921,0.800773918908299,0.6169098166839794,0.8258873386736015,0.6348320439843225,0.7469879494973716
jh,rest1_vs_type1,1,MentalArithmetic,Type1,8,11,271.623599,135812,138312,-0.06830503718628389,-0.06697063098589773,0.17738909520000945,-0.05874307263206635,0.26479182232055765,-0.09448921176509728,0.025552953695219927,-0.08591632462603638,0.10315553266663446,0.037532738133617016,0.20420293928482458,0.20875272256050348,-0.18244049462255063,-0.3962451510859273,0.2684651433534522,0.13743470684297954,0.11854094858677433,-0.028930891802268377,0.9444248976165429,0.8723420659310832,0.863886707740218,0.7556840365252102,0.6927005139214136,0.6811219069685104,0.815821541267033,0.7982550873411163,0.7663142252933163,0.758678178295144,0.7264869379858372,0.8751391643059065,0.6588892396889523,0.6510826990893299,0.7779850961883863,0.8477421279392744,0.7458715636596631,0.7426304808796538,0.8999907504760802,0.7478991005918236,0.8710564912537707,0.936343899609697,0.8944490783039669,0.834462937422721,0.8222985623364996,0.8177909767579613,0.7811963767300594,0.8642663000815901,0.8057182885033488,0.8268735329915892,0.847440136512026,0.857197292411178,0.8802222134295143,0.8478957520109094,0.8178041860442709,0.7614492636572321,0.9444131020353966,0.8789903986086742,0.7520407430472318,0.9490695730112261,0.7980503829734767,0.8554769210424286,0.8989713322648204,0.8336734196954286,0.8816264490641078,0.9071036253655422,0.8642864915674389,0.7991688191856866,0.6933042065544792,0.7657492222354951,0.8491931200764795,0.8924916877533849,0.8866869358504773,0.9253441004654863,0.8605310864477421,0.7483313245369763,0.6595641875753498,0.9397788269026881,0.8357458531736187,0.7355485229823743,0.9204759798631946,0.8304302027303837,0.903547931813718,0.7940669796200347,0.803705200616276,0.8375937328384528,0.7739977908405612,0.7627767564746137,0.5918693722989273,0.6315746875077928,0.7113418800105143,0.7948003629072429,0.8179565877846817,0.6692505855978833,0.8071223526526753,0.6842960453895459,0.6724637712239472,0.5009669321622461,0.8803062594323212,0.775260851257356,0.5039881719230068,0.8425015911344345,0.6067650332047195,0.7464396661820879,0.7954760777067471,0.7638104144667327,0.8544183449540327,0.8056529823059643,0.7215706345867194,0.5347301540384718,0.5994968538927351,0.7381033301792269,0.8074048967413424,0.8030248145821107,0.7033642278573682,0.8200463321700749,0.6206428180426548,0.5329810229546758,0.4390208697141107,0.8306072116988565,0.7379942269143444,0.5975636448830348,0.8866670723777144,0.6560313602264606,0.7270250270863112,0.7046038874860189,0.7534577438309389,0.798500008793529,0.7480361774292562,0.720760576601245,0.517671782419047,0.5671285413353419,0.6959499859142738,0.6869515358653687,0.7236680406097644,0.5257957724333521,0.7441094291102525,0.6213759155030925,0.5999790831957146,0.43114192345190505,0.8700784716072929,0.8284406860956066,0.5466962019771405,0.8549218164717992,0.5181811297964471,0.6333211744200197
jh,rest1_vs_type1,1,MentalArithmetic,Type1,9,12,283.191045,141596,144096,-0.11426399101505869,0.00808227539422468,0.10684980171887304,0.17082615577846028,0.16084296562329614,0.02691366005128204,0.0049694482743198876,0.057611808616031546,0.15195608198387145,0.017120026771274777,0.25644692483415543,-0.030731768798187176,-0.2401996763352905,-0.15199615400760802,0.14774227499451253,0.06317525680634883,0.2402530445976332,-0.035084230508406034,0.9786649196563617,0.9289688875767522,0.9627317175864167,0.92999095203792,0.9188819530054031,0.8526429169843188,0.8906825868412434,0.9692356698917,0.9499145512261435,0.9661970680391423,0.89668597451784,0.8884805918358512,0.8413579772313489,0.8163615053374104,0.7897376786576367,0.967055217379638,0.9433573765420717,0.8515717263541395,0.932168178898243,0.8378651721692268,0.908195927021341,0.9242086848478671,0.8806466187410468,0.9228479424974236,0.8923938987359705,0.7960360568620575,0.7109418733435033,0.7705262965101548,0.8781407372552609,0.8942510465739839,0.8782580728518385,0.7900572671514288,0.8767737867604487,0.791761767837732,0.6746433468271968,0.5817204419225666,0.9664302762949137,0.860879479624468,0.7167725942827937,0.9260131138310544,0.7841187267122485,0.8636667489350303,0.9117015826599407,0.8426942618605285,0.8562714017690811,0.8138026146806611,0.8048558308626541,0.7596103523835623,0.742851165736284,0.8488395812996853,0.8679812392125485,0.8562898482462384,0.7919241157934643,0.8162929001495244,0.6803787112053314,0.6668568484649868,0.6666108198667734,0.8956601807780469,0.8406331113887011,0.7234458368245574,0.9122155154952284,0.7289256319196918,0.8537339073350718,0.7576835506966106,0.6668050402912551,0.8203928267013557,0.841149675463184,0.7624904907553535,0.5993774288916273,0.4308603533428629,0.59606347427473,0.6736423021462147,0.6955413361137386,0.6077802572360592,0.785701891779744,0.6536373057830712,0.5823794772089137,0.4150086541368796,0.8618557991575614,0.7412587962244701,0.5566124772323436,0.8521142427747866,0.6590421620232325,0.8156700164971208,0.7172177643500536,0.7640146396309095,0.8273602933010304,0.7793262052297799,0.6903093545336227,0.546067024246855,0.6023574304675863,0.6455165409786283,0.7379780822829095,0.7180223293768856,0.5535835255929492,0.8274815602412872,0.7356320186117898,0.6617849888394713,0.4967791376801916,0.865889491218117,0.7040975362702597,0.5106460032980399,0.8175511442143184,0.5981569561357414,0.760897741218977,0.6059096052532333,0.7117093195963304,0.7161890781734893,0.6950229874983208,0.7149150643609519,0.4163099150354414,0.5206530661008767,0.5719757810404059,0.5744253614684129,0.6480934520019308,0.43055752965297767,0.7973004160895818,0.6467489423817481,0.6206296064875505,0.3688122645429973,0.8220821390953648,0.7699237726993109,0.36161166595492333,0.827447186630009,0.3627396816954719,0.5221779898265947
jh,rest1_vs_type1,1,MentalArithmetic,Type1,10,13,295.481371,147741,150241,-0.16700169413425892,0.0736705115003935,-0.06429279973130653,-0.16662645761486594,-0.135964759654414,0.0874873223333199,-0.26765142084321303,0.04812091861834178,0.08119884101013053,-0.1530421522734593,0.0005048694551246236,-0.034673196040614584,-0.5846644005213575,-0.12449668079145138,-0.17648248302749536,-0.16074663464364924,-0.08901960030932399,-0.1700569479924936,0.822479443894597,0.6389173090584418,0.8473800631762389,0.7167192177352373,0.6777035601846123,0.6620355184085174,0.3628436973564687,0.7928302963406485,0.806056588403465,0.8521276101169836,0.8312991949902282,0.5935374599766186,0.3308135521202375,0.29462458826678933,0.22946412174830208,0.8323023146959247,0.8111536956536355,0.6637581128189948,0.9358919156222464,0.76645216575679,0.8740374621228114,0.8231263249672611,0.7800289433457579,0.9104203365556258,0.8428319302191035,0.76510213566728,0.5758805918661781,0.6741123512811213,0.7463543855050464,0.8153962924751821,0.850165237169319,0.7569868332506577,0.8057330315067923,0.6728048429569574,0.6232164402956444,0.5207656825909566,0.9103681918750295,0.7891689251338022,0.5667137663993166,0.9012596256103206,0.6292360950497518,0.7408744474103744,0.9010577123851569,0.6806840812843767,0.8222986727363412,0.9102021585194254,0.8841103093700492,0.6310091112748832,0.624148592157064,0.7333899583360171,0.8569296687644057,0.891555204358708,0.7441242259874944,0.7341480605756262,0.6545504954788212,0.5870341736355572,0.6104024282020015,0.8891924212539285,0.7803136373187164,0.5339874246138037,0.8952514488501369,0.5865201882472553,0.6726493474094991,0.7253827550197065,0.7628418777168626,0.8164903947808035,0.8042208627903933,0.7647799138796343,0.6231290632006287,0.5574311645778456,0.6626014044579803,0.8351347595156731,0.806732361913106,0.5423286476718757,0.8331910542559299,0.6620679703298495,0.6093085733765424,0.5192993384500049,0.7947324219075346,0.758778340354694,0.5926058520771725,0.8632035920695121,0.5894064757249923,0.6956769433085094,0.7837996834574907,0.8521696059495164,0.8348789557695852,0.8395289392140031,0.7541061062530675,0.5765147596673353,0.7119186105758251,0.8096020309229638,0.8238499540402192,0.8203443920350234,0.6555628346523927,0.8329185248468456,0.7475773522257607,0.7151108031643902,0.5996332757975151,0.9179994054919031,0.8450411690230316,0.6610500569294293,0.880497402438782,0.6951492372807337,0.7896969556030041,0.7229114033978189,0.7626435625327429,0.8138270888712109,0.733525483936445,0.7769581033525397,0.5823285057248853,0.6804052534336947,0.7196456886747955,0.7429058837462454,0.8117717411696553,0.6363986206031309,0.8240556650283468,0.6752209259195764,0.6826785314825667,0.5523291803652274,0.8198034316983639,0.8179292455987984,0.5909445046698598,0.8764752454431036,0.5555150391532258,0.661922241684974
jh,rest1_vs_type1,1,MentalArithmetic,Type1,11,14,306.699545,153350,155850,-0.045847653411639655,0.025079815567101704,0.1107410946588061,-0.16149070270201094,0.05335532263231357,0.011550194637643063,-0.0172917792125169,0.005626957170762559,0.2350233219466693,0.018312357764448617,-0.03058000377414949,0.03751181789427038,-0.22238081390991216,-0.08706933552369822,0.1772574056389784,-0.2180144259723611,-0.14098998629450588,0.0713679084020673,0.9846245499723604,0.8434535586893819,0.8475546702871634,0.8355446306840577,0.8498343579802139,0.9160005192636769,0.7959588446342357,0.8185077975900846,0.8148476432733738,0.8332945271838866,0.9290391409302482,0.8363471699090872,0.7811708996951399,0.7940973549289989,0.7397063791222831,0.9742980698188172,0.9644573982509577,0.8398129842799447,0.9767071809978609,0.8623067474689823,0.8636291398969367,0.9728598577572349,0.8983295622120961,0.8454590396890405,0.8234066269116808,0.8805831863601941,0.9203605704044746,0.8657518157583415,0.8194787656137271,0.8136722741369777,0.8841456194866306,0.9198445669935039,0.8730001576074776,0.8068182217775455,0.8615854522106257,0.8843453470604972,0.954566833673396,0.952983568765355,0.8457204442787898,0.9581088183074232,0.8329855636647325,0.9131194909380637,0.9045769681667039,0.8313822322120555,0.8589188220931069,0.8191343380325797,0.7867082793660874,0.7669588492093814,0.7733119791637016,0.8106692091261118,0.8181549799713111,0.8690221410224932,0.8721732380565725,0.8567509832532197,0.743446624210867,0.7390884125695398,0.7131304135714284,0.9127865462771297,0.8422242417774576,0.7578427107886555,0.9101488649415794,0.7745905348870332,0.8716384477701384,0.8687508747788178,0.8881886843017571,0.8866308998068954,0.8641950713641529,0.8193257992056123,0.7005035679737404,0.7683127419129402,0.8164281856790552,0.8521890166703538,0.8689221177373954,0.7822589673310395,0.886600330532876,0.7933924528642468,0.7343499949100538,0.618196467347724,0.933484761193429,0.8635070568064908,0.6955643737532241,0.9266616610532943,0.7491474505903847,0.8523587398113658,0.7841412426582521,0.8293712655039067,0.8350576918673643,0.8074295769400375,0.7642275426933793,0.6617816686221845,0.6854996884290143,0.7486418596340669,0.7373435491977259,0.7902670862776693,0.6846925273969703,0.8610589006684313,0.7030024974532971,0.6785786246534545,0.5483961702257905,0.8425546883500479,0.8193601819273871,0.6293978029534206,0.8432080898414047,0.6239611077106876,0.7141448278996769,0.7906947496091725,0.7743019454955418,0.825711793980271,0.7826943644422419,0.7724723277586689,0.6693685861784964,0.6550603775491474,0.7242444307808579,0.7182881534370538,0.7753268668320539,0.6981118470630281,0.763189769385595,0.6669039238105621,0.6968976728221004,0.6777973708951642,0.8613763528780387,0.8150313846752321,0.6380438157901339,0.8434210753509541,0.6405267480563989,0.745928719867654
jh,rest1_vs_type1,1,MentalArithmetic,Type1,12,15,316.886593,158443,160943,0.06411100735229258,0.027785899336896236,0.13081077978627942,0.13426016042174949,0.03744675851681656,-0.12452141164709296,0.24983794779281965,-0.07414067989763318,0.18434745424190524,0.36367126891717794,0.13941268475485424,0.04264822273201041,0.214451320215991,-0.1516292139003852,0.23199079775641973,0.5022025961058167,0.050824229072906846,-0.08793415959698159,0.9506333403173333,0.73573101858758,0.8646975427796663,0.839180269771007,0.8001424296579783,0.7892120161260616,0.5865324641318533,0.8074195101202616,0.8461159949531116,0.8676348742164207,0.9030047516810125,0.8397059495277924,0.7050583531612779,0.5758855012694795,0.40953581356942875,0.9463819179355175,0.8655417104011207,0.6923370313370527,0.9613161624504295,0.7828924911146565,0.8617831943221292,0.9084328177809151,0.6971459018278471,0.8043927338307916,0.8336024259354315,0.8323372789462004,0.6937524127055151,0.6483013917676607,0.7035516053163902,0.7791006255427955,0.8339559822479444,0.7720138446725922,0.7415657781708597,0.6680242201374866,0.618410458122538,0.624089653458022,0.9105073642427419,0.8123536327467806,0.5791647376649799,0.9081414303183178,0.6235342626457044,0.7382591283935175,0.9041292109225164,0.8114158441853633,0.8804506444315274,0.8787483322515117,0.8214955732800664,0.7292524359632147,0.717663088074545,0.761844962146219,0.8076109151164731,0.8404248740052217,0.844047913414422,0.8513157513588051,0.7332816206823329,0.6631198927527041,0.5954838123584654,0.8706338548619084,0.8495985935898093,0.6768754793467644,0.883386766360887,0.6958407421979258,0.8063414841066338,0.7689326238389937,0.8133952380693356,0.8817756657623577,0.7976059398616477,0.7600467788609132,0.7568377217112745,0.6014943003117902,0.7625461227520232,0.763544859574317,0.8160676116115774,0.7784415026359855,0.7910405945819017,0.6804295418352138,0.6188844002780407,0.6711032177831958,0.8961193769168694,0.8246512334923369,0.7618436443831667,0.8908839887745238,0.7598908042651591,0.8221127725632512,0.8083079189439837,0.8117423923604291,0.8600211876503343,0.8083112736482554,0.7934280395634048,0.7106816848960504,0.6636945531554663,0.7079437961428617,0.7374065498196786,0.7398824136947214,0.6401607917654509,0.8193756168897269,0.7384193351075864,0.6683969453940924,0.7071578325250895,0.8657814982729362,0.8099402314506108,0.7034038025481099,0.8701854315555246,0.6427104702450803,0.731377884473638,0.853861346821673,0.9056261039993689,0.9092137086388005,0.8772141537089616,0.8759009291623361,0.8043315205496818,0.830704637239664,0.8370561642790664,0.8494628959552085,0.8505789803683376,0.8304500546353688,0.9229888779760429,0.8449946833269047,0.8228861446259392,0.7798026665416046,0.9069943150490387,0.8905759101972631,0.7927405068414594,0.9394611852656874,0.8369403670135691,0.8633233669083583
jh,rest1_vs_type1,1,MentalArithmetic,Type1,13,16,328.383979,164192,166692,0.018892870873095546,0.10442051806530461,-0.07187144040125748,0.11445538810873979,-0.0157884336283054,0.16371525288092403,0.09953732725932252,0.057406227289024336,-0.148664743953546,0.1978852042826258,-0.0487854820802176,0.06794340664186871,0.35391179488060853,0.3489576819080895,-0.30481178758715677,0.11047181559204855,-0.0296719541628776,0.19683536753360764,0.8157392611595173,0.9380107739870377,0.7582096900246289,0.7924300355443645,0.6935986298165486,0.455308247400024,0.753008890214054,0.6601668518897089,0.7147230875634252,0.684119297255102,0.7300306166554734,0.807364969587177,0.8215683228165959,0.6715808345945595,0.36758976764436335,0.9609707823369564,0.8699511120724647,0.438360630463708,0.8788913637678537,0.49080165823810923,0.661407136672617,0.7701679401145376,0.6720306949926345,0.7075443150921116,0.6675459717245131,0.6965867288063862,0.5876165030448561,0.47136114448121347,0.575747246250688,0.7070834289709574,0.7642309986254785,0.7503634773932372,0.7054724082543193,0.4978004605609088,0.5093013421918294,0.4518360883657518,0.8475214332578059,0.751512802724637,0.5081518800493122,0.877281597764568,0.6045353719792405,0.7265582757042481,0.8940214730772462,0.9019669770292913,0.8821598628612864,0.8432113823403944,0.7470457073816568,0.6804782777092877,0.819996964555803,0.8153679659551734,0.8608525802608152,0.8680952585098174,0.8144811075892984,0.9036781902638434,0.790171296998064,0.7129384700556877,0.6771356961202054,0.917603564195366,0.7991467816310416,0.7026049103003186,0.867735329112591,0.7321597874589569,0.8921265964650524,0.7249481667231178,0.8059007055727431,0.8033524268527792,0.7329819866575032,0.6582928257458754,0.4895497472526915,0.6717293444111693,0.7538221374332231,0.7537215654111142,0.7505836208996868,0.6536078661844401,0.7758529775211136,0.7325691570821894,0.5906088799186628,0.4664732691080605,0.8742450004751144,0.7264778231113027,0.5925211187043444,0.8233880229497625,0.6867353172713955,0.770887549385384,0.6435701768167622,0.7801870631284332,0.7590123963593416,0.7762805723963968,0.7085226056578875,0.6180919824513176,0.5221403061617931,0.5047671441230803,0.6112437732500139,0.6568795240849382,0.6430476982944509,0.7865184881926671,0.6955134835540536,0.6220902024480633,0.488322819196818,0.8047633888343348,0.6300268778786615,0.5143473772580457,0.7864989685275985,0.6431633234816007,0.7231911511065366,0.6627442404806231,0.7878553935788993,0.8162342059130216,0.7884057721851356,0.7358084761709301,0.6281584648900138,0.606093417621915,0.6628333078690329,0.6439670308008838,0.7066027473468879,0.5740772307546029,0.8351503065025413,0.7473129561048395,0.6990405265778475,0.6091137168826093,0.8692359061473471,0.8183411108013752,0.5922183654788785,0.8447065765450533,0.609138823758853,0.7431880593447713
jh,rest1_vs_type1,1,MentalArithmetic,Type1,14,17,339.220814,169610,172110,0.05559165224863172,0.015312597853401222,0.14481375593366774,0.09908668063387793,0.11298913862913329,0.0010905958567506424,0.2738979942597526,0.2686452556048238,0.2342006050377532,-0.02900580954113119,-0.21667912803706457,-0.0010559673869603436,0.7527600180402008,0.23762976588667328,0.40304581847022014,-0.017385752807836052,-0.3709261461507105,-0.2748503798081767,0.9216529855812905,0.7803872516796052,0.8664753668918932,0.8093148028638164,0.7749743838632452,0.770616816549198,0.7343966103993588,0.7727475645082752,0.7714786995656772,0.7789146870565552,0.8083188606179121,0.6910410430283771,0.6356167709749639,0.5539062857139574,0.5106029673229125,0.9591216623899695,0.8985170301753742,0.7668037058347366,0.941684662228637,0.7831109765718812,0.785934128440851,0.8313508605778911,0.6609236742076642,0.9313115327704103,0.8930118167669553,0.8379952730824368,0.6633755325419952,0.473451472427995,0.7766434340046915,0.8539159802180437,0.889316689209864,0.8013762375573605,0.6555974344404962,0.4892531160982723,0.4419741567083549,0.3590341172932861,0.9190433381416977,0.8624663609379116,0.6501092434352786,0.9479217508910872,0.6901280502443025,0.7504242416804506,0.7274787912803592,0.5941531937789043,0.7210606744071941,0.8070254945912727,0.7008205529345057,0.6420720042005358,0.39568915206074584,0.5413906066223547,0.6941932653780497,0.8254475455580532,0.7807388782569178,0.7348005947299109,0.5919563759016089,0.48374409885080183,0.4535415837854104,0.849123211320757,0.6407068958680965,0.4793695737288144,0.8356029242503088,0.6872135682592898,0.8321213226272259,0.7301015079178421,0.7030476786874653,0.8203823096289142,0.8142492840761272,0.791071514994309,0.6092638000623494,0.5284174296165971,0.7037805542849055,0.7169741244776552,0.7366075798585624,0.609159725545619,0.7968023232329962,0.6753465792845234,0.6227627494167352,0.4636460699431541,0.8728080603575128,0.8106340173799255,0.6254260405635561,0.8397681561467568,0.6132089114311736,0.8061552848659379,0.7024778415673004,0.8210081283525947,0.8660511505354918,0.7887288465458643,0.6964453648249809,0.5283882275550847,0.6359675884474121,0.6369818050583618,0.6743719119043786,0.7615291934432612,0.5765339570785053,0.8293801279622599,0.6904136519137932,0.5872918891581672,0.4485125177942692,0.8483575188995335,0.7345753676338619,0.5475813830886301,0.8036645281529169,0.5988279551739158,0.7000833349112965,0.6625494449045903,0.7975991000848164,0.8614166758617327,0.805510845861336,0.8017710440579455,0.5794114351309511,0.5615155558904976,0.6625797174911178,0.6214820736165589,0.7060200165447151,0.5367337363359708,0.8305025326690936,0.6888794319412066,0.7046810941277111,0.5651700272287268,0.8616756336335532,0.8352512616963059,0.6172538505791867,0.8722920850618395,0.5959773679633114,0.7011679810243527
jh,rest1_vs_type1,1,MentalArithmetic,Type1,15,18,349.895127,174948,177448,0.18868973691696755,0.2159004368999966,0.007302210158053324,0.00516462919783045,0.15711965035954778,0.3960181822826345,0.6243133433279615,0.5751848855208159,0.36753223268482316,0.19431757636172797,0.17983006808086976,0.06079153114522251,1.131050487010846,1.1461377798872578,-0.10428313834388314,0.1879067072412406,0.15040647621853642,-0.008025099862557727,0.9118215396088593,0.7035490685645074,0.9165797968248367,0.8702004516322365,0.759467504007249,0.7000918613206636,0.6137246174586868,0.8377589061273237,0.8658607283761108,0.8503227573769567,0.8183878498738719,0.7368094987592495,0.6362286886331183,0.5544509114099979,0.512999965642642,0.9332384176686095,0.8438879909093949,0.7456869164277236,0.9297907929734253,0.7907614306674162,0.8822998820690684,0.8936117615373017,0.8349569767227758,0.831774687918055,0.818395217043124,0.7635516644464931,0.6555107060740735,0.7660641005060738,0.8009779603884745,0.8008188575231713,0.8567133959886766,0.781524374546967,0.7630766424881135,0.7106843752357842,0.689338878378057,0.5326348838524492,0.9564725504694582,0.8683903854670487,0.6762266653860078,0.9014367147805915,0.6846804743832895,0.8076591358350592,0.7842274795689845,0.788334492741325,0.8588019329404115,0.8532730990177426,0.8055247913520498,0.6112213452368563,0.6734096184100481,0.699408946031042,0.8660491811913834,0.8909974318984308,0.7002215315764672,0.817444457284474,0.6793116482236502,0.6296237554556506,0.565481123754513,0.8142130770892482,0.7318799669672513,0.5159625656774925,0.9317829539630915,0.6089577323986722,0.6593176842014441,0.728078193007567,0.8232488480086569,0.8747283836923754,0.8184013142831886,0.7548795061794478,0.5195376235530924,0.7054980989108002,0.6846607500699327,0.7480449831387512,0.8560226333402922,0.6858738072027531,0.83847300825189,0.7659308355611258,0.6913138318478091,0.5611814494376658,0.8707740867244796,0.7459030742631586,0.506044376488129,0.810754258914742,0.5805331050689942,0.7490740057910533,0.6829916132519253,0.6618847905162376,0.8395786928101365,0.7904384195711404,0.7774385001936619,0.568148507495456,0.6057963335338363,0.6535549497438126,0.7010131144588557,0.6949654261019264,0.5069507724381038,0.676805058456415,0.5757384270504773,0.5712278779463003,0.4580480002623322,0.8870276370620487,0.8575123333686753,0.6120167973496139,0.8970075002816205,0.6141832911866794,0.7243291538349892,0.678505803968515,0.7869588534196477,0.8132762790675546,0.7304913803726666,0.7023876092405725,0.5199033644739972,0.604442500246869,0.6744228088339985,0.5778233170794406,0.6578237348224868,0.5212066420630891,0.8484338273237764,0.6837976942247951,0.6714219420982036,0.4452559841431207,0.8271569452507104,0.7725412251511135,0.541905295739787,0.7606171358271598,0.5605442791306396,0.6969780196089831
jh,rest1_vs_type1,1,MentalArithmetic,Type1,16,19,360.998695,180499,182999,-0.0326702791433906,-0.12393439190166866,-0.026372721901301688,0.0065136923011239745,-0.052187403757969264,-0.10705657879253039,0.04917804600249731,-0.15321380915701432,0.2317962790364323,0.09873679242470157,0.1047364650230147,-0.08782494235336857,-0.20166141182273112,-0.43016015815711306,0.29088690370040204,0.09007769402249899,0.05792025130046108,-0.10777145479342476,0.9304027256697424,0.9695550788325715,0.9486645612800809,0.9250276998030093,0.896016831898326,0.9192133073526935,0.8599763579131572,0.8682372155124876,0.8682771146762289,0.8645442769539974,0.9336980141075999,0.9633455091018083,0.9225086065037441,0.8762817615274872,0.8450459350956927,0.9800318367201203,0.9266508076811956,0.8539104751954253,0.9657897001898603,0.8853631606086687,0.921745680202689,0.9322603084229539,0.9019497037427292,0.8604633904641945,0.8454013568689941,0.8128648260796997,0.8336098580392273,0.7903814360696245,0.7901496265180221,0.8333361116981534,0.8587804273262658,0.8981325669870782,0.9251355121909316,0.8229940202361641,0.7561528899987557,0.7095184890637906,0.9213080223205032,0.8555107481873925,0.7189959205966624,0.9420884163278707,0.7955068390157836,0.8785662181725793,0.8455641978432831,0.7866123279867011,0.8446748534418573,0.8485396184709656,0.8201504273562867,0.738169429031838,0.6694365394020757,0.7076828728237682,0.719599786733623,0.835678391302748,0.8413758034843832,0.849305400743523,0.757572841561571,0.6986702850229959,0.6860303136138377,0.9332425524986323,0.8471623813299629,0.7480467990685113,0.8769303938163759,0.7310801239332294,0.8952578781517664,0.8731203871040414,0.8770537180979805,0.914029259061101,0.8567112304645346,0.7817351287024197,0.6793395482169144,0.7843503076425097,0.8338601099571673,0.8587982933954725,0.880291812162436,0.7795176128287898,0.8934732337050626,0.8342467444282817,0.7432600863938535,0.6424826088311231,0.9184486051503669,0.8397182640768206,0.6951057185649235,0.9000521844426596,0.7493781176416302,0.8116795621562489,0.8270728117705881,0.824944824868146,0.8523395992625038,0.8089589210141512,0.6741386727727027,0.6036403780678349,0.743930299272113,0.8101421002720771,0.8192197882189783,0.8104309936585181,0.689271497182631,0.8501651111541628,0.7296212399001373,0.6354525891634576,0.5562640265431563,0.8413330045859959,0.7370792272343369,0.6758533793517051,0.8309075573693019,0.6621514586275891,0.7533246851534023,0.8028626849679273,0.8110211332538632,0.8741802535591771,0.8405031069345482,0.8191763262474504,0.5638758073914807,0.6654275866769381,0.736951469866014,0.7761294930583333,0.869933424307161,0.6182729695169651,0.8389485780109337,0.7277447970274195,0.6805146051991269,0.4762902582934039,0.8821379415613566,0.7985969833582921,0.4825056185536456,0.8579337605787429,0.5524189732412935,0.6654075084754454
jh,rest1_vs_type1,1,MentalArithmetic,Type1,17,20,371.246995,185623,188123,0.03785216368044253,0.022372191065353597,0.02916417515670311,0.17283949691328404,0.2664993857664282,0.18779964494937618,0.1855833333608139,0.004851104659703509,0.08134201637503713,0.15764403403047478,0.03547214561141798,0.06239254435418262,0.24962853753951553,0.19173293728481866,0.028467887815303516,-0.04741953184294401,0.05163798520603802,0.020379116883810777,0.9700025262761045,0.9362641893763892,0.9189455792903555,0.8858188771666372,0.8525106555841973,0.8836826048641898,0.8747145488315172,0.9205934002269512,0.8965055371909519,0.9043891530040126,0.9177295926092435,0.8633877234178173,0.8046908397534358,0.7466119575966182,0.7719042360122997,0.9688808881402128,0.9251021317975037,0.8706415687604216,0.9411154388851493,0.849362399551753,0.890931140484542,0.8704139425887588,0.7562027302636751,0.7508398770710883,0.7955098074815802,0.7657617927465195,0.6272080404534848,0.5910086778912442,0.6742746115244491,0.788378083272351,0.897651689650258,0.7603582464413919,0.8657704303197824,0.7621350636298078,0.5839830887873213,0.36054439309336744,0.9237169029352856,0.7383079805004913,0.46573980275543236,0.8678826780310145,0.6215198756430224,0.7739959204184251,0.8073846576597087,0.7263463188641908,0.8889022793502385,0.8465216809398891,0.7986366958741499,0.7271741617988446,0.6058993275204618,0.7560409792154489,0.8529189550458054,0.8603046854226155,0.849990428380439,0.7812434041646036,0.5746258309530622,0.5005781277695605,0.5487724123348343,0.8711381870686499,0.7669280711585664,0.6912577904919581,0.9161725610118819,0.7941384894060081,0.8888215468660435,0.6414222233084929,0.7891973003189492,0.876864115219923,0.8992969381351282,0.8408105783083616,0.683273721821795,0.5549354137632835,0.5840206116414969,0.5921132168094823,0.6156023682139387,0.5691594801771177,0.7899773176032457,0.7394082804001137,0.719609890228127,0.5612704983701976,0.9279585851673178,0.8317187792857393,0.603540651067087,0.873395916563646,0.6477276853116583,0.6682779657542623,0.6407001622426239,0.716284777217675,0.7421201042637762,0.735360840111042,0.6489228203785415,0.6630773696384571,0.5666945626789441,0.5384337657516884,0.6028520358248873,0.5538926630423802,0.6509823454421062,0.7984590597871011,0.7618324965581943,0.7253107625188355,0.6317904768844227,0.8720198028938158,0.8140746462346585,0.6532072753070666,0.896035349811091,0.7318809006905875,0.7788701247447422,0.6703669406282986,0.8129176750738368,0.8426035665072403,0.8635142380590626,0.8300487291561003,0.7153040685649082,0.570088828330925,0.6640137821000595,0.6630175837799681,0.6658833937990131,0.5927030025270931,0.8638182557742429,0.7696488853155748,0.7507231705115639,0.6995555742057529,0.9033949122831512,0.8726082324573768,0.7234038796271185,0.901787485166866,0.7262820475334578,0.7382284677568751
jh,rest1_vs_type1,1,MentalArithmetic,Type1,18,21,381.278099,190639,193139,0.06252590975155758,0.13107199591257324,-0.034408926334793755,0.07088962216416483,-0.02787258237841783,0.022309594377144748,0.16028365976575198,0.2482331890228453,-0.12900188092514187,0.07119429516631648,-0.051067938566871085,-0.028576083020191767,0.24193740654236606,0.5692292080611185,-0.3247510435192096,-0.016488485664645225,-0.20351987952718975,0.04818312694805549,0.94417347309994,0.6781431270459437,0.8965797150805579,0.8685224856695697,0.8628303954721595,0.7948622070367907,0.5637158293781401,0.8497640220564582,0.8503051528573854,0.9126991476113109,0.8929565117705959,0.6407601559771479,0.5616403546908707,0.5014012649927592,0.4421505572448697,0.9809165011739968,0.916637536343403,0.7568885274184508,0.9455356707880485,0.7628764971435164,0.8564276078856637,0.9068351334531989,0.7603981628201401,0.8051702099737787,0.8099843032794221,0.7804063831416697,0.6116783769082074,0.642363561672244,0.6911901819046559,0.7727382917399375,0.8363350194804184,0.7001981669104907,0.8690229486507905,0.6642893002049554,0.6349772242661129,0.5411104119656437,0.8343015420846464,0.7342442017965353,0.5399319949814984,0.8786019891488421,0.5844713158064127,0.772278539879173,0.8966700387471247,0.8280979823246605,0.864471558139882,0.8677220006738595,0.8122909071022867,0.7859668742824112,0.7135054565039307,0.7833662344522233,0.8311790592835995,0.836391032349867,0.8528753286238587,0.8995144340512091,0.8109542870757824,0.7213245122705153,0.6589890377946547,0.9517654348691316,0.8853432072024855,0.7307386122475622,0.9165715831251903,0.734241529257431,0.8081021329063317,0.8830593546863488,0.8493807552670499,0.8291771141811713,0.7557348250075053,0.7231432428777206,0.6262902771959689,0.8106785028196347,0.7948798179805606,0.7690350914440043,0.7883003329284394,0.7354181444578393,0.8990155762347151,0.8272286321821122,0.8116084257649305,0.6625183889416998,0.9135373832673532,0.8678475463512194,0.7034200112600505,0.929437002797677,0.7497235511536322,0.8366197920201559,0.7455232436483687,0.8181717284427865,0.8710836858368852,0.865197655878767,0.8324017187719865,0.7432175321365284,0.697637194950031,0.7465514431719223,0.7667656181717721,0.7859722779312828,0.6569063681582059,0.8704148288020174,0.7353718067764395,0.6701006048954697,0.6148499654969707,0.858111611283034,0.772440507618406,0.6763741616200453,0.8753285772722539,0.7495016922072231,0.8146901746933259,0.7422824361271698,0.7646505468435595,0.8389808641408248,0.7948419038119301,0.8169249318963889,0.6447279925414182,0.7076274438546262,0.7760750201151116,0.8021045868287912,0.8049310715752181,0.7160451732210305,0.8342609083207513,0.7279026364571162,0.7204025374712879,0.7218919984846532,0.8954194112123842,0.869243189476007,0.7456416360676421,0.9242000031982771,0.7242892241000044,0.7604164021794977
jh,rest1_vs_type1,1,MentalArithmetic,Type1,19,22,391.830927,195915,198415,-0.06430042296303906,-0.06872042477281948,0.0391561215089844,-0.00957147902323463,0.09319522689601234,-0.15856654432919548,-0.001177629263422908,-0.1239760433266035,0.10035588543794471,0.05539590842154185,-0.06634680477110555,-0.05168790713611848,-0.11275851056636732,-0.37423556311942363,0.10626943605606254,-0.34880728645347014,-0.08716869746935174,-0.09160169976147392,0.9825316926268977,0.9756006533366434,0.8019919536183288,0.7809885257254818,0.8108127693990821,0.8931297854438864,0.9571745287110289,0.8002665032043788,0.7897502121470945,0.8352757496181707,0.9146505403279576,0.809184258636249,0.7735013115953926,0.809208436622704,0.892119927558818,0.9605167901108853,0.9003342476918185,0.7812953784344149,0.9155093854910906,0.7516408691403705,0.8222904930524698,0.8342976897191112,0.9105896072963388,0.8426344352097896,0.8244807716766298,0.783047949590619,0.7505618496123675,0.6926189612038132,0.78245461102567,0.8693613727688172,0.917297830816891,0.9149373574734585,0.8861300819721099,0.7930467240848023,0.6954823895278128,0.6247974152928732,0.9295616837966658,0.8279901856048497,0.722585009582847,0.9309694312919387,0.8217021313790025,0.9288723785650863,0.8315158215302058,0.6854415229561525,0.880871356967109,0.8452407488202572,0.8020626728160927,0.519881444124,0.48859902277932216,0.7674994053855003,0.8018609928009595,0.8725894735848876,0.7104017996843596,0.6583457348675726,0.5746124677564292,0.5222515747137566,0.3774053307359945,0.9254850864176835,0.8483326084336829,0.5111735611836937,0.9115083191491856,0.5575182495131629,0.6950890558230634,0.7865185125816687,0.8319320871751456,0.8228264912596893,0.7908331088941746,0.685639432848041,0.5542279879529917,0.7268871445753868,0.7325228967355896,0.7721939209769383,0.7722648711776029,0.7127800498846004,0.8395484826481576,0.7563035807894684,0.6324729248534795,0.5761562695610773,0.8238920255938527,0.674461082596146,0.5757262191175839,0.8258250792874584,0.6824337057147389,0.7940932196292734,0.5654686666711919,0.6696464782838357,0.6970983030463259,0.7065764247952198,0.659161402645033,0.416676349451286,0.4264806833853479,0.48012755835687376,0.5451655017523697,0.6080204946801541,0.5716446205481002,0.809516317080241,0.6294401079340111,0.5867237495364094,0.34268086855805174,0.799379436816159,0.7352205137238984,0.3966089099254026,0.8007185867077321,0.41639554189567907,0.6448623718730265,0.6759733957312996,0.7469792656938268,0.7988057105492858,0.7289453440579468,0.7365665241448659,0.4578675370348774,0.6481085039275187,0.6413372921507817,0.6293377580269957,0.6703118618202415,0.49453524509061225,0.757905538795159,0.657917016098791,0.6647183355181585,0.46079994806169894,0.8452528591218278,0.8619368455801233,0.5265578985656834,0.8547805228141014,0.4853402992687477,0.6047874243989123
jh,rest1_vs_type1,1,MentalArithmetic,Type1,20,23,403.323351,201662,204162,-0.11401613850529646,0.21536507968140572,0.22282004309920556,0.01997181367137779,0.29129323101481663,0.24503986905840947,0.07930986113270544,0.09617735949902562,0.2085082814044763,0.06072957722795369,-0.03253085237116249,0.009736378746675989,0.06459468194225382,0.322750125330058,0.11903943168133724,-0.07570634942619714,-0.020422382978781073,0.14180594652620293,0.9069043253516736,0.8783645550629171,0.8645680839099872,0.7984296526104554,0.8019934373051301,0.7146037270370074,0.7090263599232395,0.8014708008620018,0.8144522938875355,0.8770288366926418,0.8202054488046423,0.8330483003344042,0.6864570818802845,0.6567501365507703,0.5228523276820604,0.9192515809800093,0.8731040827654601,0.660751186328443,0.9516425193553081,0.7058216292442355,0.7919697836503369,0.7935246503713957,0.8780424782113457,0.918727725875245,0.8255032712641835,0.7198273106252365,0.5879609248993641,0.6252210242272723,0.7528425579073574,0.8447493270397555,0.8751278811379332,0.7413971244142341,0.8343616602720612,0.6716330156890156,0.5918239917524277,0.5341933667229936,0.8873394005373715,0.7695901371255633,0.6026404874704344,0.9085064954556406,0.6648907255936366,0.7528591923214412,0.8444373362027929,0.7520532170371368,0.8670374224008489,0.8390695293896611,0.7994957578307785,0.5967794136778277,0.5316016474530528,0.7619764593674611,0.8743442465227783,0.9395743843556181,0.7594566861624843,0.7780361315775501,0.604878081837063,0.49850008076452096,0.3690964977249593,0.9032320211214342,0.777053519629883,0.5140303305978448,0.9160892064532947,0.6138610977183603,0.7388218121084257,0.6803433850370667,0.8297249865760664,0.8020396057708692,0.7128374924332722,0.6272029972972584,0.4943714164735846,0.5757783159683156,0.6357115520520762,0.6980631245445869,0.7590479032588883,0.6890246587867883,0.8248257316312795,0.6436615951378477,0.5856322879050558,0.41884523383534444,0.8195670928438016,0.6836764844283931,0.5109908983935469,0.7406403351838844,0.559550099973444,0.6911504008961276,0.5374649137203562,0.7207803010471789,0.8019980575753038,0.7463152271043473,0.7311334910001466,0.5304923492053134,0.43703055262752855,0.5133410839885382,0.5595144042075928,0.6445575316781337,0.6179987354260317,0.8036715936702636,0.6399828434044188,0.5588370818755573,0.45161566585801505,0.8175869375072513,0.6671772854052603,0.44983020322972056,0.7729460870915905,0.5426985801225228,0.7237829621222553,0.6833572576425342,0.7591838362874522,0.7760003234141131,0.7614412054944488,0.7348866573611811,0.5050073190303754,0.6023882004720582,0.6712784122768428,0.7048239996765254,0.7723593428011305,0.5615133625164584,0.8166019272934195,0.6655800206043097,0.6801993078049225,0.47283611189362723,0.8166480467796288,0.7765849444940414,0.5235680400216683,0.8706763637452368,0.5816683518804809,0.7333246003896913
jh,rest1_vs_type1,1,MentalArithmetic,Type1,21,24,414.668546,207334,209834,-0.06360441711729248,0.005369202487302438,0.09172412431869326,-0.051412199891728516,0.1959865313589555,0.06511181883176187,0.020632565187660212,-0.01796312162153768,0.06829421251992152,0.0832884809586254,0.22935332227322247,0.13847170253229368,-0.2300663833518497,-0.19781604858447555,-0.00955663067409862,-0.036399270069192635,0.24746758969331095,0.09567887983160395,0.9439545964662313,0.8440726630168432,0.8663713961054208,0.8136318137840377,0.8319480326959046,0.8728316050730565,0.7367393275102156,0.847257130255248,0.8265388351283958,0.907126311480443,0.9456189669879216,0.8462012308188903,0.7567290058477817,0.6515973680329274,0.6775165709072565,0.9563136705930337,0.8512251752888845,0.7954844558240415,0.9003320755888712,0.7876144867945605,0.9152664724041005,0.925857231054503,0.9183941323475617,0.8999090473363698,0.8513156231549359,0.8240240767321709,0.8142063927773832,0.8341139692176732,0.8125426257147558,0.869905927478708,0.8574560639952411,0.8259998844018399,0.9048078026496958,0.7946292859803222,0.7456886633719343,0.7648762382359101,0.8918438362317831,0.8206537106175503,0.7393907174043223,0.93746853511195,0.7967074696249936,0.8533297049435081,0.9064407899743594,0.9008986401246433,0.9448463971437913,0.9392051378289904,0.8489648852851635,0.6946607778454664,0.8137967145824125,0.8389298779964992,0.8821981589688743,0.9251805279722757,0.8137616563080868,0.948550169139036,0.875243989956986,0.7883538775907705,0.6919935411789865,0.9534886978896562,0.8476777364968242,0.692783885343264,0.9111165707816972,0.7310751804244787,0.850351184619032,0.7982892053442752,0.8288982051162723,0.8845748274348839,0.8400160911214841,0.8131146412958361,0.6518349639135224,0.633335139466677,0.7667481015195066,0.8351202418971867,0.8838159665278281,0.7095184328886404,0.85531670879986,0.7544639489604505,0.6809997799995978,0.6055447235420623,0.902696586984415,0.8465102759914975,0.7152141020135115,0.9423864101285169,0.7635114764504709,0.7825490485769238,0.6089398624755216,0.7257849361079457,0.7388012390324328,0.6514136207670618,0.6308408144699775,0.478487851990437,0.5144647452550923,0.5815281167496507,0.6740159174538811,0.7574955873444411,0.6273135703014272,0.8096153588918185,0.578118768342079,0.5857191377673276,0.470455269424496,0.7677177384895669,0.6779947175364683,0.5019619572944237,0.8066370861114662,0.5823949648469656,0.7179281519197174,0.7632325153994692,0.7584329984158088,0.8741795272453844,0.8488883144403597,0.8262261517711896,0.5954727270389734,0.6344105726282249,0.7600857431122385,0.746134881076098,0.7693848207818953,0.6162698114563102,0.809912604043731,0.7208244011507002,0.700642570722116,0.5261636127809376,0.9045473378726537,0.8762913559354814,0.6050522771670468,0.8879404797550762,0.5577760149201189,0.6368756216118786
jh,rest1_vs_type1,1,MentalArithmetic,Type1,22,25,426.08110199999993,213041,215541,-0.06437366078772389,-0.14011121289685669,0.10747396076080218,0.09196450181831839,-0.00918112706374119,0.016518302142424002,0.15406864040858181,-0.1332096610041349,0.15862010928358572,0.23371114647927493,0.09649008029301864,-0.13283836983551955,-0.015366854914513617,-0.20485963673090968,0.3115943551706861,0.25644183411392785,-0.07247587980970671,-0.30567705546128865,0.9737661463035695,0.5915803041267736,0.7625359305715983,0.8096866923465278,0.824031719218235,0.8682754273984845,0.5120288196373178,0.7334868800773636,0.8109886837258607,0.8587724749611962,0.8932227358609881,0.7476058891995585,0.5998924137571103,0.5222803414779292,0.5772098942239452,0.9343109235521414,0.8437027332018284,0.801733922534001,0.9527449582491537,0.87645819862043,0.9050608305785681,0.9525842306393436,0.752453463097073,0.8391582278525728,0.7698904536590304,0.7023313984155581,0.7199209044376874,0.6997203502067426,0.810857529657037,0.7760897901171521,0.763665926736119,0.7922703337501688,0.7968990971806328,0.6150998859284957,0.5779209492988954,0.5298148148218477,0.8915942146269235,0.8007806022337037,0.6451106903987512,0.8945896007469554,0.6325275654559801,0.757510670112523,0.8723270870945449,0.7257877361763727,0.8772919171913091,0.8822827552747221,0.8490433134761199,0.6358883701845348,0.6844847060650167,0.8012383294614864,0.8411255405964536,0.9020645994359597,0.794499561370646,0.75334555521769,0.6539636431193987,0.6577508140072627,0.6051589728830025,0.9381533632048011,0.8662626338521539,0.5894339022305567,0.920103755679108,0.6215073022272969,0.7382669457680019,0.8354023814624492,0.7790363406841533,0.8694241612373105,0.8815474366018116,0.8189883140480041,0.7063833718343803,0.6787012333674327,0.7580693870851513,0.816068755604451,0.8674779667861209,0.7192077386357193,0.8136848851692958,0.7465644482431611,0.6948986656441574,0.5635938978056196,0.9179183568170444,0.831440035411509,0.6753061468849654,0.8803649212270507,0.6998374882171928,0.7719393172563486,0.5657642752591184,0.7805751011575254,0.8233999102924874,0.7724250348775287,0.6986427531085877,0.5212191806614753,0.4722143537021464,0.5773784262219582,0.6322495032747384,0.7158457138022625,0.6375509631128807,0.8296686380496908,0.704212553662218,0.5941895838762002,0.4278259801518751,0.8874543591194458,0.7498946776257899,0.4989469727889161,0.8307671328086249,0.5850049049019995,0.7439625057267438,0.6642912116907764,0.7601629906213715,0.8087534132269263,0.7431049948568128,0.7890565639977978,0.513092089988136,0.6012910104932643,0.6786999380529053,0.6479657916007869,0.7041649520863147,0.5301096875386385,0.8557183017096296,0.7085375740506222,0.7217575010463316,0.5003101695122868,0.8511018771022729,0.8621670003955909,0.5244668219547465,0.8845196693145584,0.47454206180507263,0.6025675307439929
jh,rest1_vs_type1,1,MentalArithmetic,Type1,23,26,436.693642,218347,220847,-0.0016031945347947385,-0.031196056219495283,0.09816735351166184,0.08095523851336273,0.1629242516019902,0.11068390029188979,0.03705715134272136,0.05579057815790911,0.05570728952622872,-0.030501021617256097,0.08635214187424856,-0.05786431912033141,-0.07409708760953926,0.11400930751024951,0.26624793594275387,0.14900743100043057,-0.006307349884004498,-0.21351800412688604,0.9759428332438747,0.9832320102710597,0.9238640881564743,0.8807861446509753,0.8680560488332397,0.8274364175607702,0.9394360147914532,0.9294615354815539,0.9114825636916731,0.9149169599890823,0.8795296334612365,0.925800300047705,0.8747215878540677,0.8456778293455437,0.7877437114872097,0.973834187565162,0.9543652610641024,0.8770556590858247,0.9809957460076096,0.9203759535794281,0.9532036092091384,0.7945874647544561,0.8017106372115408,0.8185473534085613,0.7635401836526365,0.6990176794043957,0.6497316322517085,0.6356876918689864,0.7022392977309072,0.7951808459760621,0.8692936804649561,0.7837484660204554,0.7990169799425583,0.6156575072497943,0.6039611984599593,0.6218495209320909,0.8058261034013371,0.7304403928999547,0.652460298470222,0.9067937428264705,0.7732550171727107,0.8792384119155996,0.8996671167704781,0.7829753103634474,0.9255317587569165,0.9126231486099946,0.8983075411818757,0.641956457645021,0.7546119266415021,0.860827302085942,0.8915112667966216,0.9003296829191209,0.7380712043747125,0.7917146333398246,0.7375622865533744,0.7548640909841007,0.7328591821573553,0.9581119055276293,0.9402188539043417,0.6569347190160355,0.97057307755842,0.6365924458288433,0.7189992820489343,0.8373389391070429,0.8671791727213775,0.8854858377471565,0.9063146091489335,0.8782495974780617,0.7348755686436969,0.746739512067361,0.7657549779455289,0.8273803498482539,0.8886619911113768,0.8129098845287612,0.8796652429801444,0.8447659443761834,0.8156195605219619,0.6937984777556855,0.9061984450724854,0.8642169172299901,0.6789292556420498,0.9266706058268028,0.7496112354834479,0.8334476419945136,0.6116898328420203,0.7033849641075275,0.7400423817297331,0.6666621199371787,0.6706126097992204,0.4923297471522644,0.38503897116007874,0.48321586592449295,0.5575971589521602,0.5991280495798686,0.5358799400576929,0.7867665356313405,0.5733683129221625,0.5487436760771628,0.38059859375380434,0.7396514411754193,0.7133488742710068,0.46660605541775235,0.8307086910774927,0.5545725060111069,0.6605311244067169,0.732782280142532,0.7659632081742344,0.8166990155639504,0.7173683682855221,0.7454635820879933,0.5117581163957199,0.5978633800087888,0.6519999643055688,0.6259604672487986,0.7268703578700999,0.5492167444362801,0.7677690861967866,0.6448792923038875,0.6592570014417469,0.49904699960968085,0.7981276812372353,0.8149847051962734,0.5097713509995865,0.7434627940224274,0.40409479734607845,0.6104188114958936
jh,rest1_vs_type1,1,MentalArithmetic,Type1,24,27,448.033519,224017,226517,-0.028963649953343662,-0.025883823054088317,0.030029060664527485,0.06823344344795812,0.05545825604672494,0.24165943719267036,0.21730195897011484,0.03215856406077933,0.12684824516245552,0.11857166699759691,0.04010538158015242,0.045824243135967,0.20134119031209652,-0.20194336122260514,0.14605755103761808,-0.03612969235243213,-0.05122515019668805,-0.1569132930594641,0.9197913748702073,0.6751371827153307,0.76136853012876,0.7974258958308702,0.656560834686215,0.7253172411817175,0.5834531059932868,0.705699469036581,0.7524123384867296,0.6481387684422591,0.804324739553835,0.8645114780082666,0.5163652803774306,0.4388967922002392,0.36295381545265293,0.6991644000331704,0.6172903356267083,0.4845542034944401,0.9052037905260908,0.5874277804493717,0.6060958910062234,0.8432947961606656,0.8846344689886287,0.9149616419368544,0.7971332764502626,0.6887895760042514,0.6529364782008087,0.6814397483996711,0.803015244551234,0.8908101061426137,0.8782450126897843,0.8593557210892627,0.8718027299176645,0.6522987005803061,0.5345414027529056,0.4836422159105274,0.8503109963665193,0.752525840303079,0.6307377502517418,0.9468289241021414,0.8164973768028398,0.8764769011717648,0.9027458165794353,0.8990863763124675,0.8995117835569197,0.9107123358604216,0.7914986417753013,0.6061468564468614,0.8109357633009613,0.8925272166987493,0.9271739536092926,0.9034761734775981,0.7509483758964219,0.8952111584972654,0.8118303219813304,0.7331884384717475,0.5795900503812912,0.9330020267821899,0.859912696973118,0.6303812109686652,0.8980258411392004,0.668406039002371,0.7798665687286841,0.8035089583000309,0.8007151704778358,0.8563817621809832,0.8608948420081785,0.8279442851843205,0.6611021433084422,0.6554155947983951,0.7602456874024068,0.816567143043364,0.8152026230285511,0.7042044213798541,0.8485198738315752,0.7398650707424345,0.741901035844077,0.6256581154594112,0.8981760724240182,0.8749443349175619,0.6912202040136749,0.8995851536194981,0.6871993012353244,0.8070084194581552,0.5305339933865335,0.7331239211434495,0.7793405340461809,0.7825840475857772,0.7596618657736703,0.6267071739974746,0.44041987605311733,0.4686862892990144,0.5401821722912273,0.5152273351853331,0.5152189380024095,0.7660410526101659,0.6490527427927032,0.6452015499154521,0.5161829993624026,0.8857945043570394,0.7965979367310153,0.595333855715152,0.8720813227709442,0.6600192298446697,0.7229839925223617,0.571037852453128,0.7575079885260615,0.8151060180050207,0.7562056826647902,0.7750547317730228,0.5782735562340238,0.5716823732674724,0.5812295849476103,0.5186098306881289,0.5733968467622838,0.5812775492161877,0.8322043552066954,0.7570780076021313,0.7442910555579295,0.590095607058838,0.8515134822279449,0.811973084744987,0.5956472964828755,0.866361682810388,0.6162630925397656,0.6699127811454558
jh,rest1_vs_type1,1,MentalArithmetic,Type1,25,28,458.403604,229202,231702,-0.18345554727987157,-0.0672217202975407,-0.15220020761400965,0.15645198385375858,0.39966026268739396,0.10682574628872166,-0.14801344951605344,-0.03393769010330949,-0.06538881156203669,-0.27208658138160535,0.04740693862114398,-0.20875017415048758,-0.6488762532636807,-0.2739044486371407,-0.20430103107133402,0.07208149801894148,0.003461564590172106,-0.07256624960968105,0.897372198632077,0.9055426533147464,0.9014760670648087,0.8184788809520153,0.75176316914386,0.711794475985446,0.7208373467130907,0.76736396710977,0.7832650511406161,0.8263293280567605,0.8404397211076092,0.8907107003434944,0.7680697134843694,0.6268048707897552,0.5583209744593806,0.9270528565598002,0.7903678279111747,0.5753763587835078,0.8907555520338588,0.6626798031602954,0.8342980458780633,0.8200238659843994,0.9001795182671469,0.8267181970188028,0.8408795547319577,0.7722880111174685,0.6437562949082952,0.7016781186039774,0.7447969515490171,0.7919206349879865,0.8516466387491679,0.8359762312987545,0.8469768844604257,0.7534046568970766,0.7032492316990893,0.5557329780111769,0.8805673948884788,0.8600671301027049,0.6166615169349454,0.918725919118466,0.7192138135419718,0.8259649736776983,0.8006786912610592,0.7471678530917224,0.8370350765915291,0.8797507838366406,0.8461567010546203,0.576752431753946,0.6037845407770663,0.769419995300177,0.8706538918173621,0.850011015371093,0.6735075992511678,0.8627566395307549,0.6943867422947418,0.652388173121235,0.48097374948105637,0.8826354608952776,0.8244893693562554,0.5238734009274371,0.9109820998277506,0.5928410234057796,0.6933046496154365,0.737565218889189,0.8428001488641181,0.7390057214546957,0.7794867676042336,0.7837964484431377,0.7311493273449338,0.6567903825662731,0.5880003198430621,0.6695315479196603,0.624354053956805,0.6102291970932174,0.7537101587739672,0.7725456641791714,0.7890297767008084,0.7353239418084716,0.9391876895578884,0.8021440281991181,0.6478745278507749,0.8489774384453529,0.7023815706648409,0.7445913021367674,0.6518939411923202,0.8085022238407784,0.6742025665589736,0.7248021625188856,0.6522085083175997,0.6590668690808431,0.5663722725622032,0.5445495229170983,0.6033236710653502,0.5323346371010235,0.5032785660271956,0.7788410026055673,0.7534194509453974,0.685214123982249,0.6565964882450281,0.8643031153104297,0.8006493236048396,0.6744946493343645,0.859694866665287,0.7644048146651293,0.7561872158451788,0.4879622887026942,0.7280470726549447,0.5405514570523603,0.6221118124352637,0.562287471785426,0.565076626129174,0.5483852064808664,0.45970450452667466,0.4809988753255842,0.5099377086408626,0.5379528563041462,0.7020278438242147,0.7144061790809885,0.6812806206592329,0.6779577053880697,0.8197553717865677,0.7875022982391733,0.6365271812182449,0.8709651917706351,0.6585030194486496,0.7011186017017668
jh,rest1_vs_type1,1,MentalArithmetic,Type1,26,30,481.008901,240504,243004,0.19537290834169108,-0.04105422646581358,0.04405498572296729,0.200329205265656,0.14275166580149223,0.2763436391998031,-0.0723848342352218,-0.03316240039838814,0.04415799934707598,0.09175327590911841,-0.25400845359940005,0.07164852179067349,-0.2647383303120985,-0.24242217448677472,0.14266660309966506,0.12458995183387556,-0.06842733744203278,0.06111381510331304,0.8601610775011066,0.7747033340950894,0.8201405624419078,0.780568081453649,0.7335380068785591,0.5109175403433278,0.6726664757898972,0.854670233108166,0.8668040238910351,0.9082225558291581,0.6830994237922656,0.7587971177264143,0.6298148395935368,0.5783859640988032,0.4262148344258695,0.9471005102390253,0.8934988340965783,0.5033881473313262,0.9505541208602509,0.4878065345148385,0.592836987648944,0.77859823252336,0.7028567879742346,0.8437293737566752,0.7976479032793732,0.6851345263885503,0.5331535701409019,0.610632696154722,0.7356216029506042,0.800334369540611,0.8474654235222545,0.732584354455025,0.699539523025452,0.5683664341418738,0.46022644629938725,0.38938007385207074,0.912781049686807,0.7799814623484307,0.5613209177875866,0.900747083779261,0.6677178359192262,0.7900014557097728,0.8669688895917962,0.8594339460402064,0.8821013451721147,0.8603989653232131,0.7778011602554054,0.7438168176791407,0.7234426505979995,0.7851713294393543,0.8962306821103742,0.8823679072016584,0.8503701963003113,0.8576069615986727,0.7216843510179268,0.6743312840735192,0.6548371751309893,0.9047243814738685,0.7873624416007068,0.7465486480511486,0.8746452586230212,0.8039141598160316,0.9102673108016234,0.6953393183265774,0.7332697250935608,0.8243234689064702,0.8059351264775583,0.7065998395312952,0.5632054133421315,0.5078368043192383,0.6467429510080953,0.7397460717682339,0.769098842975974,0.5806714700374737,0.8203127747477387,0.7120608751940164,0.6606418935257917,0.49525092700455964,0.8991262896509002,0.8239301390173782,0.5905101759265867,0.8864748267668886,0.6455720420022654,0.7186904525871634,0.6694717975271546,0.7637885323322294,0.8257653796056513,0.8002529116932515,0.7245641752324307,0.47319414392681874,0.6271860001583017,0.6381740607987012,0.6892177970610627,0.6549215640466606,0.5727547601042011,0.7938471203649804,0.7758197174916847,0.7021010365105479,0.5517210252189326,0.8870266910782617,0.8223893163527716,0.5827264492793153,0.817891233556035,0.5846036275226731,0.7243833350946279,0.7458666710126235,0.8875653546596393,0.906689164792552,0.8743298261781385,0.8464211136913813,0.7452938437552374,0.7171561091981635,0.7421227018902502,0.7490666537233701,0.7165672503052335,0.6629974320196182,0.9023309280061609,0.8312901260148581,0.7994286545100561,0.6774129144307213,0.9104502424198235,0.8665093140957046,0.7337560941580463,0.9089108817181553,0.7691525710852583,0.788568449478423
jh,rest1_vs_type1,1,MentalArithmetic,Type1,27,31,496.50749,248254,250754,0.2356145915905179,-0.020814724243827243,-0.08289839030613644,0.024228048227128873,0.11606401834132152,0.020685493277728284,0.3131508391057283,-0.020670299214128107,-0.10302342770259765,-0.05387648292221758,-0.1706545000994737,-0.03552768462773104,0.677905325460924,0.6521539364347735,-0.1332535637345904,-0.1117590385491094,0.051031550724658814,-0.0504751332176987,0.8979894985379056,0.6871085411583312,0.8412863324583792,0.7094503997233925,0.6836423475837788,0.6705137556484361,0.5485514276412635,0.8357801260625418,0.79998674925065,0.8656839237477176,0.7211085961435584,0.7561523048658773,0.48519324802875563,0.3120848708756228,0.3154614683030717,0.82817669519285,0.6647648321373353,0.5847141274457321,0.7934973338490668,0.6366924582726602,0.6230714694402465,0.8342631823309458,0.7940320445013903,0.8482114291345092,0.7727330369301687,0.6231419884696304,0.4182000022834747,0.6547512168956006,0.7295601402824609,0.7241596924030271,0.7423866852269375,0.6281966329796896,0.8499734909048601,0.7561547659112088,0.5752013838725818,0.2960751320093778,0.9000963571913355,0.7111119621635876,0.3490186776356782,0.8429911708771745,0.4444568455793882,0.6474845588749418,0.8133549837747884,0.738017809271268,0.9058948589980755,0.8079398375528826,0.662645911267863,0.38837533124656876,0.5030368665479518,0.6892654525836382,0.7782365178077858,0.809383633484385,0.5211376626373772,0.7980263168888017,0.5249851799891427,0.40508287214011024,0.3129517595088233,0.8261444828003041,0.6475515685102077,0.32898033314761077,0.8142560117203602,0.3289532464812575,0.5262097691810267,0.7184691376019907,0.8298289842467393,0.832262609146187,0.774569582114752,0.8011611909214369,0.6435055914142958,0.5936440682790961,0.6228528880930599,0.7063273474093282,0.7430061621550774,0.6730384742277837,0.8378877250846011,0.7721094206170646,0.7084203797377733,0.5956388080753856,0.9079416040257318,0.7971357614210286,0.5624667023786266,0.8238434094382598,0.5832877858360788,0.7051343454966933,0.614223460041773,0.7842971415982285,0.8000062524242258,0.8028928483316206,0.7399228276436381,0.6362397957097395,0.6162867973500602,0.6127592826172777,0.6749735976038628,0.7376464756664914,0.6891908389111056,0.8693327016109826,0.7254308742779385,0.7059211277759315,0.5736703447165629,0.796161041529836,0.7460814682549856,0.5727751297860636,0.8651261713469958,0.620906010696735,0.7696968052424804,0.721888831431179,0.8189735796000692,0.875210408441143,0.8362630943220614,0.8750184031488465,0.677454778751697,0.6532194154454383,0.7260690327791031,0.7165979987755676,0.746465926417349,0.6430039144204628,0.8140868311857119,0.7555823517278336,0.7958270800832933,0.652159924261651,0.9066486054855298,0.8836112045986225,0.6944794013239417,0.8876294055797319,0.6305767219761885,0.7293830649098365
jh,rest1_vs_type1,1,MentalArithmetic,Type1,28,32,506.938084,253469,255969,-0.0791620123842991,-0.08040140836685783,0.15572501591982224,0.17327471667085081,-0.011650098887092675,0.28296262744730605,0.03310441865076719,0.02869505407895634,0.33272007947966475,0.16611764915662386,0.23257679847275137,0.009721438821361783,-0.16782988388700204,-0.23172644436613687,0.37119653769945593,0.0047995420765349905,0.22445984361944182,-0.11965162615645308,0.9557227047213487,0.9081016678717329,0.9147191345926564,0.8675720105100121,0.8535421339631475,0.8689105537744626,0.8378983592372538,0.9157063701698197,0.8900905229121276,0.8944254337473055,0.9363396184914939,0.9057045716293084,0.8538543640041364,0.8252826291189449,0.761542440777652,0.9707039800120927,0.9500623258409329,0.8960116436735646,0.991704147922933,0.9168056019861891,0.9364380661568565,0.9444394035134653,0.9037108865871296,0.8282343486830014,0.7773662474895927,0.7201708873429313,0.801906731307601,0.8071924392033913,0.7851559546254875,0.8065760196657258,0.8092688507967796,0.8721016519800635,0.8515665998940969,0.7360882483216622,0.6400898336381844,0.7129174018212178,0.9334274545952514,0.815877776443385,0.7232146491327663,0.9277031866828059,0.7734628867944958,0.8460466943535839,0.8578897050354978,0.8665289372634082,0.8866818202625053,0.8455184732663991,0.8382511676703633,0.7723016786160872,0.783539558733377,0.8221707012153691,0.8668478584928467,0.9031668137462354,0.8675856775131803,0.8138983221054922,0.733290480308943,0.6819002855938284,0.6477438788443225,0.9364533223502933,0.877120545519098,0.8055604795922203,0.9248174258459514,0.8370246927166825,0.9172175812179441,0.7546611114827659,0.813955694124475,0.8595430585302105,0.823548096421891,0.7724422967894181,0.6808456054348657,0.5979155103246082,0.6881949442692806,0.6990794858753571,0.7432797926186765,0.68371675750077,0.8179243036378818,0.634905323795584,0.5717194429881705,0.4684512476427742,0.8674173097030122,0.7560039379298261,0.5928078384807801,0.8524131079237343,0.65514341029861,0.7873925438690715,0.6314221646258411,0.7439975580433588,0.8159353280786158,0.7784092677215265,0.7487013338888282,0.5714121719482709,0.5248695223233095,0.5079695229459934,0.6424550175678326,0.694796217501744,0.5801869021337588,0.8234852278393697,0.6609897773370782,0.6326439825145477,0.4985177328039129,0.8096111218551272,0.7084755953317036,0.5033695542956089,0.8734115288726948,0.5993577270466593,0.7372769888997862,0.6232203615178343,0.7494285186328482,0.785815032953698,0.709569380275448,0.7402718098973678,0.5338611548454939,0.5242208843200994,0.5698301317741054,0.5894059384279535,0.6433511410195145,0.511366136227306,0.7681950160670402,0.6411054015648222,0.6583965372770872,0.5067532690084697,0.8369487556272821,0.7929925932428253,0.5784017784790509,0.8392366640679255,0.5941340334374925,0.6813870446167701
jh,rest1_vs_type1,1,MentalArithmetic,Type1,29,33,518.56214,259281,261781,-0.09829107138980309,0.05251085210857642,0.0848153707748871,-0.004101621641386721,0.08190194523590666,0.0865002088522493,-0.3181186021918867,0.18238239460994077,0.18653925962930362,0.05921322351189895,0.07269956532425015,-0.06341737230922462,-0.6597298703912831,0.1370205739397008,-0.012631781454564894,-0.004228242872044152,0.056855962726582554,-0.008924590411871769,0.8846010359738178,0.9142071344284147,0.9070618251299328,0.8174618473454693,0.9050098289851894,0.8254675265616387,0.7417003300667852,0.7100826805540033,0.6505656658210094,0.7985043783185776,0.8749493752733692,0.9000608795011663,0.7598313126380634,0.7773299792421546,0.6472088976196215,0.9214107929687974,0.8924182902558238,0.6734982561126792,0.9083852455037271,0.6411156531831658,0.815726385810018,0.9205954714459231,0.7308906413003098,0.8025479679226186,0.7741979011080629,0.7578856836421702,0.6948458164634441,0.6592445359326214,0.8044921792051587,0.8414960087313262,0.8513434833762666,0.8164843752894855,0.8268390297843438,0.6175971064947503,0.5356133515126617,0.4714908689630169,0.8850291241385426,0.806758954123369,0.6920537808529339,0.9454025564090386,0.8205958980808612,0.8622832169646683,0.8118893875813938,0.7760210385393602,0.8544059188065837,0.8317218682011064,0.7919481992323724,0.6568151074661929,0.6361338409808579,0.8055160193294342,0.8739849201394357,0.9093398124394284,0.8207592067723327,0.8073435565653085,0.7019033400560105,0.6817524167939142,0.6285716220644837,0.9422123192914249,0.8920762216006386,0.7449199485428609,0.9568394504606139,0.7763037673437337,0.8578671153373457,0.8298400495710319,0.8396758468191394,0.8718551029952829,0.8287006461936149,0.8586871144352412,0.8007399657321304,0.7477216683271415,0.7935886734681864,0.7391672371434687,0.8066046289108415,0.8163464829805557,0.898402240530782,0.7838681046124126,0.7590279087143663,0.6988242785117508,0.8943109603319187,0.8560058352003151,0.768198731369734,0.9025976541571097,0.7833369816621606,0.8841864408787705,0.8820690115882388,0.9286303696246998,0.9292706426967864,0.9209398625967743,0.8586672461757786,0.7575245987455494,0.8341677923573114,0.8404369864221339,0.8587472696697281,0.864257433561195,0.7873510207196158,0.9235617634668019,0.8682035138960962,0.8087768414711153,0.7115392744963771,0.9395395280268882,0.8455791039695032,0.7384927964516405,0.9038755384788333,0.7752645052071305,0.8523622342020948,0.873001104296133,0.8934144554065093,0.918933614013267,0.8838065509399364,0.8760474582658818,0.8147616064970383,0.8147724235615678,0.8211216566689188,0.8615139361633067,0.8619798844603608,0.776418626662721,0.8816987291578312,0.8224688641184064,0.8101945997964363,0.775921649103453,0.9218973347723146,0.9008381451976991,0.799248313956898,0.9131527994026095,0.7903643848274448,0.8409303875912385
jh,rest1_vs_type1,1,MentalArithmetic,Type1,30,34,529.303122,264652,267152,-0.013978574003715494,-0.09682456473834034,0.012111316752460688,0.0017608619134819037,0.025700090339769055,0.009174635615877502,-0.1627401734757763,-0.16958945673443093,0.07245110322556547,-0.003957499654303476,-0.06365407360821207,-0.06366390378309905,-0.3078289164076988,-0.2856086704173819,-0.12396204837200342,0.09354480232662565,-0.09436429364083132,0.14686830670459328,0.9510919206180425,0.9083299805410157,0.8977586375855309,0.8550346344231728,0.8383380973134968,0.851664790877557,0.8282489404392037,0.8511967846951605,0.8842060419767812,0.886422222695763,0.8827548877456828,0.8440205906816106,0.7313764132025137,0.7083310304147541,0.7872346962995954,0.917609517436126,0.8956000902778573,0.7376102699055918,0.9605390307760057,0.76450116911531,0.786675937536878,0.9081275561336493,0.9052429220328635,0.8640702010264594,0.8556277217185603,0.7829530431003884,0.6780255530103441,0.7818410921053784,0.8116394997573297,0.8635487307148874,0.8668539834020754,0.7696478316571032,0.8816555032325263,0.8031437916235941,0.6991308029525389,0.5980376864816139,0.9250337100054051,0.8047471979846975,0.6202792020431934,0.8985042381532282,0.6797530835766348,0.813644086916557,0.8267812053640599,0.775918635481425,0.8563877480932939,0.8384539483429018,0.6841848669737257,0.46612934099702397,0.6817307559589156,0.7892592058882085,0.8425256317363001,0.8258073990365822,0.6427967663240219,0.7624745052273696,0.6640406332413533,0.535636089232814,0.4126717519674916,0.9150687240861446,0.8120789760708934,0.529064593081058,0.8946193367302971,0.5096645893165878,0.7154252443600181,0.8667398882457252,0.7913371547306214,0.9062717086871844,0.9240396329498988,0.875109088402226,0.5854896032677428,0.6835396640159959,0.7905710002743148,0.7891060874270093,0.825862966055726,0.5934073664223029,0.8678872141511333,0.7668120423207092,0.7459087222649016,0.4623444638979548,0.8988590994444123,0.8650361759816202,0.5331896696052735,0.8929162767741438,0.5642083708038986,0.6877646474843101,0.8134443962223633,0.8276576648255461,0.8581207107986201,0.8102259968666813,0.7474638940707706,0.5590543636746497,0.7529328238558801,0.7680148721969547,0.7901350480696179,0.7754132510981411,0.6021290665459289,0.8625625304616767,0.7155121129698813,0.6359789402004178,0.5439631816474385,0.8228122575454362,0.711206933079463,0.5291109394269736,0.7960861035745982,0.5884806209425747,0.7461091634708127,0.8099693420322158,0.8090112811838237,0.8955926732402887,0.8965083212507722,0.8471039669370364,0.6591564947013239,0.7002041886125349,0.775551188269504,0.8007816135006076,0.8024572515638612,0.6643274378295881,0.8580574999047418,0.7907681678406978,0.7190623018198142,0.5528374529796951,0.9212939856837715,0.8406427616067346,0.6472491306997262,0.883938760393419,0.6755789073982605,0.7668785412398552
jh,rest2_vs_type2,0,Rest,Rest2,1,0,540.3297879999999,270165,272665,0.1097795902881824,-0.0852331687401815,0.05223227561812571,0.023144524575786196,0.07823838310502085,-0.05292430530018777,0.21807750558084837,-0.15350838343887085,0.14344938354400316,0.04124965709003714,-0.08564511740296155,-0.00652339877190844,0.34744179654574925,-0.1135122106952835,0.3092801766067872,-0.07954925906018007,0.009733849480406676,-0.022606072968731183,0.9496560729813407,0.9471285794247855,0.9280472737181548,0.8988947932698436,0.9369616012817471,0.9555521135972868,0.928632317318993,0.892609795300355,0.8581104772386502,0.9028163827013526,0.948410777028122,0.926150658760624,0.88025149931393,0.9125729999061188,0.9182125937452733,0.9673177585303229,0.985112541752858,0.9046740596328616,0.955873827077579,0.8597358982743925,0.9317826120793347,0.9124711916190169,0.8376245687008909,0.8199748945137556,0.7167494991614567,0.6900177061314456,0.7987082598964061,0.7522824325309405,0.7796549460913793,0.7478458363681759,0.7524442982810364,0.838621434731009,0.794259703922989,0.633196443039959,0.6559727497215954,0.7487988572049474,0.8951646423089894,0.8284057612457796,0.7598420547794787,0.9048903972017387,0.6973473118213069,0.808444080610775,0.8943826301119344,0.8730218509740536,0.9200545507477816,0.9081703213275666,0.8804274367599537,0.8262251373565562,0.7417578485814698,0.7802565191727094,0.8621186161245876,0.9026417714543679,0.8611707999349139,0.948352758759285,0.8199211696516044,0.7514345225361339,0.7382228017318322,0.9230038832130244,0.8420128802500491,0.7602645126158548,0.9578793580046436,0.8500201490093942,0.9216571609527642,0.8449824560600445,0.8397721927243714,0.8504384528194243,0.837136529673734,0.8300216855247363,0.6197724468937686,0.7626871788546341,0.8021492742932108,0.8527484111094453,0.8608748417268257,0.65701891276897,0.9002169158522904,0.7858117406069577,0.763144603459412,0.6094118754138866,0.9164756761275329,0.8441876389833802,0.6649968216578128,0.9019690774769531,0.7143040847871611,0.7870753108147606,0.8107221838095985,0.837371812329969,0.8742035423494634,0.8140838661230335,0.7578787081917389,0.6504103747505147,0.6629708908065178,0.7538401585146931,0.8023615776700722,0.8065218426304649,0.7492733972240478,0.8916254617719603,0.712641081183101,0.6544087221002165,0.5735831876810483,0.8149700814801212,0.7233586024636708,0.6155483540700494,0.8521584977162298,0.7093009606291798,0.8187756902313642,0.8275457820199802,0.9356997821999883,0.930800726279871,0.8538696185660299,0.8688820320667149,0.7933671163114905,0.789149147366868,0.8301417943290545,0.8189475772160526,0.8529856113776164,0.7824917090181092,0.9371805578619897,0.8454401103858724,0.8552122243365174,0.756732752946776,0.9103439657279682,0.9024207730667473,0.7869093211976639,0.9164704203236202,0.7957476285962125,0.8532385146138051
jh,rest2_vs_type2,0,Rest,Rest2,2,0,545.336841,272668,275168,-0.08042579697911911,-0.08400468818864582,-0.07822748800830093,0.14221995141279065,-0.025745611790608525,0.008434473697171097,-0.021470484251263855,-0.3431415181922417,0.1949794427670497,0.0201017690079075,0.035796766558699566,-0.030196239217381127,-0.2754733249611343,-0.5653326350225045,0.2683904119356004,0.051441418822673945,-0.01883987513742147,-0.04173986013015529,0.9026021741750363,0.8526845118232833,0.9026068154061365,0.8435249583655815,0.8117709288346009,0.5894344325763559,0.6864966299299885,0.8889968901397146,0.9358409066872704,0.9408036238092269,0.6343336698386087,0.8603949025015467,0.7106926090401546,0.6487545656962044,0.48907092356752574,0.9327141436561519,0.8965728780164898,0.5647509886435059,0.9829999696086151,0.6082634677154568,0.6369211271819915,0.8336627484834307,0.8131716068305385,0.8236721242628993,0.7479262752853109,0.5925961705588054,0.46245064199832053,0.6496597540139448,0.664458237596982,0.7246938091657619,0.7188197625938235,0.6333994342002062,0.8493417943604402,0.7973729640450472,0.5840037920555866,0.33263113885327406,0.8800535801405048,0.6533572961925844,0.341216478428152,0.7867661722370803,0.44432226378152107,0.6839411981746824,0.8686197365124884,0.7544034498805108,0.9171543458145458,0.9362158543470471,0.8659588248909148,0.6718948131130579,0.722425561529599,0.7786021760300789,0.8618998605911983,0.8506668468976647,0.729216521925192,0.80113317016376,0.7120543043571361,0.6541054532147762,0.544569673239734,0.9167053819187762,0.8215689404231068,0.642515916588252,0.920195220390646,0.7112206524858752,0.8356013101031002,0.8404073866174084,0.8454822316666168,0.8743834451173109,0.8334181412651781,0.807208404366498,0.7294235600899008,0.7265044558170903,0.781942353160812,0.8007129667508466,0.8112790086809956,0.7115769285698905,0.8570186036698639,0.7707324610207551,0.7224482720122976,0.5985870226501159,0.9173161475422178,0.807532805377426,0.619912492677104,0.8596922854165824,0.64114628971063,0.7742590299802908,0.7703565728740666,0.7354767017229416,0.7833279750707123,0.7621796783962232,0.7059365475759356,0.55993089852115,0.6598177791268955,0.6842076424031329,0.7324676847903183,0.7380673088606936,0.6165607146365639,0.8039960677329027,0.7202583058031677,0.6765728197357698,0.5245496804825995,0.8866259357949874,0.7673559091605293,0.5325034472033158,0.8476765010001343,0.5589431492226353,0.66877967724696,0.7451329869837949,0.8373348767826088,0.825119948168705,0.8177045604777212,0.8302741291859034,0.6831297700168676,0.7271975627898606,0.7229355578986159,0.7604628087346021,0.773142881069234,0.6552003927737479,0.8821289123779458,0.8122745545369181,0.8231535468110578,0.6505854203047929,0.8911884349205468,0.879954742060074,0.6386097873160522,0.9291581016481548,0.6571846187415115,0.7140266683079439
jh,rest2_vs_type2,0,Rest,Rest2,3,0,550.352768,275176,277676,-0.10075150541434574,-0.013463250542672611,0.11489181449572694,0.040875460315132894,-0.1540353418052418,0.05241389652001249,-0.046519718235987995,0.039279488288579856,0.05357314381366152,-0.015277041806585512,0.002164862969522119,0.030598318758720655,-0.3444419775031564,-0.3265759725200552,0.03526938381915645,0.3055743643300812,-0.03256269421373714,0.006542533552541752,0.9257706319153464,0.8017452732996395,0.9029996992673648,0.815490681087481,0.7296085228085356,0.6607228067025221,0.6999237816068682,0.9157096541942434,0.8827801472666568,0.830312228882323,0.6907138944911011,0.742537200991754,0.6555657334830217,0.6083157379845823,0.604998552978196,0.937746151895942,0.8842296583717006,0.7470540245220426,0.9112377275371075,0.7393773584824083,0.7802745069326533,0.9530904989225067,0.9160448750081454,0.8850921729460287,0.9289035309066044,0.8962730874937219,0.8867387019690816,0.8546035410460954,0.8291339459298215,0.9384134005090482,0.9467192523426241,0.9176538654347376,0.9389002626665599,0.8699112746801438,0.8336729095642109,0.8540326545423994,0.9159771290912457,0.8640828654206677,0.8437427668114833,0.9617786934979674,0.908159910663375,0.9319371698593136,0.9338083325564961,0.8706137579833636,0.9512998881703768,0.9395608470219796,0.9378346035707351,0.8022053060348737,0.7786832500641893,0.8703585176081468,0.9228790491634448,0.937812170927202,0.8164353147479536,0.9126597411706331,0.814199863542257,0.8166345700946921,0.7666682278414989,0.9430956741345036,0.9405875237741976,0.7923393935091552,0.9652742978056689,0.8124772787031297,0.8473027241390383,0.6724381691547698,0.8386323455437207,0.8842235547582002,0.8468295123517866,0.7713626321987636,0.5768481620997462,0.5486843835630891,0.6270717425557579,0.6874240414240042,0.7586051581506721,0.6435213968093286,0.858812917159272,0.6924957369548637,0.6304095002566322,0.4636481315891369,0.8520374376328836,0.7683347493021715,0.5606810953179983,0.8512462429045593,0.6286574901430969,0.7904858040588023,0.7501963507251935,0.8443916699689712,0.864350773053796,0.8340560559960389,0.798106865259627,0.6791380874762646,0.6421807635206387,0.7357936506778415,0.8178072647142229,0.8014886336428984,0.6372258000271687,0.8730538469221261,0.7604722340923339,0.7187911358753722,0.6456222532182799,0.8715035588928384,0.8231632411249037,0.6690650559564117,0.8890086397641309,0.7190994100867455,0.7843518270592459,0.7982436266111347,0.8418325333700286,0.8898659061294949,0.8400427902919806,0.7927044734025295,0.6334830296138685,0.7428321043635991,0.7777902818003376,0.807317052343076,0.7978924324645225,0.6626720927550414,0.8833346947413329,0.8034097917445032,0.7892929101875512,0.6484441338651225,0.8761797869527037,0.8413364191007124,0.622378817442838,0.8952480186413811,0.6193204331711454,0.733573502458071
jh,rest2_vs_type2,0,Rest,Rest2,4,0,555.377849,277689,280189,0.001493159130844468,0.05782363255652623,0.17655443227602774,-0.06886264284044952,0.04303068180405312,0.05006883633361392,0.14033755170664985,0.29966309833157645,0.23534355116935668,-0.0325146001003942,0.13312337851753364,-0.010204292208081167,-0.10202814174017227,0.2910231692359182,0.4356602474036686,-0.18503218041666036,0.035390086349905925,0.0939406868148156,0.9313033731537346,0.8105634127688255,0.9161307667182014,0.8619057854968369,0.8213832352481293,0.8198719336873974,0.7680155737826068,0.8966067987361691,0.847319180874498,0.8685796387122469,0.8435198808115624,0.7608417204952432,0.7632063643544797,0.7362997479293354,0.7863633405850109,0.9281493613968596,0.8767380437818391,0.7447344875561261,0.9138761941386925,0.7479679752064953,0.8316726705125936,0.8165780059433672,0.7244318398734088,0.8416434594086446,0.769787225106924,0.6979782387467222,0.6973788373370642,0.4770465612401841,0.7567014060368665,0.8414905464101212,0.896359753347781,0.9107523530897266,0.7027361103954445,0.5452311685903076,0.4412633369377593,0.40537165641944284,0.905492018479225,0.786248262855373,0.6806347413754056,0.8946706741656172,0.7867298008257259,0.880740999942475,0.828963454458345,0.7440914801664937,0.9147556604297163,0.8651578047208744,0.8075962439630526,0.5409848927090561,0.6770514174339993,0.8145667483634167,0.8505473463811201,0.9009037801819377,0.7672851299400012,0.7934357472695334,0.6355837241012715,0.635049208396231,0.525442931212511,0.8915506632524952,0.8350279952469699,0.5559719403405287,0.8935237900265874,0.5900763058976354,0.7542125044615635,0.8876979781696477,0.8061260174095297,0.8396621711269442,0.7860098327689694,0.7545374526217242,0.6412717864915485,0.7322135370670663,0.862370462584919,0.8187919881221649,0.8464529586575832,0.668219533553746,0.8138300962482291,0.6657040644340666,0.6456254709551169,0.5937268775025214,0.8463185813376112,0.79458375844154,0.6664853803577181,0.836830501653707,0.6320747661288005,0.7483129150555734,0.8073675192729618,0.7524381260158797,0.8734691011914052,0.8137554620382245,0.764584785211613,0.6680412065581608,0.6635176683163355,0.7587986373300114,0.8118306926639909,0.819500194418995,0.7308410315813718,0.8178849063581368,0.664580153559157,0.630615591875201,0.5679390838544591,0.8324519199459123,0.7548276483326712,0.6437360243169621,0.8433690589113361,0.7219479019784932,0.8329046515924351,0.8197880524772717,0.8755555726971211,0.8540880367843176,0.8300974812580874,0.815749899606017,0.6349563287826534,0.7563930049263098,0.7312433840888511,0.7613723907655463,0.8163604552716034,0.7146043305342135,0.8121479983711388,0.7225034962610463,0.7196468943294198,0.6167810333178032,0.8850090342379047,0.8419073223368602,0.5704706999483973,0.8930253431110765,0.5668222633835596,0.6935869786766204
jh,rest2_vs_type2,0,Rest,Rest2,5,0,560.407337,280204,282704,-0.5078185820734893,-0.32526892081442194,-0.0372860623911313,-0.1256769398980273,-0.0830351582048543,-0.050284644047556615,-0.24667467167507917,-0.15329501938947487,0.01812431820490401,-0.16428755122088834,0.13253843081162442,-0.019356668037779023,-1.5277928345471903,-0.8101047149600884,-0.06620156330629534,-0.34223020047263963,0.03671287689294811,0.15817059281902734,0.8844707974850642,0.7029640458000659,0.9303773416632117,0.8982826100903294,0.7963407277932707,0.590494326276638,0.6066969351396029,0.8158008388314338,0.8367110121642989,0.9333410099001924,0.7859315603020789,0.7444053725477829,0.5771911103512483,0.4635955602279714,0.40416321366080077,0.8949557569053241,0.7450440228496609,0.5062314440563341,0.8247767655064558,0.5879962033806599,0.791137299851737,0.9142669469343528,0.8058534069070237,0.8438288054103408,0.8033036319777803,0.794294218899252,0.6795762908603301,0.732405143267437,0.8518531864195119,0.8297175071301145,0.8809282903173551,0.7614435763504352,0.7267699945363211,0.6128170473107981,0.6408937365315361,0.5543344391430437,0.9383673148477922,0.8924059580813705,0.6230365353998704,0.8968010562026677,0.5808339011974345,0.7254884773047671,0.8339692953047241,0.8509190572109917,0.823035828229295,0.7576361008776745,0.7168162760630695,0.5804672841539134,0.665540858486771,0.6647333927134524,0.768109700629852,0.7931072834242713,0.6330707930055934,0.8495598933369563,0.6133753819383618,0.6188256052652856,0.5306713368706788,0.7814080992922343,0.7616996176458479,0.5730846477988615,0.9040558986840533,0.6896427308830234,0.7827313345797398,0.8403621443460718,0.85801270839817,0.8853305777429109,0.8021928309855865,0.7711155457049185,0.592166712131699,0.7307181778343709,0.7977912381150867,0.8877693824957062,0.8765986761498129,0.6706255588361092,0.8682145147229029,0.7143991489973872,0.6920305631325033,0.6388775831782588,0.7914884214115299,0.7789570669407557,0.6249307176335298,0.9107565351377285,0.7058725921342746,0.7793063188880095,0.8017654782330428,0.7644639116244278,0.8203157705476295,0.775991774892019,0.7263505264855925,0.5702529768073589,0.7121535619205632,0.829521536746956,0.8717213272042085,0.8803461724188584,0.6220480413675745,0.7688221631910069,0.6683012287819848,0.6057302236312287,0.532162289083444,0.8669530857326968,0.8018121383484983,0.5935687557065324,0.8612366393977506,0.5708036904833401,0.7076915530745418,0.8956630248782863,0.8438981174460266,0.9127956496732051,0.8537626202891025,0.8634388043857328,0.6998362166121175,0.7869996993536763,0.8763818357466138,0.8878669214522273,0.9345109438164558,0.7701748931488331,0.841416023222141,0.7275865425955441,0.7543461673553993,0.7090969687148834,0.8776447150782659,0.875961562703703,0.7331811034567807,0.8943919700081504,0.6867902739793306,0.7796179625982652
jh,rest2_vs_type2,0,Rest,Rest2,6,0,565.435954,282718,285218,-0.11812552254308528,-0.012660418955392494,0.0794214264151023,0.24185405454920694,0.011946668815170813,0.039762588654809417,-0.0861902700445345,0.06042625579024152,0.0684573793496428,0.2999838300832094,-0.10956160886338306,-0.054512203775625157,-0.5802193790752943,0.11056968529287614,0.029886183568544666,0.6289159489323168,0.11333193913599482,-0.05988924553278352,0.894520772489414,0.8177705965505078,0.9148665341554392,0.8663481642186751,0.791515589180653,0.7614798967162364,0.6963903785193952,0.8682133721485862,0.9002683156652389,0.9025381118708872,0.8793341998876765,0.6882070257303748,0.6196192265224342,0.5957402671896813,0.5673333413634385,0.963749580610117,0.8774199483191475,0.7201483109698142,0.9428009634470333,0.7806642147441544,0.8551391838858844,0.7865384894908621,0.7965795910017675,0.8356263881183905,0.7365401195019577,0.6694755571044584,0.5706930101240768,0.5788011469355273,0.7001764993411908,0.8410302409297639,0.8479272498422947,0.7583137704840219,0.7791842809883808,0.5816350164632133,0.5088243989732159,0.3418037846293672,0.8356536147726955,0.7339328747118368,0.4860985086838753,0.9131066981184491,0.6731660212272319,0.8152897398909396,0.9482024115714359,0.8693181222653505,0.9212123410536395,0.888985247771174,0.8941377072156409,0.8050463717310289,0.7987436230716634,0.8705849531077187,0.8955034376955798,0.9157733356763915,0.8290265856871797,0.9215388303237134,0.8597408398363007,0.8524874339746573,0.7333081926152287,0.9587925225881898,0.9365879124951315,0.7447022467766324,0.9708149696183067,0.7226620357400959,0.7924354738263357,0.9197682619822161,0.8309980982394253,0.8680662037389745,0.8758990390001932,0.8950118466176233,0.8046094198352323,0.771454390664566,0.8308369832453768,0.8666290759324888,0.9412060994174649,0.8540585229008782,0.8944757205867178,0.8263070004173423,0.7929901566388767,0.6986658063389788,0.9590690728249155,0.8738149297658993,0.7417448897162454,0.8985062665417197,0.7577751541275782,0.901123121566231,0.8034366431130106,0.8195651791187979,0.8498152354309829,0.7984844665232518,0.7116849653374316,0.564545643381283,0.6828902018584473,0.7294287665136338,0.7833499909462286,0.8055851135410845,0.7281029616482783,0.8622910082146156,0.7038836987248004,0.682575939033384,0.559082752923046,0.8589484774927812,0.7333458516189014,0.5466182074142435,0.7855654238619258,0.5906320125669643,0.7898554175089418,0.8461518060668183,0.8990122851156519,0.8949334036821812,0.8469690175131404,0.8261866973659927,0.6686216247453487,0.8140276511133968,0.8189080791662858,0.865836442023821,0.8894224124738405,0.799111598784128,0.9015670216238253,0.8137929514804518,0.8086549704170234,0.6687414320091847,0.8971539594898168,0.8746234051615085,0.6759092423814215,0.9314792376937424,0.7052353555621124,0.776978067559121
jh,rest2_vs_type2,0,Rest,Rest2,7,0,570.4422069999999,285221,287721,-0.1355649812580344,-0.048340150362090384,0.07234131366189533,-0.08286027264019946,0.053790551324738534,0.03446086031152351,-0.04451762176114116,0.1658720728866374,0.16529592050921327,0.2221109346015684,0.09199818098196255,-0.03778963923614587,-0.3202200153905346,-0.3169142658906057,0.1766388943820143,0.07354305124143634,-0.06531363717249672,0.004818756928900214,0.8642838682955447,0.7092739996222305,0.9247457763518737,0.8971013707340364,0.7298490606052874,0.6035004995337746,0.5213243410594156,0.8017562910782169,0.8368759844381198,0.8464365958827339,0.7214392559964901,0.6499066707416755,0.5881299242390104,0.4523038975825295,0.41890486084017514,0.9704434613138911,0.8182608061051274,0.6344659609130986,0.8762411713226455,0.6654405610933761,0.7997793552072426,0.957713576202613,0.8956456090792914,0.9262198384712784,0.9109824764151184,0.8991127328045484,0.8435032331948275,0.8348508620649974,0.8870998581071748,0.8995766554533033,0.9296001574338583,0.8943641088829569,0.8660916100619688,0.8129187577792951,0.7583770984181315,0.7041507118409278,0.9765109233305654,0.9284398353820796,0.7885618973173593,0.9522530518733683,0.7902637203622226,0.8810835367018757,0.8832576427875177,0.8812671203263917,0.9042313441661625,0.8612902022409645,0.8142912838824936,0.8014704687423863,0.775913328879939,0.8426095962132645,0.8711077590537553,0.9077996346976942,0.8846578700592576,0.8298693000051791,0.747979786880272,0.7272798811506475,0.7334329454193708,0.9295702388568765,0.893547824899006,0.868270751351537,0.9261271979115023,0.8563478072501403,0.9313580067373933,0.7336220853811335,0.7733591762938011,0.798164598098814,0.7425806388804208,0.6929373761654867,0.5408496658970497,0.6199874626830705,0.7170995917672462,0.816163020409069,0.8650073972944516,0.7177486449977084,0.8126328571159249,0.6856829576880842,0.6531974681224998,0.46965674141389435,0.8929182934688548,0.8153516449590845,0.5825768944986347,0.9446380591106175,0.6658333980054933,0.7619603373475922,0.7981042656664558,0.7709253117280356,0.8625691673906913,0.8120208664576567,0.6989968613340797,0.5409544826735759,0.6762877620211142,0.7542468225222382,0.7994774327490504,0.8479021208608578,0.7268077942180902,0.8525234468926313,0.7023624370764299,0.6623694921385272,0.5363118637380876,0.837374440683764,0.7396594148155614,0.542512346857672,0.811439743839649,0.5900057031372167,0.6943499528739003,0.8297218444785134,0.8762398376456983,0.8869678457415351,0.8424916103639951,0.8346838177170811,0.6584984619810946,0.8015712049996466,0.8300587912227457,0.8542924682693167,0.9353718339911398,0.679682929040454,0.886076851583025,0.780738646364847,0.8027917362687603,0.6857572336277795,0.8797613731123799,0.8506008686120736,0.6417630358138152,0.88102254671474,0.6429528033035102,0.7019340807400448
jh,rest2_vs_type2,0,Rest,Rest2,8,0,575.471338,287736,290236,-0.18137990735110154,-0.1579581043072138,-0.19768052023048543,-0.016775061436787198,0.1723813861111969,0.07009268566231697,-0.15857142289915238,-0.004964328837004484,-0.2949549456584677,0.16770855140227203,0.05869773934129796,-0.027855807406360178,-0.2413299608019548,-0.2284906257687771,-0.3985816348727349,0.05539791420833362,0.08558165120773165,-0.03303783536402172,0.8814918674450551,0.8061734933676759,0.8881634757163196,0.8811372937657073,0.8788713073102373,0.7386146630503673,0.6154415875667468,0.7176094157232378,0.7562760719725963,0.8487182431414156,0.9097214450144658,0.7893879117914261,0.7093632316111788,0.6356796040633953,0.4807267505663297,0.9678458117634209,0.8882969248279075,0.6009819825277094,0.9242091255056745,0.6267836853856814,0.7671785371311786,0.7813457244024643,0.7964372170848314,0.7416017599401439,0.616283409243077,0.6616951613656958,0.5842533371073535,0.5257842985587065,0.57336436135397,0.6983463884236342,0.7712454091664831,0.7519803769730787,0.63920811641465,0.44633698466457294,0.43960514410332907,0.37426881928953504,0.7756109390873922,0.7321686523152139,0.5720584132326637,0.7614259996915159,0.589729602358025,0.8350965197232576,0.8450340430450605,0.832281520986982,0.927512984310902,0.9217110094199396,0.8981730910037735,0.6165597195550179,0.7218337729603772,0.8183016785502899,0.8611675787578092,0.8862322131227873,0.6886574865422217,0.8819267421165616,0.7424084993355484,0.8041717697252584,0.6858692809135112,0.9174823119438299,0.9157750106298056,0.6380185283490419,0.9315344969691224,0.5488779897254967,0.6782102967043375,0.842195336138655,0.8115959043040258,0.844613156877317,0.8664598067081105,0.8249930043474252,0.6837580371973647,0.7373685008984433,0.8333351385749165,0.8691843756826524,0.8916590591159728,0.7331715354545849,0.8574639101345207,0.7784214787126497,0.729874672152157,0.6416763080415597,0.9135091767629594,0.8527627422820311,0.7086566685864394,0.8925485021741583,0.7138450770808203,0.7935260156155735,0.7985416556890849,0.8341798065964708,0.864287945107196,0.7795822736866815,0.7482489102963178,0.5794507547084302,0.6770459569010802,0.7482942730107642,0.7768639646866565,0.8387515016464951,0.7010731111203745,0.8340230008480526,0.6781822466242383,0.6440884592691011,0.5545180977384071,0.8341457646008097,0.7544755769716779,0.5636544394734397,0.7990242045193563,0.5220374523247703,0.6825046451257444,0.8958752069330369,0.8933138121610378,0.9138104323419395,0.8695391202826257,0.8713782621644093,0.7429541865424357,0.8657893891524003,0.8731957635782646,0.8844860594517149,0.9353125388432527,0.8432167976311415,0.9229171408498557,0.8581740997538071,0.8617327850012724,0.7437888608814357,0.9321401205434107,0.9031209913839666,0.7565523673616752,0.9400957246994799,0.7871454291945689,0.8605408389840461
jh,rest2_vs_type2,0,Rest,Rest2,9,0,580.482259,290241,292741,-0.40326926186692313,-0.036559455316508505,-0.0021608449177388245,0.1955085958870022,-0.05060529148515425,0.1254621660309181,-0.12674219560240063,-0.06979951198697343,0.1546119930537917,0.20729647582366573,-0.08373935809130195,0.06875515598022908,-0.6013529101058501,-0.40434542405361595,0.10406676449127605,0.26759213288344474,-0.33652563632681476,0.1814531067945877,0.8220715042906735,0.6648276646102675,0.6910927263162354,0.7405175921376824,0.6614642097903819,0.39298983294531775,0.5869422994934317,0.7496706327107887,0.8421583483774583,0.8955836373585396,0.645528395577944,0.5802697143995418,0.48016038077062173,0.3934726325869297,0.35124365315878786,0.8508165381940923,0.7013183606013377,0.5081410330996112,0.8673403953599856,0.49831023920153916,0.672630686874525,0.7374232079581954,0.7890852433075359,0.8668345805700965,0.7724964098367381,0.6912292951688712,0.5004427602773027,0.5851343064059881,0.7549412943464839,0.872380614835504,0.9291724198296388,0.78059609334175,0.7718307588441261,0.5684361665805331,0.5127552703124001,0.3451033920866747,0.8418058977446953,0.7584064339731107,0.5124927718869571,0.9077778184495664,0.6603268577112377,0.8013328306976564,0.871167515370738,0.8897484336428946,0.9069274002184073,0.8766375194403456,0.8020511467002612,0.5237724533308243,0.7793559582567031,0.8486946313634579,0.8902621825921395,0.8794566617808137,0.6489988573913679,0.8821972159985739,0.7963037074757809,0.720052183576226,0.4989117595836135,0.9193614739507291,0.818249485245241,0.5241928639004498,0.9062393722576533,0.5694980976150997,0.6949605181529134,0.7181024735961726,0.8281310436454832,0.8093037555495335,0.7792648868340694,0.7575156530885179,0.6524479635753598,0.621699241509382,0.7168559257351363,0.7634780076247938,0.8763596525857938,0.7583692733485673,0.8611521158963198,0.6920139557292035,0.6628640263474712,0.5792253570449466,0.8042417797693853,0.7603945015731988,0.6541856430090415,0.8473117879434461,0.6866175167301268,0.8286761393673212,0.7996688011966607,0.802922755551726,0.8369684550614345,0.8226661321740494,0.6854726747512657,0.5636703371758839,0.6196405673774573,0.7104073411400037,0.8580297243499125,0.8730547332912776,0.6335914992658942,0.7998046878166775,0.6807161192504124,0.6003192961212346,0.5158359494093134,0.8194389937662772,0.6789459338650533,0.5125006965058,0.8278813551184545,0.5694800031375269,0.6594783953232137,0.8999109102535257,0.8727240600859452,0.9385636610871074,0.8958615487527651,0.8596366196728502,0.7501201951044928,0.8116946657886335,0.8969628072944726,0.8869892821078997,0.9301622982935375,0.8051787543731717,0.8581436919287762,0.7572893864203833,0.7525255393655631,0.6345360156417316,0.8910290273866547,0.8780915726779992,0.7454653743708857,0.9176568045225716,0.7523872909330757,0.8110538508292977
jh,rest2_vs_type2,0,Rest,Rest2,10,0,585.4889939999999,292744,295244,-0.06475486565711863,-0.25721826292783057,0.10121301943137428,0.3471584364835749,-0.10392031313676675,0.009194603521187172,0.08285776734728723,-0.18308275569805987,0.184849851068555,0.3452448203905809,0.15729691371295917,0.06615351225435262,0.6538326491753019,-0.19190321569684965,0.1205719117687063,0.5324632720181399,-0.2420547795913115,-0.02460754904956186,0.7130482407015104,0.799472094805887,0.8781325256797591,0.7268184050952412,0.5274811274268821,0.3973920539245715,0.5221094204339269,0.7050113669215257,0.788238551307822,0.7706535962557468,0.5465907627433507,0.7202827278437383,0.541228554602524,0.3485583760617075,0.3132066648431849,0.7991807989295193,0.6411896892374153,0.4000523379824793,0.8432113533680379,0.6022292729386757,0.5560585081870852,0.7898863027841384,0.893244579686445,0.8787809440764617,0.7543703626054317,0.6786923466224494,0.48631685945053155,0.6325097409401519,0.708309608277297,0.7195733034033274,0.7951988250262921,0.6154057656974111,0.8235555243294631,0.6360364689296162,0.5308438973427504,0.3831015408400267,0.8776424903807599,0.7475754470905315,0.551699945836212,0.920624604030987,0.6236690977574962,0.6260962793089455,0.8904501275837107,0.8295799308655879,0.9077785858677181,0.9174670345255953,0.85912012059808,0.7250508219006297,0.6794678871767629,0.8321707159709922,0.8856795568003838,0.8892418422653728,0.8190578052064159,0.8372320989101601,0.7464423492055894,0.6872469436043221,0.5855244984385626,0.9453845087966938,0.8933617903875417,0.7253598601995767,0.9554376794671653,0.7439547415294171,0.786254978908982,0.7238152407456638,0.6708421825066422,0.8223436664715883,0.7623988136300179,0.6585644894871792,0.4747348251421064,0.6115207489075368,0.7546747995149263,0.7915715496832402,0.8438347041946135,0.6644802895512874,0.7896659524115409,0.5251992423264128,0.5226981183612056,0.3331057010195428,0.7625608712578582,0.6504315714115688,0.4980133468416577,0.787398415122208,0.6257128777260611,0.6369717256220998,0.8338899475501774,0.7862588062760462,0.8784425713257447,0.8553650450950906,0.7199917638753064,0.6029276924678466,0.6617577024996467,0.7866156206011131,0.8494083656046596,0.8144325908582121,0.6640967004956606,0.846676658964154,0.7292414423671468,0.6570134678809656,0.5132687989054514,0.8749463152083555,0.7640843563613144,0.573810939822462,0.8366386216353779,0.5646414697940266,0.6411300849958766,0.8682965018248366,0.8512756072542575,0.9147986126175209,0.8976456921234672,0.8895157854215164,0.7494990506122505,0.8207063836372223,0.8309457673336716,0.8541147000444846,0.8958475409553732,0.7911996835205268,0.8674652512206924,0.8017173941603972,0.8068307239102597,0.6994679878053657,0.928915519985105,0.8862963834099422,0.7124381172214551,0.9287220099804836,0.7192901989336435,0.7642036901220982
jh,rest2_vs_type2,0,Rest,Rest2,11,0,590.519253,295260,297760,-0.023633073035109753,-0.01642497633954898,-0.06785778406287957,0.012454519442163026,-0.03859780802883073,0.06252283209555021,-0.1505517682756996,-0.36567975174663747,-0.039553555863704126,-0.058121772272135,0.06645737708156751,-0.029289594340864866,-0.7248731895675413,-0.42120428243286856,-0.2398577111827076,-0.03500946690406659,0.047815314758241634,-0.026005366089878024,0.8509469901901882,0.7873041315139305,0.8950366088285623,0.9137755841028875,0.7932464218304803,0.473231681641019,0.5557144292122144,0.7245907019176447,0.7966842315830094,0.8079404751562977,0.5398862876282778,0.7721463868326183,0.7116634723315562,0.6267811711074467,0.5451248230979497,0.9478387999726725,0.8683486757639334,0.5032616906648644,0.867956215629011,0.4053482465393675,0.5273961494776411,0.7890812765272942,0.712826880747156,0.7806469475298579,0.7956606226688409,0.6979754813345146,0.7575834068198419,0.5376165212755816,0.6562618846687972,0.7788874729664871,0.821211205007845,0.833120389753196,0.6773536340561641,0.523953478652082,0.5068067711876424,0.6475262039450118,0.8187878329947257,0.7731952551452977,0.7388552569863365,0.8520053876403696,0.7288639843963287,0.8411451979659617,0.914897861850452,0.9212974599308185,0.9318431304969687,0.9173354930022604,0.8912502017997359,0.8458080933752911,0.8574479425262218,0.8689138114936368,0.9138387714827861,0.9146325469591498,0.8492387182912232,0.9399176763245856,0.8629533134711352,0.8568147801500237,0.8264336157216027,0.9232835948010539,0.9188868420363044,0.8419350947121569,0.9410202550435728,0.7883234556921006,0.8176076890335217,0.8783599594716973,0.8499144260455347,0.9090318752600177,0.881280580800372,0.8804977038486169,0.609372611974261,0.7711040773484337,0.8670665786654318,0.8800769052574783,0.9494635663108058,0.6741367996980229,0.8840141296500749,0.7998676377450501,0.7890125424986776,0.5400862010017293,0.8945329219238765,0.8686069584701998,0.5890734104672253,0.9025002878922166,0.6018567283796362,0.7249701467383288,0.7702022882425534,0.7601575382949225,0.8619901366307725,0.8237317724893017,0.7103087840872364,0.5172806041842882,0.6391482888048842,0.7267631327012261,0.7602671695418716,0.8570584357798159,0.7032136282988939,0.8279475815020867,0.6699587145722746,0.6304677574079013,0.4867809233956815,0.8472403040421426,0.7069669116230003,0.49551567896810034,0.758259046571421,0.507347093792259,0.7479341012144995,0.9047049464850281,0.8856275330647285,0.9238662642196075,0.9182813477725333,0.89556223634348,0.7562297704205633,0.8796275912946572,0.9214386581397697,0.9239069740971907,0.9572521452055722,0.826172066738975,0.9236822474001878,0.8956828936649418,0.8902286771287214,0.7436372714758689,0.9493169697431297,0.9396042782520097,0.7617572309021771,0.952698377963145,0.7609981914272066,0.808964047761463
jh,rest2_vs_type2,0,Rest,Rest2,12,0,595.5229429999999,297761,300261,0.13945081833336914,0.13706118182229954,0.022250754807534356,0.08581761843687463,0.007176439614620556,-0.014979783888377174,0.3988782349553719,-0.08703645978926522,0.1263176281911127,0.06553302181178111,0.14889025995542982,0.011715889204302332,0.3464883245921775,-0.4672565079465123,0.19079437895277085,0.1310191938958134,0.19200263638525294,0.19212861462418385,0.8142553851101925,0.8320015271338501,0.7750445333091857,0.7362469050124436,0.690483508453605,0.4396674876419302,0.6818988682089626,0.6996650445800283,0.7655842505047646,0.7536634864238946,0.5485778600574246,0.7953109193483151,0.7610418141287757,0.6391287378834374,0.4762793033677649,0.9171118284232258,0.7679724934464093,0.5330553387305569,0.8482581535353252,0.6091931300687423,0.7681213473927282,0.7791875513572888,0.8330170141001488,0.7849069938474795,0.7423307553131278,0.6178148391924563,0.42913589690766835,0.5675746913131605,0.5643615141229372,0.6985352714934404,0.7522367962427964,0.6862697771607492,0.7137031352830848,0.5787664329466046,0.43204273298559304,0.23364357995826215,0.9073952986230326,0.712593400893958,0.3693127593525566,0.8768183972403196,0.5589101940228947,0.7693978266485046,0.92966502718655,0.9268472388000085,0.9404520494098247,0.900569073793966,0.8858389311315082,0.7804079814217595,0.8620495681596112,0.8905105150774227,0.8628269219072295,0.913998867766514,0.839712753474574,0.9394340340796339,0.8669108412825534,0.8502569535283876,0.7875123679265608,0.9430276830354766,0.9231200884545196,0.7896945097430552,0.9356471960771282,0.7564196464967424,0.8387273408662749,0.8542636558776813,0.759339606107794,0.8551215949724924,0.8421284663162711,0.7431766034220086,0.5447495803877074,0.6655395355768442,0.7822691382988426,0.8147087090031844,0.8167323709136625,0.6484092605477186,0.8489739841186027,0.759239291737607,0.6255291392525422,0.4679659267778117,0.9239036866110247,0.7618437222655874,0.5809745837184905,0.8853389376643539,0.6418126085180345,0.7351102108178119,0.873853863484666,0.840571719134958,0.9032948242617973,0.8844902326539872,0.8650468036749377,0.663427208379997,0.7593936428395816,0.8224027320324124,0.8754961485128246,0.9264597264394057,0.7767109381248976,0.8877888170775684,0.8165699734522919,0.7735784933244334,0.6178551316646234,0.9208269924310687,0.8507951492022565,0.6518615844828519,0.9055086857036521,0.6814116512526296,0.7809544660848127,0.8413187131212462,0.8490236215433945,0.883363373816047,0.8491200110116981,0.8453057080006409,0.6922032031503129,0.8305537034945505,0.8674137090594903,0.8603501102980325,0.9287424340931753,0.7681008211480388,0.8966010724279273,0.8298741499346517,0.8125852114292003,0.6810568114347195,0.9157878573462962,0.8869956103093933,0.7224431904369428,0.8984633046943258,0.7471027596638892,0.8068728010201325
jh,rest2_vs_type2,0,Rest,Rest2,13,0,600.5499279999999,300275,302775,-0.051588286498578384,-0.20185891913350495,0.02635046703801258,0.002697991274032585,0.01838972320673582,-0.030094153070143737,-0.031325635861332746,-0.14831938314728976,0.19170903471054768,0.11307917884758112,-0.01814570930624093,0.0278857825932719,0.30889922944598425,0.03850149995681473,0.027107387000107508,0.1931024126901546,0.2483940308962973,0.063626678625468,0.8434682090245222,0.8597230067745559,0.7588570226876734,0.7329006066887802,0.6725320741646302,0.5519991359200126,0.7231006064570438,0.6014780233514921,0.7847556573044239,0.8269615716090174,0.6808778728036582,0.8145490291763878,0.7317138375337006,0.6844425506045159,0.5200532891124217,0.7230682808251074,0.6081549705266456,0.39751990379776375,0.9084534178532081,0.49288006236995735,0.6478857472713314,0.7489540720297185,0.8436725669048709,0.8444537833864418,0.838164874179953,0.649251233712036,0.6114116136484109,0.5414599148995195,0.7056308721825276,0.8203882352922649,0.897380289871995,0.7242801192035617,0.8141760041246311,0.6726451538509913,0.49967151909564284,0.4987146680944389,0.8761998128539702,0.701718169827567,0.6571479954974497,0.7736253037108423,0.672473885304543,0.7461266721393655,0.9125714504607509,0.8652928243675457,0.9030603790874311,0.9151812604550347,0.8665390005038861,0.8579681473356032,0.7789080559091098,0.8758204587407477,0.8935865551465998,0.9200677011642133,0.8754528175330814,0.8545515049125986,0.7773647479891662,0.7490849403631537,0.7392019278550721,0.9438391243733689,0.9246430422833976,0.8510734801639781,0.927156593745138,0.8769841242705082,0.9069230396236776,0.8457640822560444,0.8709188726074891,0.874495378466019,0.8577106757785803,0.8051290313958392,0.6018212443186087,0.6882711648000691,0.8027357319588224,0.8704871915773913,0.9236709827407663,0.7032185817423383,0.853353595700128,0.7525266184645542,0.6802235189306517,0.5098951072780965,0.9029504554474781,0.8174038728032298,0.5546678977142865,0.8655082480807993,0.5991756664935659,0.7620963215666569,0.7908588488904609,0.6981959840234117,0.7860365764027016,0.807760749053166,0.7424732545578159,0.6060230825110758,0.6583243310528263,0.7164890343856495,0.7664190695636186,0.8638535449880179,0.7123510643970175,0.8235055533484701,0.7214854536429548,0.6456623268876419,0.5088819339250494,0.8225398358121339,0.7230130951023818,0.5688127349481014,0.7899904903436707,0.629434721234728,0.7365140701628096,0.8773072919352172,0.8534763507586949,0.8866865751613443,0.8820575348120439,0.8833404181886321,0.6777887878501345,0.8225624100895704,0.8645330920771019,0.8764270267412881,0.929045299165046,0.7299200938778191,0.8982357777639716,0.833552708029253,0.8475712835089824,0.7311333129767431,0.9133937032444269,0.887740620919674,0.7066614400337864,0.9138976581353795,0.7343595089263483,0.7807514323468848
jh,rest2_vs_type2,0,Rest,Rest2,14,0,605.567598,302784,305284,0.11263623936853451,-0.050778737488246684,-0.06136511633629915,-0.1430097468787941,-0.3328887630771682,0.018256217222518245,0.07528403583870169,0.15232610101399313,-0.05391253112713912,-0.15619680477374898,-0.20065408808614604,0.06845701178703711,0.33035933408273044,-0.25276933711738137,-0.2757314550309138,-0.5118702401780055,-0.14549773081636674,0.07002229891042555,0.8130631211563755,0.8551595184956466,0.9029958757332207,0.7919837287871042,0.7551548603956942,0.6713531606358261,0.6529706885518313,0.7122302109052338,0.7316651755874034,0.7978243060012947,0.808227306329636,0.9166589091585433,0.6918903887047864,0.5564898907944478,0.505914181974129,0.8101368454155172,0.707389587360371,0.595332232418172,0.8993627584145156,0.752870796573278,0.8437025774142067,0.7487506942412145,0.7501567369919604,0.8446158621745495,0.7066915352970916,0.6006692936640844,0.37903377399053845,0.5522365690786247,0.6838909988673785,0.7491208374613517,0.8027182147173136,0.6521739252301164,0.7806742928265684,0.5552937945481913,0.4209635470104421,0.27540750739805,0.8384242480395536,0.6751608134823244,0.41639810518763015,0.8990158464199455,0.5832914812445738,0.7353571802293295,0.9315982516078378,0.8679191681423001,0.938312651478598,0.930174268258359,0.9016968628530843,0.7575903852879516,0.797431675954908,0.8825192586320383,0.951259659969966,0.8835250317899541,0.7131091165443151,0.9277926162229999,0.7710028306509688,0.784609197279902,0.7772685573376652,0.880045778059205,0.8870353153286541,0.8088442041199647,0.8659606666623879,0.6745949920758245,0.8022519282040125,0.8667946919873533,0.8338199748214533,0.9110561646645072,0.8789873464819256,0.8636569572197074,0.554265804366622,0.7633540982195451,0.7859749546640646,0.8104026769081772,0.8877936042973232,0.6515389991685899,0.8425421241364157,0.7611144860162163,0.7211035574575895,0.49611713571104693,0.9142854708712943,0.8263624753292187,0.5152469026626617,0.886213505380005,0.5220431861271642,0.6302013602829113,0.8705588214103125,0.8616428262239314,0.8525586648610476,0.8455414141480149,0.7822780322629277,0.5973073960820169,0.790678211858366,0.79515391473458,0.8242631088574786,0.8089782491733416,0.6372008743615665,0.9109997717371445,0.8058140397868944,0.6936060755021293,0.6232056796177189,0.8552046825035201,0.7420848757651297,0.6115329595839768,0.821005008778332,0.6378453946068954,0.7153751029969679,0.8911459988264145,0.8660958253026985,0.9101608712421423,0.8677076344765918,0.8989821681236899,0.7479439630466939,0.821973254013611,0.8964666756763345,0.8908385443784917,0.9395430304253296,0.811446867866346,0.8986171216152765,0.7783465341225367,0.8198295985409971,0.693594475064947,0.8845343838024683,0.9076643448205705,0.7618887162053339,0.9311221953032152,0.7667101267021544,0.818234615875298
jh,rest2_vs_type2,0,Rest,Rest2,15,0,610.598412,305299,307799,-0.6565939758875459,-0.24702785416161843,0.06809443566793627,-0.1699864211508042,0.014796465552553428,-0.16510345072458898,-0.6635256799055793,-0.37002759831062626,0.13305013175457425,-0.06765662461682709,0.1327835563423272,0.06199914973332943,-1.9466648678177352,-1.0034984476559812,0.08218973537823704,-0.12235446016953366,0.1158327592039563,-0.07354679985015622,0.7689219007707583,0.8135002049052322,0.9149306176940842,0.8532973502262543,0.7308345213881687,0.1919858189319324,0.6317601308937888,0.7777586421098995,0.7646464645256419,0.7572175469539696,0.43811749355008245,0.8583647856169819,0.686809588209865,0.5717567671069004,0.1296482265726494,0.8782925498235239,0.7479906433060478,0.16153282194498012,0.8879665172253013,0.322697826104245,0.5110977672525218,0.8269651704552001,0.8322408853798895,0.8081507515364097,0.7472989125545517,0.6412628274036554,0.2569077991886907,0.6625274824328116,0.6926255261893917,0.7262184154681971,0.7214894598787353,0.48584757459648276,0.8903438486644386,0.7569865970452931,0.6111497615270178,0.21609908249835086,0.9155413062438048,0.7767804247565442,0.31990029201572434,0.8795715334814298,0.42028888909813206,0.5828750627192558,0.8933456320944837,0.806314913119641,0.9439125737775776,0.9121652135665376,0.8045476957482904,0.6148610798439083,0.6793325379217778,0.8455809416919581,0.8778903209012131,0.9254528217489056,0.7681382519231978,0.8392466726601644,0.7120055185096149,0.629320139162785,0.4833363152886795,0.9053029334606848,0.7814985618607335,0.5557872649502609,0.8703434586898902,0.6023236178334044,0.7944754770555617,0.8660973075046013,0.8132290189147696,0.8839735193078863,0.8774806430119642,0.8439401939214951,0.6727874080321818,0.6800609981910062,0.812779834428845,0.8695467629794679,0.8979875353010169,0.729041227548567,0.8471358048352786,0.7350945215534144,0.6493195985657979,0.4705885682597858,0.91705362910135,0.8015592980613787,0.5614233133090142,0.8874909640861696,0.6358275374306098,0.7487971486545425,0.8523713161930824,0.7438605578123271,0.8588602404053716,0.8462058647802616,0.8119613123588142,0.6742769163294309,0.7288050431913126,0.8932981412652251,0.9275588006737084,0.9401331127936591,0.7639553484331923,0.8212179938105864,0.7475139997664417,0.6973399655544923,0.6569007635231636,0.9312100946530568,0.878255998218805,0.6904706574471113,0.9354463515845942,0.721968689723912,0.7601223473695143,0.8958269443496261,0.9055084009335941,0.8742920051940677,0.8543003473915295,0.849019586954497,0.790295977482233,0.8472958589478234,0.8789555440203038,0.8706638869337254,0.8847953407654782,0.8068522943627889,0.8835851811151555,0.8115251860691596,0.8065233238929016,0.730779165934664,0.9238585350509215,0.9060578245114554,0.7611444187952608,0.9255235345678003,0.7380029422018511,0.7726499123545004
jh,rest2_vs_type2,0,Rest,Rest2,16,0,615.62525,307813,310313,-0.2671287565739,-0.04354497010321623,0.065577868406685,-0.15228029082268346,-0.06899419524253059,-0.02514714750870306,-0.24952102046169156,-0.16527235652184702,0.09672036113088112,0.002217046855236493,0.036259301719448356,0.02220536101765891,-0.8338283354903657,-0.6271452532920474,-0.16115347098071853,0.15234824320241502,-0.1305939553231359,0.17563486597239697,0.8908136353157777,0.6450027879605367,0.8466327714857317,0.8002686806963644,0.7271628274641401,0.5233010307405834,0.406283633319268,0.6870538317309737,0.7339170033428283,0.7790832089163072,0.6756196550833947,0.6543737397859203,0.4927566535769938,0.3071375026652798,0.1319052833546418,0.8845179442521487,0.7257683162927884,0.4867512926725306,0.8890182948438351,0.6139801633085318,0.7664729256189096,0.748798560892677,0.7697478333213661,0.8633127201333671,0.7809461028451926,0.6573573191032769,0.39129074616272846,0.4691131663873303,0.6160444158669787,0.6923368901223235,0.7837896756406547,0.6034687103295432,0.7787652002567429,0.595432666922239,0.3839530958376656,0.15857983696512798,0.8467026219649862,0.6585372171078309,0.3506170312559964,0.8304108448165141,0.47889743581033895,0.643746278761546,0.8394619152733741,0.8333382199201351,0.9115183677427168,0.8951233263702973,0.8567266202164703,0.5739401861304626,0.7021394739876409,0.8005577601150526,0.81158671573453,0.8895501564888595,0.7211191177910168,0.8221418329978626,0.6986393765626727,0.6750181874208928,0.4992189551988142,0.9266865298108217,0.8595033169073522,0.5337226564005413,0.8913115604409076,0.5163687884823042,0.6576994115702357,0.9066589091636914,0.8579150920693573,0.865580194525928,0.8531921326957772,0.8610803348777564,0.7202657178949577,0.7683527302173428,0.7882204457345068,0.8076623054278185,0.8763288461963126,0.7924589282849803,0.9351203513307804,0.8206154135583779,0.8129347827871946,0.6539956628307168,0.8838430673864262,0.882429088255892,0.7125187017909957,0.9135472586371847,0.6934064548041373,0.7882093592146117,0.8081408271536658,0.8102155362945376,0.8376166031999225,0.8014250173470604,0.7610227913179345,0.6823152585673544,0.7330600460460095,0.7178026567616752,0.7649062702498115,0.8833885177705447,0.8208417749305668,0.8380649902149957,0.7255830202906023,0.670458808874132,0.6827523428201014,0.859685955246083,0.7244831062563396,0.6605194887037332,0.8178518326703517,0.694583790580968,0.7817539566134446,0.898967443468818,0.793979631588176,0.8305090090449033,0.8234683289938768,0.8504179087609844,0.6839637289843786,0.7648326815513133,0.8021936110534346,0.8311442547319448,0.8971273034066771,0.7831040717530502,0.8335113230976747,0.7504999719981095,0.7644637048365889,0.6744015166386559,0.9042806880816786,0.8709271842388364,0.6800587466175079,0.9060996376131372,0.68392084669204,0.7967032500963603
jh,rest2_vs_type2,0,Rest,Rest2,17,0,620.631062,310316,312816,-0.19496996485421247,-0.07149317847257564,0.018855734913735933,-0.0418118561856593,0.025353786092730868,0.05246405020424039,-0.21724529314604135,-0.0156460810951633,0.07124157316634294,-0.0921113102321538,0.03638917388968155,0.0955699052710548,-0.7881233555672642,-0.47665622325464607,-0.13515006074690072,-0.20793001866894212,-0.09286741056696846,0.08904256269058886,0.8226980240482387,0.5870389062295636,0.8531404496647436,0.8165641949191068,0.6936146353073769,0.5729336680064079,0.3735146896760414,0.6719035109985115,0.720635833720447,0.8728033654507728,0.8429641921757111,0.6552055787210156,0.48958916211373793,0.2897133358189853,0.3943844586009611,0.8845764355793985,0.6258501192580764,0.5147458356456301,0.7561885894774322,0.5572767528186975,0.7508244992145947,0.693030950810072,0.649757547635741,0.8685966694100231,0.7354319373990224,0.6835801855271694,0.4535929628364557,0.2810581755536855,0.5975110460054652,0.7845064561092232,0.8844841228022225,0.7944084091222254,0.6376701506363036,0.36391552001684124,0.3448411312835387,0.17703940610026028,0.7757808688078099,0.671221913241023,0.48889695128159244,0.8739106266356534,0.6293930750008278,0.787850311310638,0.9293708533346586,0.8226788841054997,0.9129707825692253,0.9110246872111619,0.8801364591927066,0.6398960474130099,0.7435956310567219,0.8621209966080091,0.8932933888902371,0.9016310931549476,0.7312074661593491,0.8344801586123061,0.7578638596218229,0.7299558324839559,0.5277158540829168,0.9400789330149043,0.9134302714549468,0.642090987047809,0.9661996263921173,0.6705816097975625,0.7287114931849972,0.8142463688711998,0.7692971201251141,0.8350796316616422,0.786863874844321,0.7502664269232043,0.7617436766509802,0.629683643317916,0.6981801523339973,0.7307329023714848,0.8042348532189523,0.8247846874599402,0.8483551823182914,0.74114860398048,0.6511366981438415,0.5782350005290836,0.8620294016398458,0.7558284255198445,0.6629819344919847,0.816912737968355,0.6703254242133052,0.7559884965382665,0.8640107428487214,0.7555641276811421,0.855807106852753,0.8514197119970723,0.8671323467192823,0.7042183916722524,0.6228448570410283,0.7703118555409024,0.8626403293155754,0.9440271949628863,0.7696717366186464,0.7970146983920844,0.6627122776093084,0.6439302686666883,0.5946246827127284,0.8650602324330458,0.8152906025984121,0.6732307001683951,0.8893660811146151,0.6917634921587358,0.7870616213610608,0.8658696077971064,0.8884159404483022,0.9002050943757457,0.8613507687403249,0.8519572787375524,0.7123638688712565,0.8069833615416083,0.860123399427757,0.8557327289054542,0.9080615838897819,0.8448390580812871,0.8463742177925998,0.7895597574985003,0.7845387172233594,0.7124106128211549,0.9255413752771952,0.9026129498504695,0.7618726361683293,0.9174337645677018,0.7677198310056335,0.8246884984788606
jh,rest2_vs_type2,0,Rest,Rest2,18,0,625.6487,312824,315324,-0.10859963494544811,-0.09201483976794567,0.012315189228568446,0.1590211226221765,0.028163887345670435,0.03605981193713381,-0.05074683547405279,-0.028908318843544833,0.20358592680077514,0.12094714828372011,-0.008229568547275967,0.03208538783476689,-0.35443455843798866,-0.4376979771388516,-0.10247422272429407,0.018209432470451148,-0.08545584213833113,0.1472646140141225,0.7905780703115844,0.7779499426497459,0.9325836877800061,0.8162203214112633,0.5551069609564497,0.2949955076023488,0.4729209689411077,0.7850887998877115,0.8023120365370466,0.7391659043219072,0.5848807673635532,0.7291592168752804,0.5397815926966325,0.3721044910497059,0.11659756338277075,0.8974643901570041,0.6420101681283454,0.3340882506559255,0.7955010263946027,0.43520985177338045,0.7271658094694682,0.9370696189582274,0.8620095468391917,0.8993509054183777,0.9124795743864317,0.8446691419048181,0.6564688305716821,0.8505930616220782,0.8682808164984581,0.8772028004080895,0.912002604468235,0.7148013859227075,0.8568015063927944,0.8183008726717405,0.7747744753402055,0.5471109980990243,0.9442503253671962,0.8756000727361912,0.6225918256748129,0.9272441867463467,0.6878937659172708,0.7371250192860319,0.8502631965740055,0.8118499076073392,0.8724183719788856,0.7696572069836195,0.7354989993796031,0.6841413246296831,0.6207879812284051,0.7430545968341492,0.8551770818985245,0.8734692421649679,0.7881172139557965,0.8411770022530084,0.5997097190195679,0.5572611265013975,0.5175895318171976,0.8171003228735492,0.775214278779417,0.6725569477329649,0.950113515900841,0.7856563935377883,0.8503438253768335,0.8480994442285992,0.8475605423793807,0.8741353150301835,0.8532356575372652,0.7781520838269335,0.683168269925957,0.7914057444342434,0.8128265325906325,0.8507112025771243,0.88571298822569,0.8224176770244173,0.8639720711129553,0.7882513865530696,0.7278019770108274,0.7030636066627168,0.9238191833653057,0.8254508743821963,0.7296519744472824,0.9081647795569642,0.7608375981433081,0.8569408449583545,0.7766352308433271,0.8052821780288736,0.8410482047854865,0.8112201042595877,0.723274238047764,0.5919642681002413,0.7046357046682812,0.7852159595949945,0.8108445696290997,0.8340380028221989,0.6833293995109327,0.7842514278023988,0.7159435187171249,0.6580672274735593,0.5533666011211438,0.8679697731533657,0.7211591900403401,0.5284046972841767,0.8137091953215676,0.6288371685706956,0.7626191200676115,0.8311509493409567,0.7802079558619304,0.842386267442002,0.8254794175614132,0.8001590796047764,0.651144572235743,0.7017188120989533,0.7962791932349693,0.832158771030736,0.8743109447754004,0.7667201656513442,0.8329975259376748,0.726105080381933,0.7477679021280578,0.6162541592049242,0.869004731890563,0.8501210455857443,0.6443128025029871,0.8819310251205559,0.6580522293717502,0.7593537126221219
jh,rest2_vs_type2,0,Rest,Rest2,19,0,630.671096,315336,317836,-0.1823240315234651,-0.12719505459943647,0.10573249685448705,0.09822113903996899,0.014290111648699089,0.05503468208892137,-0.21634166569837543,-0.13394688171576874,0.23331038510289215,-0.07780588912262187,-0.0019213343894293189,0.006571966462804557,-0.6134176029178384,-0.206156581016546,0.26467692028504874,-0.0931001477932174,0.07529607391013693,0.16772931448964012,0.9623467674419796,0.9579861756656411,0.9731482592094717,0.9734199049891513,0.9692861762459951,0.9122463251459657,0.9204189930963014,0.9152836667111267,0.9454092581948883,0.9670207543315358,0.9327082724228193,0.950626648994945,0.9464642274621148,0.9213538663657185,0.8414226857305112,0.9867492994477498,0.9585807637468213,0.8633499105108601,0.984999571591494,0.9003288509144417,0.9342900650484474,0.959063070463394,0.7194328560377719,0.8126317615969677,0.8200529061095256,0.8649235142634449,0.8519550400686889,0.6234892361254106,0.7399239445690182,0.7943984142468891,0.8646959593123965,0.8995592668957344,0.8438642751545118,0.6645932288017882,0.6118685093771971,0.5247057433977799,0.8675226115652898,0.7990308536142133,0.6930570971525478,0.9512464025906535,0.8103889034423748,0.8904145135397848,0.9087235778782613,0.8835869020316272,0.9717006803894953,0.943226957486098,0.897424702950045,0.7405494827992566,0.747413616372533,0.8634722041492,0.9203459409027629,0.9598235931848311,0.8624942649943024,0.9048103597764388,0.8009682506976868,0.7625385781763003,0.6450452561744682,0.9342193536389993,0.8816729001938708,0.693990856553126,0.9520023909623802,0.7388820876537637,0.8331678743876909,0.9123355530769799,0.8231364063761245,0.8590060422270829,0.8579293874946827,0.8448714706949572,0.696125163167372,0.7691377933593517,0.7924666905033555,0.8406462063856068,0.8954244738443767,0.7824802994445714,0.8127918133846469,0.773205987939661,0.7372469304222097,0.617624472705928,0.9252061257532525,0.8670725150175983,0.6151542747453874,0.9206562812102442,0.6869926413251014,0.7821547526859794,0.8799666262899557,0.8395279143717786,0.9134913906121691,0.8918598850200569,0.8191159440185551,0.6881151978155552,0.7614728911343175,0.8120160660330344,0.8610022471710288,0.8812418797657157,0.7224253210155145,0.8403414396138197,0.7715712660259789,0.701555732525282,0.6368580456183937,0.911991516001261,0.8068924892353782,0.6265237534543955,0.9003863891894233,0.7124741006754294,0.7895441592199011,0.9486390501348899,0.9372032611025416,0.9400729585084096,0.9366012261400761,0.9276570407967641,0.77563939640353,0.9043075549592231,0.9115830574206071,0.9166284543653238,0.94324103343559,0.8248584562897309,0.8902536507085635,0.8694287988123787,0.8646017230065733,0.7496106982998184,0.9528086395928043,0.9265515478658901,0.7849907715335058,0.9388628379056678,0.7852424296580878,0.8247614024132296
jh,rest2_vs_type2,0,Rest,Rest2,20,0,635.687449,317844,320344,0.08850970445310136,0.07539149980728244,0.15346125946480083,-0.05371052758155592,0.038758384220071385,0.020873397185643405,0.22143347403180247,-0.008193330557602962,0.17272303840128966,0.05187489135508283,-0.009778579070994553,0.14175935128209405,0.24965112922182975,0.12957336121650442,0.364786716511583,-0.016745168664731302,0.05306022756533757,0.14898893387699497,0.9939616627908935,0.9385168990019691,0.9056135903974601,0.8827845283592177,0.9215988948036211,0.97658858131389,0.9191238350614607,0.8879530545693235,0.8654271909650768,0.9172944568460236,0.9707859155853561,0.9023733526884554,0.8951429211996926,0.8903166492426804,0.9334799711281461,0.985638220063707,0.9646661513537498,0.8849016544274754,0.9685390786862292,0.8833915987372927,0.9341526011612881,0.8850204383186352,0.8808328985801505,0.9080884590434555,0.8541033800799722,0.7817005767442196,0.7410809379067852,0.7156235498104258,0.7770226248911856,0.8181344694967351,0.8464220522430418,0.8467766203171874,0.8815112018361851,0.7608378502283709,0.652373524538378,0.5426314625053982,0.9318327573659362,0.8024171358468135,0.6525616232649417,0.8893509345614381,0.7239826269053544,0.8635345827051213,0.9486772004488156,0.8492543067248797,0.8923800403621766,0.9599486744503095,0.911005625024897,0.8665412667889858,0.8004186814597474,0.8386180224130841,0.9378423619718161,0.9379063237286732,0.9123779098533624,0.8984106544302092,0.8349229911901296,0.8333707150295021,0.8022224148592577,0.9113904567536667,0.8506428971131529,0.7932854931593258,0.9459160334418488,0.8889581887678691,0.9704508935095219,0.8651375418530574,0.8992541865844718,0.9324389264723705,0.8955081451361602,0.884997424254954,0.6864226169698507,0.7834961780436783,0.8669162867395389,0.8464052956702995,0.8992517866684073,0.7525501101075831,0.8938895002095025,0.8112365108724842,0.7901525418659087,0.5789150823917558,0.9448935879124793,0.9224026676231046,0.7192528883600889,0.9241642972719799,0.7599114540042909,0.787698806039672,0.8942405881634602,0.8937496898519134,0.9153359995677585,0.8863322343111676,0.8217919545106744,0.6784227662140366,0.8116937810016456,0.8477302058358414,0.8508303453787389,0.8517505766269645,0.7276899876212771,0.9017440777284857,0.8268619079191447,0.7476677928601475,0.6232448169509408,0.9302309538450519,0.8445004887744659,0.6796010557386587,0.888208690772701,0.7203285056074222,0.801582672489982,0.9127127932681572,0.8818882489922515,0.918571048341814,0.9045504700589013,0.8966460661954567,0.8078649855918287,0.8388414132193807,0.8839415581116261,0.8847396942020826,0.8924448719970817,0.813051156212695,0.9042295051588473,0.850121278312972,0.8401066511281459,0.7624475983435108,0.9487567577843318,0.9304139650525689,0.8028044782940194,0.9675496716411901,0.809521729469508,0.8444648824652511
jh,rest2_vs_type2,0,Rest,Rest2,21,0,640.6953709999999,320348,322848,0.036838666766258577,0.08051940220053311,0.10155737192509662,0.00327450480290592,0.021656859713441,-0.09011714660688241,0.0009166779022420357,-0.07957573084813774,0.07216475996002991,0.01539205918570774,0.08493613706067382,0.03209993926419408,-0.05773906146797181,-0.1266502611702336,0.05803268888541435,-0.038047190802192876,0.09467309726529649,0.015760437789062998,0.9387724884156459,0.9567168840526588,0.9044060595060998,0.8464408330920379,0.7544836888737904,0.6937701066677155,0.8699735328135741,0.884327899690652,0.8972299574494547,0.8601366387046537,0.8202849493337877,0.9097200370277247,0.7925213355037494,0.7068723272013835,0.6195050542031403,0.9261319574805488,0.8465749257122294,0.7055778492380638,0.9040587900614105,0.7781422950162633,0.882708465487466,0.8891159808596469,0.7916292803036085,0.8039265963788557,0.7800198257695249,0.7887101746583092,0.7620785167202471,0.6035106894674993,0.6806640626774982,0.7557487022636972,0.7834673251600085,0.8842940160597562,0.8531306476879261,0.6660649869132671,0.6407784920299014,0.46587855860477245,0.8186504740416878,0.8031520511561823,0.570282853103486,0.863480042332134,0.6465077814220338,0.7377456363836064,0.9537655845654252,0.8830042679782266,0.8800062421088937,0.8434478779542102,0.8535854925141629,0.7778213277699244,0.792660183667138,0.8632879170288428,0.8611942925523177,0.9021985865207226,0.8344822912496848,0.8530549790786075,0.7383985774655496,0.7478352160345022,0.7031767595114308,0.9125782826567331,0.9242685613485787,0.7742378364407081,0.9226841610780847,0.7386551351832117,0.8326999302370627,0.8529225266078808,0.8927965179431014,0.9121262248188025,0.9139558016520006,0.8913407541793991,0.7532911909522998,0.7402992174321346,0.8090272927043227,0.8591742263242775,0.8696197111759545,0.8030898534098111,0.9264645037597554,0.8487428447620554,0.8036503392725416,0.6596302085609758,0.9214988212381697,0.8857653284016508,0.7287055611066563,0.9138617358176546,0.773980138425709,0.847690560282987,0.8458268715873436,0.867150697680099,0.9039683811868905,0.8554623400069136,0.8043521517124044,0.7598165110975625,0.7626870103460233,0.8313998095293652,0.8360637356776794,0.8593673788570155,0.821318627050824,0.9006934293799855,0.8261363195060972,0.7841639545282807,0.7041883885684564,0.910316699068102,0.8634094564491779,0.8152074994769063,0.9180224225643131,0.8155210510115769,0.8761686361516424,0.9302297691622565,0.9354491024692516,0.9459167097634608,0.9070652270033613,0.8800140124979215,0.7580216688030024,0.8718155877396626,0.8730378332706497,0.8814044013140023,0.9126480787413939,0.8128122439966124,0.9335797779210755,0.870210092990924,0.8440043693628927,0.7092076930427191,0.9291509841781959,0.8949899640941145,0.7334042393578402,0.9259144183071762,0.7952228443984656,0.8546903074739144
jh,rest2_vs_type2,0,Rest,Rest2,22,0,645.703851,322852,325352,0.18143440616217443,-0.17419196026419392,0.1024827540849671,0.73486229577296,0.04017235462002322,0.1770216567157208,0.9634385104512395,1.0690556146598844,0.33018348505031003,1.484967925212703,0.7752246369291012,0.8728774876209249,1.2351679664561361,1.3467941453576886,0.4026197656496677,1.5257861384397566,0.8185178830270532,0.873836984624675,0.8955649564016951,0.7468275544390109,0.673159701627287,0.5964671875049334,0.5303891706311387,0.3404043848829352,0.6376798962089505,0.7201052491978849,0.7539478066536355,0.6692906669696805,0.3468549272641773,0.7426023221336358,0.6458047241280178,0.6037483006333091,0.4262830662545313,0.7969689060759777,0.850560715997151,0.29201516740060907,0.7761777397001649,0.4371149904614281,0.45281376953207203,0.8748597655392114,0.7549669183549564,0.8159139045427019,0.7122103761325838,0.6208344321390727,0.43563042041897276,0.6805028941968296,0.7000372514011224,0.6724745268445809,0.672116433632645,0.41733905501660634,0.7008437077382569,0.5065183861477603,0.5665903395105076,0.2453080233301833,0.6982379183166812,0.634416622100826,0.3146247513182761,0.7371842197046425,0.4215000334706322,0.49428799860174133,0.8707849512487961,0.8046311820252899,0.9083604726209512,0.8594612663747498,0.8325913188776294,0.6101468274674473,0.7885957987012858,0.8740190858546545,0.8754728730498237,0.8878702408924478,0.6934710676585906,0.8685746616469115,0.7241530466801497,0.7482914425772395,0.5885888195099314,0.8753579000591639,0.8836672962114277,0.6184065517833807,0.9186748311722222,0.5868109009738659,0.6416753108511346,0.793249960285384,0.7498891868168008,0.830243848491662,0.7951935324046089,0.648419589496217,0.4360277504122134,0.5885077463086708,0.7364115530045688,0.7746943205115362,0.800276450273037,0.5598849370619738,0.7751721008795301,0.6162869945177362,0.5147940250436309,0.47423870366850607,0.7919122948811952,0.6865517516764381,0.45099010899098335,0.7162464553097535,0.4002436823649283,0.5193895134124811,0.7322691841743516,0.7233297316152354,0.8313705467677026,0.8161931654971785,0.7348930989702757,0.4731513516782973,0.6084271335291755,0.6330452461511171,0.7942513840759903,0.8686684056868392,0.6033067708991697,0.6647367686923703,0.6185508574802073,0.5645843797788379,0.442635179019352,0.7759082089920374,0.6534807047021286,0.39539232996399726,0.8618719779206302,0.49468107627799696,0.5900053378822425,0.7992561987571278,0.6787306815717857,0.858185469320479,0.8602772825201717,0.7134672328460064,0.40786574986070834,0.509685484067607,0.7153543513173413,0.8440228355778195,0.8444591400587886,0.5833989353747054,0.7079746640466532,0.598876153301985,0.49682401557061434,0.30813376470285,0.8653312711555912,0.7131008564511742,0.38580853020706474,0.8284174196100126,0.4712693417484145,0.6029745342921435
jh,rest2_vs_type2,0,Rest,Rest2,23,0,650.735093,325368,327868,-0.03678753181637795,-0.10330056865680692,0.006229114092348276,-0.15599022458958967,0.04138752584129879,-0.07795841373594792,0.13205822063009975,-0.26004553062882696,0.010238952448990979,-0.17220794604969525,0.029291950177053216,0.07466928626023117,0.029107757492953468,-0.34551056318356554,0.10595525002978157,0.08060886155201263,0.10133932336115237,0.48888244026872707,0.9885135026088794,0.9053815535064956,0.823117000257158,0.7853437971776572,0.8448738584519129,0.9182728792316702,0.8753379075054475,0.81283528121051,0.7881766158687645,0.8633603278346507,0.9379100757150929,0.8981893019514643,0.8188776203515461,0.8401696196524389,0.8771339476686923,0.9614518573312907,0.9482773487811545,0.8376071730455821,0.9487050891148527,0.8060319072635351,0.8972144074502291,0.8485657256396175,0.8286028477896267,0.837007905748033,0.7975815911331758,0.7545765344604418,0.6595760710196317,0.6495083195036407,0.7057104851543552,0.7337629935072065,0.7932542502022809,0.7323810050169983,0.814174495779681,0.7125634802923185,0.6261589750333646,0.6074202944288739,0.9512201708082342,0.8118754808222871,0.6342741817710198,0.8649937393570172,0.6662148436163425,0.7934039471243218,0.9037657766595143,0.8704894587939208,0.9491636472127871,0.9194563529262345,0.8142810310751815,0.6582276901281239,0.7456897718257074,0.8577551942021235,0.848508003288988,0.8610157882425156,0.7136550082568269,0.9144480366517821,0.7961949696468863,0.7166857844806586,0.7031607936339437,0.9213160191645507,0.8276490489880698,0.6718163862342786,0.89889702730853,0.6574491452634276,0.7876645602595153,0.8596649370315991,0.7210925885428063,0.8858000998458558,0.7975718422391135,0.7809796898371131,0.47954625959843744,0.5727391039001662,0.7722971782790321,0.8023987652413224,0.8366058297771124,0.5668625739215402,0.7643375132207064,0.5838122039283481,0.5009597710493529,0.42420806053766896,0.8043256074117353,0.7306399480922441,0.39944417617701145,0.8449472714921914,0.5058058543610738,0.611418153719205,0.7738732476671591,0.7985470228540841,0.8727336354067066,0.7756523681890999,0.6861884171870922,0.4966115089245084,0.6643497415119374,0.784689567522053,0.8542162750683545,0.884137736488549,0.5571780265220672,0.8240665807939128,0.6966312830760448,0.6133674381541809,0.4409743350052646,0.845448660121649,0.7540819457164877,0.5400478804662768,0.8621617033858326,0.5340077109104756,0.5934008316215696,0.8324479009900105,0.7807580569434824,0.8827200227719884,0.8567057853807851,0.8524352747699852,0.5685390273990377,0.6852672423063343,0.795360208305932,0.8488881990637429,0.896153952650708,0.6280578289889677,0.8015200590562999,0.7142360074570193,0.6964235767360853,0.5180879047234622,0.868527747099717,0.8391328230976922,0.5468073515220935,0.9113348278722543,0.577389212642971,0.6459344913876182
jh,rest2_vs_type2,0,Rest,Rest2,24,0,655.743211,327872,330372,0.21291948752368883,0.4089795839792605,0.2828491056536997,0.11301142283145005,0.07186999700349084,-0.07035973605451717,0.4741970705129819,0.19309811658299036,0.15338502288214517,0.1369880316887473,-0.0218743245232611,-0.11284063132870248,-0.17844326630243934,1.0214833560336092,0.3675091521816043,0.3148014114412052,-0.030451288144163424,0.08402127554157834,0.9489327486182575,0.5936889274875256,0.639242892914701,0.7398156213380539,0.7661153545153297,0.6473963093185503,0.5783453389823865,0.6639720947594866,0.7816792140883169,0.8221339388572698,0.7044849533339331,0.6086387026597846,0.5437292671351016,0.5355312246662389,0.3713052730565917,0.8828000156442677,0.8649653124066623,0.6471022980293882,0.9465961000631476,0.6682524725951069,0.7823289705575781,0.8155056748705608,0.6002056794445725,0.7448693431998293,0.7834615324234617,0.7391448481162217,0.605044304681392,0.4756158249571626,0.5892183161270766,0.7612951459707302,0.8386376943073464,0.7076593410229427,0.7554758493096929,0.5921956609357814,0.5008310851762195,0.39753061974659665,0.8149528482485507,0.7036927456224822,0.5055436145032384,0.8819642930178831,0.6570122565075848,0.790680815956771,0.8743202916158803,0.6585813312332024,0.8438787666316527,0.7994943296038297,0.819099462374358,0.4818993772454787,0.5148144626129892,0.7226802112768896,0.839194723784406,0.9023304189782017,0.5705927067480046,0.7386089502715635,0.4865137055850824,0.5708526610095869,0.4379687427249839,0.7882327921591609,0.7799394846790593,0.4735582948706495,0.8818508628014332,0.4409981266231352,0.6300879203686037,0.8043568244038388,0.8490032292947531,0.8191058344694332,0.8268548756301368,0.7629485656951547,0.5512626208668642,0.6963735261003067,0.7005886252317273,0.8046462762183013,0.8743435847215035,0.7183381736324196,0.8272973997075612,0.7398712381631158,0.6893446378300472,0.5086908238766894,0.8397377990150906,0.7398915975496042,0.5243568731539765,0.8801977350380038,0.6605330956931317,0.7703699797153809,0.7111873681179535,0.7593309734672554,0.8221066207506331,0.7679523900361558,0.6585547394467575,0.4284156449470413,0.523845480570277,0.6566332281852647,0.8065390131548519,0.8584848146911298,0.5755685584309481,0.7617465429471953,0.6054045151473645,0.5165344194282023,0.33311282397505143,0.8090413307194192,0.6893616185368114,0.48960991413004396,0.8512676505460646,0.5068025177462606,0.6695586794854195,0.8269515055629785,0.8471781888553822,0.8736166837641264,0.8406132204088131,0.7981076465097484,0.6193578618843799,0.701506435873793,0.7676075491626825,0.7923825423065937,0.8698655253096031,0.6546782924008047,0.8048996469949731,0.7268230282875673,0.6725941895768065,0.5623152867591771,0.8603311113418128,0.7993845557804987,0.6249014754200694,0.8709886360089266,0.6446123506115686,0.6939744931565294
jh,rest2_vs_type2,0,Rest,Rest2,25,0,660.745529,330373,332873,-0.04124576353043219,0.05068357691906078,-0.028963066559057005,0.09165963783571529,-0.058075692626091246,-0.06565839465789702,-0.044287638425763554,0.1515165831496894,0.10229840940776036,0.06649502370186111,-0.08282232187150029,0.0034861573933766543,-0.26924055961048565,0.12409136138651311,-0.11343713401761146,0.10360634467355245,-0.056439534851531636,-0.10479391274726346,0.7824083262216995,0.7226622806474935,0.7652622890603433,0.6293029420992429,0.5661105683002292,0.42491840660497915,0.464236899524652,0.5367778752448414,0.5217500267845198,0.6628090523762163,0.5625643338509174,0.6231045016670209,0.3537562793682683,0.17585693272079034,0.2716330672684389,0.8512291994673995,0.6609590031371484,0.5950256899598173,0.8167996242973228,0.6830688651894525,0.7383272154236685,0.8174507702170769,0.7346532808848815,0.8835521170606185,0.8505215310628732,0.8405339192043499,0.6794883924568776,0.5509367175210238,0.7947934516984985,0.854477245492311,0.9277716020937158,0.7699868625419823,0.6874918362263124,0.6285576283603796,0.5886340997846954,0.5097557236622301,0.965747257643803,0.9025005455672017,0.614587359105555,0.9387896237282733,0.6108053737478233,0.7408944069852093,0.9459028165189571,0.9130522848860211,0.9635852787895696,0.9422864059933028,0.9302782518880494,0.8248590746308956,0.8345968745551628,0.9067894110164975,0.968450162043138,0.975502404319224,0.8896335327309012,0.9346805820744034,0.8352187244372955,0.8247560893125343,0.7737346359783982,0.9323977846930341,0.9157899698386722,0.8176608601697696,0.9825219838040017,0.8657119758299889,0.9022548388534081,0.8220138259211889,0.7434830305821217,0.8575841905390518,0.8732908195718344,0.7536566089225276,0.6291205186315515,0.6335456583724034,0.8289463848586331,0.8864362639030867,0.90711511995339,0.7268249871823994,0.8122352268764546,0.7120749034492461,0.6001855223981122,0.5376301533977879,0.8850629714844308,0.8013607080674637,0.6599649386198304,0.8715168393836132,0.7111672938405014,0.7905669389958874,0.8054956721159078,0.8227038797063136,0.8597005572563986,0.7905004633207607,0.7353903444996529,0.5502048454262178,0.7310304048398412,0.8101295136486921,0.8402668332125456,0.8759439637162393,0.6847728402829057,0.8639845955247042,0.7445336157635272,0.6741163365535182,0.5187252715100126,0.8790962896381053,0.7912640833395507,0.591447350198014,0.8707719862887012,0.6342974645869198,0.7678599755231934,0.8965104657505473,0.8559179504629274,0.9253716171870566,0.904641103926048,0.8840379121358408,0.7570191797559295,0.8363307328601203,0.9193808109981091,0.9130855343241889,0.9257569378001999,0.7676430488285578,0.8833251976786303,0.8364302836867915,0.7876131490591916,0.675689602747118,0.9446929223055476,0.9018903823988715,0.763348324571401,0.9248069458545848,0.7438756050851902,0.799400142936064
jh,rest2_vs_type2,0,Rest,Rest2,26,0,665.745714,332873,335373,0.05891027495887524,0.19108722008990497,0.24175014590074717,0.036806911582256685,0.16833485913958324,0.03001985277224417,0.18422235640522322,-0.015103593698089668,0.2753534930086996,-0.037646073861500984,0.09413705517849635,0.06330998049611036,0.2519542494649687,-0.11456544898065912,0.3059360615376878,0.09230718424746787,0.3042340015918841,0.04222857296900129,0.8046003129880003,0.8890421718951681,0.953176863996137,0.9085232464419536,0.8200980880738769,0.4006481545369924,0.7224274012161722,0.7450165237139865,0.696860505912188,0.7295712334486231,0.39701234451029116,0.8793420594301563,0.764712044375049,0.6814891212091545,0.41691324925405965,0.9158400444531786,0.795648858435666,0.40166009004906983,0.8623437207028006,0.3936447694741726,0.5140711544422859,0.8823057480742779,0.8605805217163218,0.8496386910930318,0.798966725065173,0.7481201403349468,0.6803069252849717,0.7346505163788658,0.7983945436931289,0.8496965178423124,0.8986209577841435,0.8210015922156093,0.8190135018851198,0.67818326881093,0.5933997876200349,0.5958205493860096,0.9075378109155059,0.7739861820444217,0.63368681175036,0.8983186963168577,0.6893578736892337,0.8257060657515128,0.9196270490938641,0.8361325264684124,0.9404406931518604,0.9319117036346218,0.9088045356031983,0.8014976213973269,0.7223295477514151,0.8827519030963256,0.9245952555693504,0.9258163883147464,0.8290608892023944,0.8325233557904359,0.7326722933801846,0.7408123350054748,0.6935745962641063,0.9311334982325774,0.9287313622717318,0.8150049450755786,0.9321244816289563,0.7838623734573836,0.8937962850377458,0.7979821355866953,0.7773564305527308,0.9053359311342464,0.8895960695374788,0.801961188125213,0.5567990139124578,0.6650855104035797,0.7715831326753131,0.8249930606439211,0.918754715494001,0.7074669108725647,0.7747242832883187,0.7430334757052176,0.6759006202355164,0.4988075470541285,0.8889927930840539,0.763699975846814,0.498114325487864,0.8578908714198504,0.6298465336457195,0.7657231048035393,0.8059959071022871,0.7898761964941247,0.8686257358949059,0.8559716850665907,0.7889130018256526,0.658094207020304,0.6448607946886775,0.7697193843501638,0.8662997245170065,0.8829370927113981,0.7306435112457002,0.8265835528092536,0.7042547613840076,0.6485247423265145,0.6034202437893991,0.891699576129027,0.8037683893518501,0.6325998817841488,0.8928384412420624,0.712621524842373,0.7578691532926239,0.8516845740362762,0.818622103180861,0.8735614957530116,0.8719812124966526,0.8358652686572304,0.6424831874450161,0.7638697810414963,0.8495889766995571,0.8842423217506472,0.9024849136315348,0.7341691434656614,0.8294641331485497,0.775017012526449,0.7359359572209121,0.5317193625133595,0.8971399229580832,0.8568831666281563,0.6092524694143694,0.9152016423848711,0.6998324552289694,0.7808112128082566
jh,rest2_vs_type2,0,Rest,Rest2,27,0,670.758816,335379,337879,-0.18836295960136873,-0.012643977989330146,0.03899465774617816,0.158439134519885,-0.20580305488529405,0.032243087736807396,-0.13565401454837556,0.10094646172638067,-0.002265278448938979,0.2186465329615377,-0.1288572923006721,0.03851107080328342,-0.30357539617366713,0.1105263366522733,-0.03312780972586982,0.3396252674651641,-0.021937240894620125,0.19213386767066076,0.8822420101115785,0.8291686978883284,0.8751103501408168,0.728128067784773,0.7611732134172622,0.7063820865736932,0.7203855039914073,0.8652841327674387,0.8384434904642536,0.8610432950343593,0.7851622640611835,0.8183313976185593,0.6633403911154246,0.731240712629104,0.7297842889469947,0.9073057484194296,0.9206273077263377,0.8190530861024947,0.9348362434750357,0.8209372738649804,0.9221044844082686,0.8172515094748978,0.8137285303582384,0.8663053880626094,0.770398593216455,0.7876531388409843,0.6712934050188112,0.5534615650039063,0.7113234043211762,0.8112955244592653,0.9102823518431157,0.7983245031104558,0.8284569040040005,0.6352920916153214,0.589834133574204,0.45112735910379037,0.838334938299131,0.7639643829036342,0.6059237826891103,0.9180543914926722,0.7183793760367834,0.8167133302011697,0.9777994490827357,0.9560330459715264,0.9423717850083583,0.9714153732653777,0.9659695990866937,0.8892472283600482,0.9345173622839867,0.9067085887094589,0.9575022059344231,0.9621874260078825,0.9119808925682625,0.9395369318320437,0.917250754362075,0.9201447278385653,0.8578461335755162,0.9474280322672838,0.9336572696707498,0.8441570552889591,0.9875584945800169,0.8948185233766807,0.9269766993044837,0.8483733146689134,0.8051394410396393,0.8826712151724284,0.8351131017882377,0.7971149375777907,0.6974144436397922,0.6365274976377875,0.819010474010952,0.9119822572672462,0.9145469305203358,0.8447706267828367,0.8385260618439909,0.6735435477440856,0.6120745682352692,0.5084313287029695,0.8727434246722323,0.782540533918337,0.7141740201785463,0.8727954009186766,0.7963665154444632,0.8231744735626519,0.8191933089665463,0.7161509377736698,0.8572993301299243,0.8543386522676828,0.803640038548707,0.5415992529510393,0.6037696244854648,0.7445497463200321,0.8162827887510928,0.8474961097191711,0.6193032907846829,0.8164579902697611,0.6748328560794001,0.5983630571806444,0.41114352968166906,0.8806675546845819,0.7800827490446169,0.5268114296773776,0.8199002108090723,0.5664297683563356,0.6700655866953343,0.8194902380913444,0.7459767436850683,0.8419382783985282,0.8135105615952382,0.8095029015110792,0.6130723950235667,0.6714818264102157,0.7641978970470534,0.8193608847347325,0.8675884457869201,0.6534496893309432,0.78455027585523,0.6757306736115516,0.6634959521762281,0.5191629801515169,0.8726188915098307,0.8169573460243592,0.6342543579745649,0.8918669327425643,0.6589775861521092,0.7223481509886907
jh,rest2_vs_type2,0,Rest,Rest2,28,0,675.775307,337888,340388,-0.08264185557891768,-0.19998186118870098,-0.009357475291108308,0.11054037290955465,-0.1712147762674605,-0.1518732508326628,-0.19308731736857254,-0.2930647219557425,0.006144375460885865,0.02262730813745284,-0.1556994489314163,-0.13106709651679482,-0.2583166551642915,-0.31481380435010387,-0.09823141247233202,-0.3439415047628702,-0.07086705128684478,-0.10167498436512856,0.9099483657041804,0.7917279910129206,0.8872393808333018,0.876602560170826,0.8514996201977818,0.7485968484193702,0.7446871910495753,0.8041022173158281,0.8504551724883816,0.8641306309510504,0.827867005691036,0.770598495578841,0.811131698420443,0.8359483968223608,0.6312501567896337,0.9078866046349335,0.8074265253865403,0.6271703202726963,0.9404253318047703,0.7289846667807509,0.7806210829873632,0.8195115129561438,0.8399815637002812,0.8817371355974162,0.8268928859230392,0.7322788163142198,0.4518010507975076,0.6157330640737857,0.7408012785355222,0.8107671451116927,0.7856611931100865,0.6406681717804422,0.8959948847200163,0.7351082124998453,0.6938467599788185,0.3792627649780281,0.8961766011434739,0.8461784768178763,0.4799392045523048,0.838500988479207,0.45985628095215947,0.6117513996977308,0.8725655840012312,0.7559276210464742,0.8227086747207744,0.7998976735006955,0.7618583099815363,0.6966184612563787,0.6348610241614074,0.7318635537738959,0.8598560753697032,0.8630446101921165,0.7599786711225046,0.9000599988746075,0.6876726451691363,0.6145742559077312,0.4204774580101284,0.8482068675817401,0.7415177832760235,0.5519756752868396,0.9110319859602491,0.723110394208369,0.8411185935028431,0.8263991762561729,0.8215461839663138,0.8639626225030913,0.8095164575110975,0.7597090785722163,0.5939434728724193,0.6903085573482567,0.7775505166383672,0.7988876436260621,0.871654905894093,0.7592231644629184,0.8563280448541148,0.7513744407085617,0.6661276343436582,0.4874682265547431,0.9243540106707568,0.840606041942088,0.6094009432576973,0.8837961181444774,0.6497482186611552,0.7744186665064244,0.8667779015033771,0.8180625964516168,0.922173620017705,0.9090595747822683,0.8319160263730313,0.6159746866926555,0.7687754511381276,0.8256989889619346,0.877530083788548,0.8913849059900214,0.7055673090161192,0.8393110345961688,0.7686948161531507,0.749806036154296,0.5834834558999176,0.9125473091801409,0.8513690105936478,0.6124046601607877,0.9067802787540397,0.6622005991663714,0.795353018805565,0.8419438602348152,0.8354949089663233,0.8119445416247791,0.7930534730660632,0.8078899271803897,0.6596257203921586,0.6954276390216872,0.7547993982616599,0.8140830459278032,0.8705030241605796,0.6871167879665041,0.8461502301243968,0.7445472326808766,0.699768995002166,0.559115768216282,0.8501578154628038,0.8173711667214529,0.5828572965927356,0.8838494850637113,0.6009839862204016,0.6997395866040264
jh,rest2_vs_type2,0,Rest,Rest2,29,0,680.789367,340395,342895,-0.12354876094056699,-0.15805551698974352,0.26487671086550524,0.05884777808451025,0.1638197558624679,0.017944295596011184,-0.07942168587530851,-0.19043891067587015,0.5174958736936741,0.008994942526043381,0.05550706084175294,-0.029543329554876152,-0.6583566766278182,-0.7583422298717206,0.37513235647564613,-0.11113825266603161,-0.04668349429523433,-0.0032965951870496113,0.8590757098794051,0.9637573309519357,0.9438694819320256,0.9333852167086246,0.9354056180210439,0.5873848540006601,0.7949164021042017,0.7811854893269895,0.7781008973867862,0.8047742901108039,0.7429697312107164,0.9796027068389577,0.9664069165761954,0.9106231708103888,0.5083913151885986,0.9902962787415887,0.946062684132451,0.5351667177847341,0.9543568728801693,0.5535420702779726,0.6700998586507633,0.8619494390904262,0.813100531855633,0.8700122120561663,0.8029537325568356,0.7190335467362691,0.6382666456170587,0.6386666693116344,0.7619006301677282,0.7971974410379132,0.8476653435436963,0.825571972515786,0.7761388041123339,0.6110470667343589,0.5568660893192696,0.4559566509957808,0.889660267034612,0.7842468961336738,0.6321483573444762,0.9075206445499611,0.7377922148458791,0.8553305001576359,0.9232567042606589,0.7877060769957042,0.7914103015803993,0.875730173685735,0.7479567656238921,0.5703614333149158,0.638608402537783,0.7342356534062959,0.870696934735091,0.827712813180599,0.7169355257068422,0.789005186729324,0.7230813492620543,0.5794820186574786,0.3688105555613946,0.8909628513966561,0.7985658114265145,0.5797608963624136,0.8823557385951187,0.6839096900118898,0.8553319784901225,0.8512217524929249,0.8269852040666688,0.8352770886576509,0.8413131760508991,0.7395061140432172,0.6405260017208442,0.6585085341795227,0.6684747442166222,0.8013717074368707,0.7956046284183779,0.6659396688387332,0.8451423950640118,0.7611212607601221,0.6422815227529883,0.5901780747685855,0.8528227477552917,0.6590131602766875,0.5887662077616554,0.7895678637117601,0.5683623405695395,0.7498049218620444,0.8038383584310719,0.8417963249284,0.8857838389302204,0.8176947567999824,0.7183828152939138,0.5221633759241626,0.654087439904001,0.727828925692117,0.8318657830134224,0.8449452457421387,0.6462469577590582,0.8802560073390279,0.7072724467485149,0.5863891133608737,0.4464924305662464,0.8325819266874186,0.7088500979386827,0.5164917212669758,0.8582138040311206,0.6148117780795482,0.7677424429167231,0.8609122700300996,0.7472316793492673,0.850875845358188,0.8396419594942958,0.8139743530395849,0.6367121735677882,0.7112447588680186,0.7873989194514027,0.7953885449141541,0.85265825709098,0.6496232559232048,0.8033856849845346,0.7042862299220162,0.7103294046884067,0.6006287856872019,0.8632531282401384,0.810776497645268,0.6089226884740432,0.8756479922759319,0.6091547043846991,0.6818369295745377
jh,rest2_vs_type2,0,Rest,Rest2,30,0,685.809314,342905,345405,0.07170271785750959,0.11776988187931359,0.05348460652016529,0.010054701847736602,0.08626333038562439,-0.0062624282467309555,0.33437518985381987,0.2600334428551072,-0.033534675314876417,-0.021998948402552454,0.03708211303602349,0.031345437172955126,-0.015954064000421653,0.172698918109921,0.13829045734840273,-0.14386228003007107,0.05085198410380842,0.013627377945371943,0.890441826694308,0.3799826224676456,0.7887035455112104,0.815664587707902,0.7544647924261891,0.5349790823612286,0.17310242338419368,0.6119702066294544,0.8262725183900803,0.8556909059501948,0.7217786596001398,0.6007319703375149,0.241257087780576,0.13790527767688981,0.18694924442425467,0.7464137175296475,0.558810887225916,0.2676907981288437,0.873323838003807,0.5643923848276731,0.7271428827295626,0.8675394638478142,0.44941726959747835,0.7852552630370917,0.7644173800905598,0.7588787733235935,0.7170618648069206,0.3449365178702004,0.6738993328089495,0.702080841861373,0.8099500478321557,0.8057134117171814,0.5932936492385806,0.4098996926510084,0.36947841618765126,0.27798695499247905,0.8939213269239846,0.8015860042548189,0.5892068641608105,0.8923772357514616,0.5790859671319112,0.7313651162151209,0.8032640977102232,0.6960493290035668,0.8446347911729468,0.7674234009696638,0.7566099490799935,0.4260149103339758,0.49910633114171127,0.7546475022118052,0.7848775230281955,0.8114149446738271,0.6554488695327185,0.7339686534418729,0.5265409283380776,0.5579909342986575,0.2765410498339258,0.889036133071195,0.8701680676349134,0.44573560480875213,0.913406253725917,0.46910621961329646,0.6363740264519201,0.8578409887675912,0.8213961107255647,0.8244634167741164,0.8430004805666534,0.8161672693088398,0.7016580426793644,0.6731017855831568,0.7829129447449845,0.8360120704606153,0.8531597423354574,0.7007381817623635,0.8447002774931823,0.7218790819099122,0.6982575969488376,0.5897978335049494,0.9015277520669419,0.851586237691815,0.6278601082096277,0.914340601650404,0.6614278792999966,0.7272357373920838,0.8122808159186351,0.8179329675399551,0.8472946746644829,0.8273093203536992,0.7516005820708729,0.5913908744658616,0.7078688838762741,0.7727174967537838,0.8649824664410979,0.8557317479629047,0.7377732944014307,0.8487881356315019,0.7845533960287311,0.7194886313214732,0.5386063412440467,0.9018065389602624,0.8058841036055464,0.6042457454973884,0.8974331245749118,0.6585740928456889,0.7487222972326366,0.8378291899554541,0.8746075942101894,0.8291145245431909,0.7623288919033847,0.7853569417186312,0.5789537060959891,0.7251407270458275,0.7720632478121118,0.8009626707804746,0.8328226983071063,0.6893359809024561,0.8167580936680706,0.6953882797752851,0.7011096947378969,0.5381250986824153,0.8819412624116932,0.8258638394054995,0.6157318084647524,0.9131945342317936,0.6955227203043683,0.7206904866960182
jh,rest2_vs_type2,1,MentalArithmetic,Type2,1,1,690.8244050000001,345412,347912,0.02455853486850934,0.11451109009775706,-0.0648143293734309,-0.06466340133870396,-0.0032269649788934096,-0.03756462319212428,0.08302203050078116,0.18480059876879107,0.08442880471717773,-0.08076456086707529,0.07288068545693349,0.04046144018927711,0.18076598677348876,0.33460568030542337,0.10275040075139641,-0.17855686563455997,0.22159546213479153,0.0032376219312717502,0.8879569062099802,0.8076624538114402,0.9197414528945469,0.8306358816218083,0.8036715637247517,0.6913004386658345,0.6607327231794807,0.8052813408592296,0.7642118779784237,0.867618394947465,0.8214826292303545,0.7752507642810808,0.7133100462627625,0.6297308112916942,0.706085868179589,0.8965591256285077,0.830982054867568,0.644568136751913,0.9333706401412852,0.6892760763933538,0.7846845090326862,0.7287263686401593,0.7898877965857691,0.929334776147082,0.8252494350285239,0.7207906308075789,0.6279780223493174,0.46008547476373374,0.6961140786544256,0.7800592056417381,0.8752561793533319,0.8134889290324832,0.7998313056677091,0.6240240273956895,0.5139627483509571,0.5017348877601172,0.9043214215509918,0.7897282965368931,0.6413442909816987,0.8975799846488774,0.6966630157138705,0.752451779028866,0.9187790702294087,0.7669389936147021,0.8965608987353731,0.9136750907371033,0.8724703620760008,0.7533990300239575,0.7134274390581635,0.8346838295151757,0.8964769794192957,0.9187069734982966,0.860731986495345,0.7865527724737778,0.6898169019207891,0.6586621398272059,0.671570561432722,0.9143676985721702,0.8547518348514924,0.7156546479173266,0.9308746124665016,0.7835936106304121,0.8928432323966857,0.8291969945186448,0.8551783414615304,0.8688839114783917,0.7981109915671771,0.7793391276073375,0.5944117809782683,0.7738149320236434,0.825566132165503,0.8555843321605782,0.9116412596528861,0.6708728329115955,0.8562746354147696,0.7292649541520687,0.7246755224124158,0.5864206518561482,0.8813989434009302,0.8339510577645103,0.6960247142978156,0.9102942374275724,0.668736220451779,0.7267078795964571,0.7848069370319508,0.8050656564486158,0.8562466747603996,0.8401564487562525,0.7847955744819255,0.6437806766921856,0.675740608528152,0.7365575737221379,0.7935834994268299,0.8653088603149465,0.6869623941378078,0.8546579534234011,0.7468725314127093,0.641868535753439,0.5464924633353757,0.8739339216576054,0.7568891893769552,0.6118376650376567,0.8278356826415857,0.6470162960720817,0.7464715619618107,0.8029208011459257,0.7933978601001505,0.8614340049304777,0.8095909058123486,0.8033789032107965,0.5009467463744517,0.7152428099695071,0.7886944775299379,0.8156142617939879,0.862878404700192,0.6300131453759362,0.8459749836844761,0.737610871138139,0.7138299772161274,0.519317259578905,0.879270078188931,0.8131187148525647,0.5434180784226836,0.8959335434599525,0.6116634316860999,0.675798587238243
jh,rest2_vs_type2,1,MentalArithmetic,Type2,2,2,701.316125,350658,353158,-0.05220415329752637,-0.043134314767104165,0.17121034843377725,-0.11056031989446913,0.11420004100767933,-0.08450291119784792,0.10267012026903455,-0.1421015601161768,0.23982601390464353,-0.0017892734120414922,0.38073180473809964,-0.16649271719851422,0.011451072298903853,-0.3478583491000382,0.09442667755214496,-0.12186756774142671,0.49139170170908697,-0.07464926899466606,0.9550148914413914,0.8455327765354349,0.8992920479290116,0.9156878703251146,0.879165791480117,0.705097955138426,0.7427705171303055,0.8732984776589391,0.9180569548118438,0.8973731974356688,0.7438779396081104,0.8575480873326812,0.7693486923867614,0.699699972528452,0.5019409154331762,0.9424379144221647,0.8796355860988746,0.6663415924378746,0.9494265371975313,0.7405115642754422,0.8717147712360367,0.8771057475119267,0.9201445966042142,0.9561294427930072,0.9255895564142984,0.8106037728249982,0.7251820198823433,0.7715048353898674,0.8417185475799472,0.8651013099535052,0.864640417404691,0.7661281038276294,0.8939762258348851,0.8361459660166591,0.7453559213577977,0.6745269428017302,0.9496604854389733,0.8010833342495757,0.6696128060823148,0.8149316708820242,0.6536922616341907,0.8574999494068422,0.8662193081786148,0.8208151417868224,0.832894400644108,0.8559617599045003,0.7701359644402449,0.6585553124684058,0.655896702805,0.7610981804366557,0.7631638281165456,0.8495302358136578,0.8026065319856646,0.8691896295814513,0.8043621349921767,0.6454597643434066,0.472259338174316,0.902665228343159,0.7667768219708482,0.5869066431467284,0.8538211845235236,0.6401179155214594,0.8305980530304091,0.8873154789533758,0.8208978350125442,0.8945840732316345,0.8633009140360185,0.8582181004444458,0.6167840030502599,0.7383838921469258,0.8365838101750627,0.8515060526580085,0.9103382825629001,0.7121050385977186,0.8515978991369312,0.7813124907475126,0.7411542849617787,0.5547323970228231,0.9099111542754357,0.8635420513032475,0.6339413328811387,0.9063825326155712,0.5946932485917263,0.6753645247673827,0.7752500460890728,0.8012071400831121,0.8336895014212722,0.6876090994085793,0.6535512988201655,0.5252534584423435,0.6250725880793141,0.7342629738688279,0.750757414329115,0.8230357929078641,0.6657729253653272,0.835935861314792,0.581285591213403,0.5729726665618656,0.38830060523753707,0.753104364489008,0.6838287556306217,0.528302036513743,0.8406995725412941,0.642107431398,0.7006948841506697,0.7757105629982227,0.7940496951995109,0.8413612834002633,0.8173387140745092,0.7794947605460772,0.49257463304952015,0.5909513068862058,0.6735619457462451,0.7433304166370849,0.8295656839975967,0.4923803376648381,0.802681484878556,0.7073053558168665,0.6832345993311735,0.44424404766721237,0.8804203701966029,0.7859289445790919,0.48702993768369407,0.8034364237220388,0.4677849087498058,0.6259985233332915
jh,rest2_vs_type2,1,MentalArithmetic,Type2,3,3,712.0288449999999,356014,358514,-0.18125593338594648,-0.00810695501418568,0.041309269578153174,0.041826372650302535,-0.007547980479366334,-0.11705489625707388,-0.22188949406129055,0.1626364398437561,0.16838722635658776,0.09673866284270849,0.14472211010981084,-0.06231680580804966,-0.6900484194560867,-0.23975429980259388,-0.1289569952678864,0.16397379291847614,0.19087896516118397,-0.025596525026524652,0.9819331881088896,0.9607355066806242,0.9778024369349666,0.9547717670899735,0.943966396204362,0.793665714693742,0.9310213147269004,0.953881560070892,0.9395951438943766,0.9481287714799305,0.8396325358156497,0.9618520153752231,0.8976416929608041,0.8913763770706444,0.7623703956615863,0.9616619918738398,0.9538045838687882,0.8007258564847249,0.9691782951529176,0.812996014794221,0.886012228864582,0.9612979644437399,0.8155962847261271,0.8285261702893233,0.8169888909492627,0.7889532605718541,0.8415113414583552,0.796972704592867,0.8322704693827822,0.8309335579464107,0.8385150383006273,0.8967542590482855,0.8039659122980214,0.7102643656571298,0.7390957142695895,0.716426870192491,0.9292130317339891,0.9053840963560256,0.7978436654641725,0.9118549963695034,0.8137025969887528,0.8749076695292678,0.9399781629258169,0.8529136475690721,0.8810122974637324,0.8873305786408847,0.8500518416149685,0.6679931705242237,0.7625224163210318,0.8485947611997023,0.9240406472837808,0.926353370567941,0.761128166303996,0.8967595241915622,0.804135847483376,0.7748644959115155,0.5826485103891456,0.9417646724455768,0.890227499753036,0.6900044427301987,0.9608300683305252,0.7700143698879766,0.8200947353518401,0.7932003901665624,0.8117129834685579,0.7984483921974671,0.718945886305408,0.7154850036271748,0.6838057086997056,0.6348164765035946,0.7360458731129897,0.7742566587933475,0.8928274861876514,0.8382120057288048,0.8036626235719085,0.6540351555602493,0.5993254461146326,0.5608788969622241,0.8979030790329782,0.7887949421198529,0.6305129223531537,0.8685508130465592,0.6055075128973737,0.7629049519744833,0.779631031566784,0.8066497429683858,0.8199518118584316,0.7812923991185483,0.6683058003064674,0.495552170486331,0.6615191887996538,0.7208968630594637,0.7929169574017609,0.8144358854256183,0.559036891183012,0.7921663326314751,0.7071482765772384,0.5660071760852659,0.43660873949705825,0.8757887569488024,0.748626322581411,0.5256469923533521,0.8688732184288315,0.5618998779976988,0.6338371690795781,0.8700150656864009,0.8416206012026951,0.8841572830061076,0.8582608126579604,0.8701684359179761,0.6395131930949461,0.774342787144167,0.8234684378770545,0.8292059178013792,0.88863612191007,0.6174337790239318,0.8594883010099268,0.728349845980301,0.7681157090979551,0.6319675327121947,0.8384794109245538,0.8618118551218393,0.6505996121626966,0.8942433906705626,0.6154317624098953,0.6410530220747699
jh,rest2_vs_type2,1,MentalArithmetic,Type2,4,4,723.11429,361557,364057,0.00475280992789795,0.15495625578677785,0.07025416207067181,0.1147131614151391,-0.04341618518286783,-0.10118227950186265,0.16792180895808517,0.3186378962302743,0.16854089320418808,0.08234823798934832,-0.10243255607568003,-0.061604941366567356,0.052170379019772284,0.5604556382270913,0.23470874057313207,0.1313783195795173,0.009000049502780438,0.008990950890480853,0.9541970448887056,0.7901538707771654,0.8914196293317406,0.8964509870375257,0.8294785228120837,0.6430618350198677,0.6562596791012106,0.8427371335527246,0.889447815628577,0.8364167534030802,0.7100545869405429,0.8038626216690442,0.7266836359378738,0.6209847530271001,0.4116925092250946,0.9734126014418375,0.9025836891150326,0.7460946235429324,0.9500637778164692,0.8237808654166098,0.9118947426834493,0.9433861534965495,0.7781616201723724,0.9003475384372427,0.9078740786185592,0.8752945678356412,0.7749366961041378,0.6738408261089814,0.8588521984719483,0.8824324876173903,0.9255450810122322,0.8790914425755038,0.8041314958882975,0.7375715595645632,0.6645187307639807,0.6126746111037861,0.9544441148339463,0.8966871440419043,0.7927038958564405,0.9142314624509659,0.7889706588697442,0.9131932502564148,0.9114720325538237,0.8447720932513735,0.8922949928167881,0.9082325773281562,0.8655355107975565,0.743753345609409,0.7398794067426292,0.8620073294817329,0.92924319273799,0.9344128139034372,0.8394762553980039,0.911217520811397,0.82318724320595,0.7692127551624641,0.687396244700116,0.9473831947533031,0.9146110296457208,0.7932384418577624,0.9656400902522794,0.8356643651078711,0.8782816663396567,0.8406506729927571,0.7984375734505558,0.8298413391391443,0.8367051054372722,0.7573195872809984,0.6368534624558413,0.6483992165819226,0.7260418712084209,0.8411471768624263,0.8943980223327881,0.7968897375417646,0.8483642676298836,0.7013229792461442,0.5821019734601891,0.48382038689431883,0.8238434753709888,0.7186496758823541,0.5597869872875813,0.839093296014616,0.6765757710443409,0.7632476857115026,0.8527715579273303,0.7492650811507844,0.8358420770233006,0.8221897102658459,0.7249227891954723,0.5078698293424331,0.6283110286048097,0.7398919079104807,0.7955556353750941,0.8000993613737581,0.6388520489768563,0.7932588544920359,0.6090249696725331,0.587325571402443,0.37658801485612964,0.8376629786527959,0.74368445770472,0.434449066553268,0.8585910105792285,0.501844238792027,0.5704042103644441,0.7908403514408776,0.8510348217679433,0.8709799097919195,0.7569606116873064,0.7278110658425239,0.6071114446251997,0.754520279578656,0.7870484370033236,0.7757151662488126,0.8447135902532292,0.7247495009864795,0.7955221985943387,0.6777271659119458,0.6609265871700643,0.5599666704902727,0.8749204199405064,0.8374078092346607,0.6351107208525354,0.8703983091678467,0.619827707765233,0.7211835321968988
jh,rest2_vs_type2,1,MentalArithmetic,Type2,5,5,733.632267,366816,369316,-0.10277085258344076,-0.08008582005331721,-0.03646323172537258,0.00996515179245927,-0.045427438643671714,-0.026801310510982113,-0.06901494137426667,-0.29290058771329885,0.09942949078771246,0.10171339774162291,0.1272722991363442,-0.16633608221807084,-0.2323634788084954,-0.34942444273237827,0.08881478295487533,0.08680964657891765,-0.037290463027278786,-0.2118373138034464,0.9714315321682155,0.9683096909523005,0.9487847301070692,0.9061911839923706,0.902696023177286,0.8036566235699615,0.9197655074331784,0.9561687104383687,0.9247699908952198,0.9281349426595368,0.8678665034204697,0.9186529799431236,0.8686201918043049,0.8665177188184309,0.7446137286140845,0.9739656164968371,0.9589704810523394,0.8320193447333702,0.9929653374674187,0.8719417296953605,0.9007527163825428,0.9366337994721383,0.8366219230515208,0.9026475204290589,0.8955808288088103,0.8142822441179953,0.7345352512933012,0.8159702737857494,0.8782499863028839,0.8962624509852971,0.8663625388689605,0.836445546781247,0.9283014905720813,0.8664791677037333,0.8076560254949188,0.7215002786999315,0.9697256793384684,0.8939441187374966,0.7664549271826193,0.9314193271861333,0.7828257690517406,0.8654870083598952,0.8804678980861702,0.8934316839942295,0.9164385819448693,0.8884243322052436,0.8563539093956626,0.6817467109481233,0.7454815750484799,0.7844035939300323,0.8259593197976317,0.8575722408654303,0.7897368898854397,0.9196313200806326,0.8157216622581409,0.7682281948846733,0.6100258968660075,0.9407199514583747,0.87367894166523,0.6089511878697039,0.9399810719362168,0.6337729497522373,0.7191427979704432,0.8921507079694674,0.9110625756016292,0.9095136529868937,0.8976892470521483,0.8125001817980707,0.6321102921059248,0.8182190344706073,0.8131531987064659,0.8612626535739494,0.883335927927641,0.7499028897026266,0.9235706091480883,0.8368287546593582,0.7620850620062692,0.5956900071060446,0.9121584843468831,0.8204458862127776,0.6125480765025583,0.8901421348051214,0.6506807955955173,0.7847688824776361,0.7776878687836704,0.7425191752755645,0.792449586921734,0.7874488889868009,0.7301468272175219,0.5078166593196343,0.6387667757755527,0.6818392969118375,0.8050717988273262,0.8396707252146971,0.6477175264745892,0.8507567971483166,0.6996094615330362,0.694779767698028,0.5095751884730302,0.8288252551857261,0.7787168541080701,0.5098779848244666,0.882388754421826,0.5761955877564982,0.6832864081411114,0.8391325771124278,0.8361502060750308,0.869817246871943,0.8514886195747511,0.8185001282880039,0.6121537022756558,0.7548592832363749,0.8032104051701664,0.7939925027554072,0.8598171313461643,0.7027316375888737,0.8456757576430114,0.7433804085044458,0.7184808524434306,0.5638694554531736,0.8886830297671401,0.8568204701169315,0.5816764170900137,0.8805208970618756,0.5789992548197745,0.6557242141612382
jh,rest2_vs_type2,1,MentalArithmetic,Type2,6,6,744.257284,372129,374629,-0.17174564326008035,0.034862964026618926,0.08324354208419393,0.15331168518124239,0.19405941879719135,0.062487436121598794,-0.010264074640904397,0.20177537031424908,0.21290850898325964,0.3422468720640177,0.03521514158132755,0.07089388728457058,-0.48166899976081146,-0.0925554642977624,0.21121262023317744,0.2179241015014428,0.10447766503450495,-0.05198887193997992,0.8199091366639965,0.6527444392960855,0.7825443291832023,0.75074251585809,0.7284830218813867,0.5867670171604756,0.5765411930019663,0.6355911996113558,0.6740568111843653,0.7523299727584857,0.8057918101360049,0.7945114871831794,0.6409155312714901,0.6492001713766207,0.5306299147824951,0.904635123669031,0.7975124536558382,0.4897586249608678,0.8720510179002945,0.5471740192048092,0.6419260718304195,0.8719308484065821,0.7445842296738302,0.8541954875229072,0.8106198903648693,0.7388360968496752,0.6119122788330384,0.6371248133066153,0.7995575874036102,0.8455932103733784,0.8613442985718902,0.7463581831045328,0.7695271133047512,0.6413215742823672,0.5853200576259644,0.4546720253591664,0.9353990981616416,0.8486450737259061,0.5662588147814848,0.9329034438263532,0.6439885487144884,0.7322616098855973,0.8835300179895142,0.7414084441306777,0.8609716349458512,0.8957907055614354,0.8494156294229266,0.6889995082490291,0.6453019427735389,0.7808077046265799,0.85104229997505,0.8660769785915989,0.7813226615294806,0.8477581133943737,0.7201519359772667,0.7268949394257027,0.6325071082602142,0.9006390839869225,0.8679040271461318,0.6807252106391463,0.9331920885491207,0.6993011517362281,0.806389625909438,0.7635486577219931,0.8183804682657815,0.8473443106895511,0.797321548946722,0.6745463261996577,0.6205187027330509,0.5861277734270846,0.7513552524809406,0.8155119031557547,0.8441168195811138,0.7471039545899516,0.8396763328170952,0.6990345505553869,0.5525773394361411,0.49312822268721124,0.8604943612766549,0.7346682347177582,0.636522091554606,0.806256928429069,0.7160652637650219,0.8734044424673217,0.7962897444384799,0.7794518239395001,0.8319807344553746,0.8036965969398775,0.7197057261168521,0.46035249247148996,0.6512392204409397,0.732554846280674,0.8226832667770921,0.8032758866069035,0.5604670362377379,0.8110372953435102,0.6583159975268306,0.5724289691526058,0.43247351920254484,0.8506358657857651,0.7167468040385059,0.48580517926247746,0.8559823369012457,0.46648504839845245,0.5223910288048021,0.8509419205227831,0.814944886172264,0.8165961813792182,0.7534042468040322,0.7503701442270374,0.5281831161552807,0.6954453980273548,0.7477437618876626,0.743284116495765,0.8450360013667452,0.6300389682201504,0.7800532732874692,0.6586142941873374,0.6042051639342434,0.4228559003278541,0.885896009559956,0.7916588631424805,0.5424492934278152,0.8461426436454216,0.542298437320422,0.6800543362265017
jh,rest2_vs_type2,1,MentalArithmetic,Type2,7,7,754.7742729999999,377387,379887,-0.14210512144918752,0.03627840456280218,0.10457021711994052,0.03339537554059113,0.1557148341147312,-0.043817295249530375,-0.15104133450198898,-0.012311752950215471,0.24962129155885382,-0.027948596650943625,0.13986139258997943,0.014496481980867504,-0.289722559820214,-0.14419056055258217,0.13814765508585314,0.07742310353922655,0.21188372903447883,0.11007507530835126,0.9000866308048284,0.8268070944710572,0.8700164130586185,0.7851903902334069,0.7657608735369329,0.6453893524570566,0.7556789265220593,0.8599035605508498,0.8076575755779867,0.815773950728488,0.6693216602020579,0.7664420754314858,0.6999803694203633,0.6635853126898553,0.7550668845339822,0.9648735984244808,0.9369926544451371,0.4950024415033689,0.9627547544749496,0.42808473541611686,0.42092395653374537,0.8178883656516094,0.7107503744042662,0.8157494684728305,0.8057764197956646,0.6065018332532349,0.4929515373878273,0.49997177647600904,0.679469159150639,0.8231241621919111,0.8159635239809125,0.7285476032514965,0.6981144889807906,0.5383697239877556,0.3636958007764521,0.28394716872824605,0.862563216999336,0.6533176181030559,0.4982865820266596,0.8483936314559645,0.6644605673053533,0.8407354344086303,0.8492189738819428,0.7342095881342616,0.8380066655497264,0.8155737481071897,0.7623112448452104,0.49075126592214563,0.5410572519267945,0.721123023461343,0.7639825045131458,0.8007102239489918,0.6272078315215689,0.7116115621564079,0.5913838637242376,0.5103011660753125,0.28986073038706084,0.9449866718009636,0.858121443123718,0.5055630827316523,0.9432449924999144,0.5648484526993007,0.6862512547228564,0.7934063195264536,0.8257789616932892,0.8773980473215148,0.8667482554072542,0.7316546614998937,0.5301260013858674,0.596371645843754,0.6679480877749534,0.7612150004426979,0.8501447367681867,0.7293327460212378,0.8945932857755596,0.7494414546370258,0.5920057065795831,0.4243570827772946,0.8549576571522496,0.6633418185545003,0.43275323967565305,0.8329432045225823,0.5444682062957729,0.7252944664257263,0.6397963340470058,0.7079736688980233,0.7891230448355249,0.7175350746453569,0.6142492506514549,0.46344411934683716,0.5164070707788491,0.6691243444388473,0.7586878580350396,0.8376013706824873,0.6007262458754566,0.7266418216778455,0.583144939479612,0.48762112720034817,0.30294728880152855,0.8250995709224151,0.6981521481476252,0.45571294008206065,0.821583199464254,0.5684860028250237,0.6877002613812657,0.8272210083734828,0.7387313216625672,0.8136016815424577,0.7945532709426183,0.7646112792459299,0.6196749405655628,0.6198603327937696,0.7001841196813855,0.7524226435416074,0.8290537663812827,0.649598858350879,0.8214846325798649,0.626102227411103,0.5956602902894502,0.5216646986194378,0.8182645686765193,0.7541465051983349,0.5771593771209782,0.8519662754377201,0.5572940892445032,0.6338572871563707
jh,rest2_vs_type2,1,MentalArithmetic,Type2,8,8,764.6372509999999,382319,384819,0.004861028760529074,-0.046379860824502295,0.10772675970620416,0.07649427449419388,-0.17367729542827037,-0.04679624324692577,0.07365998234390414,0.024704701891674397,0.16943633462122998,0.23747417708670637,-0.07571270936824748,-0.04995309210623411,-0.05622351576595985,-0.08567730092763615,0.26957662057700693,0.22285508949616384,-0.533198698250271,-0.12359934670268213,0.7866364082202677,0.7990887165871942,0.9335022086479355,0.925124209981833,0.7587766500125694,0.6131968194763209,0.5292037798267993,0.7669924166446549,0.7962387822087297,0.9133662996170132,0.8432390403925273,0.8038554274116091,0.7651079576454208,0.5590555514510939,0.3985750422923083,0.953423680541996,0.794569243516347,0.5985169232307108,0.8415237534327773,0.6453030353831664,0.7703791400597654,0.8453941055644733,0.7967270054396247,0.9171728569050241,0.8470073641320394,0.7508191862731081,0.6540215273877421,0.6259290200863461,0.797156310347951,0.8376978648291767,0.8590839735658061,0.7405154000846708,0.7540647233824108,0.6349697202428233,0.5511991184143941,0.5332002177143123,0.8873561714095226,0.7929734696298235,0.6578350448574463,0.8968287822198092,0.7019521429391845,0.8546647384349505,0.8775290519918787,0.7115911570038167,0.8381089583875269,0.8346068794073046,0.8034999433293212,0.5975272223015374,0.5672959410841419,0.7194387079256501,0.8532345399693567,0.9058907718383776,0.6967258096570889,0.7309371468600658,0.5989292147821412,0.4893734338874405,0.43358490637133734,0.8923057276493633,0.7496037912050584,0.44615604844839757,0.896309947937062,0.5235577400860869,0.6439559403366011,0.7747734284197942,0.8043255800243632,0.8672899782033275,0.834644947561327,0.763213087016902,0.5304766204227995,0.7033820959834417,0.7671845616527837,0.772302383493122,0.8167357121049639,0.7226113968866364,0.8575192579292862,0.7337512325316111,0.6995436791817465,0.5027053829555,0.8809693655127255,0.8128637723934748,0.5710607206907594,0.8786179261175505,0.6157849751593257,0.7199207164642766,0.7751538414132684,0.8268801062783957,0.8034291534590391,0.793288666505252,0.6956741126728648,0.5580213536335715,0.6633339822833207,0.7038652209074452,0.8036499090553618,0.8435217610829847,0.5880423648335262,0.8157204589183302,0.7108495362616437,0.6203643912531546,0.5023546042777608,0.8384970066605102,0.7207858808887437,0.4873598667332851,0.8443461870221368,0.535788768891383,0.5864646692853288,0.7683642950285366,0.8353153287913687,0.8544216923389375,0.819379242008885,0.7787139530542085,0.5213388692070862,0.6437333891676297,0.7376490617524198,0.791314515922541,0.8673778946251798,0.6494711522558319,0.8231699134701657,0.7245165396390425,0.6681227207108499,0.4959428923189977,0.8841719674083979,0.8027243982923917,0.5600777540250186,0.8607397886447596,0.5843911898112644,0.6394285268176354
jh,rest2_vs_type2,1,MentalArithmetic,Type2,9,9,775.3795719999999,387690,390190,0.015347559971017333,0.039094385906274454,-0.027534177563504514,0.04357074078006651,-0.05185550312841647,-0.00017180722204335197,0.03354052691336307,0.008826692608080222,0.03043618759636768,0.22222286405472724,0.017176219647459856,-0.03481408346649273,0.24911020205166778,-0.039534395176858084,-0.12219614896461728,0.23734104075185058,0.11209690173289788,0.10121208892163347,0.8051802297346133,0.8014801821214496,0.8561654736569565,0.745186519356616,0.6501864457033004,0.48305261022656193,0.6456388816799673,0.6514697172012262,0.5849952396819028,0.7957549900550688,0.7575462454626734,0.7238185843064577,0.5382405127188016,0.4623780340088775,0.412929143397829,0.8698205457981149,0.7482073705253209,0.43471723417738506,0.7705140292783925,0.42070935873910664,0.7417039899416297,0.870357356556565,0.866796388932165,0.8905335738242577,0.8785889580533537,0.8291731590100748,0.7312176636304345,0.6722773958177823,0.7509496504171814,0.8371356476538714,0.8870870327727813,0.8570910659914132,0.8880676866150475,0.7981223934420614,0.721166205310961,0.5693735697789796,0.9379867143760185,0.8579851987222018,0.66501588656861,0.9322627329942895,0.7318585599639849,0.8288713788722802,0.9638664293491305,0.8563805136575687,0.9509927999395924,0.9328676401518157,0.8900821847987342,0.8161279109132636,0.810995803283799,0.9279369027346135,0.9401775971363803,0.9464253436154239,0.889619994041626,0.8869136667327033,0.821639154028387,0.7896893419819351,0.6821457057931621,0.9730299308329419,0.920760945508536,0.8013557333651633,0.9637776654300224,0.8352965632476644,0.893143949671656,0.8859576325587881,0.7312973420531858,0.8726360845106512,0.8955143613792423,0.8159517248683249,0.624719265435621,0.7170558629401421,0.7845859954978969,0.8476877587321936,0.8648698222776122,0.6461013975606862,0.7293196922109291,0.6712509521119722,0.6128256997926523,0.5601507152690584,0.897070431587548,0.8007596786779753,0.605722209424117,0.8737469085051932,0.6157685456021879,0.7362634152144188,0.7259882279502958,0.860634841022405,0.8986240671878962,0.8792373919133868,0.7307786349922953,0.4257611104525578,0.6422047505905443,0.6644327351579022,0.7330999985253316,0.8089807235692021,0.5771793449457691,0.8528081479012833,0.7805587664252925,0.6755119396312997,0.3600800402375271,0.9215976564038263,0.7551760548961391,0.39248453157546437,0.8088413343319415,0.45516536177526723,0.6131182443635242,0.8663996842460715,0.774407288098103,0.8143567202848251,0.8317769222152468,0.8563348709650521,0.5302855734011253,0.7078754721851191,0.7637364217480693,0.7632604141438972,0.8428358512669186,0.578372851088884,0.7645050418666766,0.6812338848767626,0.6954703055582367,0.49011639359767284,0.855053741674127,0.8519297724149015,0.5346500201763813,0.8837947479360934,0.5026351704097868,0.6326061518835899
jh,rest2_vs_type2,1,MentalArithmetic,Type2,10,10,785.750179,392875,395375,0.005671582424039201,0.13340686685847825,-0.11146672116868395,0.24040714274027852,0.023455662209418637,-0.16692386809774362,0.09902028998459578,0.34388975815523937,-0.15519875939439132,0.1061227341736366,-0.010851432780142112,-0.11739762464379844,-0.02670720989080433,0.26497579202998844,-0.10827990515858854,0.1200651850056067,-0.14263729602302488,-0.1238720691855697,0.9261520607639953,0.9000954345822371,0.9261648942537853,0.951460851108478,0.9102027421707864,0.8732173995241865,0.7970863199776762,0.847840263409418,0.901444261227941,0.9503890483326763,0.9639984752798453,0.9411655681019467,0.8874147837583285,0.8248815738013525,0.7743895795027922,0.954052435627782,0.9098706317724552,0.843716930207291,0.9421063495817942,0.8850655244063237,0.9741317970869633,0.7426788054805226,0.7387988366950023,0.7898006446653763,0.701442070907987,0.5951543619308097,0.5813097813816657,0.4963648819406325,0.6855991703793339,0.7573689844423376,0.8128383283706112,0.8081848894769671,0.7467784542586924,0.5465199892921072,0.44221103135425976,0.4042565408741327,0.8674252211019294,0.7278545368226854,0.6202803740258074,0.8567031627467828,0.6721724934992485,0.762478639090386,0.8611363866431144,0.8978252393710471,0.8642441971323107,0.8214714572093016,0.7391950152526184,0.4257940337452134,0.7234585921266755,0.7176016082899812,0.75868820589223,0.8847009395446997,0.5946826075722027,0.8820132247976346,0.7663744345355895,0.6738357456368765,0.3825914066691066,0.9139244580248624,0.7183628189150458,0.34218289572920146,0.8035789938994476,0.3811227286812349,0.6389780864088345,0.8190587283056464,0.7567015564168332,0.8522396918239019,0.8386846402880764,0.8111938403490341,0.5979327257969714,0.6243460158014638,0.7077728140850271,0.7983109504649104,0.8746973503291192,0.6825033356337589,0.8047261501186765,0.7274091039177004,0.6580989803540044,0.4328604006279683,0.8923928164632917,0.7774339550679371,0.5166741579746562,0.8793661503079345,0.5773936277852448,0.6970359751010431,0.7809055795314358,0.7650805600638064,0.8114825447515001,0.7430231797541644,0.7155994822247218,0.3346809976036536,0.6351494949654638,0.7176405663408008,0.7448499870295144,0.8428918777584955,0.4213730468201423,0.7761262048470389,0.6441294654274794,0.594945894205738,0.3482438300333945,0.7792032710752597,0.6911494620990128,0.32456368403895014,0.7829968918718179,0.3084671143583846,0.5271966940544962,0.8725925000447435,0.8319330235750515,0.8729929193450929,0.8218775600593179,0.8246471746951904,0.6176552939163583,0.778079523229461,0.8289198489118711,0.793353109302897,0.8691711888310902,0.6253469401895897,0.8089698767726765,0.690687279862446,0.7264775155734641,0.5391498939756025,0.8515498394185044,0.8541220283875652,0.49073562376056445,0.8769021969312655,0.5285184666094898,0.5854330375218376
jh,rest2_vs_type2,1,MentalArithmetic,Type2,11,11,795.8150019999999,397908,400408,-0.1605530184900239,-0.13646924459413867,0.11303585344772227,0.05161525817720625,0.025368350259403538,0.010256856609175635,-0.08509398696103254,-0.09447896528136512,0.29916059639875625,0.12086539817598174,-0.09367493108679037,-0.04219561204577005,-0.4094977719735251,-0.41851131445603373,0.18705270706684995,0.13184334074140658,0.02540374867707751,-0.013889483277954362,0.9139818768183777,0.8989306833757487,0.8444003751111739,0.8076615873564138,0.6582174452581201,0.6037048696823719,0.8315834326382101,0.875415691989493,0.8516807049599814,0.8084765414406884,0.7475953398893375,0.7770114334793303,0.7264730052288043,0.5891525254365968,0.5062381114348832,0.9823825124361772,0.8054546984638935,0.6951250310804294,0.835458033881957,0.7000786636866562,0.8345862528968798,0.8849223332831075,0.7482096007660438,0.7556122991280307,0.7369357359756245,0.7498584136908133,0.6931927299678471,0.5966528742017391,0.632844592702317,0.7360047996593568,0.831718000327926,0.7977451899396438,0.8004075668739938,0.6361081424992788,0.6071071514540851,0.5506873590962039,0.8875897790111418,0.8001602182488483,0.6391416699511958,0.9038538035644371,0.6906094959850426,0.8391072429652013,0.9317168632961836,0.8500080744527249,0.9214279277413996,0.9202105223177205,0.8857735280703994,0.7607311670190373,0.7802632368758601,0.8378945557801153,0.8836412146911568,0.8958326656553753,0.7819741363101176,0.8331309149938286,0.7665827062325422,0.7582514107568951,0.7322818407235065,0.9545048490955885,0.9061966755236742,0.7343837516085305,0.9443499337478392,0.709124368858036,0.7742543135026875,0.7681220429606955,0.6819205822072052,0.754499330450315,0.7689829986934335,0.7185105115151692,0.5514906073030089,0.5386197250554947,0.6622514397115687,0.7831172442924712,0.832207229447302,0.5376285929768692,0.7885045265039644,0.6564124722623031,0.5629715427491033,0.44417306805723505,0.8598329170300254,0.7795759011720542,0.5158913329452708,0.8609596289117988,0.574945744970737,0.6059424219756102,0.788481404720655,0.799036771734071,0.8709936729644937,0.7507969467465901,0.7000879011607922,0.5600702109979778,0.6292571820449916,0.6905573603118177,0.7527293850458159,0.7961289450580152,0.554818110695953,0.8156725599913585,0.5996142206882152,0.542836576239627,0.4346722924336805,0.8056078234026782,0.6809214802537856,0.4984992345943199,0.8202377555857373,0.49954273926889736,0.56557482982413,0.8949229645414681,0.8421442050019915,0.8855587602604764,0.8474478260257108,0.861684786716859,0.5887206242559786,0.7852689783459625,0.8479242613622375,0.8669822506400373,0.8873308839068228,0.5924420080958108,0.8524753121651722,0.7410240742271353,0.7501806400696285,0.5280962045144706,0.8769283416976675,0.8813725689918075,0.5815679714755824,0.8968123708785459,0.571787311720141,0.6238689995330456
jh,rest2_vs_type2,1,MentalArithmetic,Type2,12,12,806.5592979999999,403280,405780,-0.1466273153258042,-0.2206762363726611,0.12121821137696287,0.2952874294863119,0.026377854502275255,-0.09820976628947342,-0.0052733724337961085,-0.22236828802997,0.22106911917060046,0.2759524793175876,0.10963758570740545,-0.03686689670918719,-0.3772966980042747,-0.3393610478582132,0.2973827346624711,0.18815392855796986,0.35312214722682356,-0.14021595968309208,0.9905228884108751,0.8932346554924545,0.8242108615923543,0.7629291219016664,0.8125262851409616,0.9319057540706296,0.8646058667208354,0.8178361900552537,0.7607826076114238,0.8181132445999159,0.9573880607938988,0.8045566747758672,0.7455183854743775,0.718120139796342,0.7761104565181148,0.976230172291032,0.9333166830292866,0.7988149241176864,0.9248972969294202,0.7467296416789885,0.8299805201361022,0.800024994658399,0.8591682206915341,0.8352663962588961,0.7485258622297729,0.6446376128489998,0.4659120078096992,0.6573652372689498,0.7122357921987571,0.7365993276209365,0.7494528013469953,0.701990328586652,0.899466770944026,0.7776524208111715,0.6290070852783949,0.4272673666305019,0.8770459235313335,0.7457713737610335,0.5039671076313375,0.8451646753078936,0.6350651881067897,0.7727878280093088,0.9857164887492237,0.9342997491568348,0.9692287822664755,0.9786614621110754,0.9442041921984464,0.9268486719271352,0.9049539574059815,0.9652375854409756,0.9883438725559609,0.9704948207115319,0.9531228483813071,0.9338597132022525,0.9055531235935981,0.8666555579233056,0.8499770992960032,0.9802395592102269,0.9517314802044325,0.9348016080504692,0.9676159541052368,0.9423810124316954,0.9825119089818071,0.7864876926350811,0.7396089403601782,0.8215297173701929,0.8087361721322103,0.7971328814776254,0.44279003505393194,0.5636632814151349,0.7509067384986499,0.842602350849217,0.908063848532276,0.6156130323226636,0.7594570037658459,0.6840769143516734,0.620103946215964,0.31192374436877374,0.9041107913787572,0.800847120737288,0.43681994224911863,0.9000547621811041,0.548719105463754,0.5916079745315227,0.772470989410799,0.6978377541580457,0.8678620350297164,0.7975842807597826,0.77087584574411,0.5462264824166964,0.563240834288516,0.6948388404702027,0.7363891383478743,0.8218686712508891,0.5769857171601117,0.7193106916000828,0.6031026441571767,0.5872346683839442,0.4237858199397758,0.8763058642096595,0.7922874945013437,0.4855781762306504,0.8562595949334428,0.5198033026727327,0.6022862298692708,0.8591864750330883,0.7864757792373218,0.8545868837052331,0.8056932248643957,0.8420623263969831,0.591499090152209,0.7161550282469367,0.7817922207908343,0.799188198145315,0.8432337340741509,0.618995366729803,0.8180689037578462,0.7005508180511668,0.7182664669090235,0.5496043083118456,0.8505740500537582,0.8568697691510847,0.6001879025068897,0.8595297496393579,0.5737696081107229,0.6988782164569773
jh,rest2_vs_type2,1,MentalArithmetic,Type2,13,13,817.0335819999999,408517,411017,0.044739104445176814,-0.06008512561267754,0.05321736637948771,-0.04575229001087955,0.010319531542990923,0.0007134571235241083,0.1770943421843416,-0.09393657769424735,0.039901226696036574,-0.024410011633563933,0.008505890640910785,-0.008048686447990505,0.24115115982331048,-0.09969172497591217,-0.00438241447683918,-0.15449315762218374,-0.02155319492167962,-0.0919307963721927,0.9766497718890271,0.7638696267789155,0.9157755900631498,0.8850960410938595,0.8628514150156623,0.8206077067213609,0.6881259757334905,0.9081765777981873,0.9121016041105949,0.9071996106858963,0.8797127791617239,0.7274009231933856,0.6460240342114367,0.5751220414508468,0.5428177267460561,0.9071435250296951,0.8785316292558701,0.843467757079864,0.9696686192791282,0.8876544875885495,0.9278329487180927,0.9347680779056012,0.8973688744819944,0.9045783819192956,0.9077823145956767,0.8898372904703107,0.7818686007282444,0.816900363473752,0.8423498116610023,0.8620320972156964,0.9013056709150379,0.8671248928704359,0.9485599011714633,0.8969929837666285,0.8452685425510673,0.7015254102716988,0.9783915309014919,0.9103978630971941,0.711644436757834,0.9487632332312244,0.7506771907048259,0.850695149622308,0.8803778955462972,0.7957974934286707,0.879759952573114,0.8556812956045942,0.8434573731541597,0.7279565643631913,0.6554286104439205,0.8003417200583577,0.8503439073980958,0.903767880622047,0.8118063640705382,0.8496356432764509,0.7253162655786687,0.6845731963220727,0.6553807355182104,0.9385600123158151,0.8948548691044643,0.7395891595873603,0.9357361290297403,0.7508480274778205,0.8186094344607173,0.9222925194301839,0.9367621602154154,0.977135448036221,0.9138894124388531,0.8866395193212314,0.7808004641603538,0.8564239757827273,0.9250056975907375,0.9300276795933836,0.9579987864931818,0.796959424007309,0.9392048783859411,0.8619410428167072,0.8261280543529999,0.7902387319764078,0.9251002574158743,0.8971645855441994,0.7819991873787125,0.9421805193302405,0.7930220167894494,0.7876565962730562,0.9765713611048108,0.9807483407556739,0.9709178590344533,0.9638002978024717,0.9427193715093972,0.8827869961840908,0.9593529792777225,0.962748728382047,0.9764881890807284,0.9694124651284803,0.9163887104113142,0.9709275371780072,0.9511120603802605,0.928322295410661,0.8735593354600916,0.9760870551434949,0.9483567305894902,0.8725107478135922,0.970421210383181,0.8964417951861186,0.9219810265561301,0.964346757018456,0.9505755974112406,0.9698407413095131,0.9739755100366989,0.9639718729482027,0.8479741524020982,0.916379255492443,0.9484094629952176,0.9640929200550178,0.9746904397568749,0.9021379331346976,0.9678110931509143,0.9463248347581648,0.928402511243686,0.8204541432363548,0.9812605613099799,0.9586032835672401,0.8302488351278391,0.9717701814962939,0.8532526650381919,0.8891799014879523
jh,rest2_vs_type2,1,MentalArithmetic,Type2,14,14,827.5818360000001,413791,416291,-0.15876689673380184,-0.17807378818226205,0.04999813139583065,0.09175712540224401,-0.16399042903998273,-0.009004637946120386,-0.15373989944355237,-0.331614204072622,0.11193983039546485,0.006457565092696793,-0.16993531378582372,-0.08390720469823254,-0.5664165327901793,-0.5326297731827521,0.16652519107975916,0.028579132740307767,-0.09770177049272455,-0.1037774294973568,0.8955301958665,0.8938009893097351,0.9234021185385631,0.9054914153722724,0.8146522195309939,0.7239631396215044,0.78528259855552,0.7792155025398455,0.7793782057696494,0.8668428225067943,0.8987854070713133,0.9130240275738293,0.8960930111382875,0.7954238875163293,0.6286892824305771,0.9868581165517265,0.8594125794954496,0.6085441637645707,0.8880314915554878,0.6335020076553001,0.7907731076435948,0.9086493908514873,0.8416172314536532,0.8875739021084217,0.8194729060320217,0.6101814158376153,0.47726188969836675,0.7320141919895963,0.797673920880056,0.7948842631694829,0.7184672386323036,0.5906256731186998,0.8528008072154503,0.7000343201416426,0.4742301154105971,0.2940020013758682,0.8870133975543237,0.621153323658056,0.43112636931711273,0.6529374852805367,0.5433247661288781,0.764412062625821,0.8765851113294204,0.8574207019528978,0.8279176619407002,0.8332585357701819,0.8130661935826341,0.8078943199165783,0.7044640806735827,0.7472377867908278,0.8775748775462283,0.9240693521594526,0.8728353557050509,0.9074079819562708,0.7394269649779601,0.7004054575577637,0.6678642849260575,0.8691732316627491,0.7943565246995962,0.7316151294543513,0.9464693288961148,0.8656044344829597,0.9033631850902689,0.8756112522800586,0.8940176954840897,0.9323079812897057,0.9257683864252194,0.8527086310738629,0.7007548226222905,0.7525653556137919,0.8262671123404852,0.9038299129107789,0.9325863761285654,0.7916653742454424,0.926729438005343,0.8609114267452098,0.7387264572854079,0.6138560819447213,0.9291567371631859,0.8150241207933548,0.6845775477201131,0.9091629305227212,0.7470866505680869,0.8185833667378818,0.9319248015059333,0.8950831697869075,0.918708671836464,0.8974219957315447,0.875887708570102,0.7298078257874341,0.8360513343808336,0.8915993690279901,0.9029736112447355,0.9326496682598535,0.7603384118781564,0.9229408596088426,0.8564956313944829,0.8009966510178681,0.7005432581152262,0.9356022396883587,0.8818997057066131,0.6969820162135032,0.9257065107541554,0.6813646585926529,0.7359403555262437,0.9104686741236689,0.916159826387599,0.9234414992596278,0.9033733911356435,0.9170829146723756,0.7511740638399533,0.8672842796097654,0.8869345810142417,0.882194350773247,0.9140979355003531,0.8015953388093834,0.9074808786105611,0.8534793213260582,0.8699072535155415,0.7451834070267358,0.9513266087449824,0.944124923100874,0.7338649404032842,0.9447381706162681,0.7431261559158436,0.7731143243970942
jh,rest2_vs_type2,1,MentalArithmetic,Type2,15,15,837.699708,418850,421350,-0.05206082676848656,0.03498224885040546,0.02382580174195148,0.001267406575470087,-0.06807452312470508,-0.010161256655753625,0.0927575776473617,0.18999642109103387,0.11768678973544411,0.06807567839811268,-0.06286286821538889,-0.03523680076671187,0.03369792211212719,0.14059949926409132,0.20100228719924385,0.034098197574429445,-0.12430318820592401,-0.004379082157066172,0.9912559410597038,0.8516263360197792,0.9335098132581976,0.9606213077350272,0.9672548778014352,0.956562680131493,0.8291125023383704,0.9093027826243582,0.952248825991649,0.9689163319468189,0.973391560809841,0.8783047784251097,0.8202885279729231,0.8045715593399501,0.845099222936164,0.9774714835027714,0.9588925143322738,0.8685560830837318,0.9911037554934842,0.9123307332601781,0.9291713257264189,0.9163941224687776,0.8435315872261573,0.8440917030302378,0.808097381853916,0.7495925751340082,0.7875688807196344,0.7462533577909245,0.7719583101373055,0.7876109110766835,0.8377694130046426,0.8935058893446495,0.8680894536049398,0.79111591503464,0.7018976822059926,0.6648557755942506,0.9527584963392669,0.8522239579346701,0.7010530119543205,0.9119628732938985,0.7432738897443248,0.8622357968201367,0.9383233221154834,0.8493875722236156,0.93059167643865,0.8483269447200286,0.8102673988221044,0.7155843500356025,0.7974864006418881,0.9368732679056454,0.8915383069141781,0.8840524981484901,0.7808917204528576,0.8652416498323708,0.7636196376386144,0.7015929462707077,0.6507224629407757,0.9284609770379133,0.8809474411851907,0.7480527158744736,0.9567875000069004,0.7720062595895161,0.8351961730445897,0.8251810574637869,0.7334194595989881,0.8318592180588313,0.8457899149278196,0.8158615935672243,0.44337125829519364,0.7419946777782154,0.813627526088302,0.8155935096744575,0.8546196971405242,0.5949911534545094,0.8111837896748363,0.7543888065652609,0.7356641210270138,0.4318949746739058,0.9330668707553864,0.8859360305300527,0.49678880305898926,0.9407727735612516,0.5067084833587846,0.5756180561159272,0.910862909816171,0.8368547676905379,0.9111967395911937,0.9273861697537555,0.8944884820113636,0.7428018922194181,0.8139938390165938,0.8608903175772251,0.897324341359836,0.9357569334933354,0.790710798167049,0.875081394401619,0.8250865779174337,0.7819541888747269,0.663231538172155,0.9376203402767458,0.8725109772826456,0.7168715798350146,0.9151287516695122,0.7366007218668541,0.8074275793040023,0.8868901187687297,0.9080124671648718,0.9276478030256006,0.9017307247051314,0.8836105962540255,0.7117639382774901,0.8506208107178219,0.8693542929915277,0.8733637520908535,0.9132561463479089,0.7697380939841021,0.8790154226386183,0.8320761768764854,0.8358484313823561,0.7428916979934334,0.9347383798375707,0.9108383299207197,0.703654712058646,0.9251166450392175,0.7214615520018592,0.7672774060065596
jh,rest2_vs_type2,1,MentalArithmetic,Type2,16,16,848.711478,424356,426856,-0.10017391335002035,-0.015846346053797866,0.0008406112906325092,0.02118461052592746,0.04403028607505233,-0.019476461678253454,0.06908864456412012,0.056980758447688906,-0.007641111014275559,-0.05168325122447559,-0.041814187934146485,0.007559373342475695,-0.09876670392406073,-0.013441682832329604,-0.2379670373319951,0.03164182168219565,0.05134647267202741,0.05230774761657386,0.946500417073241,0.733905964222366,0.7948122868450375,0.7584006544109917,0.7413215253779287,0.8091057310091866,0.6490195437789473,0.7502778068836661,0.7293934379002946,0.7858060017854152,0.9093978387522337,0.6566366387714673,0.5253468142516752,0.4380687428334378,0.5046885658198643,0.9250514815210914,0.8220648429275269,0.7167681284630677,0.9033929490354738,0.7348139128701768,0.840751285676991,0.9250467099881565,0.6044392824225077,0.8405232640593985,0.855748553858988,0.8636902334339245,0.8398588895613999,0.5609350894281501,0.728030768048114,0.7777092269916303,0.8304923426274592,0.8875355595827528,0.7129034282732121,0.5421596831769732,0.5051391942446977,0.48546317406977657,0.9069925247324273,0.8587761072121101,0.6920440476828152,0.9385562599048572,0.7873586431384075,0.8429939274388251,0.9525920368019883,0.8267105855602516,0.871801908954291,0.7971905704601095,0.8032999785762442,0.7081128126958538,0.7627248806059082,0.887815112904779,0.840464951657462,0.8619262851577101,0.7499376497238535,0.788173941686144,0.6583096665648692,0.659573935239608,0.5489536854099815,0.9361959126816335,0.9336865838374707,0.7213754951904048,0.9621679836481017,0.6416358813157069,0.7233500119134362,0.8568514164016534,0.841672588272148,0.8199033010594514,0.8290614730124761,0.7910552351968352,0.6126169147336199,0.7635426785065326,0.7590162148155872,0.8011394263492692,0.8278786752787811,0.6458165319451425,0.8829104898147246,0.8197795402732792,0.774673409069537,0.5869067107155318,0.9152458760464431,0.8635484660932113,0.631058119242674,0.8807844704497414,0.6674897228424373,0.7316386800469759,0.8254013098396826,0.8010241409749337,0.832884015988842,0.7969838594222998,0.8115032936033392,0.6483562200254878,0.6863049637249543,0.7422835069548473,0.798828177400243,0.8784085566288188,0.7404806782890547,0.8384264846847801,0.7387446132301201,0.712749044674268,0.591650256470933,0.865397138963373,0.7794155912195346,0.6018041071751793,0.867871609488193,0.6353051404996533,0.7142093559191016,0.9098440417548398,0.8891089252126533,0.9032162816068047,0.8809178460362241,0.8854717752999453,0.745961111470778,0.8490178203741781,0.9014314753596189,0.8992968122424063,0.9292876721436815,0.7846782996383442,0.8822789041053924,0.8373363947422491,0.8425562542432302,0.7252800190903328,0.9363068274853925,0.9236390881254162,0.7325021163925591,0.9347445928779754,0.721446192426566,0.7930412615188758
jh,rest2_vs_type2,1,MentalArithmetic,Type2,17,17,858.692909,429346,431846,-0.20582824414364698,-0.12666309240933415,-0.06485373930398808,0.01241539077303111,-0.051518833094217786,-0.055968473304680355,-0.07438493021864456,-0.04160910924341188,-0.1651983826067922,-0.07743918079741396,-0.030605587900943476,-0.032450060976652484,-0.47890530302742373,-0.49550272205945234,-0.3056041300961905,-0.005838709606109216,0.13184945651056967,-0.03655819539618488,0.8674651991683258,0.8862319513420129,0.7932790474405899,0.7850950673726003,0.7482846026818893,0.5524785455617887,0.8299216666161274,0.8360395640429151,0.8264839651183066,0.8511270671781217,0.6579165225063703,0.822391967416651,0.8115802185402589,0.7786245281332332,0.5396977551689973,0.9671867120256635,0.9120199929621201,0.555550761853686,0.9520874296878533,0.5870874240669537,0.695722076872236,0.902011070504738,0.7831202831714525,0.8561838332329801,0.8853664977555445,0.8402243522300528,0.7047688782547532,0.6607792778373098,0.7413515313911053,0.8426749653062233,0.9441813777333191,0.8369565615107635,0.7976298943301048,0.6984737144796973,0.6337934752119017,0.6062606702270712,0.8911785322280923,0.7600537421945894,0.5748275936338916,0.8614555636704173,0.6662149806769978,0.8457591381855454,0.9152851731089318,0.8407458322357173,0.9002796550907934,0.8657458686376751,0.8357741393043394,0.5522886852394299,0.7382699536366029,0.8164073235629303,0.8216319021039015,0.8606433799179712,0.6650009449679756,0.797623454461838,0.7061501338118653,0.6802754364754263,0.5458546774195508,0.9347583809017133,0.8285041347174613,0.4732296293479267,0.8739393660774147,0.4691572700469421,0.6505899776742705,0.8719484959897027,0.7606159296791893,0.8938251810137151,0.847068060193506,0.8387198504327728,0.6876406530251411,0.6163291080286765,0.7842429012491242,0.8413702261841334,0.9008441230281802,0.7250907957170896,0.8104697033649525,0.6746123746634342,0.6270646286745583,0.5783098466284333,0.8920737158640797,0.8394362658712743,0.6169904201585196,0.9145212114166166,0.6552914167960644,0.7027134883639217,0.8776435895691297,0.8970338137046094,0.9225069439063622,0.9139099771032659,0.8452832063759814,0.691062499355351,0.7958594070794164,0.8144561898631023,0.8631417386224743,0.9222955027022364,0.7456080361527785,0.8943065738942318,0.8574261403536295,0.78852453645319,0.7172671340385585,0.9099560214783493,0.8072590254978295,0.7036169993155984,0.8666364632936954,0.6685439976734868,0.7789189908155789,0.9507846669385022,0.9082451055314825,0.937374412986427,0.9276050885303061,0.8964184144530439,0.7609253010719543,0.8860748810496125,0.9478896000532454,0.9539070860099413,0.9527043575732934,0.8044144848402766,0.922710940497306,0.8673252735252684,0.8495081294349973,0.7380517406719306,0.9570785323539364,0.9399900102255272,0.7614932590912596,0.952560760202798,0.7752046645178045,0.8025497720801608
jh,rest2_vs_type2,1,MentalArithmetic,Type2,18,18,869.2731849999999,434637,437137,-0.18303888778969002,0.08595101533018301,0.09782655177001054,0.038954260415419384,0.08904238275769849,-0.032985872939352845,0.029352088445771418,-0.23530086489549484,0.14982162047978065,0.16748473144790754,0.11619975103325642,-0.03366370611971714,-0.44865888042077806,-0.1520505361866431,-0.062442014091150355,0.07857039419276157,-0.17389951815238724,-0.11824903057568381,0.7905429218751646,0.721897899806213,0.8871562664006167,0.8007476638646329,0.7169659789798088,0.3769407848519125,0.47725178606315743,0.6992410187211934,0.7045669906374091,0.7973270543785612,0.6203613951997599,0.7693576606320609,0.5874973890130649,0.4546731988356404,0.06537468499254992,0.8793249383586692,0.7723481316006127,0.38536582570073974,0.8265351353171158,0.5569693532906669,0.6360410746422788,0.8077885957192021,0.6733527720576102,0.8258672901704246,0.8157792287550126,0.7097006542447774,0.4198739342281836,0.4796564344719534,0.6131420146305241,0.7113160682655566,0.8389038718968762,0.6979805264566801,0.7608340601272257,0.6331672860077225,0.504710117184104,0.28173457202974267,0.8844425446414407,0.678398163882122,0.3624610773714205,0.8142387366183387,0.47650443100343554,0.7279741882364443,0.9092946678804315,0.8077586341311325,0.9737510623436276,0.9207776473738647,0.8471287404048254,0.6516925176655423,0.7770784074370088,0.8884259547680489,0.9160117689902308,0.9290096055802674,0.7609291486971823,0.8255857309181193,0.7345091449648992,0.6928366558468527,0.5689767028832614,0.9314377827073782,0.8546609966288998,0.6505361375576793,0.9331412667681682,0.6878280291556864,0.7966865772363242,0.8249606262074911,0.7312591026684536,0.8161889701616566,0.8147303136673244,0.781781396132752,0.6273605648196094,0.6806412808388067,0.7443700512079325,0.797948786699412,0.8739317307747558,0.6039830462317198,0.839767280709783,0.7035142489681045,0.6173338870383814,0.44516224450060493,0.891649252355622,0.7383859106065943,0.49795161858357595,0.8378531017173111,0.6094618594490824,0.6817762268960142,0.8643439767867478,0.8376742802690104,0.9009593101211751,0.8463633871625413,0.8133570750021513,0.6279077858721169,0.7663298243290059,0.805227184169302,0.8224415886280851,0.8730434892510776,0.6997565459253925,0.8551544732335172,0.752585475130249,0.7216375510358031,0.5928162505879828,0.8681014205084921,0.8193055641601615,0.6134847961339014,0.862224357642727,0.6212572059246586,0.698206885405654,0.9378458112343849,0.9220475756612254,0.9394297886120614,0.9371054671144234,0.9443630499325171,0.7348089359888076,0.8780432154164627,0.9372671393356088,0.9495428221461971,0.9716113606467189,0.7612108525997769,0.9327929943046,0.8824580467441513,0.8890632576009255,0.7180875247316821,0.9568646023269081,0.9522109219409421,0.7501105915562917,0.9756546331246856,0.7368376254238208,0.7650831468274814
jh,rest2_vs_type2,1,MentalArithmetic,Type2,19,19,879.317167,439659,442159,-0.01669770911145818,0.02657218912625492,0.12319170392273993,-0.13495932923460874,-0.18481348300108325,-0.08274271544224776,0.1334706199319342,-0.040893054668805995,0.13850349675792994,0.024607542420457484,-0.147314749522498,-0.05638431874832461,0.16827539721504614,0.07420984443497147,0.14277637336816973,-0.1253794098306673,-0.10589022665367942,-0.00026179263127978913,0.9247574276451873,0.8014479807131842,0.88293136242982,0.9023513565965914,0.916045040926933,0.7809237581704516,0.7599738086044167,0.7996012448698113,0.8069047795814576,0.8994145378567532,0.8782828495794006,0.8836640342010074,0.832977059254181,0.7730612203910666,0.7356374238229212,0.9825260505536155,0.9179474022662423,0.7259671337794202,0.9401898673992262,0.7170389781292223,0.7946396925713723,0.908195256962379,0.8902132766721522,0.8352402793385839,0.8177484444733649,0.7680507963692869,0.5958650789927352,0.8062331274082083,0.7810247978767111,0.7601955905647122,0.763687430314994,0.7071760750677365,0.9075705645131452,0.8745834282850368,0.8513560124754687,0.5900832982476976,0.9448667960719882,0.8831146427309172,0.6082155855202731,0.9042983820773571,0.6340316439393362,0.7413334124162928,0.8855895726139221,0.8945919396735044,0.8973819229625716,0.8586354220325777,0.8101105365070491,0.7643444877286347,0.7629572281562389,0.7895076275051387,0.8082314362231838,0.8690708843282511,0.8255127546990197,0.8946064787793199,0.7818506301683776,0.7290868240077386,0.7011738628857982,0.9197306069932538,0.8525368082151268,0.7566018758777671,0.8973310380017002,0.7712877799674982,0.867905024429306,0.8188483109266742,0.8312015262628675,0.840398280346092,0.8103481427634551,0.7306892284847084,0.5176420474007832,0.7143275469915819,0.7205475137601169,0.7526691423582207,0.7981926823861087,0.6247980358630677,0.877713290011146,0.8390664132514946,0.7602535935113832,0.5445114217069493,0.926239978674019,0.8417591784916343,0.6025098205169419,0.8792753835791,0.6291371616169619,0.7422797354747187,0.9145482831394575,0.8457192878715524,0.9210628456432036,0.8767396056300496,0.8832143662142695,0.7177073209432622,0.8205870157059814,0.8909253665388861,0.8821805745122372,0.9241831463204788,0.744076904771912,0.8989989673238812,0.8002407519765186,0.8485594610892357,0.6442557288137316,0.9226669613138121,0.9213535278585169,0.6841711886160489,0.9104864755190939,0.6830720503921032,0.7371449219690083,0.9370341578066858,0.9199806771492087,0.9437640195846505,0.9434941627327826,0.9109575913178991,0.7354578108599321,0.8917438015883841,0.911024902730678,0.9240034280907008,0.9287502682403369,0.7777644486567452,0.9490529968640372,0.8808403976234218,0.8890831925062631,0.7314833540551772,0.9421059844377779,0.9192418231504706,0.7393152995318966,0.9119110898055348,0.7575512813393338,0.8102376622663616
jh,rest2_vs_type2,1,MentalArithmetic,Type2,20,20,889.234255,444617,447117,0.05975783568170456,-0.09325361107298935,-0.05104799505365776,-0.07848853847306447,-0.05260923154693753,-0.03088808237544427,-0.036997850265700016,-0.3374009763229222,0.06571794834797373,-0.05284912793086871,-0.0653670772308117,-0.0788571549473227,0.09951468289541587,-0.519478414024988,-0.025237021190558373,-0.05806475744427919,-0.04085542180819601,-0.07361300241229696,0.913249804813577,0.8651879082777537,0.9197592228684328,0.8839511509436812,0.8541225378227907,0.4919834339208972,0.7247004331244278,0.8153148646850956,0.827940622432653,0.8175060846340553,0.6127388335363686,0.8463031481668872,0.716570506503675,0.6867496693340797,0.30068264724814,0.9194463506405782,0.8513836628022311,0.42377703226015995,0.9450350720287648,0.5317701362084752,0.5761682761087318,0.8247446860157227,0.8635928399557068,0.9050345744944472,0.8512669872320823,0.679320597272885,0.36625486305215976,0.6394348697830834,0.7601546886120157,0.8659450860205765,0.8929268551245886,0.6058320651754132,0.8535566657414149,0.724247011863322,0.5043391920254366,0.20542872498296613,0.9155615486765019,0.69181087443093,0.3276171009224622,0.8363847633427604,0.44282095893656864,0.6773309987101026,0.9124548230836065,0.8761019083460926,0.9182503610869259,0.8998836530429389,0.862657556266327,0.7142778385225619,0.821828348000706,0.8798989656932096,0.904927579422272,0.9549028704946689,0.8500859547199202,0.8864552930098288,0.8084880826803647,0.7931865257502025,0.7076114671735291,0.946521326544927,0.891624708115774,0.7467237557434182,0.9124191193283051,0.7408771022071061,0.869002162179736,0.7938942661198659,0.8201108724851351,0.8961821565757411,0.8239375999312387,0.7830789388829078,0.5629110406000857,0.6523603407861812,0.7570589297105207,0.8282214877955506,0.8765435722806487,0.7145066399147629,0.854101696673321,0.7584061950914759,0.6845714939600851,0.47798335403917125,0.8882877227132214,0.8246510279502943,0.6181635048782083,0.8894103238569607,0.6590034797404023,0.717018220764433,0.8587393273743119,0.8360132676095984,0.8956660260923939,0.8531845320881668,0.8292604170332928,0.7136452219366921,0.7519908940124246,0.8616195937532267,0.8837552219010919,0.9193442164728655,0.7217720561914751,0.8134780558992766,0.7112879256563962,0.7163175365515968,0.6273694058023717,0.8945725063845978,0.8856863739774257,0.6954330736654911,0.8937144679464468,0.6798042667503572,0.7824647331817363,0.9067647889531785,0.9155281518576582,0.9035165280190212,0.8700840843829153,0.8900313863954857,0.7511147500018581,0.8795210217146501,0.9029522755714195,0.8949380417688507,0.9266409553897055,0.8050182369901978,0.8893762906664019,0.8303376893574839,0.8459518195691753,0.7036532428651198,0.9280942938155058,0.9355178487954467,0.78108007197278,0.9437562272261162,0.8027759244798778,0.832535308063682
jh,rest2_vs_type2,1,MentalArithmetic,Type2,21,21,899.4150669999999,449708,452208,-0.00491147201586184,-0.17010260789803233,0.1777299074886347,-0.07465739731318255,0.002394701524507603,0.02698644491337676,0.07140213680787344,-0.2008933602916363,0.22244567830513162,-0.0072828600752945505,0.06109359265773495,0.016626890631860736,-0.16150880792279132,-0.4432900037041909,0.4200651329790279,0.21134568235117435,0.056246054538572565,0.06291644242090966,0.8886309498871767,0.9167780971315753,0.8923664097359086,0.8125139729154586,0.6195964191754236,0.5852871046870156,0.8009305641048343,0.7659872799922973,0.7527874677264857,0.7230453906205666,0.7428799329043633,0.868114308409777,0.7524990324160423,0.5354853954585272,0.5317165354999619,0.9382046663460035,0.6916170391659618,0.4647943162408209,0.818649457274995,0.49863491714232516,0.6601213745849153,0.9161232131860858,0.8447989107683467,0.794856869496413,0.7215686272811176,0.6271357404791807,0.6782316139018164,0.70571676405546,0.6971138382039284,0.750170036376615,0.7220157826361583,0.7994863263850983,0.8869767252649374,0.7165457707462054,0.5826319130209264,0.5458482749875487,0.8823478467701003,0.730829618324922,0.5629167677552255,0.8571237302108675,0.624167295386306,0.7825854557474571,0.9557584879183971,0.9231245517898138,0.9273111815607823,0.9451171391608919,0.9019328230004974,0.7660142718033612,0.8554804168794427,0.8838336446781161,0.9270785421059412,0.947236950499493,0.8459607443077751,0.8944980880601611,0.8748888874540184,0.8216530468683348,0.7179690581883892,0.9740968583622622,0.9266866108502128,0.7705370803358638,0.9526468811052619,0.7968658314088496,0.8916039887766496,0.7905393539149302,0.77649193307291,0.7887052091167891,0.7901614852087273,0.7270930286746563,0.5966709307114754,0.6188350220221708,0.7030483140346119,0.8342002125230245,0.8570062030690022,0.6996439516481725,0.8459885869579421,0.7087737928869313,0.6025707738947945,0.4746514563195917,0.8703694448050937,0.7241208319888344,0.5735461388182579,0.8508677790358669,0.6568961013465073,0.7346128873628308,0.8351000709026053,0.843033438835457,0.9111426643863145,0.8359271826564403,0.7866347067420034,0.6521495804569045,0.7599168204704583,0.8364913186288847,0.8489764530249269,0.8640024700646315,0.7466650707193488,0.8996447502766648,0.7710494118006977,0.7506389897636215,0.6146737240649061,0.8672001272382117,0.8476984611636198,0.6678672266235242,0.9261907852927902,0.7378535933754574,0.7733799367166039,0.9383406420639601,0.8810251120447694,0.933098683880706,0.9115931167945435,0.9050413739764069,0.8104707863207882,0.8426475879403986,0.9214685179851767,0.9344615627703265,0.9523225864765592,0.8449827337356837,0.903802676414699,0.8734139653088563,0.8342934341529673,0.7632955250697796,0.9466031374970391,0.9219225576174901,0.8268622247493654,0.9533861413364472,0.8316045235360655,0.8711524380553718
jh,rest2_vs_type2,1,MentalArithmetic,Type2,22,22,909.963008,454982,457482,0.06434212384256188,0.05302685487982295,0.10987825176087007,0.03870675827134962,-0.026207497425104975,-0.027833581195324975,0.14132886256629895,-0.03198362852549019,0.18208235675960438,-0.05686406130148569,-0.06603958374838159,-0.026864985398878716,0.3113555116282347,-0.0529686783351373,0.30633856971707196,-0.30448329279073594,0.1655168154371296,-0.11833012149485711,0.9629878018075112,0.9236978835640409,0.9550623592836361,0.9514090032244018,0.8621118975103368,0.7727540321747912,0.8675975039159579,0.9293146531733505,0.9520295369246168,0.9085765508578031,0.8404584005482754,0.9121365253828057,0.85543367139653,0.7736769649515338,0.7252009598149968,0.9517916844444989,0.8871105977902812,0.7863888273884231,0.9130624909842223,0.7775867555713022,0.9085469262395349,0.8371209238659792,0.8210611525864041,0.8590728293764659,0.8205234655147458,0.7223557403949153,0.6329276522293521,0.6082468881020822,0.7108491751965512,0.7653821671980764,0.818249626418036,0.8046428138213565,0.8339907828166949,0.6720903374036504,0.5822295396578763,0.44138807769117233,0.8985267130800663,0.7670018680673251,0.6193285819696963,0.885023722623709,0.6785088081865583,0.8302616947888279,0.7999988999293696,0.8009902749332437,0.834164389714221,0.8137466263270093,0.6978675224000099,0.4820408927526998,0.5891275324634859,0.6297845256827358,0.7482912040262186,0.8239004116143639,0.7333985616415785,0.7634732063407721,0.6327106859959899,0.5047181920510599,0.3717966257415201,0.89200019116329,0.6951549018485174,0.33424338767052963,0.8103370872418623,0.4308105766248162,0.6739451229663629,0.8488300671092183,0.8415411652429448,0.8209923971659299,0.8006107177503936,0.7598567831374475,0.5284838824821103,0.7481696184009282,0.8453741756430202,0.8653464357837576,0.8782049336368454,0.6677186419217649,0.8081690298550005,0.7403075249721913,0.6805761354969511,0.5424116496547905,0.924991212242891,0.7972436101802411,0.6248413530061593,0.8490509692442273,0.639230238715583,0.6765926466028871,0.9045406811273529,0.9330902315372543,0.9360394370665424,0.9066474466238466,0.8585454927378955,0.7003371595125267,0.8443536924177268,0.8600923112024381,0.876697936460648,0.9068381100057741,0.7646203686973053,0.9360091788358409,0.901661209139089,0.828925000013874,0.6719144843062255,0.9470943700361147,0.8729986019427937,0.6744913281634277,0.9130194808399312,0.7190881954434232,0.7786467606590736,0.9324861641716724,0.9296300628140666,0.9324574546389127,0.9230345282521625,0.9219634157779631,0.8230159932804564,0.9272427856942431,0.9415735295793779,0.9317484020153047,0.9501401932601367,0.8558033276540193,0.9625475143194221,0.9244370827982091,0.9247700703105602,0.8168151084450038,0.9631108027503298,0.9582891375487502,0.826120557143373,0.9593004443343597,0.8132107161403715,0.844580987555938
jh,rest2_vs_type2,1,MentalArithmetic,Type2,23,23,920.779296,460390,462890,-0.16464688718863218,-0.047998451956976496,0.160042931100568,0.08018016894604463,-0.03454141055155846,0.029515946561469164,-0.06966098909722707,0.2856902486117212,0.17370869614075524,0.11008620156587723,0.09368458956618175,0.05406182226770273,-0.3821576289890505,-0.2650188606171353,0.0502270827694451,-0.12957907673407432,-0.04603577476890708,0.09227754732649851,0.8732990608243969,0.8041483852601198,0.8093694166154167,0.8578515247525331,0.7410355924422384,0.6749424334338704,0.7535285866965673,0.7954394203389202,0.9351751491938077,0.9168855096125685,0.8821443492826877,0.9647719452835004,0.8115984726735198,0.7245299586516647,0.6443294017818804,0.8568602009571132,0.7729411033116133,0.6737152077306888,0.9314882123535569,0.8214349659439425,0.9013789824718251,0.9356637787564375,0.698126252000279,0.7775693701866392,0.7210136504247484,0.7302131715791634,0.6437935223868034,0.6294697631360482,0.73520881662162,0.7487641074722667,0.8064897639650845,0.7108331446239458,0.7671675445443022,0.5532100913382203,0.5365357946337819,0.5208019970466728,0.8369036435034543,0.7690702957526421,0.6713534214517718,0.8864207800314166,0.8125657659407064,0.8628399128900772,0.876157222719243,0.821661839427159,0.8898405125006497,0.8479527498290602,0.8280173682267871,0.7360165413020563,0.6527899880428507,0.7735504430821402,0.81886688103761,0.8628100244928242,0.835007669857394,0.7919110384678019,0.6957966915536378,0.6292604100471236,0.6080799629081731,0.9267001913514284,0.8699428256079123,0.7071969328464226,0.9338769243433394,0.7164465045892784,0.801269337428376,0.8791533061668885,0.8519239233961919,0.8299140324236791,0.8297792747954095,0.8229847533171468,0.6368826046260666,0.7454787338893433,0.7885467402854727,0.849565608053064,0.8957966349448486,0.7218995485198253,0.8715683915341451,0.7875444376631935,0.7374589811712216,0.5924901979987319,0.8788820843561606,0.8127047301403174,0.6233404735114615,0.9022974282743996,0.6558941588734931,0.7307927772213287,0.9059835421914713,0.8615337675500375,0.9127936512176769,0.9170655027714264,0.8419279550428044,0.6287338692579457,0.7880843610656078,0.846778091395737,0.8861222134208573,0.9238776971361135,0.6855759155569409,0.8692519434806487,0.8162669443364232,0.7460183848386021,0.5169581403246684,0.9086131923573972,0.8375113550474824,0.5948804977834851,0.893741316792681,0.6489068249826174,0.6869602047573986,0.9491415511074492,0.8970795321756946,0.9320395673136941,0.9353088232214773,0.9399441371096149,0.8533832199170817,0.8589564985588747,0.9155408581524536,0.9524463104992643,0.9746447771436819,0.8561619754908018,0.9355265556627469,0.8795531758269463,0.862742805995936,0.7610695125083031,0.9535156466787333,0.9353567547136085,0.8126419597666171,0.9683980412838291,0.8267146285274399,0.8691638150837072
jh,rest2_vs_type2,1,MentalArithmetic,Type2,24,24,931.003231,465502,468002,-0.07145409658676982,-0.042964229539333765,-0.07025263244880886,0.05960735258820371,-0.11919010915733663,-0.06743301031605897,0.08286538510542751,0.01656732013181106,-0.1448502483501981,0.10808497393778138,0.0525288182116026,-0.14368834903745942,-0.33145782582083516,0.020649245527126325,-0.19002830129725012,0.3415650720216248,0.21846811851131953,0.00452438804284494,0.9836364453317702,0.9093785172730248,0.9567804732661102,0.9286335023894164,0.9355694863389521,0.785143536321684,0.8625907701878759,0.9315096226772281,0.9221473034415877,0.973430734676824,0.839780712924264,0.9396175093061435,0.8671606891196575,0.8076228659221324,0.6198909437459702,0.9637638504058008,0.9141680289819221,0.7293537019305448,0.9170896972667516,0.7357243612474148,0.8602254723704934,0.9185671944236373,0.8467154103252207,0.7984312596553023,0.7771158055561869,0.8318548801030565,0.7512291653616321,0.7290491366732222,0.7296392634786862,0.7419316454990821,0.8642458305304324,0.8186778581592146,0.8159685262208528,0.6624048396036051,0.718661642097243,0.6035573541272908,0.8785471539839387,0.8238316073121702,0.7956944378974793,0.8610123672577574,0.8139305273379864,0.8359310258877887,0.9073549398545007,0.8118495185133769,0.8944657033869843,0.8548167519737435,0.7969988143351756,0.527905449942478,0.7142029369278368,0.8143350709870066,0.8724227155481891,0.8556251706562182,0.616978274324376,0.857572436136996,0.7550763038554117,0.6972886987919177,0.5754917972881609,0.9024092859008424,0.8263851415467202,0.5335619679226759,0.9355902773391143,0.5881621823149791,0.6175224627747218,0.9253417234080538,0.8731765029774329,0.8932002352085272,0.8739490280881529,0.835915452135255,0.7184756260665858,0.8191833515675451,0.8641060255961711,0.8990184430308,0.8938453681611027,0.7676005388305632,0.875245169526961,0.8111665970610176,0.7465740330135625,0.6865519078262202,0.9377720336763751,0.8534082206022524,0.7284460819426928,0.9125788208585317,0.7753641063119908,0.8072409438499913,0.8443319552622336,0.8210467929140202,0.7810313523060418,0.8370974175563122,0.767678057345326,0.5765634398867469,0.739565233444458,0.7766908317940501,0.8321904097217055,0.8665094020726747,0.6976696845924166,0.8235619130312257,0.748647193836177,0.6512579749592323,0.5171386455482399,0.8924907454367917,0.8087757174799646,0.5987516337685201,0.8921475725530056,0.6611921112296884,0.75019873926729,0.8788351045536588,0.8464069581966222,0.8873254957252709,0.8220540342047845,0.7941170286567982,0.6702043924855747,0.7993016466807294,0.8762661378102952,0.8523694171253018,0.8599827039455015,0.6987467357803373,0.83423186154309,0.7702872083772176,0.7691621157596449,0.6364371652731785,0.9259188310074223,0.8838647701607154,0.6705528836782776,0.9246214551551638,0.673692230902007,0.7113060334162175
jh,rest2_vs_type2,1,MentalArithmetic,Type2,25,25,941.58017,470790,473290,-0.28020559543556356,-0.10766108533712337,0.07530252023977191,-0.017850710414485604,0.21130842057575627,0.012992917978703389,-0.4557130737981723,-0.17679054721986187,0.10097010665560369,-0.009127131435837654,-0.2015358464606578,-0.06413030144478071,-1.0016930989505886,-0.5371488363153549,0.10103914034579198,-0.19260185693030607,-0.09043668576419339,-0.2171579613367305,0.9504728272346935,0.8125778947895437,0.9240589103715745,0.9208071160498864,0.8948194391345555,0.7527290150244741,0.7084216526293573,0.8500120772640027,0.872432463749624,0.9283907661156837,0.8769409183725243,0.934327755459744,0.8138772579418287,0.7318976947591191,0.5452553472059128,0.9310359133699554,0.8485730749887569,0.6604156056216732,0.9071558715223831,0.7035432575756996,0.8775928827522684,0.8118024234961171,0.8094536173610466,0.8674278817466027,0.7403690256203412,0.7280907225959665,0.598163176392847,0.5765327778593221,0.6686665216421751,0.7016486275558342,0.8616754903767554,0.8121405891475495,0.8712113869319716,0.7010551568217359,0.6103878467623917,0.4872154595897276,0.8367624731064846,0.7340334153279514,0.5465563850041033,0.821269312272121,0.5986704246526062,0.8339628976094082,0.7651299842380551,0.844140022931159,0.8603353014098578,0.8130205757842713,0.720076774366442,0.46543155328230534,0.6122161574982652,0.7256229551354455,0.7438596273431104,0.7499093006883433,0.7243858757921567,0.8042886031600937,0.7256490213155141,0.6052820951292344,0.34840432913498737,0.9497720557971647,0.8468123886560411,0.48976822322853086,0.9155643395365871,0.5626443071794667,0.7058104346026792,0.7039467848456172,0.803605636276502,0.6137297431945812,0.7171292814456215,0.6604408335536669,0.6545436749208424,0.6640044611920954,0.5786764883931589,0.6796400486629106,0.6123736536128961,0.6058902709844561,0.7750934284507411,0.7267760878177469,0.6263717200130454,0.5635779686897139,0.8036217795130941,0.697916823263133,0.5588128027315612,0.8709143032244396,0.7076508400821439,0.7148967453658163,0.5701127949625925,0.6287766007955664,0.5617892876441115,0.5921416985411921,0.4980061969755315,0.5133423594312375,0.564546306864149,0.5770345095026578,0.6250916259165209,0.5194689582079537,0.6412494699662007,0.6763362339325318,0.6890894437983238,0.5674442464040443,0.49024675311600246,0.8838504601006386,0.8288935382474061,0.5961001916412728,0.8617889554914393,0.6099043045437116,0.6230271615746951,0.6688305188066413,0.8072630317816691,0.6656191202447111,0.7761319310518369,0.7200307410906217,0.7010483173679969,0.6560978428315786,0.6157522914045098,0.7275669915385661,0.6638430849499282,0.685246230686632,0.777585287232198,0.8490732671214181,0.8203952264873853,0.7322230753181392,0.8763767382768682,0.8489620849709064,0.6997132860166271,0.9212203486873689,0.8014300142311951,0.7875147203573636
jh,rest2_vs_type2,1,MentalArithmetic,Type2,26,26,951.864917,475932,478432,-0.024602141928386168,-0.08678458609808981,-0.08114760685251454,-0.011467750241320296,0.09016365147085725,0.07457651237789786,0.18674423671269125,0.022972460075447287,-0.017105408258082377,0.1162637673196496,0.13714830155032987,-0.03408884794938993,0.2634773322733759,0.0397959557603631,0.08016942194850873,0.07995637788658705,0.16124092192998196,0.004050876969062145,0.9699747895442974,0.8257422216284817,0.920626968281391,0.8964557293239781,0.8899112739196235,0.852864437752694,0.7384034421219555,0.8971201550469265,0.9175958250315798,0.9372984363498676,0.8801999781904222,0.803364455956479,0.7180375790029921,0.6751877511089931,0.6486129052264122,0.9508878139035074,0.9148938607651107,0.8040334950692214,0.9835402961508434,0.8699207854593184,0.9042534561157987,0.9752394287140712,0.8831855453157885,0.8731755336324634,0.8519772747852674,0.8683204991730293,0.8538328824566463,0.8276705720557249,0.8373052371549355,0.8389753785287186,0.8836498704516524,0.9093979245548868,0.89293069913096,0.8007105033706763,0.8097457488543712,0.709334093124288,0.9362173348571926,0.9073977931817944,0.7531239067624359,0.9555817554029576,0.8016248895869241,0.8739546830005813,0.7971834933660461,0.7691431631637549,0.8389437659779977,0.831643249338198,0.6959799187605538,0.41643616400331807,0.5584678457634299,0.6715002566197061,0.7020722733281961,0.7996792014687322,0.7036986110832604,0.7374169729293473,0.6477570107279366,0.4668796606909354,0.3277356198906054,0.9158796556663441,0.754378151822175,0.30483126091008894,0.8378357287360753,0.37002710563776625,0.6284719490323928,0.7434548072481475,0.809174960113867,0.6969009267715206,0.7587102455904502,0.6701923301954267,0.5970023475612946,0.6941437422051747,0.6183162775699762,0.7203812252526801,0.7174799946391599,0.6872640081195377,0.8141594287418232,0.8241607168193492,0.7548270411776781,0.6620797873884294,0.8793134713080003,0.7818921291373007,0.6866807067286651,0.8903948729991612,0.7892466362332801,0.8027638100976179,0.6212447953491889,0.7324586670160748,0.7157430894075044,0.7744718817922932,0.6852200101633434,0.6348089378449997,0.5672381330663516,0.5940034720552306,0.6514518547821244,0.6153239007861196,0.5821773860515043,0.7696299624454301,0.7892389221960249,0.676440213278473,0.6664139053377722,0.8654697020567658,0.8040850544086392,0.6714514290570823,0.833464951929774,0.6792165961580952,0.7331800986495197,0.7428504785289948,0.8094996403231968,0.8116045649646871,0.8183336849818772,0.79673612516576,0.6714078028848743,0.6438622376659934,0.6709795349838462,0.6688414291319621,0.6655080458911978,0.6658395622135249,0.8499515397731054,0.8503689674954329,0.8185238686130708,0.715526005824337,0.9385595027887947,0.8860311254561143,0.681084271791724,0.9197695059534453,0.704560834207728,0.7748092327904458
jh,rest2_vs_type2,1,MentalArithmetic,Type2,27,27,963.5974,481799,484299,-0.18640740753093166,-0.21896309760756516,-0.035419818144728055,0.061965485292296396,-0.01283463296102516,0.060363117164417,-0.18659099086085273,0.01549457627299855,0.03120419516331907,0.17699922442561,0.050920771165854806,0.0315328613114807,-0.5402340487450497,-0.4211628200429596,0.1203167557578384,0.2468041797720426,0.3378664271154421,0.1529855174527932,0.8130903439882444,0.8749808592682145,0.9176174827916843,0.8359614842998213,0.8193793754356076,0.5815020991412577,0.7325091437639941,0.8277363218204244,0.8477114302298498,0.875231920705748,0.7766582799352331,0.9113711606631248,0.8328687721888419,0.8012446836658731,0.5248396702645446,0.9515369013979833,0.9085144940302434,0.5720573840033,0.9386075177662693,0.6299572037195722,0.7159334276175828,0.8757834998445233,0.8755119917666466,0.8939703831070697,0.8129734380829557,0.7072392856960561,0.5488586797566735,0.674260564867364,0.7699938952044549,0.8057407886337429,0.845819705292276,0.6764486692511511,0.8509821990410057,0.6467013283955518,0.5149412308961318,0.3853602384349061,0.8875937886479242,0.7303378976762125,0.5516360265988136,0.8867430589406442,0.6814127992182633,0.7884225309858791,0.8958956420671175,0.9124634419392929,0.9497723005106504,0.93815481238414,0.8484157579300563,0.7395555987477446,0.7775362907307715,0.8539003024004528,0.9085433511050218,0.9260560325503784,0.852098727303087,0.9158528437696067,0.8367431550388076,0.7485536164527944,0.6536969134499584,0.9535254534651365,0.8695382132929453,0.7305666336794536,0.9261297299884613,0.7810638280462008,0.8979490585301341,0.8041426611903804,0.8615057143360563,0.8397587807633723,0.8512957170129779,0.7451896353736431,0.6355344566942506,0.7698543381598018,0.8306430961221101,0.8933448466383628,0.9043444763248141,0.8228192289931152,0.8364609712533366,0.7959499089023764,0.7306332817496852,0.6278166575528942,0.9329350053318011,0.8666997911226064,0.7434588313072259,0.9204375036091542,0.8030503793572291,0.8204307275107734,0.8710204688831812,0.9024234713497175,0.9037751055856672,0.864108011279585,0.8207434793983911,0.7643719801070494,0.8425727630860821,0.8540975601892562,0.8692528815818326,0.8766400962816521,0.8369748819090513,0.9399547109930243,0.8047792711348251,0.7858440982999333,0.7346271399852317,0.8459221610446197,0.8163479181709421,0.7517270575109786,0.8828340345707225,0.7791931703253591,0.8743502105834132,0.905472119382207,0.9131162379985894,0.9424476315994657,0.9312112982448875,0.9096643607044007,0.8197582785401561,0.882908150299732,0.9090901113619434,0.9347667238759597,0.9323575246747917,0.8316631927249153,0.9355263405844307,0.8996469934372175,0.8596695378967767,0.8080177338723186,0.9542042454365084,0.9135314519650236,0.8194093801800303,0.9434139624493694,0.8309691529752643,0.8605521743178969
jh,rest2_vs_type2,1,MentalArithmetic,Type2,28,28,973.705394,486853,489353,-0.02920128956296697,-0.08416178435177102,0.1330990649344308,0.02761521380478138,0.2096284740602199,-0.044076919211363474,0.15323209824043893,-0.0889270304264711,0.18026799486396516,0.026821365851471324,-0.02078648037086772,-0.011479437524028135,-0.12441902561664087,-0.68922004884441,0.1451142095564295,-0.15708452875619905,0.1809380824715201,0.023802780565426396,0.9370045098003236,0.7782407132801265,0.914342422702528,0.7903241597865589,0.8099902980898929,0.5662526031931954,0.6241610928396033,0.7974745031804682,0.7841457790471231,0.836696392359208,0.6341743834790236,0.8628117282520338,0.7019313644158844,0.6435674417659868,0.4909340930472302,0.8822728509768755,0.8104230740963886,0.5167392362584496,0.9306974352249718,0.6501404613897156,0.7443441315044864,0.8227199931412553,0.7612602638599273,0.7666018858193615,0.7238833511193665,0.7301124759608462,0.5494217514401482,0.5136130352766571,0.6063281605005629,0.6277928838607559,0.7031516578529016,0.7039566006231318,0.7236596189345498,0.5592505438154716,0.5991536917304146,0.266237716656625,0.8983863867011356,0.8070144290521287,0.46308213603176185,0.88202154120841,0.5205130983487527,0.569935490769025,0.8825274794837364,0.8992349001439133,0.9539030763097187,0.9218991444995658,0.8966501719255184,0.7750004217500435,0.7653277808449684,0.8724753394937139,0.920849610926606,0.9284211837223528,0.8046250568673347,0.8957181873042672,0.8105582766627801,0.7763144498872117,0.715362058163681,0.9501212566309488,0.9275871141735875,0.7846610203389283,0.984420462912831,0.7867918924203342,0.8206123180970527,0.7682674682207633,0.8386380677705549,0.8819757885744126,0.8694601470370186,0.8083569320215406,0.6462335198345017,0.7705613925899231,0.7728967047016059,0.7895283949195802,0.7685469511476384,0.7553932239196932,0.9146754750073011,0.8319800326640986,0.8067402777877194,0.6991286689892586,0.9446391433629665,0.9014010764086416,0.6899823089389855,0.930936527096244,0.6874654224715848,0.7615726191287309,0.7956998685559485,0.8613306845115789,0.8267586691459943,0.8602680426624217,0.8212636290848674,0.773722784034539,0.761401972727792,0.7695718566336052,0.850806738585545,0.8488641292464092,0.781917820079919,0.8726143160850921,0.8279039849084373,0.778739393401317,0.7793558076800934,0.9141373627769341,0.8554678492763754,0.7778784036161891,0.9298111087962946,0.8114413442907756,0.8551685719052782,0.8308140921652551,0.854359234864906,0.814532596092821,0.8180331324757412,0.8260121651400828,0.7007360355181204,0.8433604980650602,0.8413763779441559,0.8413812830453756,0.8372849287586448,0.7382016361929299,0.8921836482365504,0.8827894392147481,0.8872291649693161,0.7669576321544758,0.9425878134794173,0.9394632716890836,0.7630080432240933,0.9522024218444772,0.7899208797128787,0.8203867000850762
jh,rest2_vs_type2,1,MentalArithmetic,Type2,29,29,984.721513,492361,494861,-0.0810642731614104,0.12449469071624897,0.1702533471661729,0.05731186094035401,-0.051732422968932656,-0.00966670195412389,-0.002470265352972234,0.15303861415328068,0.23765486293910687,0.21222936722280572,-0.09569471143227526,0.015733868462066702,-0.0066661104491734235,-0.16394433790955976,0.2474505694251805,0.4116560885096172,0.017475670783750008,0.1473049427355222,0.9516091926396663,0.8387441403353173,0.8504767377499657,0.8098643549361948,0.7925105948328419,0.6661399366919781,0.7081159831414895,0.8344022152167246,0.8366288556920637,0.8537149328538233,0.7256848517158906,0.7313805103879976,0.6461929342808773,0.5695662746249307,0.46559838449619767,0.9685205255124268,0.9048558903359439,0.6280234979548863,0.9228188935653927,0.6297577023483732,0.769746890014255,0.8557367643112038,0.7596285465129471,0.7496443692019129,0.6764841367412234,0.6582783094284479,0.6060732446182631,0.5518870985018489,0.7179436463640535,0.7943209950309769,0.7789805960012707,0.7505390394183742,0.6390058435781127,0.40211603953759345,0.38040751641906506,0.3443834777776545,0.8321805121331936,0.7621445662335976,0.521313311506379,0.9428715283254558,0.6968447924684489,0.7615563119444063,0.8867386963039977,0.8630419352409382,0.8896184301222947,0.8609481387212592,0.759809842071643,0.6172594703887425,0.7698200081918083,0.7952974762664651,0.833347375290153,0.8536697034983206,0.7728930650108852,0.8885109247324606,0.7716012996856322,0.716432475616936,0.5752637234852688,0.9078490531993575,0.7952174325366597,0.5645189118566089,0.869749499452755,0.6079861734764197,0.7475134487219465,0.783987846033899,0.6983736201887272,0.7665556471824256,0.7914528584643199,0.627414677435691,0.5043077843188865,0.6725392367951502,0.7835390678786015,0.8388111778364541,0.7765813551575312,0.6955718609958182,0.8071594051495607,0.7005563623762312,0.637838309337661,0.5000697967295628,0.8854941070229446,0.7752028310209262,0.6408691939707087,0.856714113218586,0.6888567404866017,0.7724752936946737,0.8502803627976238,0.827500748474557,0.8745108092832348,0.8306810422313878,0.7584363780635069,0.6447424774685323,0.7763626398814074,0.841853621330068,0.8704275877714617,0.8833162061820611,0.7349014407176953,0.8364209888635431,0.7186923246327565,0.6903086349720516,0.6459522697393114,0.9015993145112928,0.7983679670049533,0.6384088974483186,0.8786626877846825,0.6356168032506664,0.7356022372350777,0.9183365247419305,0.905117620535349,0.9130093135089976,0.8946410963706912,0.8565767840466265,0.6347112567788665,0.8597350057468548,0.8911811314265001,0.9058144098687316,0.8981980175374534,0.6563483844008707,0.9261528642509435,0.8552967033375787,0.8434809701984063,0.6130910141436118,0.9244056496083475,0.8988666863336614,0.6346933242146812,0.915692812577532,0.646756880776322,0.713517298608635
jh,rest2_vs_type2,1,MentalArithmetic,Type2,30,30,996.2312,498116,500616,-0.04839199256328719,0.07933261679293313,0.08727844773549975,0.07750827670844496,0.02235231603273835,-0.015436260183993245,0.066950800795615,0.2318643797365887,0.4235726598822964,0.02881952040862945,-0.022813826994526387,-0.0821031065448734,0.05140370602101729,0.3527987791855409,0.3365203871668774,0.12285221992787854,0.07666829454910218,-0.0769138322491627,0.9814025863812682,0.8471117137165555,0.9315717850088697,0.8783868508258637,0.9011737061955466,0.8052417776785464,0.7914595585855513,0.9126522114351736,0.8835512778619852,0.9144032988895835,0.8311162397080178,0.8256428375196538,0.7514720657752316,0.7296749813164468,0.5856223457933856,0.9692735894131119,0.9611820760306171,0.7525215487596514,0.978369121628938,0.741810844327896,0.8077750251081747,0.9553437441393134,0.8955840971173608,0.8418018844939537,0.8999198944535031,0.8820300687691363,0.8191978276993898,0.8067317225609543,0.820735393890694,0.9270287694540476,0.9285791386861106,0.8854127969290204,0.8394226530794239,0.802176131900164,0.7635000368802053,0.7137300391271927,0.9058140572813024,0.8621597760915036,0.7412350666749739,0.9665917024640384,0.8571817387598301,0.91327949542344,0.9373099222533768,0.75828902951493,0.869099652892439,0.8310174906270635,0.7479314690159903,0.5103277894732334,0.6774396831742006,0.7960796305143876,0.8339857728530125,0.7777301059333603,0.630783996199563,0.7891355046397163,0.6320551065988405,0.5147475117275071,0.33923032033180944,0.8574863438677887,0.7804784552694851,0.4325029593776215,0.9106860419522517,0.5329498614330888,0.6450713533238472,0.7996189222748225,0.7243736700640382,0.7882837949523362,0.8041291635837143,0.6814097950564871,0.5105992298208473,0.6819097506097669,0.7143596559213301,0.8396291929358451,0.8015637096742744,0.6921557676763465,0.7859561962064104,0.7461615525028558,0.6416999135726581,0.41736540154495716,0.8898853987768414,0.7447956356234628,0.49291918191011497,0.846879707597352,0.6151044934190856,0.6815840350289571,0.8367194547239332,0.8525113078751735,0.8520474046745566,0.8535381973251834,0.7890323439556982,0.7149731509319264,0.7670515538731848,0.79605771238343,0.8515662575200231,0.8258882141628816,0.7584084061313189,0.8666541962447742,0.8082061141244942,0.6978197055110421,0.6459129597482961,0.9314543667168724,0.8076971096622225,0.7009209532867402,0.8820374481655981,0.7530356827765214,0.8444485459997929,0.8635116614669941,0.8732448137953452,0.8802389318725733,0.8740053544731764,0.851087850819327,0.7322656932240418,0.8402947260424922,0.8462515706214678,0.8517900162867553,0.85598355398831,0.7322240775169455,0.8959029279960603,0.8306860335699381,0.8330083814878193,0.7248611913981514,0.9271318790284228,0.9261760646082008,0.7465363387639825,0.9480776937838714,0.7574752037012789,0.8143355096365901
