subject_id,comparison,class_label,class_name,stage,epoch_index,attempt_index,onset_elapsed_s,start_sample,end_sample,ASYM_LOGRATIO__FP1__FP2__delta,ASYM_LOGRATIO__FP1__FP2__theta,ASYM_LOGRATIO__FP1__FP2__alpha,ASYM_LOGRATIO__FP1__FP2__beta_low,ASYM_LOGRATIO__FP1__FP2__beta_high,ASYM_LOGRATIO__FP1__FP2__gamma,ASYM_LOGRATIO__F3__F4__delta,ASYM_LOGRATIO__F3__F4__theta,ASYM_LOGRATIO__F3__F4__alpha,ASYM_LOGRATIO__F3__F4__beta_low,ASYM_LOGRATIO__F3__F4__beta_high,ASYM_LOGRATIO__F3__F4__gamma,ASYM_LOGRATIO__F7__F8__delta,ASYM_LOGRATIO__F7__F8__theta,ASYM_LOGRATIO__F7__F8__alpha,ASYM_LOGRATIO__F7__F8__beta_low,ASYM_LOGRATIO__F7__F8__beta_high,ASYM_LOGRATIO__F7__F8__gamma,PLV__FP1__FP2__delta,PLV__FP1__F7__delta,PLV__FP1__F3__delta,PLV__FP1__Fz__delta,PLV__FP1__F4__delta,PLV__FP1__F8__delta,PLV__FP2__F7__delta,PLV__FP2__F3__delta,PLV__FP2__Fz__delta,PLV__FP2__F4__delta,PLV__FP2__F8__delta,PLV__F7__F3__delta,PLV__F7__Fz__delta,PLV__F7__F4__delta,PLV__F7__F8__delta,PLV__F3__Fz__delta,PLV__F3__F4__delta,PLV__F3__F8__delta,PLV__Fz__F4__delta,PLV__Fz__F8__delta,PLV__F4__F8__delta,PLV__FP1__FP2__theta,PLV__FP1__F7__theta,PLV__FP1__F3__theta,PLV__FP1__Fz__theta,PLV__FP1__F4__theta,PLV__FP1__F8__theta,PLV__FP2__F7__theta,PLV__FP2__F3__theta,PLV__FP2__Fz__theta,PLV__FP2__F4__theta,PLV__FP2__F8__theta,PLV__F7__F3__theta,PLV__F7__Fz__theta,PLV__F7__F4__theta,PLV__F7__F8__theta,PLV__F3__Fz__theta,PLV__F3__F4__theta,PLV__F3__F8__theta,PLV__Fz__F4__theta,PLV__Fz__F8__theta,PLV__F4__F8__theta,PLV__FP1__FP2__alpha,PLV__FP1__F7__alpha,PLV__FP1__F3__alpha,PLV__FP1__Fz__alpha,PLV__FP1__F4__alpha,PLV__FP1__F8__alpha,PLV__FP2__F7__alpha,PLV__FP2__F3__alpha,PLV__FP2__Fz__alpha,PLV__FP2__F4__alpha,PLV__FP2__F8__alpha,PLV__F7__F3__alpha,PLV__F7__Fz__alpha,PLV__F7__F4__alpha,PLV__F7__F8__alpha,PLV__F3__Fz__alpha,PLV__F3__F4__alpha,PLV__F3__F8__alpha,PLV__Fz__F4__alpha,PLV__Fz__F8__alpha,PLV__F4__F8__alpha,PLV__FP1__FP2__beta_low,PLV__FP1__F7__beta_low,PLV__FP1__F3__beta_low,PLV__FP1__Fz__beta_low,PLV__FP1__F4__beta_low,PLV__FP1__F8__beta_low,PLV__FP2__F7__beta_low,PLV__FP2__F3__beta_low,PLV__FP2__Fz__beta_low,PLV__FP2__F4__beta_low,PLV__FP2__F8__beta_low,PLV__F7__F3__beta_low,PLV__F7__Fz__beta_low,PLV__F7__F4__beta_low,PLV__F7__F8__beta_low,PLV__F3__Fz__beta_low,PLV__F3__F4__beta_low,PLV__F3__F8__beta_low,PLV__Fz__F4__beta_low,PLV__Fz__F8__beta_low,PLV__F4__F8__beta_low,PLV__FP1__FP2__beta_high,PLV__FP1__F7__beta_high,PLV__FP1__F3__beta_high,PLV__FP1__Fz__beta_high,PLV__FP1__F4__beta_high,PLV__FP1__F8__beta_high,PLV__FP2__F7__beta_high,PLV__FP2__F3__beta_high,PLV__FP2__Fz__beta_high,PLV__FP2__F4__beta_high,PLV__FP2__F8__beta_high,PLV__F7__F3__beta_high,PLV__F7__Fz__beta_high,PLV__F7__F4__beta_high,PLV__F7__F8__beta_high,PLV__F3__Fz__beta_high,PLV__F3__F4__beta_high,PLV__F3__F8__beta_high,PLV__Fz__F4__beta_high,PLV__Fz__F8__beta_high,PLV__F4__F8__beta_high,PLV__FP1__FP2__gamma,PLV__FP1__F7__gamma,PLV__FP1__F3__gamma,PLV__FP1__Fz__gamma,PLV__FP1__F4__gamma,PLV__FP1__F8__gamma,PLV__FP2__F7__gamma,PLV__FP2__F3__gamma,PLV__FP2__Fz__gamma,PLV__FP2__F4__gamma,PLV__FP2__F8__gamma,PLV__F7__F3__gamma,PLV__F7__Fz__gamma,PLV__F7__F4__gamma,PLV__F7__F8__gamma,PLV__F3__Fz__gamma,PLV__F3__F4__gamma,PLV__F3__F8__gamma,PLV__Fz__F4__gamma,PLV__Fz__F8__gamma,PLV__F4__F8__gamma
lin,rest1_vs_type1,0,Rest,Rest1,1,0,0.0014289999999999,1,2501,-0.22424510299668565,-0.10329950541816935,-0.2803192826794829,-0.11207088470031534,-0.12545153243249407,-0.016147118579257658,0.4343004222106428,0.4323351326269882,-0.34420401172033266,0.7664027403491147,0.615294943792446,0.886192824496792,-0.5977988980837656,-0.19489403984614073,-0.9628332591341278,-0.4500872634533093,-0.6865000126343617,-0.11742810111631252,0.9322272670940411,0.8678263887682908,0.9377821789282701,0.8708937869309075,0.724986845749641,0.8203001401279334,0.7442975867627641,0.8552434723573786,0.8602983013475928,0.730581849386405,0.8999604924391732,0.8850093094426266,0.7669838493630652,0.6127078347515958,0.6490084706042004,0.9451134933802013,0.8062269879870311,0.7783960075679225,0.8115482153173412,0.8207778835187342,0.7408725825495877,0.9068149630896699,0.7677555099248192,0.7906767982133243,0.8132441969170713,0.6012471728725339,0.6934200549608582,0.6084768850288307,0.6796486334779293,0.7987167037917153,0.7011975366086819,0.8324171350673211,0.8613180168688768,0.7371893453226875,0.4664560273206885,0.47919486283919704,0.8495236361602246,0.6225201062039335,0.5779227166271429,0.7227759982293845,0.7126595385077511,0.7453174941910912,0.855590375765561,0.8923707472985556,0.8157610985191012,0.7985617206476489,0.4514046940204389,0.657024015750572,0.794415622872263,0.749227231091945,0.8418026068626003,0.38678780788904554,0.7769356200492236,0.8515017261345555,0.7600866404340306,0.4131056380917964,0.5632584504827928,0.8332673340700827,0.4092398735790729,0.5846568152207433,0.4720343711370482,0.7244486690177382,0.441267733461173,0.8085600192607468,0.8458506861732203,0.797780166248194,0.767536263719168,0.5419687866529208,0.6767258350583288,0.6956445139647901,0.7509422380353428,0.8141038310735256,0.6330115434031353,0.837479124210085,0.8201716152793584,0.6912310103445887,0.5696034644957793,0.5470231528122185,0.871960942973823,0.6206941817469586,0.6304000028829352,0.6416688148258296,0.7256255210725977,0.5354853179055483,0.751535456802656,0.727944908390583,0.717775987421457,0.7547506237750828,0.5254115646815488,0.523583992548922,0.5597061048534754,0.5909743730949092,0.7228481598971508,0.5109277311824567,0.7096134365295722,0.6564289993816763,0.5473714959825401,0.41210920260183553,0.4207943773240016,0.7836012416820847,0.5282173376868703,0.3691165026726238,0.5399428723658479,0.5066795631603705,0.5248857173167685,0.7804948911675786,0.6846218558507291,0.5956284995547749,0.6946430058155545,0.3031722977297987,0.5664663797344737,0.5248625557503692,0.587945581512485,0.7275483752224213,0.3505233446655218,0.7464302923545104,0.5829454889477065,0.5003261698869694,0.1477805856205361,0.4378143689834656,0.6544852825305607,0.27311283034586514,0.41597043516569077,0.3479804823550042,0.5265679128380688,0.3090725061029985
lin,rest1_vs_type1,0,Rest,Rest1,2,0,5.003688,2502,5002,-0.006436919989163847,-0.04349748410223597,0.024378709488845907,-0.2315494956965285,-0.08654385103121776,-0.026020542304467487,0.26117723711952134,0.05575285917141404,0.0004591260507784689,-0.03963018550087272,0.2410478650097594,0.43213471779029944,0.3101377648148187,0.2264797252691193,-0.1631732967667796,-0.6235377133254585,-0.400334721325742,-0.42494447494341303,0.9796002691184165,0.9099573677241316,0.9129067900486735,0.9206366749312751,0.910202329803156,0.8522650013067998,0.8800331230392905,0.9073617346908242,0.9394053221447639,0.9291096034608988,0.8832126339853198,0.9392530897242558,0.8801836256452034,0.8713242702262154,0.8558156725636861,0.9667075159623089,0.9509185123403184,0.8864104240320051,0.980621312716056,0.8852711399707694,0.9161644610253881,0.919863431481308,0.8713749134221768,0.8500208872116665,0.7556134984941578,0.7531449112072927,0.7444519447334651,0.7858378391329,0.809845212991716,0.8094861083623968,0.8546764798051175,0.8542513852425855,0.8253308936395197,0.6910025371874994,0.6891967317515714,0.653967323694109,0.9045242958795162,0.7814507912143188,0.6413756717275992,0.8179016067373602,0.6698245742756147,0.867259666807981,0.8676929487599827,0.6982561669616343,0.6796148755897136,0.7461903976740173,0.5545876647171015,0.578944827228156,0.5634562225857398,0.6281380339936512,0.8069454580876451,0.7107454021672241,0.7398563540530194,0.7072594061842192,0.5528445801461268,0.3930866106768036,0.33256749237157435,0.7486390745365402,0.5901638399269584,0.4651766398382938,0.7793996363071084,0.6034446692948869,0.7428649880082747,0.8375935572375648,0.7927193879455455,0.8011968485600971,0.7644177560640563,0.5961092685357215,0.7422055918383945,0.675992815185906,0.7219735819676276,0.7979281486164931,0.6685362484586266,0.8025340281021889,0.8065217236736971,0.6862718268758524,0.4867697968358944,0.5594464811848809,0.8391221756122622,0.6050079062800577,0.5960678667191218,0.6831252192478987,0.6040228563702315,0.6262940586590238,0.7405968237408184,0.7321594659285419,0.6768537695596782,0.7350930279115061,0.49002380010974134,0.49076324029560964,0.566890251793813,0.5685915860634673,0.7102671564279769,0.6184822354356112,0.7565173009255542,0.6987277200195705,0.6602348013051649,0.4930596112580566,0.3906655336261151,0.7445842440341407,0.4459167510361831,0.338613649538508,0.6091026953585992,0.516323779708588,0.5982447320292846,0.703302772679075,0.6235555746040529,0.6723421134327902,0.6636817852956465,0.33266331798741455,0.6034038881298901,0.5929286609236122,0.6848929540266212,0.7746983498301013,0.47707629291852477,0.7302292800410322,0.5701974740613474,0.5422578877774322,0.2990836662408058,0.5126622400069847,0.7486340567242474,0.3379052607756578,0.575093100612586,0.45268718218531623,0.5950293275729183,0.4768500734882166
lin,rest1_vs_type1,0,Rest,Rest1,3,0,10.006501,5003,7503,0.031687279749745834,-0.18140773644671437,-0.2574734136441399,-0.27269977446480054,-0.1538246109209187,-0.26081623601403225,0.011332069372250508,-0.12746700953525236,-0.016655185456236676,-0.01237765526632062,0.3085615096516623,0.5232431737668943,0.09941176938395468,-0.4885825492457929,-0.5314039017813501,-0.5588841534105387,-0.500030685570308,-0.45404830401468643,0.7808498751874102,0.7219084058569388,0.7269417392865167,0.7136957753612038,0.5777882842645147,0.5052923268055933,0.5154167558279279,0.6416188716049565,0.8034623102943127,0.8563423729868954,0.7226776824590606,0.7134634738543908,0.5958427025387573,0.4972138659312712,0.50874919523311,0.8972917051639139,0.5612265706721355,0.4149889672132036,0.7157362982287018,0.5519524796305451,0.8245393007953647,0.794985943494916,0.8506885633289292,0.8704674132085073,0.801868451936153,0.5512506261066967,0.5225070258020198,0.6614450252083547,0.6585052153892396,0.7634784823640844,0.6973823726664518,0.7436391736007484,0.8937511547439794,0.7925238915712551,0.6238490236151806,0.4775394628333238,0.7978194723833577,0.5575550874953009,0.44283444091991647,0.7079453930122226,0.5542799835777376,0.7540894470517382,0.729049385690319,0.722121863525035,0.7594696678728783,0.753518452908512,0.5125503246233267,0.5379717660679976,0.4728865898002069,0.6091247026882188,0.8471915199763277,0.7419384656283549,0.8194749265053028,0.8056383227284943,0.5659625618653399,0.35553537958904846,0.3636563656177374,0.7740222608556642,0.5027116553421026,0.5277763844587495,0.6715171913819378,0.70204580585652,0.7207810626024548,0.8317704246494831,0.8673013834787826,0.8088378317529012,0.8071488681070288,0.5296542823889685,0.6941639272895189,0.7441248213722359,0.7190037896290784,0.8562891862425237,0.6885294858376086,0.7646368714690974,0.8112768231879987,0.7215300150186637,0.42401223815201877,0.5898880708591845,0.7906978649016859,0.4288577196797159,0.5539992310421138,0.6242417704851141,0.6830240164145477,0.6164975419120228,0.7898262273393144,0.6475585797685646,0.7022239140602593,0.6658344086544989,0.461984391728832,0.5105955876482272,0.6238117250783268,0.6895405787815129,0.7428361425424022,0.5560690898393141,0.6315500914565823,0.7332457856503571,0.6253132902757165,0.43126209224555173,0.44631732097893556,0.7442421721184886,0.5646547948856341,0.460764467074437,0.5810902625265444,0.5434640762370683,0.5557508501980302,0.6871318763992567,0.5419918804843065,0.4715029265049136,0.5988427428710397,0.25560479475116943,0.42626850738644484,0.513575462512033,0.43633698873312127,0.7009639956007008,0.3959526606159157,0.6118252091196325,0.5786215230827654,0.4538084310698048,0.19861543081473582,0.3474323629294144,0.5770825404670854,0.2338347824311359,0.22983167843921934,0.34452388695111025,0.5206785276648811,0.4483532808773539
lin,rest1_vs_type1,0,Rest,Rest1,4,0,15.028737,7514,10014,-0.1085515442576166,0.030397287096711523,-0.016112014423779186,-0.060759203156484975,0.050789118150779355,-0.052046343497233805,-0.05266094918844688,-0.39928550570065235,-0.10762300057676466,-0.2867032023432321,0.318336137961301,0.34079297988958057,-0.2653927186338674,-0.4910522855460404,-0.19994617108215174,-0.3769447251048885,-0.0612472392713741,-0.14189200706031047,0.8065845218279133,0.9522093383743269,0.8530869468817108,0.7648933151327579,0.7536298394557759,0.6090225630718835,0.6768021120134067,0.6577521718080171,0.6734001730463834,0.8082685987610071,0.853258707005137,0.8890369323167321,0.7654101883399225,0.6858834642096606,0.45927123719040414,0.920728172770213,0.8099255789629347,0.4723656378399049,0.8517699889401078,0.4926426729187811,0.733280546309352,0.7863468316004225,0.697758981830929,0.7338742828980549,0.7541749146548158,0.6203316755606331,0.5209419514095428,0.5483467776203119,0.6266614471515073,0.8038553276705045,0.8332019802739399,0.7190268090834935,0.8153735852892795,0.6217103239475192,0.5502862358873307,0.544603240556823,0.7861079865104779,0.6888489962459098,0.5391819306682444,0.8052907169839517,0.5878863376395462,0.7684144833680298,0.9388191421271865,0.835139683977689,0.8115329763969181,0.8727478038143021,0.7262546799758288,0.6995360284373026,0.788399803573813,0.7922607514868902,0.9049528376951027,0.7772676088012134,0.7595326299873373,0.8605397427265475,0.7732252380901816,0.6960448029941618,0.6587555105397264,0.8876516249584608,0.7839310910800865,0.6752567631202444,0.8665008964730897,0.7784616473598608,0.8567409996851708,0.8171579195429632,0.8884387189330669,0.8214315011346309,0.8193495227952521,0.659942767094948,0.6111385329950799,0.7307403972746297,0.7257147689869498,0.8614135925976752,0.8033536926981419,0.8158164476779911,0.8523229129852108,0.740766607580773,0.5429047224113249,0.5159939166847066,0.8457323519541665,0.5810558057574451,0.5263461562277985,0.7708059725143747,0.6986787600252643,0.8444279689380629,0.8075215187938458,0.7283985027515958,0.6852609110488375,0.6822656958919744,0.6453991306946907,0.6244846791262849,0.6180969635825971,0.636735092006151,0.7492924782758587,0.7606631982153629,0.7519840257995446,0.6646623938160069,0.580753204554058,0.48242380832718196,0.4592518738643377,0.7640940708377653,0.64445348052643,0.510735777528077,0.7160449420709709,0.6364171209891287,0.686537249661306,0.7596215112605078,0.661288127685182,0.6181106012228312,0.685540816685649,0.4538721252792587,0.4572520928967316,0.5255349214972864,0.49148239666432647,0.7163265267070321,0.5079739811978415,0.5921796410667378,0.593665776069589,0.5554231268616285,0.3784645870360464,0.4027106136358637,0.607939700526837,0.35456292051269384,0.34895027300365083,0.5098306572663086,0.4654247818144301,0.5047813774623604
lin,rest1_vs_type1,0,Rest,Rest1,5,0,20.052669,10026,12526,-0.0803541999783981,-0.032237981657433856,0.08067812558195442,0.17868319034342495,0.16849785666690797,-0.08405671649847157,0.12183842567376368,0.12372054481187522,0.24686189287417104,0.13808044478474812,-0.2249355462559668,-0.32183442985348654,-0.011562601476678314,-0.4579389195600201,0.07656766726980635,0.11224847844734054,-0.32796109558655284,-0.5471886731731505,0.9540095553985216,0.9352719007878967,0.8129803805580293,0.8443646584774108,0.9263892554154706,0.9190415689155021,0.935545436423718,0.8467826303455203,0.8604359235205596,0.9324865485246376,0.9523761793745762,0.851252630623181,0.8425629497390694,0.9248727572716313,0.919574663662617,0.8874074684892249,0.8498799705632437,0.7940932140675201,0.9032013289933026,0.8071213986934322,0.9163911194862537,0.8306880106639525,0.7863010568023675,0.8105024730862489,0.7951235023044373,0.6744392939563859,0.6119212115504662,0.5992361318579985,0.6453376540239316,0.7172828804634632,0.8221895565818854,0.8065406967573715,0.8432941475285181,0.7677070536206475,0.47446422787531534,0.3860758504384142,0.9018484138204346,0.5784453729010206,0.4569548107439832,0.7492293122293521,0.5491774350317662,0.81751104646857,0.8593990295131446,0.8223156952037386,0.7466870172828762,0.8205351546482682,0.6061290313737553,0.4956670033766316,0.6131805029908035,0.7258275528295904,0.8793946395915471,0.7876347899868829,0.71733745028065,0.7312047645754185,0.5927500016630246,0.3873990655076314,0.2811714545146517,0.7441705814248761,0.5905324980560452,0.44125136335257154,0.6954788524238058,0.5833802388719864,0.8071841738204726,0.8372749690129989,0.7412591338814851,0.7978974149003261,0.8384729425923022,0.5861441344099485,0.5474362625528878,0.6198000433352963,0.651632305020424,0.804823647540524,0.7001615026026802,0.6766488180867171,0.6761963419491671,0.612214234125608,0.4032000351643606,0.42084384857334506,0.7435965562892084,0.4265315848012047,0.4000944113659457,0.6353831196646469,0.5534418464769602,0.6135445659719124,0.5814615336746042,0.8112737250982439,0.5420553884005678,0.6347632104148081,0.30330417395726667,0.37217876541587763,0.4170375277105686,0.308212641557386,0.5489072646514849,0.49023841645464555,0.626085200365113,0.5805936375887618,0.5415136942613448,0.3010129938474823,0.28987116619856584,0.5661893302785667,0.1764552051278797,0.15507362070272396,0.46210421390406864,0.35326395620076356,0.489037311730802,0.8097154029310685,0.7578824187929635,0.5223045478061449,0.7106756964909658,0.3892241297643423,0.5854285362196229,0.7069517715149707,0.45304891708141065,0.7318292321083438,0.43925043052156465,0.6676187164112133,0.4442439148018738,0.6137390700007548,0.26875335139185735,0.5522245514743152,0.4572816089473557,0.25230770295262667,0.3672213765663916,0.4214926372695574,0.5746588057968272,0.44266742336845766
lin,rest1_vs_type1,0,Rest,Rest1,6,0,25.059896,12530,15030,0.06950547412178398,0.05733838130779301,-0.1431742725090852,0.19605480662380437,-0.07925996870996732,-0.11088025584094008,-0.07973548073507164,0.0017760643503463847,-0.28441917709290543,0.07702072914452618,-0.25871194529170394,-0.1800642698026116,-0.42942752843126675,-0.17562801767358938,-0.5274916401943308,0.1371025194299691,-0.4703010589915104,-0.685017161383433,0.8660349615918258,0.8279833410042476,0.9218810962526517,0.9229376824873494,0.8981341311160648,0.732184156168483,0.6139554226641987,0.8174396877838606,0.9226978754366792,0.9315400711742329,0.897273791457224,0.8463199012456303,0.722359086624879,0.7126407067992409,0.4926844598988248,0.9288278629144504,0.8760800240591878,0.6734842827683056,0.9446905816488845,0.7817072639122182,0.8673776765543368,0.7590587591189202,0.6497905285846894,0.7390334249499605,0.7236210944016709,0.5836925823050894,0.46393986186447617,0.48513688681638356,0.5589275438658908,0.7846590136431109,0.8553706386151766,0.7672753093694805,0.8211694475540167,0.6012257998796889,0.46784916007734495,0.3822480694923608,0.7853521506434613,0.5719020125641773,0.4283305355599159,0.7663709493036882,0.6325898259225983,0.8184471126536069,0.8575136801088408,0.8564168393359908,0.8228273291030227,0.8021748323247825,0.5957887784002529,0.5150005975794423,0.6978026813955441,0.6936109330861409,0.7895510363568139,0.7623030263224151,0.7261757267035541,0.8160815265922092,0.6988580110608745,0.4735556995440784,0.43013680658448944,0.8383215449194289,0.5526618088725014,0.41910085655277607,0.7638553441256644,0.5466053964768003,0.7858101427796275,0.8589250266337035,0.746652449056877,0.7759334322574868,0.7961105761792076,0.6314403273340873,0.5901085222047631,0.6150843985292097,0.6699959013713778,0.7735180341539429,0.7527266149896099,0.7593523629611083,0.7468299933340304,0.6133499856460044,0.4592069567447195,0.39872621217827625,0.7365063648847704,0.5969341898405292,0.4713937985501813,0.7052837550008273,0.5586437698768865,0.7472649902062946,0.7953704435735213,0.7756270022410539,0.6745183545460093,0.7378291581387122,0.5889648654945382,0.5329396764726435,0.5805303071455922,0.5311733507629107,0.6948645290386567,0.6948247003112066,0.7058411838384402,0.7356852042642145,0.6445435944077906,0.4662692604426105,0.3797122561504352,0.662485798984745,0.536722937615093,0.36226250702284307,0.7006637753078457,0.49140351072994487,0.6492668072995811,0.8156842606828822,0.7726361180458546,0.6302830200802866,0.7406898505055814,0.6119169535656426,0.6656670288527912,0.6856711976299122,0.5838171948344899,0.7874882814626383,0.650815619560754,0.7500274924652925,0.6602113833579455,0.6106282740391068,0.48673644894321116,0.54861893257564,0.5915962221373534,0.4589122944372041,0.5075291973400249,0.6417289927543061,0.6630643622107043,0.6135812955621263
lin,rest1_vs_type1,0,Rest,Rest1,7,0,30.069779,15035,17535,-0.15754867090421198,-0.12056423098344737,-0.06588122147807507,0.0067766703887954804,-0.254994449098334,-0.07348771561699885,-0.19200468048564057,-0.24406444040317332,-0.08505660679943716,0.09088914481838462,-0.2185038700669737,-0.02993722613451366,-0.31626455981923063,-0.37347576492678636,-0.2307132523722326,-0.6375908304452131,-0.9887409945869157,-0.5664523392179366,0.6753642860890219,0.5876030580240656,0.6936552734815068,0.7587181154139748,0.6629166718343037,0.4296194151038189,0.2025531380204453,0.3460232901622279,0.6511204727727683,0.6540176121441407,0.5037631860927443,0.8309100200657623,0.4587565453200078,0.3541586249371648,0.3203222244563749,0.6638524401427717,0.3114038005232086,0.16692274488544656,0.546481532561492,0.3124011233194791,0.7913603231879827,0.9428771987624677,0.8553955449176887,0.8309209728520789,0.8212518307558083,0.7654489010676176,0.5977951080980993,0.7654747008992536,0.7694617623833765,0.7934048181110845,0.8189729223890565,0.7079359147799161,0.9164705992192351,0.815708737390877,0.8097038626088673,0.6001242967744673,0.9388888120806819,0.8496811525742205,0.6611727979307912,0.8221381327556989,0.6503770751103923,0.8127941087254736,0.9155633355606904,0.7615173326912817,0.8211055341202523,0.8574840312199752,0.7362030532835742,0.705327467119947,0.6567065915443926,0.7427952626389248,0.8851780729025932,0.8627921796697829,0.8494487691556183,0.8926331922359078,0.7138812997591131,0.576370360638897,0.5145905993974978,0.8318370786754804,0.6683949961410464,0.5888158836322889,0.815529528329027,0.7697127763978732,0.9266728562832054,0.8832357154518421,0.7944339598148651,0.837134762050067,0.9011263862394511,0.684308880196732,0.6397455730116847,0.7176013546335243,0.7379453507551795,0.9237862313689581,0.8107854876612861,0.7518166256718941,0.8023568386623878,0.6827773908585809,0.5332666324035326,0.5835396904439005,0.7919743926814499,0.6410457279979626,0.5602691574128414,0.8237982229111028,0.7123199915723921,0.6728731948929035,0.7023842902975773,0.7491688823730672,0.7247684797632401,0.7481667950537904,0.4604048787745376,0.420830102426534,0.5632163645565184,0.5587366905029952,0.7740793382102684,0.7094596444157277,0.6890292045557813,0.7429142333070647,0.6305616831923897,0.36870160514496064,0.330856262822105,0.6983042526112592,0.4238842938394859,0.31932098404532355,0.6153878463419972,0.5773121337664102,0.6689041026420028,0.8468760566290581,0.7476395275634119,0.6925356961097471,0.6762010319119425,0.5409701479855916,0.5701506342505854,0.6333769308104751,0.6488339643854015,0.6445822389457161,0.560727626297017,0.6777542406748689,0.6692696332386666,0.5846692019049804,0.4908390834779578,0.48158581897754316,0.6787888354584406,0.5304584312136956,0.48745727991572585,0.5592632190372318,0.49418219016110526,0.5630731881794347
lin,rest1_vs_type1,0,Rest,Rest1,8,0,35.070532,17535,20035,0.07205722710749018,-0.15423055183490808,-0.06770443257449044,-0.038378201476789275,0.09064957197281442,0.009347627205996245,0.03195604757814152,-0.10786481348365262,0.008508338136679061,-0.04557371565695867,0.34533304979840085,0.3679856690746113,0.13168851682196303,-0.6343183626498288,-0.39917249622876305,-0.6646980449075213,-0.5088686140908245,-0.6476095092480776,0.9196033415518607,0.7605314581715443,0.7287030691114754,0.7541548389888996,0.7609716037354252,0.6484219011456545,0.6484010940515561,0.6542795802853838,0.73230879430203,0.8696280146898695,0.8007506347081457,0.5794177136747917,0.5220492709084352,0.5093373653725233,0.5096468878591648,0.8040023939208365,0.6357859510262178,0.4259254466229031,0.733639149364782,0.5445765754219536,0.7700858100509261,0.7840820694255746,0.8210483395794126,0.8086677581033134,0.8026373649637709,0.6542882387926136,0.5231703711366447,0.5582945297999298,0.5867498078063769,0.8400572513174929,0.8749665837146569,0.7942218249113113,0.89260942489587,0.6430735339957563,0.48588667268093183,0.309295496146834,0.7620114043222149,0.5684217963098039,0.34674884635209685,0.8428219804649462,0.6407658122952532,0.8453312609518056,0.9260653830372374,0.7792574154904572,0.7007910570040486,0.8575266133472905,0.6792431318487494,0.6714666445532179,0.6450159775199965,0.6553748974232991,0.8730925681985953,0.7254097017451615,0.7839843008123155,0.7808462216014177,0.6832027163253885,0.5429660798308585,0.45623206091720214,0.7720703204402484,0.6474937472840291,0.555574427884062,0.7761156994975619,0.7388967464585335,0.8654728311305555,0.7687947653242402,0.7639318249878821,0.7193435052525257,0.7001218830042528,0.40838817529957466,0.4932726046153902,0.5488175917029291,0.5034886265385387,0.637416093516875,0.48576315110881335,0.6656030915867807,0.7307524199643973,0.5545193917744329,0.4132004498413824,0.36746274517921557,0.7012909500928731,0.5097218026592846,0.39542758408452094,0.588158061478763,0.43762033235583647,0.467277122203327,0.7337482005193781,0.6509981741079311,0.6852431879820181,0.7565887721746402,0.38400237132727666,0.4295308720595694,0.4359882992441036,0.6607764057704824,0.7810050736254935,0.544057476752895,0.6035253034252157,0.6406911399355049,0.5284853136910028,0.22879082626024738,0.20540788257357367,0.778759644446346,0.4085959521428667,0.38144532571001144,0.509191800764586,0.4487759873229855,0.4217908899695541,0.6999314299552193,0.7565458510274121,0.6401379771089648,0.7470572677365505,0.2922953710286915,0.5368858777783329,0.5131184024243007,0.4168145330594804,0.649714756635239,0.30921622867545295,0.6023279812751822,0.7343605787199241,0.6256687477082005,0.21326413684570364,0.4391748645808647,0.6355297580186415,0.2309079204530231,0.4483478907536568,0.38810698455675874,0.5426791923226146,0.33063269386212735
lin,rest1_vs_type1,0,Rest,Rest1,9,0,40.100638,20050,22550,0.3083445762761916,-0.23414230335696073,0.10845533489619541,-0.008341443927891934,0.09761760150978249,-0.07889144233349099,0.6468246321271431,-0.5216435332029592,0.29848987177252306,-0.020650277316393684,0.27759446366342155,0.4997939560310607,0.6862204331261426,-0.7985809436237168,0.2162438126779489,-0.4495504314231864,-0.025007867195627753,-0.4505001883470974,0.836422414265209,0.7734599196528361,0.8100180597728474,0.7483605602338173,0.693242153052631,0.7284003623845354,0.5577708143800375,0.8134390562963757,0.8681919447049581,0.9202434570515623,0.9392109412626366,0.6717923677393627,0.5117793567148318,0.4252020356491704,0.4768221377645065,0.9100326979753028,0.8024247658940993,0.7767582702049447,0.9013685385239845,0.8357995182862983,0.940095734491384,0.8259719762604207,0.8133122705916704,0.8876199731498596,0.8928937503999004,0.7794509975329168,0.5180275696450116,0.6660478458048982,0.7420873239498871,0.7868416640950662,0.8200084271227243,0.7263989784389655,0.8580209664705838,0.7432286415864694,0.6472236164555358,0.43449948822581236,0.9249911097122762,0.8183526369197308,0.463540790601535,0.8760147746077691,0.5375587136358134,0.6684601653679181,0.8952284424672082,0.7740500578309732,0.7830515471207682,0.921937437254631,0.7118586927517848,0.7223977614910726,0.6270250051489322,0.6457847427739047,0.8470787019002511,0.8103894104929097,0.8194617428626376,0.9006933550516719,0.753466170969486,0.491161470647346,0.4449666763486575,0.8338018271789617,0.5858861433431909,0.508849191770198,0.7847066054013939,0.7264699109236398,0.8560351416565085,0.7506730567043733,0.7742483858638234,0.8055835229552392,0.7476947475863034,0.5638028141299453,0.5871849548732795,0.5226888321395728,0.6338999093687708,0.7286687914378859,0.695004173300767,0.7526525855197077,0.7897338805442256,0.5766652111940973,0.4088087123730895,0.43151374993643754,0.8079721411537986,0.5573908481171739,0.533608535311652,0.6897945423758496,0.5678965932293182,0.6503490741261982,0.6945561837218122,0.6428770816374537,0.6775116785599147,0.7103455724207031,0.4590798305115342,0.5191320361286432,0.4445119935037178,0.5819618659123552,0.6966665554581699,0.6990610402426118,0.7629065107769826,0.6810202435722293,0.5415976328017781,0.3320204109180337,0.35464025297379076,0.7672980803251495,0.38575382323384944,0.4619270759546652,0.5695667270765786,0.5897731080361149,0.7075327303674483,0.7378037346555097,0.7460129238134411,0.7261789713783651,0.7381458180360346,0.4636326448673959,0.5595598335535061,0.5405255960177795,0.6295268683182841,0.6939485285702961,0.44639710892414153,0.7018952887658322,0.6661345282176472,0.5948196705302986,0.388636307388084,0.44533130908931645,0.6983819707871327,0.42719604693348795,0.4886418274212738,0.5790566188607493,0.5597851235252921,0.4495769518439835
lin,rest1_vs_type1,0,Rest,Rest1,10,0,45.102142,22551,25051,0.2134294373659742,-0.14215504579185145,-0.09179308187765489,0.1652765825461051,-0.09665504302818873,0.22028687085833676,0.22400035629176296,-0.3691877183557555,-0.1149853643303187,0.348515029244465,-0.10008335266968338,0.5839978613344932,-0.02303877175935254,-0.7367944212850337,-0.395786328106281,0.03434452597841697,-0.6578867882627399,-0.5165520556023845,0.8900834716407432,0.8508324491475836,0.8684173654515601,0.7366861452836442,0.794200167506972,0.7897979426032394,0.7095148713004923,0.8820190533470386,0.840669036859187,0.8878431430067334,0.835964987026906,0.8513129896958458,0.5528746305963957,0.5631844403026358,0.6885293684335985,0.7660951718287394,0.7570972065174859,0.8110733620412609,0.8625309865025078,0.7060187896396724,0.8361612042418958,0.8915133353870291,0.7153723909665511,0.7654829408926352,0.8193740556483639,0.8309609638680522,0.7224900515943802,0.6062761220290883,0.7395457483221155,0.8567563564678968,0.9084983436134999,0.8468282139636386,0.8464847758705613,0.7123147892661698,0.6021033322526355,0.542789135923892,0.8700497485288182,0.7201425051870074,0.6712377089981442,0.8454308410076127,0.7296294341666982,0.8798489102405945,0.9282783195479599,0.872883635868998,0.77617537690857,0.8486406390887029,0.5174632282339112,0.4789162654802024,0.7862851642937801,0.748719633134002,0.8942466765247583,0.6558020440042496,0.6378961562526398,0.8469484334496764,0.7842039599454033,0.48725431723366563,0.4168554047148108,0.8461338574611389,0.636308792800905,0.4872080521839763,0.720234490482514,0.6160011379181022,0.8195333739844909,0.7822542717456429,0.6708377703662467,0.7998334642569583,0.7446529076248944,0.6118929676499086,0.5340099175892411,0.3845073783313252,0.643471447695082,0.8365086370488575,0.7117711945290403,0.7949859237452299,0.7204844651377462,0.4674003904364787,0.43659448322271216,0.22977225886422395,0.7192811315701192,0.5716606664082083,0.45357126868429803,0.7186959387137857,0.6676106994599823,0.6553634425456129,0.7924506343010042,0.7886693611551221,0.7893990160253483,0.777081772794314,0.45599547684819874,0.5013442988927742,0.6239372259391273,0.6802840858494626,0.748355150427081,0.514451685828216,0.6163402545934047,0.7275363237293709,0.6808048395869369,0.36517044650003155,0.37200408737360263,0.8287352952120384,0.46087533749854415,0.46531447241684726,0.5483972771733701,0.5450107443579761,0.5344464262104878,0.7739496168424006,0.5221601996131987,0.6476544185997796,0.7556131643205493,0.4204232451860018,0.5573320966414151,0.4645585149831831,0.47508899752050543,0.7123891773685195,0.409480100094985,0.6735926715308845,0.5334341760775805,0.4978419716565637,0.2858982876362865,0.2957188946752187,0.6621874049998429,0.3997166292506304,0.3313795894731657,0.45497435172874007,0.6088378335773534,0.46481965890995913
lin,rest1_vs_type1,0,Rest,Rest1,11,0,50.107744,25054,27554,-0.02952762652025198,0.015350151394939449,-0.05057740539605726,0.010940909367122664,0.512696599074296,0.037197555822898076,0.2543264455108831,0.03695748310173341,0.22504827750436052,0.37738408678407653,0.5894344703023056,0.9288395610025175,-0.10578566456927652,-0.2913145984120047,-0.15769821483698543,-0.5063404293108646,-0.08783583538740891,-0.6699561564982078,0.906807148755192,0.9113846408565456,0.8892191607421571,0.9134021628922921,0.7638097536354969,0.8361954129483431,0.8054397858985025,0.8052244543391779,0.9164917975003308,0.76880417517588,0.9333690110585349,0.9348342561787955,0.8457343798212201,0.7296839142399171,0.7929936447867983,0.8767267337851194,0.7566555664496443,0.7900391997822214,0.8197521746377467,0.897354660381691,0.7952147800971396,0.9348191778586827,0.8260548958137424,0.8608564107220006,0.9145462117942483,0.8355161821050822,0.7373876475643897,0.7386078400988596,0.7870449452589698,0.891187530236519,0.8307419105324585,0.8020350767346572,0.8866649007865532,0.8320790414902772,0.709363251194344,0.5905935483759158,0.9155109771969586,0.7835629756954632,0.6565509488170493,0.8770410357536954,0.7251445994438156,0.7649355276602606,0.8401608913180355,0.7480161513774563,0.7240209193310929,0.841114275042876,0.5703016307471003,0.6243747823271278,0.6300613778961226,0.6591455930251954,0.8430279937372295,0.6672641642761937,0.7758743032179546,0.7686922721879098,0.5383205894894431,0.3340712972893906,0.4360794490401637,0.7194839312026576,0.5495394481744872,0.603715205825611,0.7379115098958922,0.7094544380760089,0.8568888197854164,0.7229991585953088,0.7066204373485434,0.8229227717876816,0.7125704464021623,0.5944073424996207,0.4907023955577129,0.42037796660980675,0.6954633472886308,0.7199784129524056,0.5970565150456723,0.6728197276727367,0.6666410706292654,0.45368798276967737,0.33717533042456427,0.263945469356264,0.7701413110660694,0.5143385390075084,0.493691354737509,0.6076930086497775,0.6098173314824319,0.6274613046359486,0.6772398946120123,0.5912549388421765,0.6261585533699677,0.6616863098391732,0.25909535984183873,0.48918282883516223,0.3199855690376286,0.5292385524021975,0.6238115309725101,0.3973313817374129,0.6642206342664111,0.6219045661778594,0.3696240610757952,0.13826542729308375,0.27412739234984856,0.6722887805106609,0.38968995784398686,0.46508039780279203,0.4927642746464342,0.552516855067921,0.5426285584424174,0.7109417689421288,0.6072054743212721,0.7908348637172671,0.7639498288339832,0.4268532909857174,0.5513251700359166,0.5131581224517423,0.6167425941740105,0.7083147250452434,0.46078550748147684,0.555185162332621,0.6008681121346056,0.6114219444263269,0.3323272375880442,0.4063695782912841,0.7512782685554893,0.3746856450368359,0.5158785745935125,0.5083444590931417,0.5963543905850999,0.43029605013512234
lin,rest1_vs_type1,0,Rest,Rest1,12,0,55.135381,27568,30068,0.16830056023555695,-0.12873019716420853,-0.1572269940484481,-0.05517507284124834,-0.012824683238741086,0.00025937800737563244,0.5940223772130517,0.1725819995910185,0.19401017174187762,0.12328027604602365,0.5716539379164869,1.1034214851678712,0.287079145285841,-0.4793745606756419,-0.63502255071695,-0.874207236923279,-0.6978640785120609,-0.8920996421389802,0.8583881395700119,0.7774080255362201,0.857002902086422,0.8234517555022024,0.8075113022774798,0.7765851344247217,0.5908938358728414,0.705186843408343,0.865704758015488,0.8638632203517959,0.9080028685035394,0.8274164432565797,0.6919107030369438,0.5282615759276541,0.48366293340613337,0.7408310366304456,0.6980449530194947,0.6701146509734174,0.8195573811856657,0.7510033614886347,0.8800236976304119,0.6840287715602542,0.7794506525492779,0.8175646664351817,0.6367559984476187,0.44664056212682857,0.4370814238542192,0.4513673028696981,0.7237321030601396,0.8424056871416604,0.7108845477307584,0.7972873493819065,0.6774154315479908,0.4494898768023749,0.31701169540646346,0.2284465381439163,0.8248344465177548,0.6085549465555076,0.5400111439566552,0.7593217445156977,0.6852452483520509,0.8058788158805175,0.8539366301885987,0.7047501790857542,0.8434540338526968,0.774580637064725,0.5753951347603853,0.540795626623488,0.5919178414365096,0.7686624089057962,0.8551590182175676,0.6833068815126568,0.7607201198122919,0.6381052366972847,0.4758119029152728,0.30513920421591695,0.3204069186439395,0.8265159906037369,0.5964348513262027,0.5091920204830245,0.6526449009094392,0.6537781402457612,0.7463657702226599,0.7002938173292814,0.6705635853530897,0.8202694632749967,0.8182327694861176,0.4321004792615021,0.4205010095269305,0.3950714630455138,0.6088483648881933,0.714008502153612,0.4983658844055879,0.6446306021993865,0.6380465254774661,0.5016984159421503,0.21176136576673232,0.1393438591222639,0.8404400631985717,0.4271845449757673,0.32808152214419856,0.496106339545341,0.49671852315863646,0.45234695465808045,0.6538965103350689,0.48595319630215505,0.6870589423163195,0.653160402614093,0.32047066606949237,0.3395373596266365,0.21964241518724176,0.4775081728948957,0.578457129806023,0.4290008846707701,0.6563071469760289,0.41388693380241237,0.2542242353829782,0.09492164804838134,0.024355808961386397,0.7146959693745039,0.3164468755391905,0.27350857100096,0.45383651945587067,0.3977024907804888,0.4572901756051356,0.7802654675567652,0.38498326946098377,0.7315255715485269,0.7452912554216488,0.31698949908014723,0.6250665023626588,0.3547639777943807,0.5794778570489435,0.7082013305332119,0.33954619356298615,0.6967890507894886,0.39053431194952276,0.3265940657314724,0.19294222927976573,0.24413611676901906,0.6688740040545219,0.20475852084803947,0.4690032141470405,0.3859378739298058,0.5746226535457772,0.3286843533161273
lin,rest1_vs_type1,0,Rest,Rest1,13,0,60.155821,30078,32578,-0.17541022690392527,-0.17252799394381535,-0.11518884487898129,-0.31436015461441036,0.14306124942272613,-0.0724872603127793,0.0057421285452736726,-0.13379845883231578,-0.38968758108770984,-0.13776082061442363,0.36641155614871046,0.41978186958824026,-0.06619876250740564,-0.250799343934065,-0.9140541900255115,-1.262719401087861,-0.9984995810707937,-1.284937075563279,0.8133030605571028,0.811911825254002,0.7429775868170131,0.6572684462195292,0.5608622511270411,0.5303643744795475,0.4947749754406605,0.4658028463310546,0.5764420672939301,0.7473034204153067,0.8121480180907327,0.7826854229460666,0.5714086544463208,0.2894569998355739,0.283634863909714,0.7957276192372231,0.47685585359750554,0.3638300854684646,0.7097016337435672,0.4950834758556894,0.7159796577547172,0.767833563333912,0.7608774629938284,0.8413160564735338,0.7381811051674901,0.5459220556874148,0.37783290704289485,0.5189185074699684,0.654933328501814,0.8527000164923599,0.7687656843288008,0.6889860556206007,0.8139919792745463,0.5743251771694972,0.49614061217517885,0.3275888975501329,0.8016716066346388,0.6449670946489576,0.42036495397591944,0.7974744590976653,0.6197902681821871,0.7405760066761303,0.845370744230203,0.5415244702513301,0.8845396749452954,0.8557692754015979,0.4922607796050306,0.6608578735094631,0.46722408071682925,0.7418438953704577,0.8019523077820006,0.6351269317377499,0.8449869827340837,0.6253400469655163,0.5583269772135218,0.24025854991436174,0.36133816430756927,0.8463215226042344,0.46706567290381323,0.5806171474976158,0.6060453058697032,0.699029846660624,0.6616432942770576,0.8517584188117964,0.7045687270774682,0.8716042596500558,0.8520007774117554,0.5721903280610176,0.6071608578898529,0.5774807088505067,0.7253154775049248,0.8371163037096175,0.7006673645881051,0.7643915595997512,0.6925652584500599,0.6849577671484245,0.4361562057651898,0.44469452917730695,0.8535605877897166,0.537567761266814,0.5413379268378613,0.6595659105756271,0.6540600179650166,0.6605350130307098,0.8516498689897645,0.3912604741477862,0.8114050951906069,0.8091956023122574,0.5925804482703508,0.6219055724569745,0.3130540088844211,0.7360860942373512,0.7797432223137298,0.6477333846933135,0.7341557252935974,0.40875451173720995,0.3899420287404703,0.2068791818358556,0.19598464239320848,0.8515929776025319,0.6151139571132704,0.560050563590326,0.5914534795248216,0.5872835315614043,0.6173226391893427,0.8045955346903758,0.09840591101600753,0.7278425759449842,0.7164213371781629,0.43678570803641853,0.6221356177757351,0.026717641047248268,0.6017409458352008,0.6999576656536204,0.49362617240822376,0.7686872846773245,0.18336452736071543,0.10154938578221945,0.15396592491526145,0.09455091467528674,0.6832437963474607,0.4431107358651171,0.493523500407749,0.5866785863504087,0.5984459377706048,0.4900226602102063
lin,rest1_vs_type1,0,Rest,Rest1,14,0,65.178973,32589,35089,0.2288600907318421,-0.007126494122483784,-0.05888830776730103,-0.14733675762038878,-0.035810594781445326,0.009284721867220735,0.507465923262254,-0.1791360649549425,-0.4037312615604445,-0.14116777237427547,0.3147307744354886,0.04040579745425754,0.30352181316415994,-0.6821863722517212,-0.5109242200909749,-0.9677856332099211,-0.7911531722982368,-1.2728752625871183,0.8615717000143068,0.8694142076533259,0.8616696603624086,0.7327486357786758,0.6802088732241636,0.6990747388143103,0.7586228876581619,0.7533357817133384,0.7756081706352296,0.7698617631490591,0.8612458425162098,0.8470059321233467,0.6605377956973848,0.6680850335199724,0.5889593327785178,0.801266673512049,0.8146579489649627,0.6523601824676232,0.8219337825627848,0.7167505899556109,0.8243602216072097,0.8651764383248461,0.6234410095370098,0.8223735469983345,0.7650135728290028,0.6745005593999188,0.646061508142751,0.47052273421552476,0.7235959590634934,0.7381436753975738,0.7603850509769671,0.7919177488558272,0.6654737795631644,0.5040519378655313,0.46451395942164164,0.3017516325634234,0.8211783869526339,0.7814811354835607,0.5575787832014752,0.7919373848910667,0.5578787932751436,0.6994477543147489,0.9226461223987605,0.8545372534562468,0.9180552027559294,0.9452016302224637,0.8454903151287863,0.8077356947928999,0.7303219367112802,0.8267203232289783,0.9126590796824998,0.8876428043893421,0.9106119751904161,0.8872274651272506,0.8015001151558094,0.6796967182368746,0.6053464678407956,0.9209664582510106,0.8143911607862394,0.7295381000653203,0.8841220350837864,0.8091829742780954,0.839919354123348,0.8936169766720513,0.5793538324551871,0.8239910444573558,0.8592707777900802,0.6852857438776914,0.7124121683653695,0.5497101188920271,0.7373674395594154,0.8738109412624464,0.7636158563153445,0.7884676402912129,0.64795203940614,0.5893567658873488,0.4069543552728021,0.3513930730109406,0.7854114470653654,0.565749576364749,0.5546969553951806,0.7347813270579862,0.6536940509861683,0.726014334940566,0.7197165878769443,0.4270883936301428,0.7248741531216027,0.6745041323601536,0.41745371317354407,0.48060486539468034,0.3241921171210369,0.6146193731118917,0.708593909267351,0.6346793588836094,0.7108720588940771,0.46505886660250045,0.33056784331485617,0.36993440422548374,0.19561821910016639,0.6749143264830526,0.46471015664721393,0.4773299621501891,0.6134326170672555,0.5654822474773975,0.653153893311975,0.7703149039208762,0.16520971958689867,0.6914915442626947,0.7851838623626026,0.534441120752155,0.6590086421214935,0.10454518546354512,0.5352574704018748,0.783476584525263,0.5774963921124018,0.7824559818837894,0.17412402725674175,0.11393062391588826,0.03460106973507888,0.049393967298856103,0.6568799257161188,0.484775069894106,0.5313608970357123,0.5566233731827679,0.6489418907546961,0.5806888918377282
lin,rest1_vs_type1,0,Rest,Rest1,15,0,70.206386,35103,37603,0.13059425757796195,-0.033474649455099925,0.1337826378324003,-0.21657284712672475,0.03200044759103404,-0.10080863891630543,0.3147979146773432,0.05964451883309119,0.08545043934174901,-0.5775968753734428,0.21918522162027143,0.3771844153296209,0.2864039862201082,-0.18352071803427616,-0.5692730598350777,-0.945573227030923,-0.618314732102518,-1.5718193333566974,0.9735175699872376,0.8749633275900137,0.866657229380678,0.8174286925633406,0.7116321191324928,0.802739760660253,0.8450319779049962,0.9031531752919711,0.8654928084622123,0.7788047662024096,0.8596333165514523,0.780685997682158,0.6932990931981329,0.5609783111882253,0.7429014429279972,0.8422748718040748,0.7681275477311642,0.8188040514045481,0.833721197036879,0.7793637660539979,0.84996057329264,0.8755644223426029,0.6599609176484584,0.7812505042933874,0.7810381993479871,0.6916342929625132,0.6314742915499433,0.47746626866846764,0.6656061940878879,0.8059231611420113,0.7575116066337351,0.7578016418465997,0.7916993142823909,0.6209101782650102,0.4131942392050464,0.3080918640642448,0.8273686952890621,0.6519983491397254,0.4430724908226984,0.7691297335063071,0.530636819494162,0.7906733358903569,0.735665664040328,0.6046448946852895,0.7740155079301442,0.809801969683888,0.4700001740452905,0.46585737969953883,0.3889998339469932,0.5497311649690599,0.7994361602052986,0.6998663415567199,0.7106486065082068,0.64271439576893,0.48889771234706264,0.25140491789947866,0.2613802599316742,0.6306216223931581,0.389388456292905,0.27332456899660007,0.6508381704413079,0.5185446927852696,0.6230877148687618,0.8021311257908105,0.2517142871692694,0.7020754237464341,0.7287766383000807,0.49077872869585204,0.5613111286190792,0.1629375370113757,0.6165173273382978,0.8221529731717646,0.6232344437586905,0.7274514400601129,0.34054998495218736,0.26589488610225714,0.147298822815536,0.11740376873770429,0.7331452862388271,0.34683010166785333,0.38837746468408396,0.6562003429789977,0.6068662808741949,0.5872670538231585,0.818188729539616,0.13575279012530667,0.7113928075871563,0.7266748871732555,0.49740660370102896,0.5575064808009169,0.08694241530034105,0.6371318855825516,0.840362448561866,0.6734169968849403,0.7251982319822552,0.1798144359874157,0.10907506206018862,0.03835354811146919,0.12787808068585269,0.6948957480199667,0.4391563178764532,0.4875774144951542,0.6050721598312832,0.6214546087779158,0.6559628082222897,0.7926130457878288,0.12245249870232418,0.6384541187886356,0.6959966889751196,0.5082471092390237,0.6277905106717572,0.06599563994266082,0.5809340897756953,0.7253590945104973,0.5693772492563275,0.7536089024848673,0.18390423987004315,0.04911977871352234,0.0873726910213417,0.1330312098637898,0.597811186200146,0.45843822897065567,0.4961101117852032,0.5440204557274496,0.6199697082869058,0.5512004113612966
lin,rest1_vs_type1,0,Rest,Rest1,16,0,75.217424,37609,40109,-0.0020650557664638747,-0.3434398484864416,-0.03298713884843929,-0.16999321984818927,0.09471826277538398,-0.08920019320989914,-0.09252082659558969,-0.6987039055562336,0.25469270615977235,-0.15062255727827667,0.15054382320069526,0.3034476295364441,-0.3017231372269209,-1.076216589581502,-0.32430612269005676,-1.0095054686305265,-1.058523473876232,-1.575959831257837,0.903370477851227,0.8545213743753746,0.8311032871366764,0.6828589861500914,0.8016422990259097,0.7785789890395935,0.7194083837044275,0.6795840464257275,0.7585321154788229,0.9034941399793419,0.9016254582785094,0.8975328706502974,0.580218196920644,0.7698166127147935,0.6844814593459108,0.7147496847699104,0.757115364278265,0.6225011874827148,0.7772498080981936,0.6576693147382608,0.9159039355654467,0.7234337588101156,0.6473107135664731,0.7184521219846118,0.6261858473631563,0.46854256849145387,0.4503963985984933,0.2733026915462199,0.4699091655860686,0.6713937550243928,0.6988607719700527,0.7257394755800104,0.5599675170310034,0.3623108173893289,0.23759191427021578,0.07349243126433734,0.7652901702064068,0.5154031354181559,0.3438278162306469,0.7705307452636588,0.5290200497397791,0.7370635774406528,0.9040554956355868,0.6672870407731856,0.8512816432483098,0.7205814116587115,0.6749714091196566,0.5860794058683185,0.5488787960792382,0.77491249699155,0.7225275646844123,0.7864026542948387,0.7191846015264631,0.7342915982525102,0.6301690727608542,0.5193479147803285,0.33696200510088237,0.774831295289396,0.6808960617711753,0.5124950241243433,0.837622066158849,0.6780726546195289,0.8182770684104859,0.8517112705209444,0.41210855674864527,0.7584917094408187,0.802392551839034,0.6445542231958166,0.6455349656804741,0.24931694199475302,0.6812613535028841,0.840657908803196,0.7557778746727508,0.7901502919719205,0.4275460900957813,0.33005992822883,0.18210410696684312,0.16303036433367807,0.7729168640396267,0.5475858247441778,0.6258310302934975,0.7094824291121545,0.7085273082216648,0.724803138129788,0.8087196921753679,0.22389777735547012,0.749084848522741,0.7491398060467384,0.6271843454902509,0.6693158994234614,0.15020365321594184,0.6867458510521637,0.7346981252391257,0.7480967907964307,0.8231940483849387,0.2438639845441901,0.07750586372145264,0.05739803501620302,0.12916627055983781,0.6890797108403879,0.5449937799534511,0.6219901150633,0.6732521947808159,0.6617900782863168,0.6953678575655172,0.7861120419946017,0.05857639873872029,0.7177508015067727,0.7721879754887396,0.4233243345797567,0.6028240841540574,0.07609571183035466,0.6361727600687541,0.7643006134408583,0.4754730027018898,0.7586790792445719,0.0959717165050987,0.08903858432442212,0.20303611791298012,0.22734266339997006,0.7595059692582788,0.3968201269037286,0.5167138233383021,0.48348287216250263,0.5922811731527096,0.5670261397335229
lin,rest1_vs_type1,0,Rest,Rest1,17,0,80.246208,40123,42623,0.2092249051584627,0.015884473302827384,-0.22947328515835297,-0.04630325105590183,-0.1739781224837793,-0.039310209366582693,0.10186826362349155,-0.08748828855685398,-0.13257053605092128,-0.05138115480121597,-0.053207570975837504,0.2533022451112157,0.028911035929705342,-0.27462549116530255,-0.48861026950737596,-0.3866819437982125,-0.9174163756741769,-0.9579847887629516,0.9338522493108663,0.6613550284768606,0.5141049940951964,0.5318334862741132,0.6381344796610712,0.6717935898796152,0.5389008453507256,0.4575180338508368,0.5139710097369514,0.6086584998354712,0.7564397235267443,0.5608320445301151,0.3883124583123316,0.5101124743289253,0.39594410378759815,0.8494296881794493,0.83824625202633,0.48835874973225396,0.8811644501381309,0.5030206400572844,0.6661607690450072,0.8834080763969004,0.7923015476657356,0.7990404431886419,0.799447377818827,0.7996903563107484,0.7821723809813036,0.6561636885137274,0.6960959175709899,0.7379357199616042,0.8245808539841427,0.864276837527639,0.850177325707848,0.7116822055557567,0.5941424560959843,0.5970029471894229,0.8659940354908626,0.7166268285925292,0.6864687990187509,0.855827468798127,0.7315551097191826,0.8709365389742969,0.8242200747359134,0.7325262644419691,0.8053129389395604,0.8445083430296615,0.6898733903445916,0.4046257350987593,0.5676229586033653,0.6162955710865392,0.7935171488617404,0.7144665586839444,0.494960886799014,0.7513889181870381,0.5977999240135561,0.39026868377064744,0.15924148027881932,0.8282576300863581,0.5766004423833552,0.2669021309152554,0.8079040636500949,0.4237567501273752,0.6226173845107507,0.691486621451735,0.6194996010001903,0.751750293337593,0.7774791259346948,0.45319492529492444,0.48374772890225204,0.2823424966933809,0.6156131768313592,0.7638757116609914,0.6733940877980191,0.7445220695702335,0.5754221332081368,0.4164073233025565,0.211467351127429,0.15851967607541753,0.7380104432201428,0.5378485503856649,0.4303746253172345,0.6493838498744422,0.6088489819451337,0.6993194199130249,0.7791923437421243,0.45192453459694376,0.735817434253298,0.7256560292982245,0.505005911969989,0.45073395696968044,0.3176419023200143,0.5871975689763003,0.7115755780861164,0.6657036561292475,0.6338049396088894,0.4242753858966521,0.37816953840682904,0.1848276270672931,0.13808971408871165,0.7368001522758326,0.49149692791342736,0.40150001067420754,0.5846094915909772,0.495103404313758,0.6896859225738908,0.7235894772186463,0.33219135861395627,0.7313555245652235,0.6973745944672541,0.563879412742196,0.534429534071506,0.25619898620379233,0.5601063441980083,0.7129096851725629,0.6216609190242354,0.7171724719412306,0.33982845257687233,0.32997851206934825,0.1720443246516879,0.11520827086488185,0.6796742097099202,0.5265708991077227,0.42377653415185185,0.5939918022411503,0.5753703121580457,0.5550717238087371
lin,rest1_vs_type1,0,Rest,Rest1,18,0,85.273738,42637,45137,-0.0163413040895124,-0.3487433193282321,-0.1703307339027056,-0.050650330189324855,-0.24242306602236696,-0.03175241547451235,0.29878169634384966,-0.4255923852884598,-0.2595388077334859,0.19645288296021013,-0.22995536980873066,0.32643768701091425,0.024445163495302236,-0.9061344461682554,-0.49495035455071434,-0.456938871857248,-1.0707161851729008,-0.7141373782196394,0.8109177268975554,0.8749493876394231,0.8620422117576988,0.7655075875956978,0.7071170502396416,0.5614981764318094,0.6616255589226978,0.7829980466996387,0.8405323338967874,0.8706595504457155,0.8506374066276444,0.8494606029847671,0.6818173712422171,0.6032203980830181,0.4136371152200199,0.888816705118613,0.7908658407637834,0.5642494268912555,0.918445472434666,0.7153916824249671,0.8410074528307667,0.8375747474015612,0.7847942666554035,0.8256347389969143,0.8259750404460223,0.7174059761954252,0.5857574478746407,0.6695088460894206,0.7865302154056482,0.8029953959046231,0.8818992850517673,0.7252388423176316,0.8489065238723312,0.7058705695348575,0.6393733961140222,0.5330538856508621,0.8838871863342711,0.7726150255247877,0.59375484116833,0.8193676214357463,0.5980885006055467,0.8072457583779495,0.9081511667995122,0.9096643537541169,0.8626806696534279,0.8828342041358289,0.701019424362456,0.6449390720553942,0.8454672223274009,0.8498025735561561,0.8892269307982305,0.7938208165352171,0.772023475316014,0.8709406147245672,0.8097103873123755,0.6824716674362256,0.6162103231989573,0.9243523288104171,0.8295056000615995,0.6814527171936042,0.8156852588620261,0.715484539283925,0.7948207233477438,0.8374872606707714,0.7388389872882696,0.8432589542773283,0.7823507655628515,0.6929587052776078,0.6469784725575062,0.6841878390663595,0.7423354314631667,0.8151502936256173,0.8076578585445088,0.7646731477798417,0.7435746943509383,0.6138603987563209,0.6109563463156535,0.5870336766422024,0.7123581387730707,0.593082120236365,0.5670091443473994,0.7698090738164671,0.6933356807418617,0.7012560089309419,0.7262083438327579,0.7032333063343864,0.7764922181499275,0.7543195106414258,0.4560480893586658,0.4408971887005059,0.49513511695421436,0.6519525482445148,0.786612786681146,0.6912949058136194,0.6396513952542903,0.6791165718520216,0.5367531368196964,0.3174998464489153,0.27248344179639566,0.8004071851135879,0.4627654455950403,0.2907287350417906,0.6060888552484113,0.5069386307607623,0.6471707903566931,0.7767964617165408,0.4166435517075748,0.6622041770315017,0.6733836616005324,0.5242408404678321,0.6167543466479224,0.27754681552489635,0.555631169251007,0.7334429578853954,0.5719994083704475,0.7363608870440463,0.4587414078523361,0.29169829804712233,0.28315820586995394,0.184909720175669,0.6469576567984389,0.4660077943526881,0.4390866554752061,0.5226553373209485,0.6050351307081633,0.5065267596242898
lin,rest1_vs_type1,0,Rest,Rest1,19,0,90.276381,45138,47638,0.021776547469115393,-0.14229860311402875,-0.03209625032493513,-0.08981008778678001,0.06938347428518354,-0.047920396453813074,0.2242452302338389,-0.1715559998085321,-0.14460669617090183,-0.13223542679807698,0.1027291158905439,0.24358814092786396,0.2359671935005947,-0.38855321422181266,-0.13823308464611372,-0.5972927747217469,-0.5609711404831477,-0.9153958443516459,0.7526911866022094,0.7709496191889836,0.71790574288999,0.6475222205689898,0.6329736899126771,0.4697569645819985,0.5556674473553718,0.8701870646497052,0.8566058043406087,0.8566035198857995,0.7225055682359118,0.6049956910484231,0.4509730917302141,0.5575712195549186,0.5787274953639038,0.8972913028553541,0.8241160632633442,0.5160317323637146,0.8405003041648662,0.47811116876789694,0.7486678106301061,0.7331645758686378,0.8250542918811309,0.8376251210291611,0.7026393284945123,0.6027516011479827,0.3518320067316761,0.5919625633278275,0.6698981562040257,0.7335777044665363,0.8804770749697638,0.6720610107228984,0.7985073604290918,0.5433646129314146,0.4863186183039043,0.26837569257904054,0.7647665888594387,0.6259477397498913,0.3427233398302806,0.7347361065257982,0.4315783651342869,0.7941644430236084,0.9270386524769698,0.8284825893908734,0.9001030679543903,0.900887600007978,0.7654086900742796,0.6793888761568175,0.7405305906918171,0.8673089552388447,0.9125612570984747,0.8373163903867005,0.7920366719010504,0.8715991511073375,0.7605084746673976,0.6377013306147788,0.5454400001664896,0.9190174432930349,0.7753901354543979,0.6831875215306189,0.8255240367962072,0.7332411842052654,0.8946572539605574,0.7545357344405643,0.7004952779351488,0.751674064822102,0.7592773150419372,0.46928259737711125,0.4535454305140139,0.4932337268814363,0.6588764576656243,0.818898817268838,0.6933473081830612,0.6678963231338575,0.7089368041852376,0.5974674656695951,0.2771447898521465,0.23776513747250586,0.7791706758119323,0.4887676362303935,0.40355865212530256,0.5898563339054882,0.44689525123847135,0.6085018872357697,0.7099752170259056,0.6085387568769606,0.7203484654226229,0.7399975266872725,0.4772168348882065,0.5124604477689509,0.35067326148259687,0.4475320539251948,0.6392652362918787,0.5721597335953778,0.7826608946170552,0.7138289974079505,0.5443171415052084,0.2363114318409946,0.23977797176144774,0.7376322233707756,0.3724995980587735,0.3144587851485028,0.5783521958850828,0.497862417820596,0.6571968552183766,0.7830630736653902,0.6055701035877801,0.8272422117993506,0.7587872706982349,0.4595380633330918,0.6049691219238745,0.48905915037717684,0.6450559544166624,0.7418615608287299,0.5687067691757712,0.7664992153196115,0.5162400266066525,0.4733476916702541,0.27610232666925555,0.3372109036958959,0.746435837763172,0.46910643848644495,0.5416522525276629,0.5403443967951903,0.6043072912327302,0.5386963110716531
lin,rest1_vs_type1,0,Rest,Rest1,20,0,95.307344,47654,50154,-0.08818646678464503,-0.02384660208906686,-0.005765360245439499,0.05120834538162944,0.16614989701600802,0.032193236842693373,-0.2159947870217147,0.19851090364166923,0.052446431868418575,0.2116062902627558,0.5097850823632777,0.5578227042188699,-0.20997934589216793,0.08193072968141024,-0.2771851466800097,-0.18128116446014664,-0.1506139626985754,-0.7189122673740279,0.9537916947215409,0.9580576775671805,0.9160560437728988,0.8503160930132864,0.812535693409209,0.7941358320186603,0.8733071888337933,0.8935247512974591,0.8776976702163186,0.9026350430125923,0.8755910018426771,0.9148026690309611,0.8000821757690025,0.7529970751652573,0.7375896287793802,0.9380695758058789,0.8431561792923602,0.7792898985573232,0.8712386030009542,0.7829013082312083,0.9130258230160812,0.8500921424697916,0.7725803505397337,0.7140095306601331,0.7213657835028212,0.7014361237197085,0.7399915012389144,0.5832428132144862,0.6828365204005373,0.832671717538729,0.8882345170940231,0.9094750295136556,0.7413089916034797,0.45103453973828606,0.43174858434415275,0.41697125914461725,0.7261754138311883,0.6351714053913495,0.5326685077400662,0.8720024216856489,0.791836594591945,0.8694977624987563,0.9427107202194022,0.8522687962955806,0.907226046529647,0.9191067639712291,0.8332314847609636,0.7745276305690985,0.7868904800762603,0.8648289036921358,0.8999933205597557,0.8831500940224163,0.8554465118735826,0.9049970386790682,0.8586383211107564,0.7001507747323448,0.628623827123753,0.8945658328348273,0.7985882296027155,0.7438060190798994,0.8819816977234237,0.7890516841539218,0.8490758733109028,0.838979408073217,0.6775310946589237,0.8180893240227494,0.8480776407447256,0.5528611820151732,0.5548933179393135,0.46572855242262257,0.7331518150453485,0.8591375618359399,0.7210257316003867,0.7528585183549213,0.6870508964760927,0.577131773778709,0.36424308582453724,0.37200348559991114,0.8872330371266106,0.5969361984001338,0.4887607125515426,0.7030825965949828,0.5857810203262644,0.7010103571767747,0.7407539226603619,0.5384896198995047,0.6585359478620891,0.7233358157314388,0.5538502949467023,0.6053134508902633,0.3552776210000371,0.5261269399931636,0.8380861912228186,0.7623010571669223,0.7843638089587496,0.59322376584572,0.32413996711889437,0.2292171346449969,0.23151720847453244,0.6495203431227469,0.4324724431902072,0.406191242194691,0.6836415856298557,0.7018320235942093,0.7415560722993443,0.7098360395126275,0.5495878796269821,0.6688750977552121,0.6121046945066817,0.31773986939774135,0.4023786959297226,0.39105487431057473,0.5770950679254949,0.6775494969745491,0.4945305231530887,0.6437303469071454,0.5659006124780096,0.4554820749861069,0.20854228409021713,0.24021655872413197,0.6304049245754589,0.35779369360600455,0.3850186733124332,0.49371368481109107,0.465364478238723,0.44552214060278916
lin,rest1_vs_type1,0,Rest,Rest1,21,0,100.332268,50166,52666,-0.2865671022323881,-0.013197518745998948,-0.07800210309403033,-0.3083802940030864,0.02691737254202642,0.1613783188669049,-0.24653468244139187,0.1433077357333934,-0.45187096676473404,-0.4717666750137399,0.26643202677249533,0.4385345280936237,-0.5935120103984057,0.0465315419484611,-0.5271344860567093,-1.3473616665481458,-0.3177815119343641,-0.29362389849503123,0.966993000440884,0.8503642880255738,0.9037721632897444,0.9227972654866169,0.8905786610299538,0.9139613463629555,0.777367866640738,0.8571036478087747,0.886654757806756,0.882280647193381,0.9300438103901055,0.8920281990610087,0.855326011118531,0.8429581424890837,0.7984074179671925,0.9643428853018527,0.9601595434304567,0.9203071894538846,0.956789184488389,0.9272060553607184,0.9457464177393043,0.8903904377433132,0.8705431732529004,0.8289917691406297,0.7117015227667636,0.672990168753702,0.6595290012140429,0.8323594209421202,0.8712952653016236,0.8063476338276687,0.8012414687248217,0.8159396596036677,0.8394780383260675,0.6883162003769,0.6788613345731106,0.6387527199930482,0.8613610141797184,0.8232532010281998,0.7538360053256874,0.794595930341569,0.7273771654744421,0.884425994100095,0.8578714259544155,0.7339051084654249,0.759211368346203,0.8487420197507032,0.669905943052611,0.5610745245374246,0.5860191152818592,0.6642788393284147,0.8144740954565592,0.8428456520833282,0.7418200000287124,0.8175708462097518,0.6551762397898797,0.4920924319696771,0.44842999102875014,0.7785122333397899,0.5941517075486887,0.523628564889133,0.7436779734986195,0.6308319371494819,0.852592808354635,0.8769026256684519,0.7726537875691832,0.8125914960261665,0.8539421320879241,0.6165966442554257,0.5767994896585653,0.613756126247785,0.704890706096167,0.8490465560834508,0.6292232036568942,0.6605928278673366,0.8220120335863116,0.6545503175727964,0.4804924271161317,0.41475741766560276,0.7363613838062155,0.5057543173791451,0.47767471879553597,0.6948538040426478,0.5872609351991895,0.6945429333313081,0.7983631698818063,0.7216663934015418,0.7701593219127821,0.7469789921600468,0.5236745658633052,0.5856756956444562,0.4947394161810968,0.5991247361343662,0.7475250935471552,0.68630504228458,0.7576979098866389,0.6779372418951637,0.5454974409089782,0.31075624360723075,0.30335071191179375,0.733196768712316,0.44907023735276325,0.3972417308575005,0.5874022459716198,0.5223022255313159,0.6363916791023062,0.780856543967318,0.6752188686648302,0.7558204472331408,0.7226387920760523,0.4191654773340707,0.6092824238138682,0.5772421575796891,0.6655732914013713,0.7303295273031543,0.4923610837748231,0.6997997187476287,0.721864734168251,0.5424659982267515,0.4037256500313094,0.47898386219719846,0.7246958359103861,0.39182354410634046,0.560607497055221,0.5083855547708094,0.6418908847294645,0.5365531858533285
lin,rest1_vs_type1,0,Rest,Rest1,22,0,105.351669,52676,55176,-0.1970525297140724,-0.3491875896506982,-0.03115257431915852,-0.02078953967821051,0.10757064296880103,-0.02710050280493226,-0.09800314409903921,-0.3492405378389938,-0.1415155430636914,0.2294495394079059,0.16717981596915665,0.48368295817577667,-0.3693512023982173,-1.26302290476616,-0.47953222844924825,-0.46923014158779774,-0.15344322263079557,-0.6610007097880731,0.87791494739229,0.9380606573889145,0.9069036653459287,0.8469465828172182,0.7372179031013952,0.7952084175747475,0.7674574749017499,0.8091943246147549,0.8443298466394934,0.8875384350086922,0.9170357552072546,0.8945542501968147,0.7648115473725176,0.6720315550328405,0.7213118101148622,0.9027838205111446,0.7908020136543925,0.7204948398015688,0.8228860668580636,0.7396815568011695,0.8882687879836053,0.8510300334112596,0.6678838061951796,0.696894193353544,0.7326930491708413,0.6766483994960922,0.6003518276321493,0.5428760486840581,0.6412643319888555,0.7698488236534528,0.7850947100478975,0.74537980762904,0.7340361411160982,0.5921704883101471,0.4854911054525863,0.49117596276747855,0.8387952206230486,0.683927279337163,0.6353394583098113,0.7337134860795702,0.6785266984890168,0.8037761935671203,0.921293730250719,0.8580672554745555,0.8489149614714856,0.8636945027339938,0.7032310809341615,0.6127054357321605,0.7228209674442688,0.7758837899076321,0.8858751997950615,0.7750315779542716,0.7273579060104882,0.8877283447445483,0.7065820657920181,0.5500373147616769,0.4625398631181772,0.8325728956725442,0.6958409581986381,0.5678181179089614,0.855587700252929,0.7076713179896039,0.8031767097206938,0.9009050686041324,0.712668255128067,0.7387471180623834,0.7964274916268824,0.6433075870957988,0.674036376177565,0.6335684609822914,0.6970122760727533,0.824349965576004,0.6977420608283516,0.762359989483693,0.8092566806338907,0.6103031103840505,0.400852416394373,0.4842911957561663,0.7952828881545985,0.469431215664597,0.5021425141821203,0.6965784651604088,0.6471662814159649,0.7675219110966085,0.7626631460842007,0.7030912477872069,0.7327008599830137,0.7633773145809578,0.6502454912723198,0.5140178496308672,0.5544818451882545,0.6422939466674923,0.7398108415243223,0.6654457790570248,0.6673114642497822,0.754343343745371,0.6014106429098005,0.5019467861147485,0.39198338015511225,0.8003734278950758,0.5668837909109933,0.4067712816116855,0.6811009850591898,0.5120439795237555,0.5710539345811055,0.8253475862740717,0.6923125965312802,0.7470184619790258,0.8295213958380666,0.3821969089255985,0.5656768967767379,0.55517105287308,0.6620744801000366,0.7648794026421891,0.49045648127367764,0.7223728103780813,0.6519504634835516,0.618741641718055,0.2974552167122991,0.4480209723030388,0.7427643263384389,0.4409341176571355,0.514867445200913,0.4707105754383297,0.575526581056721,0.5290405345717627
lin,rest1_vs_type1,0,Rest,Rest1,23,0,110.377928,55189,57689,0.12307920873853861,-7.147322455258731e-05,-0.044143528711725555,0.07073752637657016,0.057880369937305165,-0.1092909375210187,0.11889508584712694,-0.32684060151282557,-0.08600004259715543,0.35600399211584977,0.38224837634472597,0.48908604549472345,0.08336212777776053,-0.3615061687040759,-0.4986325495847108,-0.4536879330541834,-0.48352256518842784,-0.6584700074498755,0.7614294867783177,0.8076278060989668,0.8566245893927774,0.7742249333751456,0.7577703859386095,0.6085833831181465,0.5392012297715456,0.6318338084300626,0.78826204036538,0.8701538292143548,0.859091184770058,0.8959253877268463,0.6812449528296425,0.5856432712154322,0.4763675185674271,0.8494530873098658,0.6951071188857877,0.4999794286653555,0.840116570547096,0.6174929967766302,0.8171441398906084,0.7673642266825568,0.6510866147566898,0.7104775802259775,0.675200840045372,0.5977794087231334,0.5858160510422888,0.35106371354715976,0.5137310670725628,0.6795687922514455,0.7460327047072273,0.7981041631936509,0.7552920834054601,0.47719932134115073,0.3333481685523882,0.26355490799143344,0.8419726770031808,0.6527324354149817,0.510350351910774,0.8618609413960273,0.6725417395485908,0.8456388460233524,0.9368098103262671,0.832557175013389,0.8509350404032034,0.8946327113267513,0.6766167483304858,0.7142559109872078,0.705166436933366,0.7720951208383309,0.9091791055514593,0.7653253714661553,0.8173978946132323,0.8364758356757949,0.7502718825536238,0.5751539717201488,0.5456519263493235,0.8191396708181082,0.6481125529762684,0.6028616196816229,0.8135969569145843,0.7944092444694223,0.8877867176265648,0.8765391601288224,0.689464736436404,0.776493439167187,0.8529172660743424,0.6633216969879134,0.6960139126827368,0.5713739570460519,0.6875685008845432,0.8127298655969258,0.6940315990891972,0.8182218929032374,0.7906909304155687,0.6220925719444756,0.5354081549472276,0.441878170425284,0.7922649040870202,0.6451476894531597,0.47726231431545846,0.6877054493361802,0.6279376205629602,0.679150790599401,0.7094116240041688,0.604412430968435,0.7628646700978683,0.7301679054493135,0.4602963162161154,0.5351301696383474,0.37424479893462737,0.4903124841527411,0.6917378907343281,0.5039691328061461,0.7029508983346535,0.7195869553975536,0.5099559324739515,0.1643926656735692,0.3170522768744733,0.7817024571061758,0.31872714728882995,0.39288807657977076,0.5557287660445898,0.542716609918018,0.5305585571673872,0.827612546581974,0.6798607425360778,0.7711306474524401,0.7943468368194628,0.37451692195694786,0.5924547924608362,0.5405277229761897,0.6370138994991457,0.7783233177750871,0.40358545379484106,0.7069616066106678,0.6722199875820376,0.6096358368300148,0.3108243746243663,0.3983683701042947,0.7886016915571548,0.3748608988272314,0.4845201857582396,0.37679858285984946,0.6021673710655936,0.39743695114520045
lin,rest1_vs_type1,0,Rest,Rest1,24,0,115.397069,57699,60199,-0.19125223671817349,-0.060912806308416556,-0.20211202389805694,0.1273784345138509,-0.08600197206800786,-0.14745490671776262,-0.2559794582167356,-0.2629995146099109,0.041433119363924575,0.4898917350452505,0.1348649078559656,0.5400056875867312,-0.3966394346721276,-0.3732974650081653,-0.14242893931744938,-0.3057154792306469,-0.393357555653125,-0.820171907308777,0.796866027961448,0.8899075574160783,0.8277444084508664,0.7366098396956956,0.6622090152467165,0.5224415481918057,0.6982205557354574,0.7339468739258742,0.7912104491749625,0.7892046051680036,0.7435340777753503,0.8961713222144263,0.7056428422279594,0.6061340526564147,0.4602805946533218,0.8381796759305971,0.7271114794748378,0.527184414500143,0.7964488719331159,0.6239401620463391,0.8097076385144971,0.8247940102088785,0.7125900551858969,0.8431066861341848,0.7440531212548848,0.6823229127438081,0.6110101408853323,0.4588170492955658,0.6305868772152453,0.6487094461290516,0.7719457440228987,0.8063867765467412,0.8293315788412183,0.5954462644676899,0.43649667074752857,0.35476948681703546,0.8325179396941947,0.65959923857835,0.4729850861421365,0.7347594502625551,0.5701392380572639,0.7882437074690658,0.894598448814521,0.6938676390140602,0.8122945685016446,0.8300159176425352,0.7034585976450772,0.7539653553764049,0.5370780091129743,0.7089926246011681,0.8413099463542277,0.7660363945198717,0.8698090818399975,0.7829725239607889,0.5557013152729143,0.4615111505513136,0.4559653472160339,0.814396285970536,0.6789992790550341,0.6145504098157478,0.7766982396331743,0.6963963101229024,0.8210199852860122,0.8116228992492316,0.6511461419731154,0.6778744661021483,0.7415196312010112,0.6372797298692171,0.6178183736758653,0.4162070221869004,0.47362409813300155,0.7144062735504725,0.7007168700583061,0.7568951796358017,0.8237962962064258,0.656158588964946,0.44002588564363215,0.34870941174267855,0.7358835728136777,0.46596942346969483,0.3629886026822854,0.7204503062867096,0.5513016673944356,0.64368649522194,0.6982713736305961,0.6977109745199298,0.7654570203308695,0.7206118836782837,0.42284729964803824,0.3440787200095559,0.4277193287748071,0.5554365418611943,0.6889872561658819,0.6050657283486374,0.6292548864372833,0.6662154859134266,0.48247291895852257,0.26435632989251034,0.20248369414680784,0.7451116389849606,0.36248097845077787,0.26791784079344677,0.579314954782233,0.4383350577855156,0.6040600989191902,0.7732082951818893,0.6562346614392579,0.7052255224923456,0.6857704047871911,0.4270669747860876,0.5070893298168071,0.5201326151654834,0.6770727491551735,0.7097638610074848,0.50376078185812,0.6988880962887505,0.6240867553441088,0.5232848869946187,0.316631184230806,0.36291018625154137,0.7550416252113801,0.42630621350090636,0.4927893387609947,0.5165477090329547,0.5180704714147774,0.49503390176520795
lin,rest1_vs_type1,0,Rest,Rest1,25,0,120.426593,60213,62713,0.0008033142611298949,-0.12830038051722514,-0.15782064262460116,-0.16536383601654991,-0.034090376592167626,-0.21864168571222842,-0.07043531255237268,-0.11538664171348545,-0.3576315274901596,-0.1408116885732129,0.19351390684252534,0.3332976739414286,-0.17230700980184332,-0.4992698610942665,-0.6855450471151183,-0.581593730266218,-0.46307970186183867,-0.4988300801771086,0.9427128028450438,0.8925804860531659,0.8907314299183331,0.8465664653379766,0.8347890314088315,0.7539665854283232,0.8071103540214791,0.8366774508999911,0.8150727990575064,0.8574562270267497,0.8593820028799566,0.9461882586491409,0.8247795347580552,0.7729420578979687,0.6479069391354824,0.9344021274106261,0.8852658793489478,0.7280117702633687,0.9200600636920896,0.6959909975037937,0.8093526270616899,0.8973797617491347,0.7630741884751439,0.8600858891596319,0.8490336467368912,0.7403746198025476,0.5453263081670967,0.6887282800217585,0.798087324836793,0.8111962213775987,0.8625593602768801,0.7514848731718087,0.8785867093940581,0.7373875831143822,0.6530503033415826,0.5159877633365436,0.867979852945191,0.7851490761222116,0.5925461806923142,0.8449256895316679,0.5844760239188114,0.811901015208645,0.9279641145546385,0.8251390745659949,0.9064004309001095,0.8595252731832986,0.6716969356706192,0.6573528251024836,0.7248067148545776,0.8392468418990968,0.9484610904755227,0.7966639017293298,0.8063832774112276,0.9020536340984094,0.6775142736011084,0.45494476966568154,0.4265281817041775,0.8003004070470215,0.6082484713852984,0.5387523318556566,0.8664195789247543,0.8181715177310397,0.8809972684151754,0.7760894820073132,0.7941233042655194,0.7740745317337681,0.7576853130579276,0.4806542912721233,0.5550488722707716,0.5699516405957678,0.6535542067503631,0.7815479145705057,0.6230263958194106,0.7378447484722231,0.7649922456116122,0.5871294331211738,0.33331352510081813,0.3725216163309936,0.7946414487685989,0.5066914824965364,0.5147154135104834,0.6076064261643157,0.6250532771430424,0.7175422267361955,0.7082095729831152,0.7215962453288116,0.7406956082968148,0.6948488333008181,0.4778029076286231,0.47530816102841117,0.45409534896410236,0.5635223552130333,0.7158123042086598,0.6693682981980376,0.7069431703162602,0.7667928376960083,0.5430684662677576,0.3508303269522939,0.27567952106085664,0.6979204876268852,0.4497705025449666,0.3645936949128634,0.5579774720872608,0.532758969626006,0.582168518159379,0.7557293989985092,0.6101896549892514,0.6893061796765205,0.7252072535040288,0.42627703980625925,0.5102931713840317,0.4626163422577142,0.615771047841364,0.743164952561136,0.5699978895236312,0.7312514503061965,0.6701795145627639,0.5383922724881821,0.333309300547103,0.3369752098875162,0.705925333043833,0.4140522253111738,0.4577546558774032,0.5412390754808873,0.5835538055770958,0.5213350515890433
lin,rest1_vs_type1,0,Rest,Rest1,26,0,125.453742,62727,65227,-0.043595145809006475,-0.08353654884491046,-0.08438198506389272,0.16666269088300534,0.036903414995745676,-0.0370077307595571,-0.06699958404830397,-0.12469862450878333,-0.28915987369836094,0.17932560327009006,0.19524057564998065,0.33480300859857626,-0.06423772420629703,-0.2878873849558161,-0.6173069898192525,-0.24710732712471484,-0.3599219343066882,-0.3458256301970897,0.9721302638746824,0.8491447858247412,0.8938888379336578,0.8484821298508409,0.8283308018109455,0.6895772150939461,0.8245482134716112,0.8916516915063171,0.8696321719554758,0.8527478664194336,0.745071225715837,0.8631660738742908,0.793581847688054,0.7970465145666138,0.6976709795673471,0.9461108944929028,0.9105786850331306,0.6316175720182261,0.9526783292454256,0.656882904893615,0.7259931957976327,0.8536696664112141,0.7929888956378236,0.786299741757848,0.7050672678656356,0.7117708492813809,0.6561461988669242,0.5947538681063764,0.6816047957410352,0.8117741668562093,0.8801907946188334,0.8737774537225708,0.8901574077157869,0.558940389821413,0.5003359686632485,0.42918811065667517,0.7351014954430819,0.6410560060160437,0.534664575186961,0.8675718201039108,0.7398907474811347,0.8772652684887497,0.8693009323752053,0.7530571462621326,0.7843532581934015,0.8515181130296706,0.7678078916288607,0.7083651462052889,0.7121310579978479,0.7541306126475592,0.8370300922886045,0.8488407536100586,0.8234588980564063,0.8606079642589083,0.7288461660035315,0.7343073231049917,0.6860681827030846,0.8531629394540619,0.8139835792318122,0.7103564347880694,0.8803614465107443,0.7594013748724113,0.9022801380065552,0.8712907374624445,0.7792290673554779,0.7834790604974137,0.8269038430549096,0.7176534122179544,0.7393931884699256,0.6718438292180832,0.7314555821320359,0.8195720344656877,0.771779019302996,0.8005138291316455,0.8008064426462783,0.6657411889439002,0.5919334762704228,0.5887736012003574,0.7913083131494081,0.6663083501218555,0.6111048729773533,0.7708984691921403,0.7092475663783407,0.6794072482649041,0.7537070365914031,0.630404071763984,0.6910574926809495,0.7939356611699762,0.5467982576943744,0.5926587180851036,0.5106020235244483,0.6151363308993024,0.7963365879906326,0.6177293205014067,0.7638153844391569,0.7348170878011396,0.5872392621964403,0.3602568188226869,0.3942951363998243,0.7691890240090007,0.40843201647878297,0.45944757520809976,0.6072345807866892,0.6511537566380836,0.6112102220659528,0.7155708292685096,0.6701534729007895,0.7005070763121837,0.7354876383269006,0.47450152752669955,0.5432972922090453,0.44944422033032516,0.5803444836937531,0.7069041529553678,0.4539092266711541,0.7783318821865842,0.6322668558286343,0.5510582577782984,0.38971222833586544,0.45319991234618906,0.739635905545137,0.35761796802274115,0.5008709610585281,0.5055011109612981,0.5494371695374763,0.3813468825241131
lin,rest1_vs_type1,0,Rest,Rest1,27,0,130.461705,65231,67731,-0.8224089071951277,-0.29544045069598956,-0.06091315755584947,-0.093541760078796,-0.11213248657530195,-0.04692711874521338,-0.7212153365112539,-0.5925330200829926,0.0018634688068370764,-0.11800628124382273,-0.09302103011932061,0.34697214766872064,-1.4632316816409512,-1.0870158962933036,-0.4129789488402338,-0.4514710077477495,-0.8393267533602125,-0.502555643147647,0.8141898528201973,0.8087210462388384,0.7531520282682672,0.7878184091509907,0.6647236773425292,0.39662007832002993,0.6148972955420754,0.6846245407534756,0.782473157961053,0.7584384274973479,0.593305152325235,0.8652130907671838,0.7235391848301927,0.6248666183154937,0.27812871711393744,0.8652750549295001,0.7854724944221663,0.3135451635444901,0.8971640102102824,0.360061575170205,0.4559174900989679,0.7886732174713146,0.8822647565028635,0.8460183192310746,0.7078456709212176,0.5778915203497281,0.38360938219639695,0.6322588963950266,0.6650603287358168,0.8123094032077596,0.8193969127574767,0.6311702305431804,0.877055139786373,0.6542644923090096,0.46911241687249106,0.24595649648423684,0.7502532461409355,0.6095763838818862,0.32548040038926146,0.8299787844693282,0.5371943316018419,0.7467213491379642,0.9197558100887946,0.9595594704008997,0.9509554200407516,0.905508632782807,0.7385498199047547,0.6677524245104253,0.8458399224216664,0.8954945727599385,0.936178777453198,0.8576532946090911,0.7935183246597521,0.9494887314904097,0.8615832185030178,0.6687957220024261,0.594803128081932,0.9368432389606735,0.778819174220871,0.6918544626277394,0.87008753736595,0.7880717933875421,0.9208652983216681,0.8503266820617923,0.7509046109903701,0.7975148118888242,0.8499857210602467,0.6853511098984403,0.6328149153784949,0.5648877977560998,0.6778002669292768,0.8005235853677366,0.8181118742414577,0.8315356772610377,0.7927397700717178,0.6700856738895246,0.47577557898940603,0.37868291352697775,0.8673479013363329,0.607643760055716,0.521950971268277,0.7340942680717222,0.6599496615512934,0.7775947884720703,0.7194640176361105,0.803088479916955,0.6865886420101002,0.7309106652805262,0.5759366742821249,0.5342920436412111,0.48707288536710136,0.5230843599441198,0.6996181482055275,0.765806834919589,0.7750622897379148,0.7016041322228591,0.5426814908759098,0.3845106682836812,0.31955159279569434,0.7297935051212238,0.4942451207666866,0.4124334478608149,0.7393259612812273,0.5937494597907362,0.6954846178576614,0.817493010224138,0.6938199288064667,0.7044826064957196,0.7312348903255669,0.39894362511908354,0.5352679115625342,0.5495089320280738,0.6552470411725927,0.7312140570231596,0.4787381652518624,0.6824976694912399,0.7052329576810002,0.6313518840060485,0.313752424373705,0.409383514649729,0.7708668960245342,0.49703048188656,0.4801468789117604,0.5059477911040795,0.50913027729841,0.53192560910885
lin,rest1_vs_type1,0,Rest,Rest1,28,0,135.46546099999998,67733,70233,0.44690878598441364,-0.14566109029218133,-0.15637183867210158,-0.0504509117479679,-0.20919366209216417,-0.01847314311770476,0.4322727119066565,-0.3610538712113285,0.0447045318207584,-0.0442828565093174,-0.054993883047528946,0.45680840166046077,0.5311991985756852,-0.19097311809695183,-0.39134518948798513,-0.4965928227072096,-0.5693131874209991,-0.4033218400213564,0.5301613058740778,0.657869594649398,0.8128949469441216,0.735148490566438,0.45057384352014646,0.20977900427859417,0.08657340250733254,0.3406767028792324,0.5521484516154604,0.8471035340132834,0.7877502409842869,0.6977451437894693,0.4623003294472725,0.05548998153312694,0.23240396538260227,0.7354282900979594,0.2781327112846564,0.08917885139943876,0.5908120502266451,0.43306865106132414,0.847967267075474,0.826825862988287,0.6019068775271065,0.7934123376442435,0.7629339475449545,0.6312290306091113,0.4855979058352521,0.3954192132108469,0.6160186849437115,0.6683763371893797,0.7240758564894716,0.7397579513154705,0.741297589258792,0.46672184268412026,0.36175449308020324,0.26103967308174597,0.8412106703246809,0.6238094372286759,0.3909343594989643,0.6993380806938991,0.4267627504819405,0.7322581320429886,0.8522982524906961,0.7621814466692466,0.8100558467918353,0.8523979329458244,0.5916345163300485,0.4497580099101566,0.5670678525314475,0.6628779337696179,0.7878112664453547,0.7417636502793666,0.7001900001556558,0.8600849172728965,0.7444997321427946,0.4579930025479639,0.27136644193220144,0.8785383309323473,0.6727293174198101,0.43105660846103055,0.7468662654063165,0.5305368561084821,0.7615663259770502,0.6981249930325003,0.769491136450002,0.754917709847352,0.7246598869893185,0.4987226443798972,0.4353850500989703,0.38988846441720004,0.4869772120457169,0.6701251290733697,0.5881957024174015,0.6745864078581556,0.738664389417999,0.541682611525837,0.3617268952355471,0.23659531744047105,0.6847575163554406,0.4667908448995545,0.3432005176828439,0.6531673038265623,0.5095587880637509,0.6262863697905995,0.8442291649837633,0.8083549830704483,0.7398018888043427,0.788094897766681,0.6411661866101417,0.5401181831133272,0.6094072900920475,0.5969856617566395,0.7787373690739721,0.7049509717468245,0.7218579189618473,0.6902079831613898,0.5951819394982009,0.4567613276262386,0.3804280007390093,0.7640696922837769,0.5732948961363541,0.4164103520024704,0.7461458924575295,0.5911229439372274,0.6350433040631244,0.7563734022782368,0.6484314156494108,0.6005145121607283,0.7214882896062247,0.47555329488980197,0.4256697159166313,0.4736705113915744,0.4913986239960089,0.7049789802765394,0.5331218848782702,0.5922512729860948,0.5598191731794195,0.48806402996180664,0.3368929435545544,0.3131917779833471,0.6479487060891291,0.3213570820233406,0.28628653477248533,0.49664984085190694,0.41603447879618927,0.5074928276239614
lin,rest1_vs_type1,0,Rest,Rest1,29,0,140.490179,70245,72745,-0.11438246551621223,-0.2562557069256646,-0.053190464949825156,-0.09223657878518488,0.10205824865805369,0.056557766201228876,-0.08800475074145497,-0.13342340566361255,-0.16376592959795166,-0.13118016429862145,0.09784340514230161,0.3580819306829328,-0.30110369880641663,-0.624770523821554,-0.27677217345054084,-0.3468433963440569,-0.4947983489760208,-0.4530202734830657,0.894827297985861,0.8550519614031565,0.908357213809755,0.7037045858682267,0.6698868161478131,0.6533995307728727,0.7495034517265831,0.8454415418308169,0.7901020453840929,0.8605242650834737,0.8075363512527823,0.8853721879039047,0.688687413332656,0.5842805358701084,0.5539138257423862,0.8123515335397627,0.6696655366214653,0.6214413757583663,0.6943644519306722,0.5967635249253087,0.9497109828148811,0.8077068522920375,0.8911331973796326,0.8241920399518863,0.855192547192171,0.6735705713204777,0.5047976596052903,0.7797099817261043,0.7157618386132835,0.8126005521610683,0.847411992208079,0.722102778937344,0.836920199479426,0.8471505383688791,0.6879466654325619,0.5059143164567746,0.8997187912697611,0.7394385862029157,0.5919270370344256,0.7967794596383562,0.6248668749954612,0.7869886477097486,0.9443990591319469,0.8447736247801686,0.8663734744956355,0.8892772707069571,0.5954981294324283,0.6331938444788163,0.7668367250564239,0.8282034500318739,0.9048569645121103,0.6641999690534621,0.7220837514803673,0.8756186322016245,0.7773657261071777,0.5444401159977723,0.5250072294094588,0.9131531186169682,0.6538260196983037,0.6243089392926006,0.7056904902176412,0.63976474303383,0.7652650747263335,0.8217677359194386,0.7473010908465771,0.7200200860480855,0.7867261115638946,0.6712579901505361,0.5913541361900937,0.5307653470967584,0.6060481460913154,0.8298451733532405,0.8003075329862404,0.7791468399423637,0.8130138251410346,0.6238399846167968,0.47121593801615413,0.3472745558584979,0.7643234211094466,0.6230095997575438,0.4395610364077119,0.765473806624095,0.6661421626513985,0.7348351560694291,0.7544382347490158,0.7630007741592835,0.6933873326887775,0.6429887571554779,0.48878544644372157,0.5038871077325637,0.5553241725751153,0.5803061549071669,0.6789309996001425,0.6171430228709778,0.7503461072129527,0.6879195777119849,0.5372318886898417,0.43668934277224947,0.35824120165854556,0.7444461583419929,0.5457900463144656,0.4101172663511693,0.6320590984133739,0.4991109062066964,0.6574882771818098,0.8177814653895833,0.6033163322268117,0.5714649314630884,0.6988617368133226,0.48307921650456254,0.5857362419966341,0.4795973483560857,0.4819384750076696,0.7146479241470144,0.5524105851230513,0.6927584093400458,0.6127347935263426,0.48214648649619657,0.3173447242499788,0.39800955697011403,0.628866610467249,0.30759986640606396,0.3756961362560273,0.527074864519481,0.537056628874256,0.5777282041546397
lin,rest1_vs_type1,0,Rest,Rest1,30,0,145.513215,72757,75257,-0.13328024885181655,-0.17987739937263658,-0.0863932064678159,-0.1244539716507016,-0.06258593850857075,-0.07717840588113556,-0.36312727674928924,-0.26982574637672174,-0.16122838126562655,0.016186959831407055,0.06294850553397602,-0.07798478707154066,-0.4377671505806213,-0.6276610712244111,-0.5446832104879835,-0.47346284820755535,-0.6930738413512256,-0.504550690417596,0.8666892111609604,0.7183011641674173,0.8058256884424184,0.8019636228740903,0.7432571606485714,0.540930164807276,0.5365056587541794,0.6617302852510323,0.7339347540139696,0.829753022596034,0.7072482610053026,0.8866424227824798,0.6288628790480214,0.561671339114052,0.45748913048866163,0.825322522936023,0.7132170978317297,0.5377721143329749,0.7690063000657422,0.4483000914638126,0.7582631119620905,0.9353294093226204,0.8886691441999326,0.8931901648372619,0.8693092027535367,0.7570863517894277,0.6259786359229531,0.7878264383726526,0.801850957455139,0.8259389400178473,0.768992815910389,0.6680984906541819,0.9091207545056462,0.8194345518349923,0.7054258285940501,0.5627016285813073,0.940101052844003,0.8240484784189527,0.6101202349836056,0.8858019009233662,0.608521684555432,0.7523635855060165,0.8874388676421299,0.8720782734905062,0.8759470826850232,0.9063284351494066,0.6842977403957684,0.6032286863640411,0.7195313790617411,0.7704833559732469,0.8697759880228711,0.7607424197245205,0.746358753255651,0.926043314987334,0.8418921484342656,0.6582043874992586,0.5418750043964825,0.9170777710801975,0.7673827823014465,0.637711893765679,0.8256571733653895,0.7015828041993791,0.8846482047346929,0.8354501524871505,0.8447372131821331,0.8685423618831288,0.9243515891673619,0.6757629377496412,0.48930151280532236,0.6679293713828873,0.7572289711504183,0.8871660651952115,0.7870159468173379,0.6678450770894936,0.9013948818491011,0.8152710062435595,0.5387575424407345,0.40782226063321364,0.8809217013685838,0.6181146229304413,0.48823852532346956,0.7229426073404963,0.563295199042191,0.7341834367355792,0.7673600167081036,0.6777082583640311,0.7558936507052143,0.759975774360159,0.5472368942691822,0.5174291734536571,0.4993645707442295,0.5814251341230366,0.6812255353263045,0.7478565572653685,0.7506308664302879,0.794546321747202,0.5754219589239308,0.4097684982856069,0.3730627843121663,0.7177580748380435,0.47435647619926874,0.4167409005448272,0.6239412289693648,0.4445237349526862,0.6982000363040327,0.7684850500509997,0.7084154400233811,0.7284821887343251,0.7421261882854983,0.5467242292296369,0.5995209094303005,0.5188403547234937,0.5998956904772363,0.7464752608907278,0.6131387456681711,0.7245935950474214,0.634601031503384,0.6077065374355397,0.4010192338630231,0.4246581984237208,0.6865527066585471,0.527091449024306,0.5341865961188681,0.6344563329154372,0.6155815058501762,0.5281478883143819
lin,rest1_vs_type1,1,MentalArithmetic,Type1,1,1,150.52912899999998,75265,77765,0.34084275914855855,-0.15525627522812346,-0.07736192919752405,-0.13001154596177744,-0.19631192330604996,0.038267417881321375,0.31452724995370973,-0.03437926009707093,-0.21433392134707674,-0.12576464506077478,0.04311024053650403,0.07368100569076907,-0.06164447503189674,-0.29451233612052086,-0.5076098676931666,-0.3988132882155617,-0.9509773912937498,-0.6422748204010816,0.8713494089548048,0.6832382435353065,0.896329307045039,0.7984991482655516,0.8426579203920722,0.6021791395111026,0.4302878614992218,0.7236855204678194,0.8722642159395557,0.856397538704807,0.7264431081718478,0.7924444309828494,0.5332337887168372,0.5129173134606088,0.358835225875777,0.7580792631954469,0.7609986082580713,0.38443679288064675,0.8169727769138014,0.5578631345950554,0.620348261395382,0.9225728114346718,0.7642502576763139,0.8583662689324708,0.8717458201946507,0.8016143468951835,0.6890789799860851,0.6160324751669177,0.7351986236983229,0.8338044788713621,0.8559764963365502,0.796244582170915,0.8380871603742469,0.6841419949191674,0.589883991230396,0.4355197690043299,0.8469222479869176,0.7239935448930988,0.5471665003146277,0.8084802761406686,0.6360101938777604,0.8627553966945617,0.8314179793346168,0.7186591811078809,0.8499227987496947,0.812437236608234,0.7256095438902379,0.561479095719216,0.5174663276533492,0.7745006488375435,0.8676909618657673,0.9173926391263286,0.7384433560783856,0.7427832460699468,0.5392458963288403,0.4581200033633676,0.376029430584369,0.8202835997845848,0.7213519548208626,0.5625136635193418,0.8570139517749953,0.6193999910946449,0.7681108630682848,0.7935282029794295,0.7590000086449232,0.7661467727033303,0.8009680852193816,0.6669854393878166,0.5129031195677191,0.5325958135511368,0.656148778624375,0.7895330474541538,0.8455734695997571,0.7274307962714264,0.7425599087781747,0.6318538219619515,0.4317790069984779,0.3293573859222083,0.7881377507090472,0.6098575706851543,0.4001057213406458,0.7689927631952408,0.5416278572343949,0.733793022118046,0.8175007763983761,0.7568526299109363,0.7711588251870297,0.7477550670105731,0.5580210276466767,0.5759684619347593,0.5793480606469518,0.6294599936834808,0.7447392294238314,0.6714243168011103,0.6788217983058685,0.7034180425256776,0.6113649273915903,0.37538716137481487,0.38825550782176355,0.79618514334994,0.5263748744807043,0.40350629107450764,0.7195186454044665,0.5562286338805501,0.5976328686604969,0.8168211445473078,0.7596544728258039,0.6565000018300744,0.7425001941123818,0.5398081063000085,0.5686658504631764,0.601169532287195,0.5910493082061589,0.7420807148880254,0.5604385214033929,0.6902547253912741,0.624546759506519,0.604210680383198,0.4274193949210849,0.503680231634741,0.6315255022406321,0.49941228053713854,0.3940298555095466,0.5138884592328112,0.5549845581512269,0.48318790341963685
lin,rest1_vs_type1,1,MentalArithmetic,Type1,2,2,162.566118,81283,83783,-0.2603758877351332,-0.1579925470350303,0.006555994525502928,-0.04997360731745237,0.001112869528887117,0.017430611237586824,-0.3304036790513538,0.06417514866671281,0.06624340223417402,-0.26802792488693905,-0.05644697233633922,-0.047517148880833915,-0.5621549056864326,-0.17546980895431563,-0.4169872587537675,-0.5592563726091782,-0.41618209368252557,-0.36248952711708116,0.9258364004597012,0.9424946562891977,0.8901776369033945,0.8116765692274664,0.7805873108452004,0.8483248059680497,0.865506666966389,0.8253215819372267,0.7972839766337987,0.8589080651584813,0.8563740169404306,0.8454606821020423,0.7580087733151372,0.7400254973641464,0.8137887800792784,0.9274751949632328,0.8623629324882921,0.7314016255831348,0.878819953185599,0.6921750714861077,0.761204689055884,0.853571256046856,0.6603432024002082,0.7918845075328457,0.7049771710571405,0.6088667218397,0.5478671376876099,0.48115864860119606,0.6304192484633601,0.7580180698905802,0.7492370787937476,0.7478471244753994,0.802236591404809,0.5790156642189009,0.4174576853737317,0.4512612231405984,0.791292016675611,0.6251452254240628,0.5006712476568307,0.8258788835388408,0.6704923394027567,0.7920370055844503,0.862899380822768,0.6762476131448145,0.6987495560345194,0.7257567639708913,0.3749986161447412,0.3962578951875232,0.5257949317256357,0.5525640269911732,0.8229862949164739,0.571133735959354,0.6017118064595244,0.8377769185036199,0.5638691568999084,0.3721530965670028,0.21489234227433854,0.6597636278359804,0.40988073418597165,0.20424942963952392,0.6131240207471036,0.45148632448439435,0.7252232942077055,0.8207734509041863,0.7401850630927516,0.7663111521908382,0.8090602109091504,0.6293658427426343,0.6256581994254873,0.5235807317756036,0.6562528072460292,0.8326739108879231,0.76015027190364,0.8252695772254504,0.7561835142843026,0.5591957168229568,0.4027805151640489,0.42231708730027384,0.7360594696359526,0.6113130293183284,0.5663101639632646,0.7852651826501403,0.697759687094305,0.7548063723326819,0.849583989190587,0.6928144064686964,0.7316016672826773,0.8030746418739201,0.5942138568514485,0.6373068245169907,0.5852412687873081,0.6155141808152639,0.7963757338453,0.7227479454314402,0.7689859043771263,0.7807395651922455,0.5869740952733569,0.47907093235813325,0.43534947512478545,0.7481371817249487,0.5005142710833854,0.4867559474912966,0.6510158481829782,0.627647670606078,0.6138245415391457,0.8188851276692087,0.7221908067404375,0.7205671155152443,0.8343436299517104,0.5792372679330628,0.6149350096653179,0.594420855922158,0.6482031851685852,0.7839502827431826,0.620432624111453,0.7175107185357752,0.6896117525714636,0.6810802665558499,0.43026233517685364,0.43697498609963303,0.7721240089230911,0.6006567381191285,0.5654365371077786,0.6431671386496671,0.6186512415434089,0.6155440678959371
lin,rest1_vs_type1,1,MentalArithmetic,Type1,3,3,172.997059,86499,88999,-0.19395437900960477,-0.2006624529847132,0.12597892810037026,-0.22200299929847578,-0.2501968550424727,-0.0759659692693635,-0.29700564212990965,-0.23702742593334314,0.15663106048438413,-0.05587340797190077,0.1617328476459685,0.35632737085152333,-0.8375015308619638,-0.6903794389985864,0.01596296793889307,-0.3798855463638977,-0.6062675314840156,-0.6452985911307733,0.9264322966216495,0.8257850436452445,0.778410724774295,0.7334796182741488,0.7253763385833959,0.5373860845430602,0.721823080512054,0.8096224330626738,0.7837151108997367,0.7944029719398811,0.6683262143761195,0.7386090030169935,0.6449172222064345,0.6354129847735972,0.3675478619229723,0.9091634595066473,0.8635492719960426,0.6100911537860695,0.9409772766878808,0.7085457286896838,0.7590938146111811,0.7939762640903391,0.7628385746914008,0.8411404147532392,0.7868564388436263,0.6808194556641443,0.5449822501783445,0.5134513808614037,0.6923056345169467,0.8150113956874008,0.8396235632150868,0.6601403766653551,0.7872691543466392,0.6309921929623671,0.5171170557553674,0.4063438686342189,0.8630311465035035,0.7146703077550336,0.6021360982360625,0.8716991130887894,0.6590648524201709,0.6545093530035532,0.8420359748528375,0.597371656746525,0.7412583311064177,0.8191612010445839,0.6240458680936639,0.5487039659118038,0.40823734790694816,0.709303851739398,0.8530898633855175,0.8000339803252078,0.7795067795092606,0.6443257496300278,0.45092417368748045,0.2973039745101528,0.25154213930804964,0.8280547670462677,0.6487626580983137,0.6015835857938778,0.7933602904012407,0.7195303369451822,0.8807705848318587,0.7062121897348332,0.7325832063814441,0.7626155890135102,0.6895276490469385,0.542479094522628,0.3350663501387653,0.580044629225631,0.6081092368874965,0.7223988911611291,0.7148329382321721,0.6729386591619038,0.6286496182191884,0.551178995201988,0.3958154687666791,0.23405047996297626,0.8127613344637772,0.5817062231291643,0.3016777750662619,0.7530329140039889,0.4376782224143439,0.598273819395002,0.7624941500939111,0.7116885234755382,0.6786000850143257,0.7854856896466567,0.4644674214932002,0.3680378931629892,0.4899323107651734,0.5087081933007822,0.7341808143805901,0.5975231609292184,0.5899750118180557,0.7290605660673599,0.5668527049991569,0.344505712141139,0.23850741087443245,0.687353115134451,0.4527047850178555,0.2547834870692842,0.5669963913014389,0.41529151331379816,0.579579604924936,0.7632390953423073,0.7527607656915934,0.6549780041274307,0.6492152649892167,0.4605793294809534,0.5931579655284446,0.5885409324536052,0.5973538872787129,0.6630179653713305,0.45886862529549005,0.679990810695875,0.662223817773072,0.569008859461436,0.3565207833353294,0.42216593564205906,0.7039636174688282,0.40640224901711464,0.5196180688315075,0.5381736482490349,0.5567058348122033,0.4236640024067995
lin,rest1_vs_type1,1,MentalArithmetic,Type1,4,4,184.087692,92044,94544,-0.1466347742420573,0.06978664398646606,-0.12738913437563504,-0.15524013699655503,-0.06792842676182698,-0.1657769268368403,-0.18788241486945934,-0.267882659595978,0.012342459401270212,-0.26091143890241186,0.16915837808084522,-0.002556857259533807,-0.6270408353431356,-0.36336543722978165,-0.15421588069605718,-0.4827330785608477,-0.4733032119343701,-0.389731779650635,0.9105909166049836,0.9362602650111036,0.9246986038660774,0.8629410044228173,0.9361806089523944,0.8045458917703467,0.7663686136142246,0.8463466137525342,0.8206912206741237,0.9057983919283202,0.9415710270795579,0.8857428221234166,0.7825272844348427,0.8481586593881744,0.6220681169383098,0.9192771217133908,0.9308180783917293,0.7107238566120202,0.8885814518203998,0.7275884334969913,0.8108221644128105,0.8850677033035953,0.7774925516673366,0.8488292312137252,0.8594539926759536,0.8168874716292753,0.6932894091068155,0.6217256790890076,0.7781776027580484,0.8446272292501708,0.9045013697173176,0.8786474928749675,0.8376096181432849,0.7176895059569961,0.5773375513080817,0.43343837909581895,0.931028716505311,0.787072531683748,0.6016929401772529,0.8698032538824422,0.6733531367938226,0.8334195427857773,0.8106493950802086,0.7893748644473066,0.8430251198377963,0.7672443288866487,0.6871053780038626,0.6186887566115038,0.5611197568936781,0.7211220860770041,0.772332303876702,0.7485115953725815,0.7125419524825867,0.8031960790142963,0.6410368369484303,0.5207580352963698,0.4723353064227124,0.8969286400497544,0.7721353855733525,0.6414433789369598,0.8463047500834973,0.6632052630129937,0.776948138482565,0.7295352056673264,0.6728520031778106,0.7294244208150553,0.7122499645688442,0.5258055481641799,0.4369862553016093,0.45192936931323885,0.5342481989584161,0.6648599327025368,0.7429156154803116,0.7256610032683897,0.7353985322027693,0.595329920866756,0.3241751930688466,0.25958312228262176,0.8104465696322875,0.45869542752555875,0.31552549074443303,0.5845882846396623,0.42621484478149263,0.6820199811254145,0.7935855352739097,0.7393032422473406,0.7881351812594373,0.7311198177323898,0.48422848835175664,0.3074630888526432,0.5282043253846674,0.720545334450279,0.776197042746817,0.5882783563157115,0.5105779989767688,0.7265772459382335,0.5969100545127105,0.457595665662236,0.30229335650069233,0.8014725441052111,0.5448029294589998,0.3517659399335605,0.6597070454563518,0.4587682700667526,0.5412888864631082,0.7356428426506658,0.6986793486836722,0.7377475871220276,0.6968870957391009,0.45498924381736777,0.5045227109314805,0.5952542204345252,0.7260499908896446,0.7398257339529651,0.552536559735136,0.6203233985867022,0.7566563128845465,0.5662386071240262,0.47064737362173265,0.39706151174958737,0.7197278016629282,0.5458514810130422,0.47340902584637545,0.4657953687758961,0.5491534017974544,0.46441387258806105
lin,rest1_vs_type1,1,MentalArithmetic,Type1,5,5,195.395889,97698,100198,-0.5062949923262503,-0.023697718119560562,-0.1491941408070847,-0.18091050098389116,0.1584597360392559,0.013295229129895114,-0.5594175569551494,-0.005756370486147855,-0.20940997337860034,-0.1354025379347794,0.29535096310548137,0.2974588525340425,-0.564533693485008,-0.45671662156867976,-0.494135447461975,-0.9153508781822461,-0.19900803577845028,-0.6953180594810026,0.5068392730086603,0.8875258894689363,0.7597492158873576,0.4353080685440131,0.2806301556375923,0.22520625222540955,0.42379001986950043,0.49577106888052846,0.7188847795817824,0.7842726770744226,0.6533799742060538,0.8084400240952268,0.43284634169264274,0.3452115646022185,0.260272256875894,0.6506904656330771,0.4665695103442414,0.27900355608757466,0.8382191661413374,0.49422103507361925,0.703359461423603,0.9086247740533667,0.7925992336864762,0.8804505813487823,0.8253596400734541,0.7886370608327725,0.6577894569622516,0.6165015080293216,0.8159559811731609,0.8640732403438703,0.8562323963813068,0.7969625300113734,0.794345131280298,0.6352689551959864,0.5673091994102585,0.38452512790699633,0.8730384327866151,0.8094143376420969,0.6126674982650022,0.8922248688175864,0.7462919194993398,0.8276267227377472,0.8520534128807901,0.7455838317367617,0.7976161739390972,0.840821878799852,0.6369854795464781,0.4640608675218505,0.5396258221563011,0.6364449003143035,0.7867710052290552,0.7259529583618909,0.6629833692836572,0.8013253723100147,0.6761371084759883,0.5130959968688678,0.2668509939609334,0.9053607549390418,0.6585864952196333,0.4127746186873861,0.7903867647060367,0.5701514523212812,0.7381800844418521,0.6824764119550327,0.7686079992447327,0.8567661901908273,0.8147015733696175,0.5914317252838375,0.3990730355258051,0.48221704447168945,0.5964801184858737,0.6931066536857046,0.5947664475938511,0.6730474381791361,0.802377822133529,0.645998645015125,0.4998611990817839,0.331784870108137,0.8548307936059584,0.6974264825924017,0.44563908179239414,0.7207336026962823,0.5320096675405803,0.6339781326228026,0.7698859303468989,0.7200380272685754,0.6965340794176764,0.7001669137583664,0.4706439676859017,0.4991054248390034,0.4783433633260122,0.49551615649333586,0.6802836910666142,0.5272293324097089,0.6573515256844178,0.6903948515950415,0.5105132725705726,0.29374252605316276,0.27331660848271766,0.7433884904510397,0.39359678912601453,0.28913346497415526,0.6061825802335551,0.5388002767972481,0.49296706905394105,0.7102877362741667,0.6464991317179359,0.6575073550806265,0.7305081589849303,0.39364420350803875,0.5284728991186778,0.41705474636645773,0.49257250468003544,0.6420417694908429,0.3372725792691436,0.5370014456683674,0.6943305605894465,0.539799553720062,0.28550741637998484,0.37991625935437373,0.6150679631599422,0.32925646072571674,0.416757916675102,0.3612245327771846,0.4825751343595714,0.3131354012365231
lin,rest1_vs_type1,1,MentalArithmetic,Type1,6,6,206.789203,103395,105895,-0.18146753863490783,-0.08998414511362407,-0.06040486644664966,-0.0045209225789983876,0.1032935766677483,0.011841689968672187,-0.11350097454522556,0.03619243950966888,-0.2259325499473861,-0.006947994190253937,0.20969372595808022,0.3277571753108375,-0.1215944573012937,-0.21149448745250776,-0.6451885397353672,-0.7955021235570936,-0.5085502464731444,-0.6618234960735154,0.8611544608349719,0.8980271110996578,0.8410380702802889,0.8233254767275752,0.8406985240581079,0.7357136476252197,0.7624966543509113,0.8121973343069974,0.8730484342436095,0.9177601281885085,0.9101140847874308,0.8572475834719416,0.7785394021905886,0.7592153706402871,0.6717678141669801,0.9407978003772267,0.8715066246035449,0.7362987926302367,0.9233558631371716,0.7897461481399926,0.864553871812527,0.8738266836190202,0.8056808027769701,0.8196950434836816,0.7623570505737933,0.8226570569699407,0.7128238986189028,0.6371720591254764,0.7544731828879695,0.7877914017294194,0.8810477120112901,0.8509399041144531,0.8355529825905152,0.6235416562830685,0.6364160689160272,0.48366428546517476,0.8577404473191111,0.818767968657295,0.5814486005220663,0.8885719519321675,0.6133278057818333,0.7177551442701863,0.7554096050068562,0.7779898035107985,0.8510954989164637,0.8475934990196735,0.7008744310187743,0.6922244243527857,0.525614845137112,0.6193583990339537,0.7341957925979231,0.8098299885399719,0.8350327611986298,0.8789322025834516,0.7383862774697798,0.6015685602190037,0.48503403075126783,0.8776759111883817,0.677309289732525,0.5642520715155075,0.7764911741492214,0.6585120562129241,0.7651430220763067,0.7232558552069543,0.7108519541156871,0.7781742936452661,0.7998035581769803,0.5130775606028639,0.3085918681025004,0.4427753423634729,0.6859414607353734,0.7788215413672571,0.6865578794296392,0.5566131045375605,0.7323194779306855,0.5628865395187154,0.4174737845393643,0.17153511996116458,0.7907100363187212,0.6154659171895267,0.3514782970020753,0.7125505794245836,0.4447365569661821,0.5879409322491398,0.646020817104674,0.6480311755875517,0.755611421688395,0.7228776197841313,0.4628842593798046,0.4856540794620297,0.3060818641439918,0.420945460916885,0.5860406502628596,0.5466986875706913,0.7356559680566838,0.7549448623834328,0.46274525368756636,0.27050461681196836,0.1895598719317671,0.6983107578685993,0.4307494551692391,0.2949731681082569,0.6021863174512503,0.5099302968103017,0.6191225185591847,0.680570721805017,0.7132576983884,0.7592933300669912,0.6882472464218143,0.3726980920213558,0.5228295343216126,0.45983469227301527,0.558992448995285,0.6804282452925748,0.46847482648656896,0.5746254913078553,0.7981568672136689,0.5694121395233045,0.34247231112019705,0.4099250733061546,0.6653500237250328,0.39016220117784267,0.5032080872046386,0.45255202571915953,0.5112835558638607,0.4984282016755962
lin,rest1_vs_type1,1,MentalArithmetic,Type1,7,7,219.150529,109575,112075,-0.05984455445896408,-0.3648769154537108,-0.06454847822462728,-0.10641502404693881,-0.018036410248077228,-0.09176326594320727,-0.09095197788752518,-0.3857987266666192,-0.16181060332619435,-0.2442690547687265,0.28914977976922396,0.2934845919411697,-0.1789671615577424,-1.0928198186475129,-0.21032478550877842,-0.7071489938063349,-0.6722978310953844,-0.6077123136598794,0.9570725064680883,0.9466571123654923,0.9205054225926964,0.8624956810199338,0.8227615391080321,0.8242291404774421,0.8891878443249827,0.8993941115235078,0.8575812061048292,0.8994807966859727,0.8858097984444522,0.910358052610861,0.8364867218849423,0.7821317486643176,0.7532804316180726,0.9579030400986782,0.8770441394015142,0.8165141456532481,0.8901510606084388,0.7653217186944391,0.817849936742425,0.8575819322417405,0.8266319204956075,0.8552593110879344,0.8121931080679685,0.7881318873341033,0.6856634649717522,0.6483267191945922,0.7414430140318049,0.8456878787613985,0.8716199889916013,0.8153704169738583,0.8419050899494648,0.6713652910278706,0.6457823347085234,0.4977264625530187,0.8602509997196817,0.7923515195136054,0.6150004927172574,0.8964282459841626,0.6911753499331298,0.8278358715432026,0.7917197793580912,0.806288501889412,0.8273382270739459,0.7886365255242032,0.5593740590678028,0.4166261565090142,0.5198741749075306,0.6305536310346289,0.7421978948359762,0.6208997273753114,0.6027385554548956,0.80152052888188,0.6791106350175896,0.527303562272361,0.29004459296479923,0.8597987607180566,0.68909160846944,0.3824751507073644,0.8047158516457441,0.4806872054330237,0.6510790991414029,0.7990762616180351,0.7357663076464206,0.8134974579531831,0.7554934732061919,0.530760425785078,0.4399561310456724,0.5903187320135359,0.6725218043935387,0.7640061167174461,0.7082631691802257,0.5951361026612614,0.7864070788749612,0.6245591634658569,0.3660058158491186,0.248879612709038,0.7787789483466626,0.4692156743833726,0.3991301847053685,0.6186366157515666,0.508975084287417,0.721162829929733,0.6563346774310161,0.6179461932762959,0.7316246265080368,0.6311045324727671,0.3963832167402186,0.3462038331671658,0.3095810069716654,0.5650853821143195,0.7143938486843457,0.6110877357228801,0.6555567422096961,0.6150791043986502,0.315955207330116,0.19344323982625208,0.19942641876021236,0.6721917039204572,0.3607458542177479,0.3309645132346709,0.5447492510040023,0.5037491347605877,0.5603668555534282,0.7108222168286945,0.7729952286626691,0.7224098777826583,0.6843904834253773,0.4241639294637517,0.5079938800176067,0.628806671908921,0.5893347021587606,0.7115510357785615,0.5330269606377628,0.7355561098829323,0.6990973484670258,0.6206724775514275,0.3757409010853216,0.4680160339777197,0.7186030734434854,0.43037487932249946,0.456296734616171,0.553021092453581,0.5625979845402437,0.4907834608107303
lin,rest1_vs_type1,1,MentalArithmetic,Type1,8,10,254.073014,127037,129537,-0.2369543644932781,-0.07725529349547156,-0.010509984745563639,0.07269262447486247,0.07535923688845281,-0.015151736671873195,-0.1683643840455784,0.37157023265604083,0.22528453670220472,0.81951318555131,0.8239012564366948,1.3609763300325073,-0.7548073322488018,0.26913912253457895,-0.28170478814685085,-0.6553288070745709,-0.6341617061480922,-0.6234174540382413,0.9320784805154654,0.7892824563253575,0.7067939717894767,0.7731827870382535,0.8103203657538045,0.8390961303193838,0.6719190011826452,0.6154528676357087,0.7627502411942475,0.8382984108169614,0.8976587876908485,0.7089777867037538,0.5979928334914526,0.5979706200486049,0.6075163512408437,0.8093449032487317,0.6620419495390358,0.6355483935495905,0.8590263218130874,0.8086922809539895,0.9103296631609883,0.7716150344150113,0.514536925917025,0.668014779102733,0.6648159944511437,0.5745216742922167,0.5660912347301629,0.22752894931514744,0.612846772301032,0.6953634083192263,0.8086828475832314,0.7349763569944665,0.5927423898447585,0.28740177134472267,0.10049055134362025,0.0852302575433748,0.7871797021514555,0.5682288883020332,0.4541503801772945,0.7833200465687036,0.6464222159387448,0.7475104745985699,0.8969170398395302,0.7381964064990411,0.8059034964767164,0.7851235247664582,0.465727269610776,0.6467592387902206,0.5743365765037458,0.6619263212573279,0.761756023228261,0.46228689684203245,0.7266775724044394,0.8438489780317783,0.6042337581297955,0.4285806129653113,0.4004768979729804,0.8018524610809817,0.5582580153536505,0.6096760912995018,0.5231445826211849,0.648899483333503,0.6721981936272803,0.7491748740387263,0.7550882884683904,0.7425564912026057,0.7577563338556529,0.45611066990055366,0.5308142990279971,0.5321481102241029,0.581218238703536,0.7576920880151424,0.5991789278282271,0.7092343092747425,0.8267411864924014,0.6533225179160075,0.3520566469051396,0.38236297605224756,0.7538584047335678,0.47500137899759115,0.4532855265512151,0.5201953245328734,0.6356971848051144,0.483426074365029,0.8107188116184203,0.7093209419763498,0.759309894174809,0.7537883406529732,0.435945553655334,0.4877845946015566,0.4936999189895036,0.6060185804876957,0.7337788721763435,0.43323980651634453,0.6596965926007369,0.7324120904877396,0.5693898303161127,0.2900646884342379,0.19771401700733304,0.7855785871852415,0.40165228810329806,0.33110461348745984,0.4075488844935986,0.4922773440553072,0.3015199067350336,0.7137690152549685,0.6586079791598833,0.7106838037428342,0.7122472707819943,0.09453211827581295,0.4307270582187569,0.5007245169164426,0.6070441773595722,0.6545719373046742,0.13083559196894695,0.5644808678180112,0.6718643239383645,0.5568835419619151,0.08559318857002697,0.2841846363503665,0.6847661601455222,0.08368699121450182,0.2859217684624283,0.16153931830403934,0.3254141207880933,0.21627348489937342
lin,rest1_vs_type1,1,MentalArithmetic,Type1,9,11,265.543199,132772,135272,-0.22353496987381627,-0.02131263851526244,0.038086715385617254,-0.15681831993863882,-0.07478009663177132,0.1390785596032149,-0.30314874488071775,0.19186770511294204,0.5308931072867682,0.8821721921164198,1.099319007508906,1.9308530067697165,-0.6735932864416139,-0.43966097305615337,-0.4659890852593538,-0.5894909468747316,-0.6286250050836284,-0.7408891576666904,0.9458286670393075,0.9413283407661626,0.977585975570179,0.9725985684611635,0.785855260612247,0.6953503026040121,0.8333325844637536,0.946599298400746,0.9745459161879074,0.8771453340666043,0.8203353077320352,0.933258856364349,0.8814450135844087,0.669388815942668,0.5578306618653879,0.9686268294153424,0.7943108240861864,0.7086961525232043,0.8442292703909412,0.7522969243690119,0.7923295790436334,0.8173482431609795,0.8541794027846679,0.863046726512602,0.7634178926576037,0.6712471336018001,0.5799357895821611,0.6596819258856808,0.7244970608538887,0.8005957507058964,0.8430924320746834,0.8246723482685084,0.7841691056619143,0.6052543224098467,0.5736040190873503,0.42822028960451775,0.8390613647188955,0.7449655506906355,0.5364177833775238,0.8652551918507515,0.6496891346995998,0.8037854853281885,0.79095203404197,0.7646669090770642,0.7839107954914883,0.8572103949113885,0.47494864364187184,0.42069268439553636,0.4736068091797092,0.5414929598605006,0.7270530371708105,0.6515763658359544,0.6932877427190672,0.8469086158424223,0.6878439674398498,0.23986684592907823,0.17463749776948498,0.8025374511913617,0.24924598199791656,0.2206566561455381,0.5234131998532,0.4356320798134457,0.6793592446847453,0.7320513727824461,0.7288553298868294,0.7256409860763549,0.7212286560518245,0.35912255995071857,0.34372951003799446,0.46069563250440504,0.5806737947985244,0.6985282777478685,0.48076541532213596,0.6127685435121148,0.7657861978406373,0.4674151827492241,0.2974498788555642,0.11553981606224735,0.7096543726334537,0.42955014116197815,0.3310435252068063,0.4539984883116326,0.403021158540734,0.32641837230195936,0.8094741018016814,0.7154705239404294,0.6670086863258785,0.690155269608672,0.28821149040657484,0.41485621657257454,0.5383866518893555,0.5774599835460511,0.6586344884981975,0.33447829249267125,0.5849021836413911,0.7778233111806678,0.5683274900688247,0.14455899988739296,0.21928388430152126,0.7015853687028143,0.223962387364957,0.3904796472884936,0.40208008262315525,0.5009694187313669,0.3677962385822134,0.6560679359332426,0.7203182051170338,0.6357391496795046,0.46994043229042065,0.16039148480874674,0.386248711775544,0.39970875912724424,0.43956381979134795,0.45340399854359725,0.1972091947157687,0.4735579682940016,0.6896160768600698,0.3824180271644928,0.20212287767256465,0.2807388461298992,0.48893698532526464,0.15721233409308338,0.3202251125315193,0.14243378612704746,0.43996398104871404,0.14981547201516093
lin,rest1_vs_type1,1,MentalArithmetic,Type1,10,12,276.224015,138112,140612,-0.12270312469540867,-0.18876402756464783,-0.1950376915292953,-0.09922215634934828,0.22181752175032265,0.1082836247578689,-0.05492819202487764,-0.06439756861603163,-0.050742325904783225,0.7170109087991805,0.7852143858240228,1.2112226353472688,-0.45461772344805906,-0.48866632327466064,-0.6223230654326661,-0.2380916241266806,-0.3540608036204882,-0.5545736459349868,0.9066536079739576,0.8404309180018743,0.8192678614157842,0.833373394780463,0.6678113359062148,0.6091205529243244,0.7462551183827248,0.7943531099551596,0.8623824282349871,0.7963114361336977,0.7540968979377238,0.8643212726395196,0.7700542621268877,0.6640593596252335,0.5448801070751946,0.8975582898917902,0.8513277396717214,0.6625147971080385,0.867108020956059,0.7273329324127852,0.8267353506282146,0.858499215405127,0.7227518343229132,0.787304583364712,0.6569790445136386,0.298714613721139,0.670560685701681,0.558232927198355,0.7545918659408444,0.7190286029618049,0.4830952271567315,0.7857919407857281,0.6949053860567966,0.5777024201001252,0.16497763032214913,0.4331915670193039,0.8857466816220717,0.5408621178495052,0.6947965442579053,0.6452285008470469,0.6717831409905592,0.4918351007328907,0.8097785288761729,0.8019795122342612,0.8979321296062539,0.8816438075333,0.6237651805423072,0.6422436438862477,0.6310922599114066,0.7222070695488033,0.8675397870894175,0.797266918662769,0.805933318692467,0.8542663849703235,0.6792384393693615,0.4627557430954716,0.4174905349518783,0.8267059937751421,0.6195227996595793,0.5660773636457285,0.7411640761836074,0.7636068946068464,0.7865470941275855,0.738562179581048,0.8260944338429668,0.7712845283199483,0.7487042317222925,0.5240026616162309,0.49974358345127,0.5774275134490332,0.5896025034085237,0.701524541439913,0.49653452094345907,0.5964195013601801,0.7320623234712424,0.6282265403485681,0.4347634641784534,0.33450483571560713,0.7946023380166319,0.4988082740755804,0.4741846406059484,0.5764577222424209,0.652771175446062,0.5597652179346594,0.6914425009963175,0.6242359507604408,0.6752566023329056,0.672455973920746,0.4262573475724527,0.43338211581279196,0.31547108365228327,0.5103520190507909,0.6660463839762496,0.5144970175289459,0.6331497648049281,0.6138397908948934,0.3218090115725277,0.24402062781514933,0.07227715865657225,0.6344889527758997,0.36058360305793064,0.24051638450072743,0.478222947264116,0.48906385431018745,0.491817222325662,0.7029347861360272,0.6504875354615005,0.6705605097827222,0.5257743222959158,0.11641503328789596,0.5447365106063236,0.47399731998925804,0.5497824748633781,0.4972683742892328,0.22543313910808432,0.5442475109464197,0.6188863656395446,0.4496225310391057,0.08105845053637177,0.36346510015193667,0.6219423618755279,0.15461740096966656,0.47774206774191436,0.18613222469356286,0.3747691525488829,0.27417150064938495
lin,rest1_vs_type1,1,MentalArithmetic,Type1,11,13,287.14076,143570,146070,0.042505637119961914,0.10438014357653769,-0.2570651120719867,-0.062499064015522965,0.2803399492604419,0.3538442292740056,0.2910322126130782,0.08800992351484638,-0.3892691158134851,0.09657360084031286,0.692229851905388,1.181889182379503,0.40977315479852194,-0.0652757483816715,-0.8481448874399704,-0.5293126826846588,-0.30932185938369594,-0.5373779120871452,0.8341448578311826,0.6129521816615536,0.6895531598211414,0.708296539731279,0.7030286788775242,0.6095655104808096,0.36480515976313616,0.7056510323962372,0.8265740036690913,0.8932273024607766,0.8170799262575218,0.612218347899138,0.412108260918401,0.3041817776874531,0.1609783651581381,0.8375365405308752,0.7778835050337799,0.6328825292775099,0.891529075704206,0.7061143868463615,0.8772628364882571,0.8297301759447485,0.8688224627059907,0.8986115758656025,0.8163292685566329,0.5841230930226533,0.4260769409227732,0.6546568689838369,0.735750113883758,0.8099716253581157,0.7181631933714899,0.6188057729295073,0.8970724560332397,0.7350232647602755,0.5120181885993149,0.2774138724013808,0.8933264882444151,0.6523148807997042,0.45417514843054574,0.7918058033565268,0.6155398665170426,0.7589003977164516,0.75095665930501,0.8685272629240022,0.8456346838519069,0.8288152283359045,0.592233446961547,0.3272465456735891,0.6309195953576625,0.6883071427886671,0.7809735362458031,0.6524175239915904,0.4947039449880559,0.8956215681745677,0.772539966173056,0.514252304736447,0.1968601798966091,0.8866563567270734,0.6315076884005969,0.34060452914385625,0.748524727965762,0.47612480601475043,0.5489663858006621,0.738739433060069,0.8192703719192929,0.8315045255050464,0.7464620070187616,0.4169562443388967,0.441299109210532,0.5225909478597729,0.6775138966896129,0.6853018828404319,0.48377198752594586,0.45239255447131194,0.8306158407450596,0.6670958015916445,0.33456952163285364,0.28320019304330085,0.7935607193302091,0.43289518368225655,0.3717362894084922,0.423744511835183,0.4683847461743219,0.42163440240281097,0.6078996171001239,0.735473173385234,0.75007755215654,0.6584776284094593,0.29880933265039034,0.5621855820286968,0.4347581877526265,0.49357582351862206,0.49888576434056164,0.40598201477896645,0.5051044595505352,0.7596890970364133,0.5131875793374179,0.210514046852951,0.40474194417422654,0.7608402436391875,0.2851923623988515,0.49279586802180236,0.3391993400796206,0.5259656839819619,0.3822914308893095,0.49693952463267455,0.7264004715646603,0.7179137706324045,0.6481229048721218,0.2976733700497823,0.49537263879693877,0.40570120756188505,0.4327282019818109,0.47211687354191,0.22069236864136008,0.5143373422361938,0.7181197382332412,0.49756374769512496,0.14079553351381893,0.3963599660318201,0.596102860743092,0.20330930851035978,0.41416989016904016,0.2803996160408361,0.44959847959812355,0.2585837187197501
lin,rest1_vs_type1,1,MentalArithmetic,Type1,12,14,297.75332799999995,148877,151377,0.0415783559125642,0.07313287431264825,-0.16979585397045804,-0.12651305061672202,0.21303474909088593,0.09931035725244763,-0.06989434958956586,0.4003824495210635,-0.26636571328608216,0.4457261733753377,0.4411915176090859,0.8402588331641692,-0.39428830630815526,-0.12144633938825056,-0.949611069955925,-0.5155823076822426,-0.34415973410248757,-0.2672744964871665,0.9077394776999154,0.9039417200982796,0.8518069900702971,0.8012994965524359,0.7409062610093462,0.7929739274739239,0.7422027314620446,0.8278932298865319,0.8767968649838171,0.8626206575288576,0.9300173805913938,0.7776482159786542,0.6504940193883484,0.5984504475368443,0.63045841677844,0.8955779445809795,0.8392200954509338,0.7390519979793447,0.8955764039618348,0.7956720667896774,0.8840388367023588,0.8467871886379128,0.6508182117961993,0.7715031703291988,0.720121606297462,0.5335469616110609,0.5394443901810587,0.4617935855997816,0.6973142826083677,0.8274061707656422,0.7219709046244855,0.7411401036249408,0.7482528121656123,0.4777053010640711,0.2575770877804289,0.26852542139487,0.8466406418280341,0.6050752628359201,0.45960472566692007,0.7897949369839202,0.6113938616644796,0.7650397409062595,0.8708500249547769,0.7909516295361546,0.8711530847503156,0.8179591436247111,0.5042586952028487,0.4934614147414882,0.605123003860679,0.7365809069693361,0.8403973046833492,0.6157284867575242,0.6299287548665083,0.8739671764953832,0.6732309224115159,0.44652322728181554,0.40156617893288576,0.8108099169492056,0.4764509087856291,0.47299737308910994,0.6283241924940423,0.6157154203053806,0.7039715903824836,0.8229998596838369,0.7938802536792837,0.7746620418118213,0.785018351663352,0.532673068191413,0.52821367148781,0.6090416790706131,0.6621981746918613,0.7779241128323822,0.6541307105310431,0.717104509248128,0.839199435351792,0.6427247939097928,0.3208555081676761,0.33618938601175524,0.7720370277618573,0.44603122587504,0.425941548604959,0.6120960071391467,0.5797147690864918,0.6694363840073366,0.671322699057721,0.7663264617970386,0.7619929337867286,0.6495570742403849,0.2940384321015354,0.2879529598780354,0.5046464397042995,0.58394029455604,0.6723581673576738,0.419946296403567,0.5742332943955314,0.749019191918144,0.5056917709458298,0.2278772891286792,0.11543497687892025,0.6884770072939037,0.2830156503727613,0.22143181865946415,0.4076255375519505,0.40914715440400873,0.44304568244731884,0.6280837774868885,0.690244605512328,0.6598990874751142,0.5555962725857047,0.25565134539631323,0.5025395283980775,0.4346242212476634,0.5004779733139226,0.4473368368424884,0.24350777042108093,0.55428682065603,0.6395223203673397,0.40904634816418445,0.17473006909164607,0.32068308840502474,0.5820327580248679,0.2704232321977798,0.3644568285186144,0.25370841072923467,0.3493981252744948,0.22666575889523102
lin,rest1_vs_type1,1,MentalArithmetic,Type1,13,15,310.17003700000004,155085,157585,-0.3334388077705346,-0.13340142063847882,-0.19564768393422982,-0.03934070056477523,0.01962457441000054,0.0120327994425935,-0.5164910240881944,-0.16134490582022032,-0.19085431617443716,0.11188534960094865,0.12615575245531474,0.7886367735683131,-1.3516536521655649,-0.7461332559699909,-0.48967403400273923,-0.39341817109760413,-0.35242571560366254,-0.4755227120255895,0.9596874722277566,0.958677291496983,0.9573165204173889,0.7978485737361939,0.5808023927605743,0.40621190113134786,0.8886749886926932,0.92014976876371,0.7665915547006585,0.61191839214425,0.4855633285050368,0.9553915343892954,0.7550666252775127,0.5562724984119548,0.3144074820360476,0.8187342788869889,0.6155912825197699,0.39850970208863146,0.7587669458650085,0.48301064129374865,0.6120577513235669,0.8104248611945254,0.8257306502607554,0.8830248938190288,0.8131614184771515,0.7174446173437646,0.55750029992009,0.5980328117316521,0.7550606069529726,0.8347488053926566,0.8184498178872639,0.7335397283796575,0.8696949490311032,0.70040364260129,0.5455262788950878,0.302395644802265,0.89023929885874,0.7471862902923823,0.44729017252704456,0.8608856132661584,0.5686108630144557,0.7585829466991575,0.9108595266258135,0.8065080159656175,0.8484607219526658,0.8351281357094439,0.6762686487247783,0.5198018494513909,0.6564555051766242,0.7557275969308697,0.823744161837007,0.7625432173782872,0.6412677804854181,0.9099737066433223,0.7214063848532688,0.569815076559091,0.38330607120599963,0.8467153776555332,0.6783444805513886,0.48821458648648797,0.7133148913233572,0.5678030346891128,0.7607695835725581,0.7731050179393519,0.6631813603871082,0.7739313077176109,0.6964034067205561,0.4488728923652058,0.37249307045636404,0.4322716002720327,0.6525359048872766,0.6224278168561389,0.521028183676112,0.6834500569591314,0.7535915273596543,0.5341908033572135,0.2278182247456575,0.11954139905228188,0.7502475690696844,0.43980066976770765,0.3413338584200159,0.5156616951583811,0.35807423719783316,0.5841835930718997,0.6382024288694166,0.7132088823067746,0.710753096784603,0.5053065131142239,0.40110523907797396,0.3720689622829555,0.4197391300904689,0.4434755393708816,0.5379092159288207,0.4832857860550828,0.6313423221619935,0.7873449693570868,0.39450625189025934,0.14760024456729645,0.26892614477743204,0.5293169779926632,0.2636875962443628,0.2608394689845443,0.36403674424914695,0.32818005855253307,0.41263211289586127,0.6304852722091596,0.7034766853571027,0.7009574878580465,0.5193472842609018,0.2908479573837418,0.461522008796113,0.5022636248742368,0.55956770878708,0.46372664195765606,0.3402227795435715,0.514613427739815,0.6914098372419208,0.3893417525396444,0.25204382824354715,0.3571391914984488,0.5250629450574644,0.2867522190012832,0.3687493312879769,0.2905950463683727,0.28697951469835786,0.2642106223012654
lin,rest1_vs_type1,1,MentalArithmetic,Type1,14,16,321.041512,160521,163021,0.025332130957651078,0.30208951434095344,-0.12216134889900943,-0.016987568002924114,0.024296356617787396,-0.08167176578255919,-0.13724537865813025,0.5342767986454904,0.07181773441274242,0.10056034830076666,0.2463486428479973,0.9022915521403976,-0.5550752200179572,0.11334949178808529,-0.398695586374596,-0.14748497124313498,-0.391145891814326,-0.3543684385584033,0.7889199317747128,0.8066909206778929,0.7879261904407918,0.779629008098629,0.7803454904890295,0.58251556625862,0.47733003757638975,0.6395523715580718,0.7986689572372458,0.9007098917131988,0.8381517081155792,0.7678906093554619,0.5509275864199482,0.47183581239759187,0.2347428067623088,0.8449085489721367,0.7043126677052347,0.48544704661358173,0.8620826431344728,0.688307040113062,0.8418240138089897,0.7954600398532444,0.5417576674124805,0.6969655089371026,0.6515601490087062,0.5980843804840043,0.4835217365288276,0.45360219623063447,0.6264369154074894,0.7122232286290795,0.6805809498340997,0.6997370674630294,0.6430311482520192,0.4616507983279945,0.4327713280576401,0.29033437583031607,0.8197007586407306,0.7093288395810788,0.4458480341924915,0.7448794684765118,0.5003905513766954,0.7284566429438336,0.8297883711264897,0.8166501835172468,0.8247962371849822,0.79241479416558,0.6065754239283825,0.5429266327324251,0.6320945011708172,0.6531691749669846,0.7449792225868019,0.6530548790701876,0.7038036861062353,0.8456044628233271,0.6845953481341386,0.5359506703883113,0.3845010801832823,0.7752267441925567,0.6450873933414658,0.4397420657323227,0.615019527139496,0.4941174453994527,0.5757715683984354,0.6665796383310575,0.8685665990341328,0.7762697583367114,0.5754083048536613,0.5968129023244463,0.41146886329312554,0.5920072951449118,0.7521232101125811,0.6297516540597906,0.6504729488073603,0.7086835703075453,0.7548159740121367,0.5120327478842872,0.5095799895036993,0.36765694193091425,0.6286804461539862,0.6634829903491742,0.5436262227968198,0.6589718692174621,0.42492193046874216,0.5588532086592026,0.7611053426502215,0.746053649021329,0.7615836978353235,0.555734463573116,0.41657348948694606,0.4124019955199857,0.5713626409720756,0.6294714489965557,0.5592595300184627,0.510776687238491,0.5836425543763799,0.8043244095071707,0.47557628649798944,0.31594966260485097,0.2819842765859857,0.6404644438068784,0.36964592543880553,0.32716965955666905,0.3631062167360997,0.4045764604686359,0.42657301736948267,0.6827976880066466,0.6528665908041275,0.6170348574262902,0.415122485132431,0.19467002702381195,0.35486953053094616,0.45800130623206614,0.5318631351888256,0.3758206573394484,0.30261067306389344,0.5821233272292446,0.6139683872612667,0.20415890778740442,0.0875479065447903,0.22120847223430032,0.3061972940108558,0.147458399468747,0.278921773171333,0.16512222359504275,0.2559704607651234,0.2838323177624828
lin,rest1_vs_type1,1,MentalArithmetic,Type1,15,19,353.622755,176811,179311,-0.49011086266155157,-0.05172605421717957,-0.12247146814371357,0.041534881457874206,-0.11659036799853295,-0.015112937027608186,-0.5300098520663994,-0.15053448858684204,0.08545045487602909,0.08517433601188884,0.10330412598330563,0.6281696406289212,-0.8261009099517032,-0.6480978853721213,-0.32168028954476346,-0.3523099601320119,-0.3015023068498346,0.10191093798192385,0.8964136273530982,0.7846023623236813,0.8249027785065552,0.8000964119599043,0.7142298659607659,0.5620336298482599,0.6837420728990594,0.7620948303856752,0.7753082037807446,0.8199302193874224,0.7572664746333134,0.8793042885820762,0.6758874547421758,0.5576296114253352,0.295126449024579,0.8550479693181011,0.7322915362579474,0.3958703022638324,0.8085081438708451,0.5800802524785419,0.7413942077290472,0.8302602419477675,0.7747840739549517,0.8904367473110361,0.7794887728276303,0.724360314918078,0.42784128652441494,0.5846196878416927,0.7567279314929983,0.7241320511283627,0.8166334540054128,0.6496430975332134,0.8137943249893755,0.6595059874358881,0.5276007791032884,0.22077478191635333,0.8499631405804929,0.7259924571406619,0.3792157566240099,0.7562051274422499,0.3655676133233449,0.6465201937532586,0.768903121896645,0.7422814803657493,0.8113856964368296,0.7785111863765917,0.5572305756070757,0.41720798131632897,0.5478327106413019,0.7825488904332579,0.7779261414172011,0.7678055180781478,0.6335339931933403,0.7298859411104699,0.5192849426772795,0.36232327535600545,0.25460740117872316,0.800121378652809,0.625163317770664,0.45117800213473586,0.6529362729995611,0.4207974256072387,0.8249082714411688,0.6387740133254286,0.7316338826314401,0.7212473749688127,0.5391767226940704,0.49932968096233166,0.3283646722894834,0.4442461031660165,0.5142296461970671,0.5273652640836383,0.7463343087112004,0.5731633358726955,0.8242555092293232,0.3659654968416681,0.39841354495133263,0.1581022465854567,0.47933499053234047,0.495023595744913,0.2598357698154702,0.47067147792138925,0.3364440343958073,0.5642943414057224,0.6133584236780868,0.7806621206704797,0.7174322035903765,0.393994174690116,0.5208654526181212,0.44101710719538817,0.48309221653869616,0.5492272088600183,0.4313179148804638,0.6144837899128196,0.5678107411245638,0.7199058374085894,0.27787199404690266,0.4062204816991899,0.36518202531609445,0.5095557635153246,0.5250773874677118,0.34801056110294215,0.3564754435332861,0.2665976969418882,0.41655970133113246,0.5821864960362696,0.5928828580969814,0.5617173769654883,0.16710086933710358,0.2970002682516752,0.2664096777191979,0.5606567955345395,0.5164230196798333,0.271123146620106,0.33396352798716655,0.31604989004977324,0.6774674096365765,0.23145628747173622,0.321510939898065,0.35675166102388645,0.34754654970178356,0.3732522416105573,0.3250373235050327,0.15542353990250307,0.04942775414316288,0.25137125971385865
lin,rest1_vs_type1,1,MentalArithmetic,Type1,16,20,364.27523,182138,184638,-0.18911418482275133,-0.09759621122651607,-0.1319271037351304,-0.08152687560343219,0.1837496385078583,-0.09752737228262087,-0.28910325946819215,-0.16075500116049213,0.03662498769114464,-0.10183373995949685,-0.10383535207960404,0.4653671033882203,-0.28881956702481215,-0.51818243863283,-0.48765369510662104,-0.5339039274314301,-0.08413116908765761,-0.19142846205527353,0.8409288931670995,0.8794244801460834,0.8640132410268992,0.8623495716649674,0.7673533370667263,0.6013591805181239,0.6676169193732163,0.6838787755463144,0.7397282489059789,0.9048155783767438,0.8437769126764263,0.9611613767784625,0.8901057126226596,0.7292481942460276,0.4717985437240544,0.9427302492993169,0.7503260132924424,0.4681622855442134,0.7808525352727074,0.5007172505934117,0.8524088202191026,0.9200740463680562,0.7581784208787097,0.7610774813957365,0.7927255077651322,0.7569688468621234,0.6038462804319502,0.6452955443051428,0.6989163437731293,0.8021835903908839,0.7966504875784198,0.7105615403083738,0.7518750553408547,0.651265114040979,0.5353196638922567,0.3113327256544425,0.8694890613537165,0.78087780367244,0.46751110011628155,0.8848263905784504,0.6069286732727007,0.7281942572791451,0.8872951034035623,0.8565353158259104,0.8502707241009462,0.7099258425652435,0.6697984645870054,0.43637228767139724,0.7495563200870442,0.7720699577571929,0.7270516248060973,0.7070082921734873,0.5719424318062685,0.8609103114365878,0.6368660636020704,0.5684820979612912,0.3047370057431659,0.7680749951427209,0.6723404401282748,0.41022823030487954,0.7290054562692083,0.44438005596689667,0.6034036419019135,0.7473420582081486,0.7652619317231734,0.7546310180514193,0.6319781221107691,0.46552672511505583,0.3617318757005101,0.553657737041962,0.5492925442140114,0.5585811529730673,0.6066137209837547,0.5267827654992235,0.7843680528989485,0.5922109592176938,0.3681902888946684,0.1942009199800503,0.7511890657227086,0.4668569143829894,0.3003249242790406,0.4806625843043124,0.26924263215210625,0.5446526491056,0.6476999899706962,0.6659575780864601,0.6565642826981564,0.40018819108598863,0.4434838814182834,0.3605819696605897,0.40358845640350616,0.519522709007128,0.4242827780895878,0.5933114727732081,0.5639287271003446,0.6993089365070732,0.29046499997734676,0.29936990561066523,0.24147045328443972,0.5106412243865831,0.4373588672826535,0.34111135179730967,0.3589396757035755,0.25422780634376885,0.6285102531645586,0.5928072649513347,0.5687298325900652,0.5302299286067292,0.2927846759145876,0.3491693217521078,0.2611657000134718,0.5699893421073483,0.5533010996721055,0.36867921294027,0.4645114301429392,0.2843059214923843,0.7577574651037503,0.30051639381133355,0.33646112526981076,0.1274764018112914,0.3511847601505438,0.43022005443226674,0.1430775741114632,0.3281767024454226,0.19168849380902367,0.24532667086292276
lin,rest1_vs_type1,1,MentalArithmetic,Type1,17,21,377.73216,188866,191366,0.12921686365810148,-0.00036111495712720654,-0.11084013267137793,-0.2087568702619551,-0.1270753407336922,-0.18196763667083582,-0.08969645026265027,0.005576377006834665,0.23160529012252828,-0.17529614988522035,0.15324409000754224,0.5354337989114939,-0.02691643242055397,-0.4578162147823708,-0.32121477033928025,-0.5220716875288955,-0.132391947878717,0.3278522924650249,0.6732540296665334,0.7251669474910447,0.7973275365836161,0.7331173280061676,0.4790357500357839,0.2437409977415328,0.2990164925808209,0.5442239922839717,0.6698184318976567,0.7547004375688338,0.6753760544973264,0.7853283399474333,0.49904601823770756,0.17841089541092478,0.14749917769840784,0.7780382475109423,0.4273929315317507,0.15283473002328443,0.6352914629934686,0.3477016897269873,0.7196505040607767,0.9358086354685485,0.7969201931849245,0.7870310661941071,0.7558550726658316,0.7988124301594063,0.720245511432156,0.7059036791686033,0.7365260658401546,0.7449333697353175,0.8425553929289226,0.8447852181845058,0.7866184290464118,0.6329363770164088,0.6222345311141734,0.5002500801747277,0.8462694565206373,0.814103645191481,0.605136637242209,0.8341831395730378,0.6560918704109375,0.8250016593839082,0.8747306269919456,0.7407838079203786,0.8097270217185122,0.8521254359499822,0.6349775577234084,0.48404149048938433,0.6166189017121787,0.7265275024133753,0.8584193522751549,0.7401310559883074,0.6482245905282097,0.8072569686354161,0.6333032125424619,0.459654296378384,0.3194127968458971,0.8369367268467379,0.6431170052614146,0.4290199966960453,0.767701542090038,0.5513281930605914,0.773250165776123,0.7739394909507377,0.7318575473849966,0.7593282504881841,0.5068286970572321,0.4785564241055748,0.31975319371359917,0.5739934715572804,0.645708306669962,0.5391566964681452,0.6195465505911689,0.5136742909632415,0.7916611195867733,0.38903886675665456,0.3927535892424546,0.18085577403411857,0.5040980942214229,0.5276414324326772,0.3030558261589548,0.5197856576401578,0.28374148834608937,0.4998789705848827,0.6926090508821958,0.752636152262536,0.7558232657773034,0.48488303603461813,0.39263349821794147,0.26457617259908633,0.5257534568287405,0.5934975934040364,0.4393233781271357,0.46328642971480083,0.4670720072002231,0.7982619979078113,0.5195683596772894,0.3237512519992523,0.1223123824666395,0.6330479174427321,0.4018696927128016,0.2065892972079713,0.3976892712918187,0.1562232495601626,0.5407756529667712,0.5555496312426161,0.6213256877620614,0.552551486831282,0.3314545918219617,0.30781605063828305,0.26514808840283427,0.5609591195863393,0.6096506566493588,0.460205472115923,0.4836372454706499,0.46050905622315913,0.7300686360550547,0.30515908255448554,0.36919153872997157,0.25576308125533254,0.4103710142732855,0.4071825166837686,0.2628562480531323,0.2747553200037465,0.1951340015319626,0.2807185576692155
lin,rest1_vs_type1,1,MentalArithmetic,Type1,18,22,394.281874,197141,199641,0.01209906750364187,-0.09163210003268851,0.007626056336650144,-0.08687160322928911,-0.161524254803453,-0.18571576195644268,-0.044139082647574046,0.14260746702392124,0.13699288907536333,0.2398941558464931,0.09349976109482494,0.30590403254924103,0.2292265695323903,-0.13503575356946884,-0.2351281233557132,-0.15675151076546046,-0.47897634305252,-0.29427251442910984,0.8868039465279077,0.814907336619538,0.8609839330463258,0.8299906079895346,0.7827584089897084,0.5854602856833738,0.6874609093809263,0.7758034846688858,0.7737230961171293,0.8160460937325995,0.7166946523148957,0.880867991540503,0.8032634376485374,0.5995448643996619,0.3774379377717504,0.974825305953376,0.787308098288169,0.5105991800402916,0.8446708394701327,0.5426565324051859,0.6843661761855361,0.8968889163755218,0.7626616141964172,0.852515389840238,0.7997335235352379,0.7392102862315986,0.7492318212099136,0.6414339349306126,0.819513450139062,0.825875840342889,0.8338734054910205,0.8599039260281345,0.7777644450232246,0.64796792469759,0.5946625808939869,0.5533246499256903,0.9000334928726088,0.887295673392576,0.8173505030438387,0.9077800278663226,0.82527317903438,0.8834716458433908,0.7869877713706732,0.7320653781474199,0.8341497258273024,0.8708532364550976,0.7165219330871986,0.48020950245788535,0.5540555696012263,0.7097764783849326,0.7744051707631145,0.8138970330935187,0.6235530182109204,0.7823020207258645,0.6485001271011164,0.5134523436560121,0.3086422832972143,0.8459221858272538,0.7097532002051908,0.4908436886287923,0.7951378665769184,0.5639239816661354,0.7128784310678019,0.8338938758888179,0.726237315562058,0.7565763971401296,0.7188583618909896,0.6214708744213228,0.5329386542834125,0.5600163824158021,0.7019147160803462,0.6731706033029314,0.7432632526080752,0.7238789383539219,0.8034840381758869,0.6102845719343216,0.4798569845608524,0.31957265995328005,0.799269007521476,0.7144775653837704,0.5111403518597967,0.683073497131538,0.5552759078405871,0.7074937455096626,0.7196609883295388,0.7333977559820904,0.7413068149962594,0.675140800206451,0.43720571800311675,0.4984359929950886,0.5850412688399096,0.6863532568079334,0.7167478281546487,0.6436277317923256,0.6770940361777479,0.7919864043767068,0.5684257772211486,0.32246221338320163,0.3720369849497381,0.6591538041660663,0.493590761749607,0.4812528738357014,0.47825662845211064,0.4128796915156026,0.5605814156762787,0.6519017817451792,0.6881604643902458,0.6587024812019435,0.4145616763622866,0.44596251284253485,0.42624663506856325,0.5842696412959912,0.6638083693345226,0.46372542966933133,0.5907484961449141,0.6129580045643911,0.8072281913272019,0.4115940426013271,0.42784831221609254,0.4049552479243428,0.46263093733809985,0.5976140811290734,0.43947932307677096,0.40235460528303424,0.3258697275179063,0.4891787468153345
lin,rest1_vs_type1,1,MentalArithmetic,Type1,19,23,405.134519,202567,205067,0.022889463370826757,0.0824650656533863,-0.13250345049548828,-0.053397552516719404,-0.20310678782170122,-0.32482299607892595,-0.17862697760396795,0.029804372430593418,-0.0849472887179572,0.08428088691205637,-0.10298431179802714,0.27909851299217636,-0.3073802122340079,-0.3029052035593165,-0.5206615835318646,-0.35997774566542806,-0.5001866183275157,-0.4222838073841889,0.8341892336010881,0.8815907007629493,0.9463990514053296,0.908651387340874,0.8453926219672662,0.7679997023534353,0.6971126617012069,0.7809926586562596,0.8041459538535046,0.8648543934459622,0.8722031205945517,0.8899886204133999,0.7938865942246615,0.7977926840183267,0.6363031668351455,0.958464528682248,0.8942020119376428,0.7097883790279722,0.8575179841092689,0.7071381787364607,0.8206603895598442,0.9101630609595298,0.8318799258691288,0.7932771105874393,0.8096336665218832,0.8060298480364997,0.7102634511237625,0.6916382412134566,0.7558556251010328,0.8333009510206016,0.8944866266576528,0.8437777834299991,0.847913704295467,0.7553821504068544,0.6838825727817858,0.5149744034999136,0.908804681482616,0.8281571638959033,0.6930016825385151,0.9211674816046169,0.7708815362882776,0.8749356832522581,0.8020615254569354,0.7862043892317713,0.8941969301445829,0.8618257853872127,0.6828258449091182,0.6152218644219116,0.5277895230016657,0.6916837143547606,0.8238299644077537,0.8271686103002405,0.7405853138936656,0.843373513153801,0.6713548195325232,0.48338317499611766,0.4731674182187348,0.8224171112423261,0.6820123938607295,0.6065858872220291,0.8248714650701111,0.6609485611368641,0.7748153094729197,0.7871661888299631,0.6519489156394469,0.6513170969546482,0.5894915745199468,0.646314487565844,0.5159607565398157,0.534863298828661,0.6623549120921572,0.7265413817275727,0.6553993468213732,0.6650230010370588,0.7764520447509534,0.6561083620422729,0.4951951384378691,0.3045729792142145,0.8184646528516835,0.6656019508936493,0.44224382737176055,0.6461101186676154,0.5027887414421301,0.596487275019663,0.7344855019081714,0.6702233935103696,0.6627611476006945,0.5684974342062059,0.4976722143164578,0.41501585086057985,0.49955918723823345,0.5595295505994267,0.5403020752211297,0.5885542814047899,0.5411708905856555,0.7702634998680343,0.5670639338805552,0.4047042398203796,0.18269465999584159,0.6800099717657337,0.44725192790384644,0.2807631897536533,0.48097187459509605,0.29310121521101595,0.5105986876791286,0.4700167734913963,0.5957960947601559,0.5341050644131176,0.28787576386664687,0.26973825050867395,0.3517639225005454,0.44172699641753727,0.5679210721195901,0.42820754247095405,0.5241541069824386,0.4767446010098532,0.7084912531465349,0.2924968473566599,0.33727219912333456,0.2682990614902542,0.4529937273527961,0.5200511543919757,0.3845177797973493,0.4358686628712194,0.2035285593762047,0.32085571177060285
lin,rest1_vs_type1,1,MentalArithmetic,Type1,20,24,415.372135,207686,210186,-0.16616874476082089,0.08861885627838895,-0.041637120859374654,-0.15216846875546075,-0.03738452441897211,-0.05632241848055486,-0.013607521281945534,0.08394552739790129,-0.01861337540273711,0.1695663536864762,-0.09147465331394633,0.5528564132493616,-0.30726316046009305,-0.0053636868963455875,-0.7002422230161529,-0.19706960801486484,-0.526600448619067,-0.2763117337296088,0.8702199484891111,0.8788805197792976,0.8090316651271371,0.7875752300792165,0.7623368689374832,0.635926900123366,0.7549388075104767,0.7454734602932421,0.8519630731253162,0.907177763792394,0.8468492829140563,0.8781134749363014,0.7038961739558744,0.7104810821428325,0.4944273331620177,0.812423247943883,0.7751543469151749,0.5032938176792533,0.9022290813404751,0.6439151501042545,0.8014103959933194,0.9092137071528184,0.7788203410772709,0.7774282585036345,0.7264365257454525,0.7731275323566467,0.7448395203293786,0.7174272094635609,0.7404620179233693,0.708075423791623,0.8522587419531222,0.821316609936697,0.752056911962803,0.5438273573430081,0.5459912869016038,0.5586148818427409,0.8310492298218153,0.7375855640967698,0.6684789075963544,0.8219513224750394,0.704517053466602,0.8561377475663762,0.8872341622508306,0.7199546725391841,0.8654329498512359,0.8489414191976508,0.7765405830205332,0.6940597528827582,0.5607847239419785,0.8133982431279176,0.8549995159467539,0.870423008876161,0.8253920889434444,0.7618532610884972,0.5868445938211344,0.47809080906650836,0.45042233937870974,0.8559616329087063,0.7485715348736133,0.6519135320965298,0.8613548136419684,0.7264993881832515,0.7871697540943603,0.7480142511141888,0.7054743946848724,0.7127859692178846,0.6344083598473707,0.5568898680147241,0.4310510973787098,0.5544359470145683,0.6359076352628612,0.6709149005329262,0.6481231687275126,0.6275141991498874,0.727778273410661,0.5463501923665036,0.3687465482520154,0.2797565258358478,0.7042445009657486,0.5851512954678503,0.45580704594485977,0.5948784575098337,0.4915758315591307,0.699258275697949,0.6641728859630098,0.6145327180557603,0.6786955779739658,0.6636423887183135,0.4240779796191258,0.2828900535454068,0.4720364475776916,0.6127854345103473,0.6896074055993469,0.527010688189823,0.5121369202280863,0.8097207134064878,0.5123278535846776,0.30593340979141714,0.18311031847925174,0.6067002766004626,0.3799260642671854,0.2501660553786258,0.4332479094933701,0.3352007572406406,0.469393136427255,0.617357862518566,0.5771059701433522,0.6744360991716845,0.41609063257559087,0.38036210170081713,0.44563177453527797,0.5453477147075789,0.6108111884871115,0.46808293221729624,0.44294629246652206,0.6107106186427029,0.7096241008523722,0.43037214409029034,0.29568199636456943,0.2472279735601104,0.558704225123102,0.363220748630613,0.39543042480817286,0.21755418453779915,0.3002796040246764,0.35436728549354257
lin,rest1_vs_type1,1,MentalArithmetic,Type1,21,25,426.239072,213120,215620,-0.002633793556551467,-0.03754511980712172,-0.186272236398751,0.16255996766530023,0.33948384206919013,-0.1375682181071438,0.29255464845764134,-0.07823890651001486,-0.3791127106111012,0.12127962480464904,0.24184473580481658,0.5413447302203993,0.06423824975252757,-0.28715131069433353,-0.45241931625212883,-0.022155515459437947,-0.007553563372514338,-0.1166064140952392,0.9591894127377736,0.8316406058395013,0.8825273669559212,0.8970150786514975,0.8830010260983892,0.7588921499672459,0.7838214758079353,0.8400350405103996,0.8654311122629126,0.897136621492301,0.7956832421221774,0.8061020404554267,0.7923806052528486,0.7491720426516543,0.6102899949448314,0.9820690508513837,0.8578759591123849,0.711610659602187,0.8795473767961509,0.7385417766397637,0.8147133879886405,0.8297338838979214,0.8481400807341721,0.8214978698313632,0.7587530708978482,0.6312963122573028,0.5428108504189725,0.5946457749947007,0.7217959084828107,0.8202536337612406,0.803496121677804,0.7385710377013197,0.8089242051027367,0.6431834844706219,0.4969007740642502,0.36635576429486366,0.8774299662066244,0.7242234680041588,0.5851217193639644,0.8730114477859108,0.7471467088453797,0.8656591068491686,0.8992295981076698,0.8154562042674898,0.8345347793789188,0.8508225421554094,0.7272595228347926,0.6201721245155364,0.6741630617732797,0.7382492673409047,0.7697311499992877,0.7705929457068345,0.7870482006392393,0.8166447266314534,0.7693952669416496,0.6100364456696861,0.39758117428106765,0.8627061398189394,0.7244706893045687,0.5396214618465324,0.7653324272173068,0.5454567482303572,0.7123559613536287,0.7365375957789423,0.7008445673743274,0.6735339018231365,0.7238665243587842,0.5801980852660539,0.5572094081307317,0.42101984739541415,0.6020082862411391,0.8133985653274417,0.7517516119196282,0.715964167538515,0.7143564197407716,0.4856066773807416,0.4403858641445136,0.30706737149578067,0.7005806428318155,0.5243323771839667,0.42898381616914993,0.6537345299314072,0.631528929647222,0.5871898597198723,0.6111351476486778,0.5221203744173998,0.5478811675687136,0.42102878979306074,0.35720424405473394,0.5203583361763034,0.37869106498674976,0.5078290406276009,0.5334021105406271,0.6156446733508787,0.6596273971759293,0.6326659388715631,0.3656451359997653,0.2869815059261551,0.2253191884972167,0.5270730376740005,0.40107673116692827,0.323255109700376,0.4738850380110284,0.4124751179951963,0.5083756750750138,0.6593335439021384,0.6391762713157726,0.5555915847206534,0.4741765090878204,0.21395730398682897,0.3670868352106811,0.5835617667554345,0.5960786842081757,0.4885290578362217,0.3147026158076159,0.4539216577247035,0.6515484014326705,0.41676630866287445,0.22485599948648965,0.336803139040567,0.6150540706906672,0.2647671538236684,0.2880555459509166,0.2310824867021523,0.2694239385384659,0.21405605455591256
lin,rest1_vs_type1,1,MentalArithmetic,Type1,22,26,436.455304,218228,220728,-0.29124132060612906,-0.039972742906037695,0.13221901627990906,0.03362708591055963,-0.1051209907279036,-0.012319779493981109,-0.3031902470865737,-0.10193664682330317,0.25532869031127436,-0.031092448875828627,0.29802964882748384,0.7808651746953834,-1.143061760913573,-0.326806317197204,0.14086987814996377,-0.3738132681798947,-0.2916484896172149,-0.1821315760095148,0.830646217852997,0.8524150356656587,0.8210663855080309,0.5824735126361522,0.6972272488969461,0.5815426346506297,0.6239389696622619,0.7909409658950701,0.7349630382325938,0.8686287116999126,0.849583213256106,0.740578705933918,0.4101293086061496,0.5047997235862364,0.35220294643043965,0.6729654757624711,0.7737411535592554,0.6696728658133699,0.8815243669022576,0.6598905638338314,0.7695928269467085,0.8436592773198291,0.6856783533335862,0.781302932159221,0.7052034857873137,0.6167089354598172,0.6775390288382553,0.48273754646314126,0.7572732951386822,0.7650458250027231,0.8129739699435004,0.8080095343304614,0.7700563429247743,0.5125813084624734,0.37006790882032975,0.32497853633833435,0.8040767506688418,0.6790068019336934,0.5921430682896027,0.7273005269850303,0.6338126376466541,0.851724157662162,0.8312793702526581,0.8392529131779434,0.8388843513572325,0.8404023772059261,0.6662360305300724,0.6872057171062547,0.6227240359835372,0.6930237459752326,0.8203360493228353,0.8350367570195195,0.9044861821275891,0.8536641653532142,0.7240864921307001,0.5547183453314443,0.47738056229775494,0.8584927339275762,0.7200879011331033,0.591091472520373,0.7768550139319622,0.7309132000015348,0.8231332528129279,0.818112684408401,0.6366696567815611,0.7737115472299676,0.6989277760968527,0.513948458501664,0.5936821270758879,0.5391315229506506,0.6984636571522618,0.7485912203226667,0.6884862851483506,0.7398747473347858,0.783686940411806,0.5125827255147861,0.32255868020134115,0.3619974487653617,0.6886608014195817,0.48821238946000306,0.4948297958270267,0.6467102670738908,0.6471847271313688,0.6061596298100307,0.560166917236992,0.614744968489595,0.5927351928852392,0.47265869598871124,0.3028085032174799,0.29407659601042535,0.30243691485126056,0.4160530732398204,0.5959745869481216,0.5099857580427346,0.5769859550609517,0.6536268165790682,0.39552646494069726,0.1554914293367208,0.05817149587046474,0.5571862370363612,0.20629561378389574,0.21074461820146395,0.3801087453839626,0.3857975094763922,0.40832275745839175,0.6497834054410869,0.6145685633660807,0.6168246043346042,0.5112644256589575,0.3795918292476916,0.3587479858959409,0.5460976115102486,0.5918972802122291,0.4959855159505613,0.4284425697292402,0.6285164539691165,0.7287989669090966,0.4310567621181691,0.2854074098796483,0.3230226129910776,0.5756194315174742,0.38517793588501703,0.3665912761401513,0.36233783740716824,0.36536924738958104,0.31013448696116697
lin,rest1_vs_type1,1,MentalArithmetic,Type1,23,27,447.044702,223522,226022,-0.10079065445851842,-0.05689485986937459,-0.04285151775137663,0.22794237236543058,-0.2801423897784705,-0.2060926220526358,0.08846234905643868,-0.028386331472115778,0.19572941318818504,0.5943590717609808,0.2643340922414894,0.5240165077810273,0.024386854049697426,-0.6001035788801383,-0.3644835637110271,0.19653294402328791,-0.6365297880356249,-0.7433161127332908,0.7972420392093297,0.7717683131995349,0.7522931479611319,0.6940033014489435,0.6493328144043599,0.5658951372305558,0.5537286387464722,0.7606058028065857,0.832081231414583,0.9217240429201188,0.8455701228556203,0.8330990587815209,0.6204577021840303,0.4121359892928682,0.33141026858169265,0.8686851308439772,0.682038908835752,0.5940457846443833,0.8396700739171206,0.7450861072665299,0.882493358229753,0.8837056737491907,0.8032912897764387,0.8751981250144174,0.852576094204217,0.8243684609104658,0.6820201825090645,0.6200442322677353,0.7848659335119914,0.8510030133133742,0.8910672740628217,0.8194026807508825,0.813268980913826,0.6399102972874933,0.6558808338222093,0.5084923497522154,0.8828534225343165,0.890289344308615,0.7015308872365239,0.906441914601903,0.7413112881760018,0.8330802332109914,0.7345930495081674,0.6572492341228051,0.6952886320914808,0.6961509697110988,0.5076371299993178,0.286563599118022,0.3959852977294049,0.5484122102140864,0.7263561903545864,0.6567038785496682,0.5319375121245956,0.8261322810180672,0.5577571670224462,0.29943751419271386,0.08829021565823578,0.7627684849485176,0.5023602451653545,0.1854650540981797,0.6626550089161815,0.32436498191002366,0.6533707204847322,0.7231008246578834,0.6342403620421585,0.7816563593508128,0.6003336688169163,0.43806396572385914,0.4457247923028785,0.48860199211792554,0.6359277856398291,0.5597632637291593,0.5508083548285219,0.6919396791782068,0.6838559701991873,0.49935523853995206,0.21443012825169208,0.19674260925916665,0.6955500528752502,0.4264595723650131,0.31509800142217514,0.5898391251326002,0.4543401081863927,0.5684841226806466,0.6585931918538466,0.78415694721664,0.7097613212720261,0.5001719790649438,0.37585861204349214,0.3984168733344242,0.4760027341445293,0.5574209960608847,0.5400333945095702,0.6117195333846936,0.6310413541116717,0.7838911396893367,0.5039321823882481,0.3647231472497911,0.3024754537781612,0.5904293562644767,0.46342303062736606,0.3435873787954624,0.4346542753911628,0.40072699181609606,0.4871629036771766,0.6819203794177338,0.5697146168935915,0.5888772265483853,0.3981541966360475,0.3602912579921931,0.41206946527903626,0.44538419238377,0.5567938667912188,0.42290958058341194,0.43113925290684874,0.5574623152202697,0.6781077549272883,0.36070798822626865,0.30717827710564705,0.27283222655625883,0.4843039151342265,0.3723544673458371,0.40038032204785057,0.3918945987388721,0.33271326858982914,0.28190065230129646
lin,rest1_vs_type1,1,MentalArithmetic,Type1,24,28,457.601954,228801,231301,-0.0558742966561554,-0.17895155026605147,-0.2509979897992247,-0.0969953954818028,-0.018726356762280183,-0.06379734542021431,-0.35476862585875946,-0.20351845713927652,-0.1551057875374764,0.3514610911427227,0.3309207041484701,0.9208085205017147,-0.7513013860429063,-0.5361632478238305,-0.6592662692236881,-0.44349746920339395,-0.5227945950415398,-0.20331596526437368,0.8543614952729105,0.7948290836123939,0.9072183129237061,0.8549796099585543,0.8044816749299248,0.6202586275516982,0.5455283841278775,0.7355797915009064,0.8154202181794092,0.8949958983973535,0.8291833163261022,0.8474677256784623,0.6582332841314062,0.5041481639751788,0.31371906573226954,0.884252046045608,0.72317486967148,0.49705196703910093,0.8406771158392319,0.6081408870780063,0.7363635935666648,0.8660426447389898,0.6928444320816941,0.7220610881959625,0.7300822899384066,0.765720716740227,0.4844712790912311,0.44472151662022485,0.5449208663977239,0.6847208587800984,0.8362650178789817,0.7066155407852189,0.8586248419424651,0.6210522958809427,0.4075553953745852,0.10183319030061459,0.7977360932685704,0.564923417818598,0.2527101727547224,0.7822417841410196,0.45987300316693513,0.7210049733362355,0.7323748632270263,0.7356041170777793,0.7755544672791529,0.6972852444922003,0.5727383449632262,0.4324207652692652,0.5324032412001374,0.6440148496199787,0.7381393979035702,0.7394597197446596,0.6545767148859382,0.8012449304834561,0.6006400391517459,0.4894143455394395,0.3814183426253505,0.8142058423666103,0.6232541099795107,0.5015941665412823,0.7811288079782817,0.6426278404785999,0.8001781363635948,0.7679903834636336,0.6969272577373643,0.7304954262910891,0.718844061660966,0.5083955977968047,0.5751431576349261,0.4977821410603202,0.5670163335290592,0.7041309937634918,0.5797059800033433,0.7202912160993462,0.8532272356758588,0.5581538735834193,0.33477084499416115,0.2982653011028483,0.7065575172177473,0.4564137600325556,0.3338192768304043,0.6373560377748678,0.5304928668581989,0.5548033165027942,0.7606738690050875,0.6198756163356354,0.574397606503751,0.6560764716944031,0.36870920963763487,0.4396460979030568,0.4449029460992014,0.45136739870992654,0.6525671665720655,0.5549300383124413,0.6611957030010371,0.7366165884836335,0.5493856469706144,0.27336963015434546,0.18984955874265452,0.657411337517481,0.2920659177698272,0.1919727033550469,0.4672257903998423,0.43934763491015755,0.5549674950781699,0.6461930942897198,0.5682617892016327,0.5985438896706082,0.4546611020767857,0.324915837703107,0.43832959220243467,0.5761437584007724,0.5557288574049364,0.5795302693323381,0.4123139403231141,0.6576738926150475,0.6566454915978521,0.4312134420936295,0.2688303880160583,0.3108686911450853,0.5427519971077942,0.41132515576709533,0.3894614283162536,0.4171887770061065,0.3618760553387981,0.4295886316827903
lin,rest1_vs_type1,1,MentalArithmetic,Type1,25,29,468.038476,234019,236519,-0.11197480917375202,-0.2827467198429541,0.12216556478386709,-0.05307207549719628,-0.10347682636196476,-0.1157290974453582,-0.031190116325076733,-0.19267224409497175,0.06060036508555644,0.3278925924241447,0.37071722595934586,0.6042515870320257,-0.1377648064461381,-0.8215572253799062,-0.14548900591638647,-0.34390609910563996,-0.5471042528528405,-0.48873107519618597,0.8380561421506504,0.8483904525966346,0.8848724979061375,0.7948632317477756,0.678377922081452,0.7288765469666647,0.7595981651658334,0.7963263463761299,0.8153574673045335,0.7711333152498099,0.7865362929514373,0.9078131788274103,0.8072685541964628,0.6836555913016756,0.5905504136542238,0.8866191775402857,0.7782078402519499,0.6507150149443538,0.7976338212043281,0.6114908504713986,0.572829044721737,0.8005511095964745,0.8594386090267937,0.8610913427168823,0.6560578632759627,0.5922753599990382,0.4126804607286943,0.6473619730335239,0.7260425183704545,0.7179637722227578,0.7486865959138659,0.6300076567020096,0.9035614455861817,0.6554101398100085,0.48115889830101377,0.3167379303467387,0.7577290042860928,0.5674762487049491,0.3568338312737665,0.7030636834268934,0.3726106733583154,0.6288107796259546,0.9239849939124026,0.8227125162874329,0.8880631782762128,0.8590189267129611,0.8129118345689201,0.584230637904244,0.6871719854466399,0.7953247535535167,0.8631014918784089,0.849704583527726,0.6709600779940481,0.8733826630742901,0.73458794277578,0.679696843901478,0.45221129568365354,0.9098073259282925,0.8023046547297129,0.6143174210364968,0.8847415265874273,0.7032628146495044,0.7379873544358575,0.7597844160964928,0.7976361126478831,0.7675371045364667,0.6578315516619981,0.5261199916280961,0.517169046523866,0.5524164787689654,0.6225702629238614,0.716060323106002,0.6496979680784615,0.7739995495160907,0.8064628264955258,0.5651427729012168,0.4158956150572513,0.35378251201588756,0.7841996767261069,0.4989053648463203,0.4025424431805382,0.638541347442662,0.5918156946490497,0.6460330792823679,0.7532729298177836,0.7119455003239565,0.66502593482909,0.584347006553561,0.49707926400881497,0.4399294435789253,0.5554171433419476,0.5754226116034038,0.5904870811050627,0.5397300755806872,0.6579815643017385,0.7495630089383046,0.4370267371108214,0.3273840434628035,0.3365023323019163,0.6668729047665637,0.45730229837778136,0.35561853020386025,0.5359264166557236,0.4254441774098228,0.4378077104704965,0.6110589464724919,0.6196341529948591,0.6662359630506098,0.5393877162755661,0.21192637331688863,0.32059196662339845,0.4491594085589369,0.5381629061915899,0.5652769578679387,0.3918429814745271,0.5147603905550032,0.711715129152399,0.4886580404501286,0.2152971887108107,0.2303645625294931,0.6433389940274526,0.2455298608234955,0.3411440274934566,0.23182612606938335,0.36845077730577375,0.4401109970584825
lin,rest1_vs_type1,1,MentalArithmetic,Type1,26,30,478.953769,239477,241977,-0.2028809734385617,-0.1351251408483214,0.06157349237905363,0.05151940372698083,-0.30203402714961514,0.052116531076924044,-0.34274825386436447,-0.18462751381870524,0.16030248798717617,0.35719184588503605,0.38301159249271977,0.5848892571289452,-0.8085885295495467,-0.841875360979845,-0.2245234258907458,-0.2528073601874723,-0.5570489993960372,-0.35887811174607687,0.9359299069402083,0.7493610633609192,0.8766789172744132,0.8550266557532133,0.7743195347054962,0.6880232799196242,0.6402671153292335,0.8376889567806162,0.8879342409224176,0.8419394348727549,0.7727979681932061,0.763480726305624,0.7042208909678935,0.6564688617391973,0.4628042320804064,0.8560207043688496,0.8239842911370538,0.6413024681029602,0.9418216568305059,0.7265782021805154,0.7324338507609437,0.8997687496171654,0.7529206221636693,0.7562226927983654,0.7717119184667596,0.7293725538929479,0.5762055158241657,0.5684968288265834,0.6654875923633327,0.7575977427347503,0.8428007973959237,0.7635687745398712,0.8056060536963411,0.6166608227257173,0.4984690857906773,0.2758021070726818,0.8748519128541487,0.6935943364264655,0.44827980262006456,0.8270093106721063,0.5888454041485918,0.8030398057336942,0.7850988027061189,0.5217201739046651,0.7618657009321065,0.6870550454751001,0.5019496857529352,0.49190174872476317,0.3664297781125722,0.5864363808919416,0.5979865778579455,0.7188364003320998,0.7631344305692793,0.6379951530484536,0.45093618599040936,0.34434554914770105,0.2847197892317971,0.744821111771587,0.4062131831774283,0.323382830368068,0.5598951989397273,0.45614710622839066,0.6925731099154875,0.7209606277814746,0.7100919873807546,0.7573236095985948,0.6974620953801296,0.43892903861319105,0.3800649310500659,0.5387401429803982,0.6222341928960649,0.6636217463444289,0.6340375563563891,0.6882353147838504,0.7232624729829038,0.5914664875866339,0.25215991500753987,0.19988260863147359,0.7570214351115977,0.46683548476921277,0.35192076180409915,0.6235905507376003,0.4865383069975288,0.5859608762798796,0.6304646480235523,0.6007822184117588,0.6622963036701224,0.6087337676918282,0.3691202729759014,0.3623704055477677,0.3929312030750148,0.44644245755570267,0.6001722841335386,0.49730951471373,0.5866352837636092,0.7416494710029692,0.4938048596452215,0.2387325033251688,0.1625285474791237,0.6690559927740996,0.3322158471748673,0.26921321621388605,0.41381642952811903,0.36213780966371734,0.373117617085228,0.662657788195677,0.6949234271524559,0.6586948435805542,0.46976712394556414,0.2502200512042898,0.4512182408971276,0.48945825251658664,0.5903781032679081,0.4537174037816746,0.4270174703469861,0.706425451993835,0.7421802361521973,0.45950401836127874,0.276440435577535,0.3095033742417104,0.5431001617730524,0.34939703746653133,0.3690443348814713,0.31723093217746773,0.3433806748537397,0.34623787168383274
lin,rest1_vs_type1,1,MentalArithmetic,Type1,27,31,489.323908,244662,247162,-0.08176815850495789,-0.136190412272839,-0.09416601514127176,-0.12345040524652573,-0.09003845583007397,-0.16369327095693076,-0.019306362162570867,-0.47110669750258616,-0.11004682061611648,0.6479062099466768,0.22973834886192668,0.32505952363568813,-0.7392767344278552,-0.8722588079594069,-0.3938136221472397,-0.2318324163428298,-0.6694666743151279,-0.753516055022765,0.8418722289418915,0.9254928576692125,0.9399109811435157,0.8109466033157349,0.7144658610208077,0.5000451935920421,0.7187868145209525,0.7403046189323621,0.7519355510777485,0.9216943581340937,0.7654296024767648,0.913322150623159,0.7527836696589442,0.6218752573669445,0.366645833944918,0.8453111184179797,0.6376955021331459,0.36873080755438536,0.7331063866478065,0.4388360647721306,0.7783092194700462,0.8560275137738852,0.7365973671963684,0.7507575284506035,0.807232123874983,0.6141266669897736,0.46803133677735886,0.527823732019899,0.6103814345065731,0.7903999006757813,0.7470475588097846,0.6429130199336932,0.8295176541682798,0.6648425915871005,0.4260089574392143,0.24344771048991334,0.8199585667487628,0.6065064833072482,0.43748243190366265,0.8012700299071048,0.5697459471608021,0.7548800972916023,0.8596077101962178,0.719633298305287,0.8452231162864375,0.8084116206170823,0.5986482034627439,0.49431603010333514,0.5121704319308593,0.7034839643544568,0.7929343772185804,0.6665855297549388,0.6745239110047393,0.7988048812143,0.6240275053107758,0.4038013537290712,0.25750264210888407,0.8356790209675502,0.6602319844784982,0.41102190200000116,0.6832030885130552,0.5088798958721211,0.6554434251912444,0.7733415458815258,0.6796649281656665,0.7685051677542293,0.7496137556177825,0.5799501179253833,0.3726099226770567,0.5225810536477452,0.6497384951203549,0.667299614659805,0.6934791265416502,0.5758689503061812,0.7685280387357366,0.6318732188032155,0.435186906176456,0.16692227475717236,0.809130724365147,0.5648350419394899,0.31442053524891533,0.5503419934692689,0.4070091658738787,0.5676775856247025,0.6893666837089711,0.7293214808765607,0.6870556320495407,0.5904923350699017,0.3630044709542256,0.38452288053518957,0.5161294203946186,0.6421943613612497,0.7058118861922571,0.5730330479740379,0.5960546831855873,0.7035212326066468,0.4652911806746942,0.2716041245051191,0.2306135956635176,0.6597284743299422,0.45135101293996377,0.3734287570393237,0.49604723270650064,0.5243205032870175,0.5093149707880231,0.6059520170111345,0.5801786553226862,0.5595487413024173,0.4017114187647911,0.2310782435787901,0.37205738945380695,0.48723470064006014,0.535269585708681,0.5135080246186272,0.3390737283750813,0.5051754552695398,0.6920311278071141,0.31894200021566643,0.24377691344855842,0.2743273833623703,0.431155967983846,0.2782609209622309,0.37888768546539425,0.2901191738078309,0.3426957243922455,0.2555397286580539
lin,rest1_vs_type1,1,MentalArithmetic,Type1,28,32,500.08608,250043,252543,-0.21312841932092574,-0.03676746725443314,0.09866992925045537,-0.23223518408675137,-0.10562455663175796,0.05128721245808188,-0.09501278970369365,-0.04177625675192553,-0.028986992774776343,-0.42668684291998416,0.0668636090464001,0.2899439714512877,-0.386953868958376,-0.4324963888543345,0.23506660557434067,-0.7066599407419809,-0.7327248290279997,-0.41083808639584674,0.913257384323603,0.8559685756333661,0.9125679651843188,0.7996701442254958,0.7628266098563974,0.7181147628356506,0.7062505198518877,0.8067378884081677,0.8054238707801685,0.8798904668112659,0.8371273308243783,0.7963042362391245,0.6003323351745512,0.5467525064461248,0.5192115662613351,0.9055296730501422,0.7677350788493674,0.606417874349184,0.8906567981295656,0.6376444979917751,0.8020466535619678,0.8485561914188777,0.6983546774502833,0.7880194372192659,0.7914284802399641,0.668875916837634,0.6611903219686672,0.48196809871621454,0.6751427899112968,0.8826055982962064,0.8633564505742719,0.862491139899481,0.7335223973370459,0.4602946657528248,0.37376317799570014,0.37620758025646694,0.7524552338762429,0.6521715058938584,0.5708843645646412,0.8715489005145223,0.7453868745751219,0.8244079836960614,0.860522593460347,0.7538231949431459,0.7731560634414071,0.8213214634023535,0.6972994881801149,0.6174626821933916,0.5796328025964556,0.6562673494179516,0.7881705361384858,0.808323350440629,0.7755069664704803,0.8074263708741305,0.656849162504406,0.5381933060965554,0.4133860576999714,0.8583634722400114,0.6403029290589051,0.4390995015108532,0.7780627159780089,0.5738869528553749,0.7042498115209602,0.8697806820544095,0.8323577354588639,0.8434188443850062,0.7527628387010701,0.6169312289836023,0.443326997577743,0.6715341545963927,0.7278391061629091,0.710373453298651,0.638854476092868,0.604692604753375,0.8610269746758084,0.6882092958983156,0.5296200345702473,0.2724838821288696,0.7765047999509718,0.6840365554848482,0.39639224609131807,0.596850221903138,0.3932414028620711,0.5647396854976775,0.579170388382848,0.8456376546719252,0.7472852066501525,0.6271877611628282,0.3917675492441318,0.30909894570753,0.4030023406139568,0.47145463232283275,0.6814682939693215,0.4317274378647036,0.6503764800788578,0.7713109833844929,0.4911747347177468,0.3592328281749034,0.16661468673630694,0.5605546401319172,0.40245860440266096,0.24339317590700607,0.4061472317002516,0.47474406844226424,0.34924140049803704,0.6103260319134043,0.6546881506995941,0.5648236966839582,0.4652421627448351,0.28752706547447915,0.41912723164000654,0.4548628792478978,0.572033877821259,0.5496675006912058,0.4318925076058277,0.6725003329964262,0.6674026718036298,0.44656685934312773,0.30973069322484265,0.3095507280484934,0.5786791559696511,0.32000392128897914,0.3744588895972548,0.3406352246354663,0.3748048601170236,0.30407845811534023
lin,rest1_vs_type1,1,MentalArithmetic,Type1,29,33,510.788415,255394,257894,0.5973467516028093,0.16692470437258278,-0.047606389345225875,-0.26127176851158396,-0.1695640795899631,0.07161833929546013,1.010437896732737,0.07101002724995409,-0.3221950557970157,-0.00210913953880576,0.27191701731776363,0.4904350220052358,1.9491461018715328,0.17856551875439353,-0.871472067105846,-0.5558257422856296,-0.541096453348721,-0.7316956967878564,0.9371824025072351,0.750169052741287,0.9149148647503026,0.9030455169495247,0.829235919525811,0.6978388207479569,0.6136218002266756,0.808636142275605,0.827793644147518,0.8370778626508436,0.8102890904417445,0.8268071734687643,0.7449997269061281,0.5284560904038331,0.3441205404750541,0.9667616135426742,0.826279084603299,0.6434090585704397,0.8846069087880297,0.7223421897181723,0.8759304007072322,0.717995358325284,0.7204183318926158,0.8877566940265176,0.7349695558391629,0.6575908891932382,0.5457313789841366,0.4207535588900875,0.6090956420862124,0.7137154506819009,0.9013013521229574,0.8317104573724767,0.8388946386891517,0.4580269298178605,0.40610865947670766,0.3443521512311922,0.694761234308014,0.5753721612133672,0.504890035742205,0.7191863358782288,0.5148095088946605,0.8267155238931172,0.8312241264935846,0.6191556830873052,0.6605166586378044,0.7203200847632916,0.6082841280329745,0.5152413385591278,0.4838193439713314,0.6019970681513559,0.7566923540752614,0.6956564492988113,0.6743905177997442,0.8062491130406524,0.4983935370598156,0.3793928713219642,0.2386816824456107,0.6908759946434267,0.5837593903256157,0.4237108057480829,0.8431258396212409,0.578191476870797,0.7585001707822097,0.7970633829834712,0.7821807958761505,0.8520619343909374,0.7060324622132698,0.5539683774913776,0.41078282190345483,0.6031505746478166,0.725546180968585,0.7473988712138662,0.7014638986021117,0.6319720971836185,0.7704098684265857,0.5067935189270648,0.39591565570694026,0.21873418879301515,0.7065508630980311,0.5702685544034244,0.3936266100052536,0.6516298129691771,0.40987046054975085,0.5722944212660536,0.6218649006220619,0.7565860544984684,0.7324815940735848,0.5956174554965118,0.35289324355901414,0.43246579494256193,0.49015755029445984,0.4976597072491054,0.6057105590397733,0.5440919778456613,0.688129671937593,0.7338503166166546,0.45740756961936757,0.18665597676410164,0.2947732529797346,0.6539275925536113,0.4001783556816077,0.3656569800418248,0.5699488551562192,0.4334829214809397,0.5817135172950486,0.5791854536154001,0.701951967746097,0.6577681040864211,0.5426805791068813,0.41995770060050563,0.30972480124127166,0.42174737085563,0.428280085660592,0.5656880878523316,0.49183095079475764,0.5217925626207892,0.7102947195317394,0.4003601122803833,0.3505609228909836,0.2488498591549151,0.5550688859855113,0.43180362508290443,0.3732578991434605,0.5394585841641131,0.4521212974515332,0.392324445614267
lin,rest1_vs_type1,1,MentalArithmetic,Type1,30,34,521.28217,260641,263141,-0.13253723308310805,-0.022035707372945357,-0.013837287346359695,-0.2615473197813585,0.07631790016747209,-0.13553652335767197,-0.17079041965781228,-0.29309137166925536,0.38857749384459117,-0.07972607399007492,0.009887271500928385,0.12105200655983595,-0.3455662030013218,-0.24989827671958764,-0.0739949401024953,-0.6312352741409311,-0.045068276672738605,-0.30579046983108005,0.7329840191572128,0.7094859082684773,0.8070563379908959,0.6598397870037536,0.4891582839740776,0.3998799825089,0.3825486085719266,0.586255259353158,0.6939313800729201,0.7569230375147451,0.7219472972375517,0.7133882595500186,0.412979379442099,0.11733986802823,0.0769192552735312,0.7988394959034927,0.4706414203072394,0.360671151843003,0.6248147841157409,0.5350368948319654,0.8014360362456749,0.8743062642210324,0.7603759030813496,0.7393819715961714,0.668394545888718,0.6727387112868323,0.5228049896808261,0.5670673410485513,0.6027932689060702,0.6293279768564909,0.8315604104447796,0.723491958485742,0.8646669893651834,0.7383922549621269,0.5014130685201728,0.22083846821605865,0.9015785986046694,0.611052288348055,0.2895106675043232,0.7354764316067002,0.39002890011235586,0.7835999186569818,0.8868287838091301,0.7224728288242579,0.7900104617796383,0.8363875149812946,0.7729856773207322,0.6089152194037286,0.5998532136129386,0.7276889557898739,0.8430126597317009,0.7749619440708266,0.7588755045155143,0.8747440678708879,0.6353862401994983,0.5534607100925258,0.3313389476467481,0.8133546870701398,0.7055811714553086,0.4492773776822949,0.9000659344792924,0.6347114249596796,0.6771735694503656,0.7171761864877223,0.7944688926649618,0.7974964618392605,0.757427661687863,0.5458598048877998,0.4158264486093642,0.5094333800171061,0.5019984555384354,0.5856526248672892,0.517080651301489,0.6850450684693592,0.8518359279965482,0.6729015721969682,0.4526252584488909,0.22714037805367557,0.7473546066030974,0.5055501812090976,0.27676695753777486,0.5956080176685783,0.3455509152450248,0.5169028545562308,0.60128333210978,0.7810246181652764,0.716436002567644,0.6189614896286424,0.4498556210760203,0.4388612947873564,0.4041972849837658,0.4472946574266775,0.43313624977969506,0.654792267242124,0.7390166163584507,0.788138361439903,0.535486465276387,0.28849903024775314,0.21283867060935246,0.6572529647361025,0.314797621425803,0.37216106214911654,0.3358141695823623,0.37330429334223686,0.5193053311853059,0.7463633582378477,0.771071788798443,0.6574277406737359,0.5747145284816982,0.4289466149915513,0.556947440639582,0.6956187818766689,0.5841889089428056,0.5899880137868049,0.5295664257152992,0.6744151528367707,0.7497025194232952,0.5930563379831304,0.4660351341094193,0.5052681309033665,0.6570512202880974,0.4852144861012833,0.5419169013881118,0.4129250152385147,0.56231865787052,0.5067117814437108
lin,rest2_vs_type2,0,Rest,Rest2,1,0,531.504718,265752,268252,-0.20799140195090393,-0.3217762377177338,-0.1393981683599539,-0.09836440273196922,-0.05477041985599218,-0.16573675378328545,0.10180226792679159,-0.2652580278283341,0.010629653070981515,0.040762358041379176,0.09729904911626264,0.7502729695967918,-0.14002829990157117,-0.8945396076116019,-0.39263206299798403,-0.6897196085733874,-0.4422770581231503,-0.41574687244969866,0.8351871568576729,0.8306644609662195,0.9382827467200631,0.8244899374411339,0.6954215871972917,0.639870601636491,0.621533490762593,0.7663073910628702,0.8017083188528253,0.7977194251893954,0.7694210649519646,0.8759937637760148,0.7912959929483235,0.7303376860780851,0.6681759620290223,0.8845024358285687,0.7818733635338243,0.6430426957356953,0.8012922583652379,0.6831495689900848,0.8402074451907718,0.8901608764133535,0.8405664262888225,0.8794407186181349,0.8228641337121944,0.8146066941970943,0.7247733459968024,0.719043322649735,0.7360926770888221,0.7389431215042455,0.8769450632279508,0.8742873800999799,0.851697778712278,0.7184296672104438,0.6292356104393045,0.5437845802045245,0.845116044143436,0.7197426905023203,0.573850423899121,0.7485366055310139,0.5384267066937548,0.8479234401524205,0.7812634277536911,0.8149713805799866,0.8639269592361266,0.8291037130459548,0.459785642293229,0.4828160400052666,0.5734341496168184,0.6646281742793371,0.7675325252287943,0.5901641642411535,0.6469134720486358,0.8698608588763737,0.686949650187858,0.40732264272799934,0.3948820218153287,0.8191292582912364,0.5186888653939736,0.49871670412284785,0.5541580838171435,0.46244380374411215,0.7587948167973142,0.7569850918893534,0.8192878154071292,0.7771452522475681,0.75100752949206,0.6227096409009578,0.5577294478801691,0.6221101884239166,0.625690426392881,0.7243512471536211,0.6610700079733826,0.7112925140669059,0.7686360852401889,0.6374803747073003,0.5914321546553853,0.4971443920559772,0.7563933686865526,0.5353408873783941,0.4862249673573543,0.5813039299132922,0.572612381841127,0.7159062380028454,0.7439454254725784,0.6568791401053184,0.650579721332186,0.6272914040326903,0.43107176746185555,0.4827168172579185,0.41464116925655387,0.52779605135304,0.6354625518911716,0.5542698044130517,0.7342006659349524,0.6715037760414693,0.4499805432549542,0.3619907198931833,0.2866705143214001,0.6375428884943937,0.5408056900147739,0.3179317993509475,0.49990790225904375,0.48326461543383714,0.5457505133124433,0.6005413129553191,0.6906179655962174,0.6314000692837886,0.6657811622454044,0.3926159768451247,0.45947340771125894,0.39763534927894106,0.437362372176127,0.4779750084055659,0.4061029554287976,0.4998769961271342,0.6374013409687439,0.5364171639948773,0.32300847294602386,0.27541626490363796,0.6134029143651829,0.3571628135799538,0.2930300848426645,0.4110180349916945,0.4779863462483832,0.34780447193145797
lin,rest2_vs_type2,0,Rest,Rest2,2,0,536.509284,268255,270755,-0.03692335277071379,-0.17334540267213505,-0.07484502274166438,0.03289669958233832,0.13876495206560047,0.033162226269710215,0.11933921697934569,-0.26722848581462655,-0.27776999726905727,-0.04181245090797381,0.007743540153494433,0.5384540893059286,-0.10756509968154848,-0.5603660350099888,-0.5587281227190988,-0.2720870124884971,-0.3836246843683113,-0.4606192181709353,0.9680704821531749,0.9185424749703952,0.8781601922660067,0.8763295326596936,0.863993716422348,0.8651617078665229,0.859990396109897,0.8303645415483281,0.865236606542205,0.9159750073237314,0.9121936185360288,0.8903242111774763,0.8073998688501135,0.7850112033790365,0.763707646423849,0.9385574025355466,0.822725078262023,0.8038141944182997,0.8983834376719134,0.8453692016664099,0.9111630130579065,0.9518844713432879,0.835436123745422,0.8077160904917261,0.6637049160615939,0.6911770646860824,0.7406513146036527,0.7681723506566691,0.8287068089501528,0.7353797097422802,0.7639364169335767,0.7977879580517304,0.8271146632672993,0.5572603524832773,0.6424232128179344,0.5991951372620794,0.7245859508437368,0.7733065054868468,0.6699258791253432,0.7281731772301013,0.6274450057419373,0.7451471019097429,0.8644664544000878,0.8265459643786286,0.7200365405201223,0.7984682569942682,0.6394345811549537,0.49369803312552696,0.719652298766566,0.6759045264723488,0.7754660175557024,0.7299580595264205,0.6366129919204232,0.8686855563308319,0.6150274882141471,0.5740940573909956,0.41634472311282955,0.6649723795895132,0.6907664894000075,0.5184220999917193,0.7321288466628869,0.6161330173377808,0.77942191575529,0.8103855630512955,0.794602549112103,0.7620604480415063,0.7566533709636272,0.598522030516934,0.683947553597154,0.6307702484548244,0.643064624491603,0.7254827170605616,0.7027246143659702,0.8037692680772405,0.8507368684147834,0.7246645774221289,0.516490740867041,0.5324209884170363,0.7885098490991428,0.5727139063206633,0.5521354782063441,0.6303842327847589,0.696115369099328,0.7208042692977162,0.699331093567305,0.7677929895342546,0.6950165811094352,0.7032099995690368,0.5348080384178013,0.4851991973526537,0.5733436626868591,0.5904022032666925,0.6468589023481088,0.5990089767309859,0.6648457433939263,0.6774974070588183,0.5346993631761559,0.4018042822944932,0.3392093734963298,0.7246170327256434,0.4822604733554772,0.35793260266553417,0.575003638377783,0.4983592044160195,0.5250533045635631,0.6697629216750344,0.7292074935045644,0.6076194814419003,0.7222762207835631,0.4037021238158863,0.4945208240360469,0.5241121811919085,0.5232711406472735,0.6483300618521652,0.5636772615005512,0.6268242450301161,0.6778194118585661,0.6012263604658606,0.32195856104917087,0.3713984765079996,0.5486102490190959,0.4307913479339381,0.4329490744308032,0.47344336656112074,0.5236748715044756,0.38637682377269794
lin,rest2_vs_type2,0,Rest,Rest2,3,0,541.515524,270758,273258,0.06268866043980958,-0.0006104939177511426,-0.14780444882685462,-0.26352762225042947,0.017601454590111087,-0.0007485706435008677,0.18524688330228756,-0.15190596258351352,-0.17489733207340752,-0.4014232489159526,0.15918501010286867,0.28401679549606795,0.2830336489881251,0.16296457639034356,-0.5467512001061299,-0.42168395037220874,-0.07210701543864406,-0.4974630983751631,0.7823480566558831,0.8405821685202771,0.8278820504008143,0.7943551430347305,0.7085194785869904,0.6251512453189096,0.5531324129214416,0.6462056805932986,0.8409644139897501,0.9126713937855117,0.9019914516605225,0.8757508466209794,0.6559043364641675,0.5787804987812415,0.4111343291887949,0.8341658228555271,0.7336949565243874,0.5259581463840609,0.8954197051301339,0.7276641655056126,0.8575026120855883,0.8170717482420919,0.7756101665255719,0.7722705524032892,0.7197500490334897,0.5775169829020272,0.521375452776473,0.5886537469547644,0.5933187862240004,0.6811329190236038,0.7008389552093247,0.7273267563140126,0.8201280919431907,0.7057157546099779,0.5489374307260003,0.3050292176011599,0.8577110094309276,0.5693518747906735,0.3169224539545812,0.6751351957424037,0.35673547945259937,0.5931402115651769,0.9006870469023132,0.9215267337194792,0.7932528720907569,0.7675110539742364,0.6747225688151833,0.5637373454724504,0.8060892252306576,0.774750718430915,0.7758565512394767,0.7777388165926407,0.7279088177953607,0.7908798239559562,0.6956000513401857,0.5794565057485105,0.4873125415378802,0.8924501623810641,0.7202030578573552,0.5907274434796614,0.7694344644284321,0.6255235409828455,0.7770218459526745,0.6715228635771916,0.7613786763326189,0.7723796395534233,0.6887400301117076,0.37280714304858004,0.4836142534053133,0.41500358986811153,0.46191021965569706,0.5939553129501257,0.503642543001599,0.653761456450911,0.7771420657179038,0.6350952690918232,0.29763465276009565,0.2790385741954633,0.6986966257170645,0.3362311641765772,0.33734831838393714,0.37328307268195654,0.3591037783474302,0.5608007388754568,0.6465244342407711,0.7297038318921614,0.7220918152517521,0.6521770238267063,0.35729887488117035,0.45696824911289896,0.385713223141216,0.47741549188647003,0.6554339170840033,0.5492152002277946,0.7184752722325854,0.7170118515728939,0.4479129137675997,0.19190992459339895,0.2537407621771319,0.6661571942309,0.27592489358423455,0.30023353769825173,0.5024623402781077,0.502279127499538,0.612217134392878,0.5393508168522068,0.6054583557879036,0.5991988058341298,0.583946528182302,0.2397208627234706,0.38291954421038965,0.44820494069055206,0.4873212124013383,0.5318729759753724,0.3016750746662763,0.5775313253236256,0.6426485788925432,0.44191783014857705,0.2177410637029329,0.290037674277924,0.6223866873218443,0.1987551434709259,0.34833063253605906,0.25272123718323114,0.4153927949453242,0.3160303749783463
lin,rest2_vs_type2,0,Rest,Rest2,4,0,546.525191,273263,275763,0.2606902240415012,0.2693438741847638,-0.0969690699545005,-0.19946611739380238,-0.08028867855401423,-0.03583296692274418,-0.27120336386616195,0.2504480627880916,-0.22573852115277626,0.1324552483180792,0.24313460588944213,0.703043863482609,0.061987753930312195,0.525972694796847,-0.4900532097093562,-0.29475424499215963,-0.171748479766751,-0.3857745546647633,0.9147116504898984,0.7382798709474031,0.8801999194434262,0.9464088340861443,0.8138832031454142,0.5802813353134423,0.6223150964166084,0.8055254147986851,0.9021344358780115,0.8458218093015513,0.7272268164344083,0.8298066757191453,0.6638258446391205,0.6479258897490512,0.4045471731836029,0.8831655565366164,0.7954647018831351,0.48082815566485365,0.8218095837422777,0.5412709712455556,0.8054779484827321,0.8970061947319604,0.7098262835881617,0.8471799786267502,0.8437196577717567,0.7535914187984409,0.6936051446816495,0.5807969180134652,0.7858048930860907,0.8750682468991726,0.8791313427310863,0.8458009977120974,0.8313083154504295,0.6916046140384082,0.4867751328712564,0.3642500163974825,0.9044582568125782,0.7047317476655028,0.5938627810160209,0.8464866299101229,0.7283838166932681,0.8265600235841786,0.863329323571152,0.6810305907075719,0.8137056654392192,0.8961039481516783,0.8190643406083787,0.7112711303227759,0.5277877364730462,0.6854054060619015,0.8397339182596476,0.9247682207188815,0.8430155665717057,0.8610655892370299,0.6743853244905212,0.5118817109696123,0.3854554716336528,0.8502495167304372,0.6953258341116735,0.545190801403796,0.8602037894371699,0.7253560846609648,0.8466191219388891,0.8324693134578088,0.8193434620200587,0.8341687775860749,0.7961011759591937,0.5731717565585527,0.5936289625641401,0.6534382951838474,0.7692789094152991,0.84791177863693,0.7162111964518877,0.7527848687209698,0.7402027664352067,0.6599600080426106,0.43987673852401665,0.4309877420114874,0.818428371569214,0.5828182208764282,0.57311936378237,0.6664083391948764,0.6462032525106858,0.7767605489497809,0.7018610281323113,0.7051929883111295,0.7236783216535986,0.7156453931234694,0.4413197106294537,0.4220464064217497,0.3872796885187132,0.4957005757724007,0.6274854343471993,0.5765401184289405,0.6914758868698102,0.7160185638368138,0.521095268521978,0.341452749727609,0.24966421508495937,0.7204196750978025,0.41579334293960135,0.26348956097787496,0.44637211067905846,0.41346044243885943,0.628539291401886,0.6245301611196197,0.7323153282138918,0.6630357730908006,0.6198953715132418,0.3715413753413453,0.5139125620218187,0.48268917104727443,0.4487307285965459,0.6029898732156751,0.4408435651781198,0.6794927321900304,0.676357881487973,0.5745770682345458,0.36050027418243474,0.43223742601268417,0.5807082842486873,0.45518923398963146,0.47114542281822197,0.4146291621978157,0.5448549045706423,0.46443083485081127
lin,rest2_vs_type2,0,Rest,Rest2,5,0,551.5281160000001,275764,278264,-0.5284859977706993,-0.254868754837954,-0.03626618053060948,-0.0034053333890740056,0.06801344763981731,0.10861771256131914,-0.6801144552195519,-0.41044305884934706,0.04467320893522597,-0.13696112760833845,0.18572592589873027,0.575252091380936,-0.9335850919148685,-0.7477382226566478,-0.32657277644716975,-0.5938819762559207,-0.14546232600187303,-0.6869481319612679,0.6891395558478584,0.8352033917577109,0.9050906284627626,0.831499147534696,0.5273677028147344,0.2768971594783772,0.43616381758751416,0.5222241377310555,0.5684265985985222,0.7997133031354077,0.6600291395003448,0.87152338601449,0.6657774788321087,0.3260756475754791,0.12284316857801787,0.8774251666240792,0.5256471176721532,0.14576575363781127,0.6618273774081193,0.2693573426589141,0.5752344501937043,0.8029047967031574,0.8285961975570585,0.8581828704827944,0.7612055233003562,0.7490201111902163,0.39747376962749004,0.5834294216105924,0.660208949701862,0.6963461147483674,0.843649625282915,0.6962084856291039,0.8021958275780641,0.6780292089827027,0.589429276510435,0.24933507432606725,0.8357387996539075,0.681214709086657,0.37342457288268743,0.7663250065616882,0.4435122905900013,0.6594463839339203,0.8662202431159319,0.7548958019989297,0.7248850918542624,0.794507319687282,0.5697038173760719,0.6224089472032546,0.5554616146703139,0.7092598367422598,0.9000767001441027,0.7353603396658337,0.8031663984537187,0.8293680271572758,0.5835993352325485,0.44982407000617725,0.39833137281304615,0.784766847072236,0.688570214507319,0.6178276762387123,0.7504466719410022,0.7408728915925598,0.8838111459567823,0.7390528143208324,0.8226381988998098,0.8007837799400508,0.7886412639559798,0.5638120114007023,0.6065942807769602,0.5406866607792076,0.6563152884690309,0.747648391870535,0.6192737807432374,0.735722621901442,0.8275819313153057,0.7155792173701915,0.49867850778910533,0.4335427102432752,0.8855033147657176,0.5944392598994044,0.5300086533953052,0.704821129545288,0.6383322283851488,0.6863263189551754,0.8131323026849656,0.667017095164946,0.7637653789213054,0.8482426606655097,0.5641492292591662,0.5978704397866234,0.4812475997284484,0.596297687741533,0.7996195894948489,0.6973886157950122,0.8031528519486912,0.7005639856689222,0.5462371571800432,0.29947758979505135,0.3590604535951817,0.7552869515625243,0.3903565716855499,0.4486315799713095,0.6033997012101034,0.6223781770955908,0.6506267831395041,0.6393782492921211,0.6567536263575655,0.48818589077346997,0.5582444726444179,0.17148778913995266,0.4963710751639317,0.4279574475968674,0.35517197880115203,0.5331493937377886,0.26389089178666464,0.5812395451827198,0.498902502821252,0.45708577291691677,0.06162174513681148,0.35061757110823794,0.5004269497435127,0.1799264565360211,0.35230211994651073,0.32745342138787215,0.4534420161888377,0.25883358057163325
lin,rest2_vs_type2,0,Rest,Rest2,6,0,556.544634,278272,280772,0.9683026811718691,0.0465834971588186,0.13198060148464164,-0.06972940029482588,-0.12472851842715826,0.12642154610594392,1.622278160186418,-0.18845698559663182,-0.13145699278169198,0.22081436491244322,0.20033546015771475,0.3221592872865007,1.230678651490146,-0.19277590915987908,-0.1050299933388068,-0.24207686085022773,-0.10174681149653275,-0.44244120185410574,0.9154579201679206,0.5709162672094709,0.7947342933232426,0.7015855676452629,0.745432452992674,0.7631694173209312,0.4465802138000504,0.7637124188396484,0.7577261890280264,0.817624648167791,0.8654144681805791,0.6190835479646698,0.31235909313917654,0.28787042655203204,0.3195299741381455,0.7913264449466394,0.7826847347310376,0.6008335807146871,0.9025582947586094,0.7236557881764579,0.8158753807208591,0.8900888948540512,0.6791905543063308,0.6417866151341571,0.7742804960971688,0.5152584973414537,0.48169936521282686,0.49741445330014605,0.55619820024631,0.8064061676174886,0.6519037874851831,0.6300585128938924,0.770033269847467,0.5296137072825805,0.3762678107194265,0.2517089643352422,0.729406742202683,0.5645393571687194,0.43683849847100675,0.666158466761335,0.5352416903471027,0.7399086731210736,0.9469423486528429,0.8325970561073263,0.8607992902614626,0.8500066383481242,0.731537067354495,0.6509773501943883,0.7812807924577153,0.8211798146640098,0.862057477734833,0.7832878398974767,0.7351722805970834,0.8395752815545114,0.7988247773814081,0.7519361335860786,0.5494667825737236,0.898085661904775,0.7891186546771283,0.5775458095754494,0.8985332140885915,0.6927085771077685,0.7599180698320034,0.7914667715796169,0.8235047206354653,0.773909010060136,0.7032048319939999,0.5671781557021174,0.5347171371152271,0.6358162165977023,0.6669537022339039,0.7550065916377415,0.719094663913403,0.6942814282323171,0.789285784563983,0.6275367995843105,0.5042028858652702,0.4217465974962272,0.7946724904474687,0.6075379247341994,0.42327789441225727,0.7437909187820392,0.559742267987584,0.6227153151218258,0.7055991818701091,0.7161981974219912,0.738938617375523,0.7239099543978154,0.3555530253726582,0.4602743040600484,0.4117340032724047,0.5209497822400391,0.6685268644684998,0.49714512052286003,0.6122955036464766,0.7204409881380435,0.506159804933614,0.20269525729031088,0.20840536690810116,0.6651723234235267,0.32658105344543564,0.23908627384543665,0.5198768691694967,0.4789077692060668,0.5770563223424349,0.5836551467741693,0.6861574078690551,0.6536400996531168,0.5836836056086517,0.37237600049486863,0.4193569505773433,0.5291401499527911,0.5387550501941937,0.5228089706636494,0.37061475756358575,0.5596421118885003,0.694066443326173,0.5151319286830308,0.18948503098857325,0.335707049812484,0.6770226378075042,0.3060118030824671,0.3702338057456429,0.29049334179482744,0.3498693767219716,0.4050339760333563
lin,rest2_vs_type2,0,Rest,Rest2,7,0,561.573346,280787,283287,-0.02474703819727253,-0.04381181552254754,-0.17859242837675326,-0.09222412977650807,0.10136932762447293,0.11515156231387458,0.24431879022896963,0.1442126021057515,-0.25843904212409363,0.07493698053454922,0.6701833744446681,0.9209315478761284,0.14645890750726442,-0.1506674623284492,-0.553311851171101,-0.6309510543236319,0.08591482229056613,-0.24459526844206225,0.9129042334850588,0.8657301672604264,0.868454473253605,0.8430492407109811,0.788293919233324,0.6632965523517885,0.7087529586930466,0.7878976033740342,0.8479731485307858,0.8251645176919787,0.7848842583437251,0.8117647285824066,0.7127793569105304,0.6497779553322253,0.582199023688438,0.9280763604558094,0.8266679340706983,0.6265349432053468,0.8640987196711692,0.6780597401729416,0.8024632257122581,0.8666960345607041,0.7082887616309088,0.8217037523311777,0.7123288721864639,0.6774599517019068,0.7702679633875097,0.5301053322809984,0.698550295945998,0.7772600374072921,0.7356961328764073,0.7913526485200398,0.7414503893856538,0.4740658254387727,0.5106555200972365,0.5655687478116649,0.7537294135372701,0.6913108682446739,0.6347463232100923,0.8159692226311782,0.7122233292551954,0.8098485952662633,0.8715961951091511,0.8884948542750061,0.8295293965126824,0.8120356658013105,0.6938952888168223,0.6401611642364926,0.7712473824478682,0.8036427649491253,0.8482045899584322,0.8070793361061331,0.7500824866956728,0.8577540332339911,0.6949425688207176,0.5851775207704437,0.5479557403743004,0.8565050975343499,0.698191322953955,0.5948490815506705,0.7872004663662516,0.6629733235318005,0.7261434443037948,0.7558523298998092,0.8384382165145259,0.8005324724032636,0.8231694364623382,0.5462440146163031,0.5606178234876404,0.6356524711553889,0.6375811741528159,0.7679384399871281,0.5630917990175099,0.7329406488467956,0.7702929761093531,0.7008213534753794,0.4427624619572115,0.4291605585161999,0.7645408062844602,0.599751982893417,0.5308362567100372,0.586640911189198,0.6279945186500756,0.6302649574760709,0.5863224612934785,0.6694672159441287,0.7108574903800127,0.605557883388873,0.5559124221976878,0.4519550352359235,0.2731289445624147,0.427384489880237,0.5994152419904283,0.6153653344517948,0.5609564358625239,0.6395059110879782,0.36090508800996185,0.3235787284910006,0.2819639958295138,0.6533872008991982,0.46459991277413637,0.3802850931420427,0.5595694111791938,0.470876736438743,0.6037848280060744,0.5711169644056631,0.6981074754362601,0.558916771472382,0.5642403664085742,0.2635255072696704,0.39498992342623596,0.4676903377802455,0.4169732935514032,0.4250293010212282,0.25665644305602847,0.4416623292725556,0.6085936111554441,0.4565088881684565,0.21645843529995756,0.2983169327004458,0.5190102659566967,0.22922970620181476,0.2827760538963899,0.30520140222659564,0.2717359674376974,0.2890404733977066
lin,rest2_vs_type2,0,Rest,Rest2,8,0,566.5740890000001,283287,285787,-0.3739297564918824,0.09169549070059091,0.035029957131732736,0.08827451078955839,0.3399080640380143,0.49783335303925,-0.3430150451570717,0.04382796302067282,0.10732124452827829,0.318354568226463,0.5319467596606051,0.4944852854107824,-0.5180121769569341,-0.21888465947439162,-0.3178995098437851,-0.38433978348284814,-0.09941626701071171,-0.5351868648225554,0.8558613503878304,0.694444126630881,0.8940353699539977,0.8642018213950016,0.7647796298048781,0.7604799593279978,0.6925891231666403,0.8396476724160417,0.8097298020341788,0.8742641931492456,0.9372579847703413,0.7261736477712318,0.6351774774131759,0.681785819345131,0.6425241734397069,0.9361627384670764,0.8281982204209977,0.7442897990246669,0.7894410767266191,0.7138541593410435,0.8913988134661665,0.8001575285135363,0.8927533250481287,0.8789332753451594,0.8482174705777692,0.7715258914506059,0.7072214009621974,0.6646753298058264,0.7586756858110061,0.8020505625432175,0.90765678538517,0.8256346032375859,0.9274869344372597,0.7754542596400621,0.6262314910604031,0.5934624821087945,0.8602190518588811,0.739804940122409,0.6753380388404119,0.8710483023799851,0.7193746536330824,0.806787845795311,0.9658468880039298,0.8814068404685215,0.8876073910196073,0.913266027252576,0.7561122072409545,0.7180019405168284,0.8427169449804403,0.8512343514095068,0.9032171099214203,0.7994296187211815,0.7435850177969113,0.9521430587761541,0.8463664523071839,0.7521993621012598,0.6606632932958182,0.8844547950807842,0.8069500108546046,0.7023573422641053,0.7903240125687053,0.7158845817890344,0.8352282507375618,0.7085401671994692,0.7660561448353855,0.794647327456112,0.6465162807238025,0.4648589802934317,0.3749463821618571,0.47113342676986597,0.4902291338681711,0.5679732784935342,0.6030334349497791,0.6662567055173533,0.8050377829656826,0.5272680861705349,0.3899768323014323,0.21203307547546135,0.6875042760715935,0.4466490984040397,0.29697255384949006,0.5771913813805445,0.49074311863477843,0.7294744080164635,0.6384653319879967,0.745318692188748,0.6309008945004941,0.6379742901461173,0.5949781447678043,0.6040537320581266,0.4011754736633094,0.4785293033499952,0.542562003529385,0.6309682521322172,0.6668450776202091,0.7342726045819817,0.5656548118579152,0.4078514383163961,0.45368350173250654,0.7229111321837564,0.49421358406230004,0.4826639754126212,0.6108667246036897,0.5679497319908757,0.65569140477292,0.48746961413071666,0.7200666163679853,0.6229400808030483,0.6287103521656419,0.3588019998351454,0.4222614558011953,0.4064290026083069,0.47600638606207496,0.4871040505622932,0.26817281519960084,0.42967821745577656,0.6666946038352073,0.54757478289332,0.3483913565326204,0.3407453610851705,0.6445606031015174,0.3169753052449806,0.35778180632020423,0.433230667018505,0.3852942438108258,0.3777785689866193
lin,rest2_vs_type2,0,Rest,Rest2,9,0,571.5858519999999,285793,288293,-0.061309593449502486,-0.02730270853055572,-0.18908863569710865,-0.10489237429491416,0.3050827985059703,0.6405485800716647,-0.03640250874054818,-0.21761208347594252,-0.14683213311523957,-0.18394866547594502,0.42107999316657097,0.635859610953734,-0.28639566565423724,-0.5174875550428126,-0.5576501090588444,-0.6920902364640855,-0.10540048482051789,0.11197684329943836,0.9450148309886761,0.8874199173663618,0.9076308588869375,0.9362786162076865,0.897966769423275,0.841322575907236,0.8201861649677166,0.8985474890507229,0.9786588315462326,0.9469385166003281,0.9155666003341336,0.9370270572246125,0.8476970049285277,0.8336446673971452,0.7261910776930041,0.930382125688494,0.918635096967245,0.8101164539362689,0.9414189313980145,0.8807094440658289,0.9226114762101084,0.8883709320077412,0.8603856863404913,0.8770058545001886,0.8585375271627116,0.7208647315752454,0.6779063707857245,0.7651983659393983,0.8149696377756592,0.8244874330190445,0.7664447689875857,0.7186161332995592,0.8808530142490544,0.7427411118386008,0.6051410395190086,0.5983794026472914,0.8691197063265829,0.7513094640946993,0.6071379958265188,0.7872952491907569,0.6273690037571013,0.7333040299997475,0.8208493396059381,0.8280598900290088,0.7255069131131158,0.7329405627850293,0.4838400676814027,0.5403939653124045,0.5732852771375948,0.6175440247386725,0.7980403627216023,0.6302392385217669,0.6991723396757195,0.7455028259869217,0.5847018778214343,0.3107682414135495,0.3704744344568159,0.7993265474214444,0.5515631711686747,0.5126532659919756,0.7508064965414081,0.712986194520315,0.7068480873483087,0.7520280517563901,0.8334705381755989,0.8468579341831475,0.8547247211722453,0.6950050555087818,0.6986627256596375,0.6051182541884367,0.6730890865408593,0.6961736284209576,0.6331870363581422,0.6427766343000909,0.8229588440674639,0.7213900742874494,0.5124355539411903,0.5347710837543732,0.8515555993612953,0.6352558390302365,0.5882523385756394,0.7496405264172543,0.6799997110808359,0.7300920009991233,0.5560730380990031,0.7234289603123121,0.5767223600772076,0.6169408367767857,0.38522746709363687,0.40770925344917575,0.398287905782864,0.4303686321985234,0.5014779698318744,0.6691404469265944,0.621935343241672,0.6751836211321066,0.5376291487915565,0.3165091116932368,0.36356878624287736,0.6778336997611553,0.38505473939016205,0.31042425675934116,0.48270222082361375,0.5093746540099794,0.610524499002383,0.4156638706434784,0.6424233354331204,0.6095592725850877,0.559291881358963,0.3925929235234465,0.49551438371684436,0.2546526946939331,0.31482618671005447,0.34441290419727705,0.33935756650686283,0.4442474292336156,0.6131865809006711,0.4683411057615671,0.3393142655616758,0.3416347140636696,0.5633115610340242,0.33172624010628443,0.34859280015589117,0.39207266703552535,0.45030401365441086,0.43375036692337676
lin,rest2_vs_type2,0,Rest,Rest2,10,0,576.600188,288300,290800,0.25832817894195514,0.06468625586600574,0.01925660935947926,0.05958712558736634,0.04618396178652695,0.12573647171421354,-0.11888067508207811,-0.20711046564031088,-0.15416891500285068,0.2346314350360288,0.18230961605560614,0.7875324368911476,-0.2748615051320442,-0.2553584432490834,-0.4637728358432276,-0.35100723735339767,-0.5575016149248755,-0.3361561312251953,0.9221981348786262,0.7871009786673082,0.7585471935592055,0.8176700642245323,0.8805061878497213,0.7933212648858975,0.7096237299237413,0.6726601651798062,0.7615524121691588,0.9344836489484092,0.8789745722150827,0.9178678359846973,0.8058054175201441,0.7087228257604923,0.7139930940642754,0.918695739998717,0.7632034225543545,0.650688059040838,0.8489163344695596,0.687027490317234,0.8490221994453121,0.775036474669428,0.7913158620938667,0.8599496434012341,0.723565170987619,0.7605734138595511,0.5709969113259272,0.5223532537365718,0.7434283719298005,0.7289025632482191,0.7763160263618406,0.6912795784515128,0.8285523187729812,0.5962152101070537,0.5995322876254121,0.43313831590454915,0.8350317121849011,0.7325356697096335,0.5131095896955896,0.7657804369726146,0.5248196914420606,0.8062341427531033,0.8989203957582299,0.7411965645374784,0.6772057354649224,0.8337840173682198,0.7036600917403936,0.6312293991838486,0.5737456552006912,0.5376521878710186,0.7779069491785591,0.7826863888938531,0.7507665911656511,0.9254462863143667,0.6933814373348761,0.4675416254945997,0.3404993051598721,0.7285611904802995,0.48348240695208683,0.2948689588422521,0.7699646327497408,0.5523252185402727,0.7816200059149705,0.813198610071456,0.7329713031597181,0.7090342437620694,0.7805757930330369,0.5226513284684113,0.5858092081857212,0.5268667056868106,0.5577584075314939,0.7689715795666304,0.4474983280579911,0.5819544999162708,0.7987908213654971,0.6420821569106374,0.3827545032914852,0.42429675665031874,0.7916895239519532,0.5349207711274788,0.4652176995024439,0.6128636551145509,0.6752438581376027,0.6330006928326222,0.7313450840837825,0.7809614843258915,0.7680632988198294,0.743419751269865,0.4746458078139357,0.5679426499170391,0.5419790183659816,0.6303080456133354,0.673788627794032,0.4091299828167259,0.6039362605046177,0.82216753463608,0.5905167240040439,0.456586951484647,0.4963068916776206,0.7394294442126593,0.4771884972926247,0.5419937876203416,0.5466460535735456,0.5696622384056372,0.521093313590005,0.5353559113254437,0.7307559483318996,0.6767941579773982,0.6452844929960989,0.27601284695185696,0.43808093340129356,0.43708908259302937,0.44555281341862385,0.48260321919836774,0.34057836638338596,0.5035755189854485,0.7615467079506897,0.5429886270722358,0.20115921529923697,0.3782876454069019,0.6379053151656066,0.2529239793539387,0.384368243601719,0.36120643223625554,0.41456043342944016,0.4170566647925423
lin,rest2_vs_type2,0,Rest,Rest2,11,0,581.6017410000001,290801,293301,-0.08301754222289137,-0.2023791185304642,-0.0794731820001302,0.18492796956762092,0.1807914908704329,0.07577963788393483,-0.056308211390058815,-0.11204213576534805,-0.01117533039795715,-0.13289152291997297,0.29618129539297966,0.2144355151695203,-0.006544559602127187,-0.06525121285480795,-0.4357717026018797,-0.2626050772911217,-0.034809558805336316,-0.18768435675251638,0.8920804426132348,0.8252074101746864,0.8492276738442863,0.8619605246802275,0.8105694054337955,0.8195644390146063,0.6977157652038738,0.7113966299962567,0.8493778756721668,0.9037183925243293,0.9158068382763629,0.937194951782961,0.8041510578858062,0.7022036632544956,0.6472118436739938,0.8844989040839984,0.7619887137359321,0.6768589620548994,0.8932805617675451,0.782803422751907,0.9133940667176241,0.9272863484062538,0.8452045992452161,0.8431764769502551,0.7642077643339069,0.8168871822117514,0.7175297641213291,0.7503578978490927,0.7929530264671623,0.7613133470737611,0.8577653688309458,0.8170682189284281,0.8047945853880736,0.6592120498985571,0.6655194284939207,0.5988056162091362,0.8762705882840259,0.7870793158157285,0.5848300349242735,0.826472999482499,0.5393932786166952,0.7015369157235091,0.9109390477375441,0.8363854401969344,0.8351590760984033,0.7735211384638429,0.6837550590786966,0.7424579067947779,0.7669325385727359,0.8428741512303775,0.843516941012055,0.7905509794570483,0.8465553625134606,0.8355815575084554,0.6997149191620147,0.5316611538164487,0.5814061784132339,0.8399519133482304,0.6891272480692687,0.6868422885841071,0.833683490696531,0.757366814199063,0.8565058343589156,0.7691635272633998,0.751897136066895,0.8308303649965615,0.821829728908706,0.6484888134919353,0.7348382658495807,0.5756400987187064,0.7054577022100033,0.746719040049585,0.6669608087097337,0.7585290063700436,0.7705896580405931,0.7009163750653608,0.4747268353008157,0.6023393772802946,0.8166793333101692,0.6621563774262413,0.74733879932568,0.6773554717009237,0.7697802285024995,0.7005573498907942,0.6275576429838271,0.71927426667303,0.771536699077843,0.6964311082608963,0.5959799696321656,0.5006566257976479,0.3334261329416828,0.5004042342877592,0.5429065732017597,0.5766543231909237,0.5263049494736419,0.7406840974185678,0.5458481364434522,0.4377142328531995,0.3558089053467522,0.7555248640468089,0.5686700923006579,0.5219639803536653,0.5993791247016149,0.5206986188093505,0.5738733599975062,0.5465883176494803,0.805323259620234,0.7274388227316174,0.6943599966282791,0.41541631137282115,0.5614190976656732,0.4709244316149082,0.4124134243803176,0.49988623505306234,0.39259093492515307,0.4874162613644123,0.7775354128172381,0.6505210278672685,0.3591429833779802,0.43535739801453704,0.7360738949912985,0.35058929224196683,0.40880677264388926,0.4346524740411677,0.5883284760962378,0.5057607492618567
lin,rest2_vs_type2,0,Rest,Rest2,12,0,586.614299,293307,295807,0.3371923258276168,0.05447618287302802,-0.1892337200513845,-0.01901960214987186,0.15265001646196463,0.30414807527756715,0.6097365464100442,-0.07845175430714058,-0.3435559415227618,0.4845482164683028,-0.09804204512349202,0.6271871264441342,0.40123807303072034,-0.06183103366241349,-0.5633385878070469,-0.36259802973135224,-0.6348452959320394,-0.11237158566628136,0.9319753536240156,0.8573740346260268,0.8335043219504505,0.8433519880063679,0.8757687276688232,0.8423793807439094,0.8402756976095038,0.8472349332485961,0.8379858582460041,0.9181046737090715,0.883325805945891,0.7548167132046224,0.696036895646534,0.7682189376520004,0.7229825433833372,0.9407729168100636,0.9186539929469664,0.7412413508908132,0.9020720564834442,0.7219821256204867,0.8736949750674934,0.8951799624266381,0.829356300818152,0.8907619308611942,0.904292076072347,0.8592250754268306,0.7972465533999115,0.7301417758807958,0.7805033323638937,0.8320741496885223,0.894804362724397,0.8901609285575812,0.9050106317475416,0.777013206655587,0.7969821734139555,0.6583428278993823,0.9052082973042235,0.8541150382237147,0.7099544266877021,0.8601819819692186,0.7693508660516338,0.8904185389746979,0.839082535569311,0.7825154162530878,0.7770891711240945,0.8444114407319537,0.6691997357939138,0.6549746501590737,0.62454360890703,0.6809111146015181,0.808381449429421,0.7288366000345559,0.8155274914289904,0.8801030286821908,0.6643343970772063,0.5452569438518249,0.4851569018650009,0.8013441113832076,0.7304678902001229,0.6295375781528691,0.8857222185685082,0.7804580058946134,0.8510159569513758,0.7873894635586594,0.7648502445264214,0.863646980278804,0.7626221256742697,0.5827381103483888,0.5656815845584184,0.5125657433543043,0.656709912739829,0.6940988479084643,0.5985192690411746,0.6362353639868153,0.746551423205035,0.5576790643841263,0.37861500293612116,0.3491151012120197,0.7466356750684887,0.5522874702648183,0.516289816071411,0.6119888111328128,0.5174216714069075,0.7348283447425888,0.6203147257387063,0.7454624475291326,0.7106082036466332,0.7252583468429564,0.3133873864560824,0.4263551945072812,0.419241675406352,0.5229025848123763,0.5643745610628967,0.46816474664162283,0.5314410560689191,0.7162643472914806,0.5671138314605149,0.26945571212963054,0.3139489912796194,0.6991823397597322,0.32049779101271275,0.4166558464046692,0.41884205597109825,0.45737937567033776,0.5620343766697511,0.5155425501178243,0.6641652201432641,0.6602138842398825,0.6905633879585767,0.3645374215211457,0.5200805389933516,0.3692856049934045,0.4463456655504209,0.450718307847369,0.30217203523597763,0.4076780441043855,0.6664819058530165,0.48200829698549946,0.29466069982341603,0.4211924059693635,0.6177841066870835,0.31772253254576927,0.38132780538939887,0.3277403031068356,0.3769846534148613,0.2680915422385792
lin,rest2_vs_type2,0,Rest,Rest2,13,0,591.615145,295808,298308,-0.035729238959066656,0.14460330522183806,-0.011007052487906677,0.1160701935380013,0.11841216338959892,0.3868793003142983,0.024359485075459375,0.219531268384213,-0.023200740459977,0.13208310020969538,0.3336589032760533,0.6779525232795129,0.2704900886512531,0.21585258245253547,-0.1619629270094176,-0.4515263317121492,-0.35180163255024244,-0.296488129514334,0.7989383988818117,0.9039417772964639,0.8623262830153352,0.7911032722426284,0.6631050005140758,0.597671947034897,0.7963586162149774,0.7476554942874676,0.8095937150272808,0.8382155635073156,0.6405185683912323,0.9274226792315401,0.8437769174607563,0.7019568818341644,0.5299280193530548,0.9167663288483155,0.6955037591916485,0.532340688143852,0.7078416217744377,0.47763271072340896,0.7547678557062234,0.8455191544517948,0.8444215573969185,0.865393121693545,0.5599478394193649,0.6519573260798224,0.7082029563973412,0.6891356262424808,0.8054902041621493,0.6749451470767516,0.7411746095019704,0.8450615743691989,0.8686232886313346,0.4927688718936718,0.5612086752794602,0.5614237959162903,0.7083495780699521,0.7352146698097726,0.6960994410440161,0.8025317781588513,0.598906878379763,0.7065124639858107,0.9797082569035837,0.9166705569354691,0.8714431259199427,0.9313205585077438,0.8281008902226515,0.8976020166852648,0.8671276409171377,0.8422296924852992,0.9304334083116291,0.8424301348124856,0.9399748418897869,0.9550254019141965,0.8938550382855709,0.7792081655538087,0.7733079804250642,0.9248713511735438,0.8280921776342048,0.7685582857212232,0.9009560493264182,0.8924283436953084,0.8869278958865997,0.8337367665929853,0.6915424041900234,0.8178332070079758,0.8500569101019692,0.7127891318999379,0.7306702497371503,0.572206395685027,0.7042439886206482,0.7821655646682361,0.691682145080654,0.7608278070868686,0.740152134770322,0.6569213985767272,0.47097094084349145,0.46331255134292554,0.841527662668482,0.6621362868059165,0.5915514725001023,0.7205049613707296,0.6627474908040899,0.6995321956620253,0.7233269528691642,0.7595477835689564,0.7347930113096347,0.7750144118005624,0.5317550997284108,0.524071549341644,0.5622686322207944,0.6058145246153085,0.738780192543269,0.5724507419855842,0.6346324027849933,0.7589434325406514,0.6511580997803718,0.4516881652496324,0.3942263648872328,0.8101280959346895,0.5787241037631979,0.490636402569753,0.613804344733213,0.6186067855875005,0.5667131643676206,0.5251327615166288,0.6660580319098718,0.6386392642119625,0.6685629733062715,0.2508888379173688,0.5553721396969022,0.31618198676887244,0.3591781037305201,0.5251784941579807,0.26240867951480956,0.44248697476649357,0.7410905310283183,0.539865060410845,0.13205391245058626,0.3997559499552217,0.6240700107915726,0.18405254842498198,0.3766011806397181,0.3091333582528244,0.46404765571430073,0.3039809631950459
lin,rest2_vs_type2,0,Rest,Rest2,14,0,596.639903,298320,300820,-0.4573928617998182,-0.28363669026014104,0.016721229191031917,0.14013082772174945,0.17597274660181217,0.34140796460415745,-0.20340574862439453,-0.2755152027240877,-0.14390165715897663,0.16130097429260415,0.22418417346106834,0.6064308726665757,-0.6020185853644291,-0.6731020807582002,-0.24012941517859954,-0.24909106287527027,-0.49138471514065096,-0.44992877523331565,0.8265299824838787,0.8432517403479401,0.8638805281570217,0.8765862650609318,0.7573493002551152,0.5785596934128453,0.5888981173337694,0.7030856765629248,0.8368168326427463,0.8925103425934504,0.812239818006355,0.8475844919621859,0.7627559514658294,0.5822453399324296,0.39351187012336153,0.9341577019031926,0.6926235138754531,0.41253424965543395,0.8096580675240762,0.5512319063695331,0.8318110778329242,0.8180183750811282,0.8346292698536474,0.8257665752018996,0.7555912242105749,0.6039093641241119,0.4620489800738271,0.6200820530998178,0.6351001517542153,0.752199125280679,0.7970512315092626,0.7147586848429709,0.8778597424807407,0.63876601519591,0.4782549919780381,0.3611985198390976,0.8134473709586322,0.5857749534139729,0.3478328373885259,0.7291144839680429,0.4979973780010363,0.7259859733810234,0.9640463595250517,0.7886610858017921,0.7547047566736619,0.879342223801997,0.7720150559711217,0.8553890132256057,0.7185459237440185,0.7066222423881208,0.8837159617702615,0.7970150651820849,0.9133364911912029,0.920801001644855,0.7512884828719053,0.6145206866989399,0.597507072332684,0.8121863304845652,0.6764889125874496,0.618529056580279,0.867729455585827,0.8466117391750324,0.858577117732621,0.7222281959113069,0.8118033569724077,0.8022744424974345,0.8031335996192529,0.6373798937695941,0.5480715130375058,0.6153921768516986,0.5768456328362241,0.6957622675516699,0.6565204366314912,0.6812300291203464,0.807514058653267,0.7091029495534709,0.5039383289494558,0.3793428022693652,0.8251903184078442,0.5014733289236211,0.49410464944336746,0.6700746389031539,0.6744973625339188,0.7091562971724493,0.7224790286308976,0.7677490023598806,0.836082518954715,0.7406651077220662,0.45564773571493783,0.5051726896784673,0.49197236846165904,0.6276345290886898,0.7112587694804625,0.557873989996767,0.6019756623041475,0.8243193613098145,0.5459312767738185,0.30488291377017496,0.31461175425625654,0.694955974230319,0.41604512595780324,0.43568596941952714,0.584199514024755,0.5397010658574409,0.5685183620341493,0.564823440309535,0.7745849025897912,0.6332842892405787,0.6267728970929077,0.2829380243299617,0.47556157178787023,0.3992745734697485,0.3630378692058476,0.44768072659836883,0.25524698291852593,0.4329016677025848,0.6363655546756851,0.5509750165398283,0.2235792247191651,0.4510526119349418,0.6921784986644179,0.21659805329019605,0.3298191949936954,0.29609457899879194,0.40174208664179856,0.331755345290066
lin,rest2_vs_type2,0,Rest,Rest2,15,0,601.6491500000001,300825,303325,0.08410557045842992,-0.08674080294839426,-0.0055702659330112425,0.27150038050662895,0.2789485151632687,0.5244094072684389,0.02586739460433174,0.06870410692809026,0.08782683013411852,0.2959166432671547,0.4157377182753188,1.0384146864814938,-0.14467276769342163,-0.4110197167860159,-0.03512872653175636,-0.43419319257841393,-0.14217682165659795,-0.4619427809883975,0.9229803818089394,0.9161139536874059,0.9556412833287959,0.9606571505386656,0.9026523881458243,0.8506627268079426,0.818819259664336,0.8809223267126035,0.9553070596635926,0.9492656202195974,0.9065022831060436,0.9506131974996628,0.8628679373897492,0.826945202031557,0.7879538618193218,0.94496576442523,0.8972312992037456,0.8291302234052504,0.9412799468025809,0.867716137228088,0.9431674031576535,0.717799589612002,0.7723645979573439,0.7939438704760096,0.7794158189360033,0.6596975748991553,0.5052444161546062,0.40450997269576805,0.4993482499557082,0.741318757110768,0.8833244612252641,0.8188970489150893,0.8808706212375014,0.5974237097070082,0.38620271948513457,0.20195928639943547,0.736383057152308,0.48138854973456635,0.30681417421985197,0.7178897877909856,0.610307501716448,0.8452179636515406,0.7940450330776407,0.7562342609744377,0.7853064423721482,0.8834941521909069,0.658751948711256,0.6251054666929932,0.5400283433917908,0.6292733320417572,0.8011976233792861,0.7688786436491134,0.8376255549411866,0.8291507205398001,0.6493116004904751,0.4559950090598683,0.4270613933141002,0.7699825345714291,0.541526570259049,0.56190275710199,0.7377994112844163,0.6887645918264417,0.8415706090247446,0.7606446928607927,0.7890333667232388,0.7505008933560441,0.7533246641377596,0.4633856956810116,0.5916839652812957,0.5715241519192181,0.6890275965537003,0.7863333522526604,0.5158474305774643,0.6839470490084016,0.7360035099792492,0.6118808017514319,0.4274866821300754,0.41727048640007713,0.8405956839802547,0.499560551679229,0.6016869191683695,0.5157816095075008,0.6364006763657745,0.5526316584432632,0.7227652353890397,0.7608151591173024,0.7679667114410147,0.7853508278506115,0.5548153808840928,0.5771236124728109,0.5626883404904731,0.543173733704146,0.6753930175682423,0.6376272913987623,0.7690604816726351,0.7211328448737254,0.6125118163202674,0.3958297351231253,0.3955761421105774,0.7410034902397127,0.4060957513936586,0.40279054169120115,0.543869974921787,0.5929777836710391,0.6253104752539861,0.5595435110771259,0.7393289769983785,0.6393528523622142,0.6552078988882896,0.3336595490475785,0.43835360930131234,0.37103346539776033,0.4334773576987008,0.5160470084428691,0.3246514052649511,0.45777877692140734,0.6261400665093173,0.511249853257245,0.3045702464102584,0.36694246905434913,0.6528315110635217,0.33116011223307734,0.3917996430652148,0.4257938191810351,0.47240960733030296,0.3902033773121808
lin,rest2_vs_type2,0,Rest,Rest2,16,0,606.677892,303339,305839,-0.02028945019704942,-0.09311647627029229,-0.06448213916251255,-0.21342801119917953,-0.09591019700220405,0.23326872619939154,0.23634499758118777,-0.1712653209104289,-0.5187375528321976,-0.22456513397404576,0.40431901347648846,0.9383782428368614,-0.08016998073867221,-0.5138715082891738,-0.8422364514622167,-0.7876326316312345,-0.5943505100169808,-0.6236291195829058,0.9238792065860754,0.7216644820406619,0.7115950588263131,0.8248704670940891,0.6538939681300178,0.6446158463792299,0.6713582121438603,0.6921856065964123,0.836188588529643,0.7733765819554712,0.7943498309134297,0.9035310830965625,0.6638077333786747,0.6327309799302292,0.6023908840591479,0.7625697844922964,0.7095729484073753,0.608669866399759,0.7430394240381605,0.6053155617407692,0.7900783553976569,0.8368751296080932,0.8161816579307507,0.8562614115773786,0.8017597628314223,0.6725939963241334,0.5822919364458851,0.6169828938060733,0.6571148552573642,0.7152669242284287,0.6723769308229138,0.7147377722751044,0.9139419882154834,0.6279891257814221,0.5757460431094815,0.39623556933011167,0.8010078217002187,0.7183317020765522,0.48199665442662654,0.7811330148893892,0.5502274565115342,0.7479892159304468,0.8332130670753506,0.7779014211769893,0.8225468541524396,0.8041454245423214,0.6765435061520614,0.6742631803395795,0.58998322362424,0.6824320415079564,0.8027192059225609,0.7355035817993113,0.8004322277179045,0.8425848997406111,0.6246733144637204,0.4574071673386807,0.5043857594149777,0.8091663706299377,0.6777727573200321,0.6422027382068773,0.8374335028093074,0.74890815466381,0.8353308767935839,0.6303652384263433,0.8506330277418517,0.8461341378005213,0.7450293108634721,0.4166935728518984,0.42531788649946484,0.42406868149762483,0.5608013240443732,0.7262207063753534,0.5442017234635251,0.6238511410962754,0.7763082601540642,0.5886254872417718,0.24520493761769596,0.277849213087048,0.7918766365025877,0.4572770470525357,0.4279674150442792,0.5553592470721752,0.5712793066536929,0.5017908628177573,0.6532084520282432,0.7200322660119821,0.6843657218106901,0.7226341299888472,0.3640283607471747,0.4426572536115023,0.4208750942110209,0.5302128662213693,0.636657345124752,0.34149311869573773,0.5851385244245788,0.6427179543333401,0.5810989842284224,0.24886585676035705,0.30369322607169613,0.7357365123145305,0.40747599781712224,0.3312580184211101,0.5111123010693721,0.5054823434920327,0.4839838168072603,0.4746273312033899,0.7882171212366654,0.6919746390785988,0.6330770049224093,0.24294316480226696,0.522287839630145,0.39722014065055933,0.38789728369785476,0.4094321533618271,0.23851257956302446,0.4339530711426827,0.7263941654169288,0.5860846486367952,0.2115770630140442,0.4752067491480019,0.5777624673736247,0.2225225309754976,0.45463225383668565,0.2143750864012397,0.41930218694082705,0.30750415871330866
lin,rest2_vs_type2,0,Rest,Rest2,17,0,611.6947319999999,305847,308347,0.15317793508563993,-0.29770636498245473,-0.20910493927875828,0.24805606463639585,0.3752933120297981,0.44577810527949824,-0.11492963166458514,-0.059014983572461155,-0.09118720464781926,0.3960137178950096,0.5096537613265972,0.8491892110486454,-0.1317399356280582,-0.35257612430625684,-0.6900763104781147,-0.2289601367062606,-0.48921010758766936,-0.37455988120269,0.5961618166257544,0.6932159397664843,0.7147822588835281,0.4921718893474809,0.43664609406018473,0.05180110689692009,0.3177826717687315,0.43821603581809154,0.7580713121570113,0.7215224033856843,0.5515818199561182,0.6808171586007337,0.3351399572226826,0.4417369921527292,0.22736824575180853,0.5853662870201823,0.49263885963829807,0.20464770042932626,0.6687493967909223,0.49405630224954444,0.6891771433419862,0.7629281438843225,0.7118103455862349,0.7302621688476795,0.7038596343433772,0.5633210236235702,0.4635740675469706,0.3865594071771214,0.44819916160409695,0.5518706340436569,0.6032017039752418,0.700349030084028,0.8373476739660122,0.67128886600884,0.4756727795535927,0.17671020411776858,0.8347168897545423,0.6465533013570516,0.26776867047989356,0.699398258048652,0.4087383816905258,0.6326713603192952,0.9437537319040215,0.9132884734414137,0.9073694302987428,0.959404351091768,0.8460073043386772,0.6658600914169784,0.8322472887652607,0.8504714553564727,0.9595463580408023,0.900941595501055,0.7590014531019834,0.9567932957090222,0.895170967727642,0.7610724277108425,0.5398695582622494,0.92577181260591,0.8248513932932343,0.6052843936749258,0.91026067383648,0.7166092022419472,0.8385462140667047,0.7306838196942098,0.7520323394806202,0.766849527572019,0.7629261307228389,0.5609737440540148,0.5418068043180082,0.46075940069124727,0.593977471541106,0.604382525741821,0.5972135472627551,0.6276228251526961,0.8174578380406473,0.5933372867818064,0.37989258635656464,0.34201930982924045,0.7747631916586,0.4757276019228471,0.47003564016709715,0.6361776003365336,0.5537047591859744,0.5903418318687549,0.5886671123556242,0.7435815588606407,0.6338406816722287,0.6622216200128929,0.48026995206580436,0.4673939534780053,0.44337957589076243,0.4546287340046152,0.5631855098191234,0.4815703805338408,0.538652253891789,0.6299078002295802,0.5099695294608121,0.43964530483414427,0.34797234933351623,0.6821980775949968,0.3977701184123986,0.32363350896175874,0.5550372609172409,0.43048536762368467,0.5339257232437277,0.5591913802525346,0.7117188257064829,0.6475390478444872,0.6996013273710603,0.49082360118301765,0.5311875872964967,0.3542064560523787,0.42673728674181594,0.4726694013708512,0.3675987989838524,0.45564336653791426,0.6639233329127748,0.6253956619777976,0.5071690755044365,0.4205564056030846,0.6918988687849054,0.4441907206124721,0.3687418397069331,0.4667538697412199,0.47941453420517105,0.38526359674209093
lin,rest2_vs_type2,0,Rest,Rest2,18,0,616.710436,308355,310855,-0.061406564475543934,-0.12362062355790959,-0.1087145715472646,-0.1477807452355453,0.2206944987492525,0.44119144697215185,0.05554457452242101,-0.004736175059651515,-0.3560311377078764,0.05690526416758823,0.19167550097234232,0.6173554226874787,-0.20818791207666987,-0.4251288447165411,-0.4948404331934029,-0.6237992548033118,-0.33211997993435727,-0.2381989527126398,0.7815661848429019,0.8487749648022963,0.8396930545200912,0.825979235775951,0.7430839938326572,0.4764173642636711,0.5813832299429895,0.662201058908378,0.766478264894587,0.8789675539407417,0.775464656471288,0.8656401045472385,0.7467374801044522,0.6111331659343542,0.2783856728058441,0.9133074038264449,0.781946735251451,0.46352322487396397,0.865678679807616,0.5887006059469544,0.7678470427359392,0.7598690975584996,0.6951591585928099,0.6991704169730892,0.6346958458447655,0.5475653842062458,0.5195720878394665,0.37554553807767344,0.5243277113019893,0.6512110089733835,0.6572557901735939,0.7327845250270517,0.7904191412855227,0.5758404676711522,0.40782219473291564,0.21838091848568986,0.7541823706291532,0.5128759271065406,0.36283604840810824,0.7966276839870956,0.5622738062324216,0.7372384112164562,0.8746956298996515,0.8520048171705389,0.8680138827748901,0.8733739683162196,0.7377102471559409,0.7206702245847645,0.6551178305408019,0.7650846700474673,0.8555904060358239,0.8135064385032745,0.8306388654720783,0.8202166573205677,0.7541286778875522,0.5457071993115954,0.4900492614804892,0.9364086586672873,0.7243499053748192,0.6200860462935797,0.8030608211839727,0.7320782004623291,0.8750654861434733,0.7206226379756279,0.7570460446779025,0.7923694601239176,0.7072722381276082,0.45608450536113393,0.3798583211848343,0.509202133885121,0.5665462088335963,0.6225040298447329,0.5561156369931451,0.4460556323274001,0.7560031281545723,0.5742184658037447,0.30806734081096776,0.18385226830757617,0.7715200892063371,0.4689651155987491,0.4170457450275154,0.5184035001692048,0.4576441484211326,0.6258934850186997,0.6974382368215819,0.7847616796433328,0.7586737044226456,0.811031024643031,0.5584821768962357,0.4824498330066409,0.5870946212491537,0.48817418100026355,0.5908163080910397,0.5576365495336904,0.5688213211561166,0.7183861255335163,0.6329947413066969,0.42261106524946523,0.309666792880137,0.801702797548018,0.4977206808218553,0.3470703846238527,0.5012006141479488,0.47742880784595015,0.61067558679222,0.5351053685200534,0.7259322795258206,0.6759817888257783,0.7685165325884766,0.39388192232349917,0.6001415538110456,0.40535136347867456,0.4919505619784133,0.485371438890038,0.3803692603635973,0.43856003046282244,0.6219132088706024,0.5551286018899405,0.33038121187070707,0.47817321861029777,0.6403199105843349,0.4217870284294304,0.43012077279096533,0.38598327918041153,0.5590502293758318,0.2790479778743384
lin,rest2_vs_type2,0,Rest,Rest2,19,0,621.716009,310858,313358,-0.31559324755533824,0.20020485465075266,0.06984372836656494,0.05794500148995807,0.21130881617894914,0.36664600720025753,-0.2661554245873954,0.23819880493246437,0.08345672911744906,0.06085644502025778,0.4454696660357076,0.9855781908593655,-0.8194952430821414,0.24264572407801444,-0.13950102035293277,-0.4273306969278039,-0.3812784875896873,-0.34710328613048524,0.8160002823196669,0.7653400607792447,0.8548269133938536,0.8252159996064823,0.7082891107594053,0.5344223335522421,0.5648447864205557,0.7183964621991761,0.7625907591561841,0.903306989050748,0.7794401880911944,0.8851802413793688,0.6698901601860893,0.5259692174913231,0.4002672317376652,0.8419022226030383,0.7244697405999955,0.5351859698039708,0.7805690025368626,0.49026463393749636,0.7877726844954995,0.8983491568131073,0.7112984600311723,0.896370043590828,0.8547084654399563,0.7294216968784963,0.6138557996881792,0.5649344959825745,0.8370552854086343,0.9129326896605855,0.8048558497241276,0.7227372833275498,0.7466123619942954,0.5992138157748419,0.4869690756711193,0.3468834640063963,0.9176123445769954,0.8114117333292832,0.5966959269381245,0.8607148172000547,0.6830066727062881,0.7074679447340962,0.8971866065635715,0.8428611893883029,0.901215797651226,0.9399213081789328,0.82071520987707,0.8359207447179551,0.681907981184124,0.7523247744245459,0.8574027056182888,0.8855294570927751,0.8988815218791079,0.90355715885741,0.8152627873784369,0.6607286105772462,0.631183650736892,0.9274984711013452,0.7046290191864611,0.6682451339288822,0.8053661459878638,0.7616803078018944,0.8466650738716422,0.7393058381915264,0.8386486522610452,0.8092126169141682,0.8866142996544615,0.3660408021544275,0.613923009736765,0.5864325930465601,0.5418426235399962,0.7096259590736649,0.49269804265827793,0.6544109666500837,0.7675500223895874,0.7223920572672812,0.2877414406074043,0.4663208748084948,0.7572239846147755,0.2812355693776046,0.453539286728738,0.4472437423344,0.629672271618649,0.5148724478566675,0.645109975462598,0.690303695463923,0.6927649264856327,0.6689855250049207,0.35536530191674126,0.42312014376683715,0.4164448539191494,0.49656405995561026,0.5542174728566193,0.37495439644704315,0.5942700174947052,0.7238674172895664,0.541218556939803,0.24361627760444446,0.3326380543396229,0.7364006090983678,0.29898566008502303,0.3190372056752848,0.40649554282001327,0.47308040034483767,0.3779339443584496,0.5006857695346996,0.7348373921367928,0.6074404291044979,0.6626360407015366,0.25948806514726225,0.5084477482899802,0.36081809576690765,0.33916637753178697,0.5005814813939007,0.2783089350127577,0.4540376021314752,0.651459770961505,0.5474780153646356,0.22914217232991196,0.3920664458301308,0.5292011727485871,0.19073583528763147,0.31229607504707446,0.39307947541191235,0.39552509123652224,0.28080155891505754
lin,rest2_vs_type2,0,Rest,Rest2,20,0,626.727897,313364,315864,-0.07683799465290786,0.16074356395124845,0.09096264797457643,0.08042507168375534,0.21013296235596846,0.2738258672857219,-0.22740090129767854,0.285271442027935,-0.1586093796046235,0.31011297209894595,0.21341954895503568,0.7746944489577814,-0.2085195736526817,0.3732121046595811,-0.21851183153811737,-0.7079737866123335,-0.480956305959956,-0.6356190665204804,0.7908314104178804,0.7258077820948542,0.8413183593984278,0.7671755172243658,0.7298635389620141,0.6754719403304091,0.47571355409797705,0.6096998009766138,0.5705034241030558,0.798824963721854,0.8728779864598366,0.9113256332750187,0.7298277521570209,0.6106533074411336,0.4136520834536554,0.8363614562399215,0.6866758134669428,0.4759560620669448,0.579511620838279,0.42552125088591036,0.766782860392704,0.8558964066023466,0.6487515698159594,0.807967389498841,0.7828858885302025,0.7536728882369143,0.6981542263712641,0.48307620959287945,0.6834639819139,0.7418683080034119,0.852784878704202,0.8294418850628604,0.7871577213016142,0.5810327985260144,0.5195792435763467,0.37169092446736185,0.8679080769604581,0.7259157993573409,0.5383785248345221,0.7762972749431714,0.5877490300709026,0.7788680524672065,0.9263330597978312,0.6768321386969266,0.6654597787510715,0.7881427039380701,0.6126693729758047,0.7653912435439562,0.5738741539623615,0.5862751540093639,0.7723598197502234,0.6913009031853706,0.8634108617956658,0.8669339707244748,0.6939221343657576,0.4285181439446373,0.4417909642248812,0.7866564684465761,0.48393476979939787,0.440993310295161,0.7554386490909704,0.6776087822100928,0.8003951135582529,0.7632633977585284,0.8153655666369712,0.8190894576621769,0.812535539077859,0.6257273369192266,0.667819879347131,0.5756097118138048,0.5660870694654505,0.721766937875609,0.6225240871375582,0.7387859434964122,0.8541583213798293,0.6575949193536231,0.5022323755076212,0.4846327913908954,0.7520694568387822,0.5218570741647485,0.5240063152421149,0.7025004742527383,0.6567842491556961,0.6591670087433241,0.6139747094930471,0.7009055320728882,0.7405794354727456,0.7621914412587498,0.43197119046153626,0.4445140426982472,0.4201242817825986,0.512073267291965,0.6699769833074759,0.5027929265636482,0.535030195329924,0.6605860036143852,0.501420406235388,0.23390932049259855,0.20995633671208003,0.7363916480724199,0.4038722413300848,0.3554257620211491,0.5321214083646292,0.5160620254237913,0.6010548221294589,0.5158117469485352,0.7325703688825086,0.6091972384315433,0.6615530759482443,0.32496192089416515,0.4802150627391744,0.4134996494723783,0.4214017592165992,0.43922067873608955,0.25001336284186304,0.4655607194531267,0.5881822748685491,0.5192908696647641,0.21623543037864582,0.38790799048793856,0.6527515093720945,0.36144658631754195,0.394226390129739,0.40227278898986873,0.4515579580603648,0.39991315739710775
lin,rest2_vs_type2,0,Rest,Rest2,21,0,631.735765,315868,318368,0.009578703139027311,0.031128350170304575,-0.019336724309973352,-0.04257221809692746,-0.08810380972112464,-0.07658627126326634,0.12811446182539443,-0.23567179818363915,-0.30280319914549114,-0.13099470919925116,0.1453007110834621,0.372690154290773,0.17771161772806998,-0.33483088330415445,-0.3807854875601482,-0.7358591233235345,-0.26577124448729483,-0.6177067757824308,0.8800871425379967,0.7192563637049016,0.8470410320503048,0.8729020345876123,0.8963125145709642,0.698940769126535,0.5039686040192763,0.7136157841508365,0.8235951618972558,0.8980803757440331,0.8795401274396545,0.8577593146602096,0.7481551190201826,0.6383897298803083,0.3548046690955834,0.9461639117964012,0.8298717781669818,0.5889329880788848,0.9302940313842052,0.7158221234445568,0.8001076270080439,0.7363767846622038,0.6642344504402697,0.8255999488610123,0.7523905072018573,0.6685926048958116,0.5315625896875454,0.32030632235523054,0.5754776050845732,0.7021258944921526,0.7700821012329278,0.7583121981565608,0.6883818658531105,0.4400988807913856,0.3882159001724301,0.169017671897937,0.8165966789723158,0.6139836406050114,0.3370365860965127,0.7390390576231,0.49862377907982935,0.5927526034638441,0.7648743796832873,0.7753898328334823,0.8053003267524622,0.8078522927988635,0.5366790484454429,0.5094966819578985,0.46944129380532995,0.5670967637171698,0.7763044987429332,0.7408579523051165,0.76285503311134,0.8515200566484235,0.6483252553145243,0.3727910314252229,0.2027142739136495,0.7848115863579782,0.5350682579235987,0.3417350824958997,0.6731612418439614,0.5650148320064827,0.7335893703958012,0.7756496458765016,0.7818106348670338,0.8209066424513201,0.7905119249963107,0.5437927693869513,0.47928688521594043,0.5455893478433775,0.5868330501314505,0.6553065431535448,0.5838551697132811,0.6082991067961366,0.7954820471900621,0.6611366693317181,0.41042016338684323,0.3633754771527039,0.7929127363595146,0.44141873016048055,0.356517878679758,0.5717430825954537,0.4455260505885649,0.5542920922416784,0.6875581347038366,0.7861881292682247,0.7214661074775287,0.7907056137815746,0.41683874847417274,0.4740998347919027,0.4872142493936853,0.4752534037718906,0.6988041007809191,0.4854274674551926,0.5742167583991237,0.703991595742833,0.6059209467838493,0.2646918359265165,0.3201146084876053,0.6980764652555392,0.2980470872429176,0.2872949316293354,0.5131484635770425,0.47228310406323437,0.521394822864242,0.5837519661813636,0.7827083905695842,0.8012869098241384,0.7591033033584307,0.49649330198945407,0.5833083198255015,0.4316475957449005,0.5588749987108768,0.6384023651326404,0.4514127821144194,0.5372058991805843,0.7516288894686162,0.6499006598035747,0.461062242529854,0.45562683744721405,0.7436733860664235,0.5185553723769397,0.5097381649870288,0.5382784795552736,0.5638856976174876,0.3942948104951999
lin,rest2_vs_type2,0,Rest,Rest2,22,0,636.743892,318372,320872,-0.4878093224924882,-0.1840653637683931,-0.07427048859571617,0.19274710181268162,0.1199925639942312,0.2370775780812131,-0.650971738898483,-0.3682001275555171,-0.08926135954847902,0.002347612985151848,0.4756893358130827,0.8858856413593594,-1.168008076395826,-0.49943575868253154,-0.5553661495090072,-0.5884459830558721,-0.4614190829767053,-0.5041736090754276,0.8484033611227447,0.8722153779802843,0.8733198389417909,0.8350282985506149,0.6379455645398792,0.1493840273363426,0.6282887186700956,0.7017048018995796,0.7674417424918757,0.7529119971826652,0.342613680017838,0.9366254686283656,0.7658673030424156,0.6220031523025835,0.20281060270151494,0.8960736382480661,0.7278088481074059,0.23024993704971217,0.7677119119882393,0.22324768973471987,0.48518164043148454,0.8939174107897551,0.8674574972167375,0.8602349572132688,0.7652876138526301,0.7484765688088242,0.5848317887787945,0.7052780314302112,0.7309888601679092,0.7049577448015524,0.7946386311698693,0.6963126739525147,0.8418572910072823,0.6915846035590866,0.6386184109724137,0.4497902052735471,0.8970775620542095,0.7504844680449785,0.5256535415569751,0.80513429477298,0.543456501268127,0.7939168450192605,0.8767511159016357,0.8581866088818895,0.8335478326085908,0.840252466720186,0.5675158290606707,0.4673644238690659,0.7061674126346476,0.767119340867003,0.8699140063583781,0.6918589263338474,0.6165984206968661,0.8924918635823366,0.747491716595722,0.45780339932043695,0.33108381130141307,0.8825907551567215,0.5921018170534758,0.46462300440326565,0.6979795576446731,0.5819795754200285,0.8036184205875807,0.7908890141088379,0.7979597138967053,0.7951106275089126,0.8287356352539301,0.5208067795752783,0.6479154630981854,0.6111179827241063,0.6076559057274427,0.7225877945061204,0.6241079663549004,0.6978023256813627,0.8727758092876363,0.7653888563190631,0.5073863626141079,0.4910904251919038,0.7990932957547884,0.4889985093509142,0.523586340038846,0.5796145009696917,0.6071786460623401,0.6061999450761848,0.6912409229620066,0.7855290531526445,0.7284656669152966,0.7278489196418839,0.5727413126647127,0.6284141697599724,0.5580116059274607,0.5595532041319525,0.5737888754351176,0.4873312354117385,0.5730347196237396,0.7202728135000405,0.6220844332187329,0.47718741587853153,0.5235905903532473,0.7101555231760821,0.5318171637644497,0.534605537467497,0.6373686939787135,0.6207542108386112,0.6169431017594968,0.6293096645954771,0.7402537072328281,0.587963538288814,0.6651377276899221,0.4690843861486867,0.47344737082524135,0.4853465269039008,0.4106397055789432,0.5170147193570078,0.41741314752490655,0.46438414145477264,0.6468471547248517,0.6735304032233778,0.3700916746006552,0.301090549715282,0.7126447750049825,0.43311621408952217,0.37451749628043374,0.5199289239954339,0.4270467169343298,0.4159745020799277
lin,rest2_vs_type2,0,Rest,Rest2,23,0,641.761179,320881,323381,-0.03787093871131386,-0.14439303906040246,0.11459076615582164,-0.02240365043406145,0.258739266156947,0.29683048347473817,0.20808664700126656,0.05411171996131969,0.18251549920654364,0.5291732965599176,1.0748744985028884,1.2756314336687817,0.09236862185357975,-0.06168658415486172,-0.04630250679234971,-0.4464380799662224,-0.0837051444303647,-0.598013116132372,0.9571878980676448,0.9523015477980076,0.9736336010518317,0.9266069815455552,0.9125941585752736,0.849909899456367,0.8748447672674937,0.9269223952282326,0.9425096818005976,0.9588970574013992,0.9125692038049424,0.9605711888420083,0.8625736236725516,0.8373495100732247,0.7285552392028569,0.9352079963084937,0.8723008017561737,0.7835284567586566,0.8795991077760462,0.8168884272383035,0.8936330920082518,0.8090425118036385,0.8488147917484736,0.7354295079329533,0.6764256585384663,0.4238029925075463,0.5708656547538207,0.6644193432574929,0.5797518047434521,0.6243047149508706,0.5547992755887128,0.804637749784303,0.8352930783399153,0.5976429667032747,0.43724857362626524,0.4534040890046255,0.67840950930093,0.5413312179588525,0.5077789837035497,0.6221701896455327,0.5279416202512062,0.7561055949537049,0.8732744316037881,0.8010400312653648,0.810281169817887,0.7903642576935824,0.524448498065647,0.7200702958678272,0.6780829439302529,0.7379256460133783,0.8118442952045828,0.5971086917206898,0.8436734537537818,0.7544041276382398,0.633703080268477,0.5027978218041464,0.5355266158205365,0.7452093569975303,0.5231470044311824,0.6440309628363,0.6390396918549407,0.7309863292704102,0.6449313236167326,0.6508259357227921,0.7654932866086062,0.7328590289039112,0.7623440586809633,0.3734877357763948,0.40472560065727153,0.40766603185931216,0.42039812517189223,0.7142141802858513,0.5159009239801163,0.6054453018798353,0.7680182126844447,0.6352771272969974,0.16475605437276114,0.17915611041011423,0.7072987825948868,0.27732706846639504,0.24752219891095106,0.5116209109809893,0.5506040456655589,0.5673062997515135,0.4816063455584183,0.6670201995121657,0.7530150012367441,0.788006162451149,0.3686834555265967,0.3193872341929083,0.24367741207492255,0.42859481596226895,0.5245755099507573,0.2640869130730555,0.481079911893679,0.6904986866377647,0.5544658340969858,0.17621198573003694,0.107854821143757,0.7120548606018817,0.2172902756551996,0.2443526944225993,0.38437057353432,0.4210496208152472,0.4097714643236124,0.5378511563932594,0.7401954710568003,0.6578156039350149,0.6790175903733539,0.34176819319138346,0.5612609436421302,0.43173691094661387,0.47277360620153613,0.561261991843984,0.2803933864107023,0.5094250088038738,0.6349206266736764,0.5345316819165882,0.2743951521965455,0.39546731817669806,0.6690081876458469,0.29226766162484463,0.4621500820576038,0.3443139193151299,0.6190774685102427,0.28507371405499476
lin,rest2_vs_type2,0,Rest,Rest2,24,0,646.7821280000001,323391,325891,-0.1670320511003789,-0.08848210195809214,-0.14098387454452066,0.03412777767778863,0.1581795576885865,0.44065584631136945,0.018228156830816467,-0.559465754389497,0.04164152763676787,-5.6552311843205416e-05,0.6604665590210428,1.3027757380305782,-0.44854219228687153,-0.7400659621691501,-0.6443340967123605,-0.4388169920570859,-0.3323230852006387,-0.49926819556521207,0.8718685545340455,0.9195983818096954,0.7892323054200154,0.7228312828573709,0.6713057550839219,0.673721093496983,0.7617286879861495,0.7427864758396078,0.6846741697666695,0.7314583981983931,0.7776210488144207,0.794482681139917,0.705582932426616,0.551621809302364,0.5839015486623139,0.8992903221006016,0.6865756888255858,0.6448492818174627,0.7604862674660051,0.655688107503659,0.8627043257770067,0.7425695861056132,0.8000360356596173,0.7544536757561257,0.654102972059649,0.5625121970171281,0.3858608528365787,0.5919042460030522,0.6306872645240409,0.5946056754245909,0.7125380587906621,0.707796894119118,0.8511789942942712,0.6450680908994305,0.5960679205880921,0.33119280159262976,0.7768003940197042,0.6533537688219063,0.4005394435152536,0.5870729121582992,0.43258488178856963,0.751526225644663,0.8107831442295198,0.785343588247577,0.7852702432181625,0.8025056335560881,0.7019048870699641,0.7254297800802606,0.5935004957054302,0.608294078845787,0.691713899517122,0.7458858896455978,0.8320147160842039,0.7616208910301608,0.5955050083254877,0.532929047004601,0.529914020961306,0.8001389014183152,0.6681722700555784,0.63429371905262,0.7641403778893795,0.7116931146157969,0.777147085815455,0.6213950456962565,0.7987399035961734,0.7478530567730697,0.7983509126268138,0.5106677468797743,0.5963412893324174,0.47781983161511193,0.5827701949545351,0.7441859422435149,0.5520414686918289,0.7305033059462404,0.7429530783741776,0.6576072029253786,0.46013047052104106,0.45868516689423317,0.7716917612235555,0.4895882942664353,0.47812622218433665,0.5515621781301498,0.6890694652134897,0.5759485168444832,0.5573039077926257,0.6857800167129465,0.662036747435668,0.702925703843084,0.4540396931793009,0.4691693559404363,0.3983384596154259,0.45552335944437067,0.6291147731542773,0.3352187661751625,0.5499368655584834,0.6133583449146307,0.5277637425089127,0.2914554570033233,0.31969159938711567,0.7341731711327437,0.26961154106624186,0.43097323938161025,0.4454273994098387,0.6057748499839319,0.41291121624950516,0.5108322453340269,0.7261327715307052,0.6048984785761025,0.5697861525755397,0.2315116121618835,0.48146114043041005,0.3307331438451763,0.40157530850638323,0.38668882499225854,0.23546942450433928,0.322969259214227,0.48386936481395015,0.35096721322698005,0.09458665532977413,0.31097478617865115,0.558895127941153,0.22554452964371502,0.3470024470149254,0.22750392929447538,0.4412161348826524,0.3670808907565268
lin,rest2_vs_type2,0,Rest,Rest2,25,0,651.789913,325895,328395,0.05591660823286393,-0.21152669876985986,-0.25094609071401797,-0.052896033362566985,0.12854685194883686,0.6323073452673353,0.27793790707465327,-0.06265047247927047,-0.20805313624586796,0.30934914274140457,0.34434456973392846,1.0477936691232546,0.3707497541728677,-0.19086786755886465,-0.5515532519194482,-0.24133722568356197,-0.6789907541735953,-0.4382387166309828,0.7974283374673853,0.8353808066731893,0.7969397191529828,0.4714822130876796,0.5188016901261773,0.5282083993580333,0.6676525256121651,0.7304002932703048,0.4947023684881245,0.7208622369342254,0.801047047703313,0.6292294964096105,0.1903875867465853,0.4468259396438569,0.5210036535482269,0.6964897109716135,0.502141445407297,0.5063210686039369,0.4753741746725303,0.4127099113869503,0.8510712226482278,0.9136430804138467,0.6581908357519423,0.7506004484442247,0.7013155221066082,0.7556471589609379,0.6756072861749628,0.5368956462084199,0.6902522235749596,0.7340164115792425,0.8294540994273949,0.8249940568742113,0.7013892907195667,0.5232954433925116,0.443097626792782,0.3515942745436979,0.762516086495699,0.6544960940290327,0.547411025272469,0.8446032732485818,0.7010784768213872,0.7861895072547247,0.8699787787146671,0.8685945005423126,0.8668710505939365,0.868359038041765,0.7393579918851588,0.753308690793577,0.7291527503826668,0.7642120442837592,0.8728676949066208,0.8475424417019058,0.9225913629750025,0.9033574718074402,0.8035441573163316,0.6915304083508489,0.6129473560229528,0.8749442951243587,0.7773831335818908,0.664301584499809,0.8356684608367059,0.7869012851942608,0.8270771589261018,0.7439931443330274,0.6613331358017636,0.761875946946835,0.7597647506981214,0.4644096213933871,0.5980199382547556,0.4240502527723119,0.5146443607997274,0.6763106401653076,0.4702318372260095,0.6635991442084815,0.6862551112271956,0.5427418987539487,0.17759982786763598,0.25016292272322216,0.7758427648754384,0.40581573143184196,0.4425645556293205,0.5406877494141319,0.5921229856754444,0.5652292740240946,0.5901517515760664,0.7657020811522371,0.7541286812054223,0.7551940238719527,0.3668605124347143,0.3256782306135882,0.35614902866198445,0.4542924212934431,0.5669482788640008,0.4413001863534031,0.5494869304169558,0.6999204055927655,0.49246540984169956,0.2694206236350117,0.12876165458467403,0.7083462517738296,0.32454561905358864,0.2620046949647463,0.4468758546529962,0.45420129477084237,0.41246112604822643,0.4600687808241554,0.6702707717563524,0.5655028129672011,0.5755349515377469,0.24672572182063976,0.4653332757689518,0.3172478018871572,0.2983128470554154,0.4313005979200127,0.21144759357250945,0.5168063208261741,0.6936536676570514,0.5052311080503634,0.24352789578881218,0.39848364703929573,0.502538340480286,0.25011513610886194,0.3579767254005022,0.31111828553284254,0.4924329077495813,0.3332578545852261
lin,rest2_vs_type2,0,Rest,Rest2,26,0,656.790068,328395,330895,-0.6637627972943503,-0.06364076454448186,-0.041862645810401666,-0.21461938030066596,0.37682854887432926,0.3536993820311658,-0.1703533054583879,-0.28768223830607287,0.10101754637545568,0.14359591608896727,0.9255034877613504,1.184163348565887,-0.7650492757173386,-0.9354373214118601,-0.4609967471789398,-0.9383358063588945,-0.14396009641085628,-0.334832787867971,0.9159878918159621,0.8565820146468885,0.9364770861067471,0.8098876688729332,0.5766020587705837,0.6130546582475012,0.6989640498422576,0.8355994608573479,0.8362064926151144,0.6910663912765742,0.7574146377648916,0.8013458773691341,0.6058326148943567,0.3700228191838196,0.4287704705315917,0.8671991426205397,0.6119124288763228,0.5838861196127548,0.7671987046485409,0.6482492658216875,0.7626878314278552,0.8857970629489497,0.9129301949734242,0.8848198174858516,0.7813179764802579,0.6729776562157057,0.6396791210225158,0.7526553107545403,0.746316563466624,0.7735745011043226,0.6621526335673388,0.7386920921089856,0.8674731653860701,0.6619527406855361,0.5665602505325465,0.5340670745643527,0.7939533858812625,0.6826670382951736,0.5106557365170876,0.7513433099742852,0.563490676835205,0.544369669448212,0.9608111346026327,0.8867797801467003,0.9566928329351811,0.9678597197249029,0.8824083827272451,0.8457783556574134,0.7968846995222374,0.8803011810216202,0.9446358642906856,0.8999388085197123,0.8757169920552997,0.9386920286248834,0.8503744166566077,0.7504078394254303,0.7012791111935608,0.9545159230291421,0.8349043321111886,0.7924508495601903,0.9019722068099799,0.8568470814602932,0.8491211004444398,0.68581875348974,0.8048275399927143,0.807522949506605,0.7567467424804134,0.3169268280578673,0.3995801045060737,0.4922104586953723,0.4969046079954816,0.5783931736957227,0.33332188039357363,0.5598488599520407,0.812542061900846,0.7055597052239837,0.30397280410123023,0.20278660189094555,0.7756819532631495,0.3415620600445783,0.313551344493742,0.4610595032688718,0.4685347737880404,0.44696236925551736,0.6977036115577442,0.6997788879354726,0.6998035982601223,0.7809616083472725,0.48947614932119926,0.4561306756075225,0.46982786343740096,0.5382179685683424,0.7005914746283555,0.5496170462178304,0.5993020008498786,0.6684403539448085,0.5655837550474965,0.2682904048952142,0.2449553085402641,0.7298451040935149,0.3544990233583978,0.3354229621813025,0.543682232865113,0.4624264414008585,0.5729018293011044,0.5991913464228659,0.7567164188318548,0.6047467051252149,0.7160263815653916,0.3767050810837486,0.5064339375143894,0.45767993941072094,0.40719278088987393,0.511680544336229,0.29471634540277575,0.4762222035463487,0.6297596809586079,0.6022641682817744,0.25673259549682254,0.3641287603488559,0.5591313536037309,0.29433939453199853,0.36225051867862756,0.3571728611521813,0.5229012316192635,0.40654446561392227
lin,rest2_vs_type2,0,Rest,Rest2,27,0,661.8187439999999,330909,333409,-0.048918219449423095,-0.04813437681186716,-0.09936355353202941,-0.016729544914974248,0.2466462034994128,0.20099059433600552,-0.06288488625962785,0.5480197290079598,-0.36702078953823136,0.6643890390630807,0.8594548138358715,1.3697266569327458,-0.16100863447492975,-0.07802726658554482,-0.6595522066440642,-0.10849565569784936,-0.20458894015933815,-0.24621249592448846,0.8893271856671099,0.8641895490108117,0.8465001842529936,0.873652839902875,0.4340945251772597,0.6907444058075398,0.7149594354695962,0.6608440480421743,0.7483358177325669,0.5774383199588462,0.685188803985308,0.8225900138024717,0.8244254340364071,0.38989625864654853,0.7134033499734485,0.9007796428153352,0.32677143822392374,0.5625039476054483,0.3724563074180941,0.6023084730191244,0.597409816809976,0.9092374126335836,0.8323679820782846,0.9140710665649492,0.8167891942398452,0.7465118643022995,0.6473249237718157,0.7003298402805377,0.8137080041329872,0.8304181385066772,0.8164592417702868,0.7298071596512803,0.8327363995556806,0.6281149587382403,0.5973356987103978,0.5481304945452646,0.8126876218650055,0.6995466160368945,0.6277113771432952,0.744048942807361,0.6379533051061065,0.8647017452252379,0.9471663797800155,0.8991782032089249,0.7970289665458394,0.8591982235287181,0.6985852734803949,0.7351561016324717,0.7957127358363151,0.738260314139394,0.8516090828281913,0.7267487384566362,0.7908062129974119,0.9035185407081793,0.8675506478143635,0.6105490058368581,0.6086222745279427,0.9074221783338376,0.6421352573162221,0.6093282420897803,0.7500897984691787,0.7409405685268635,0.8275262092086757,0.7370361843808592,0.8000480994530669,0.7502598557186961,0.8073214563021724,0.5029408981660322,0.6167689563627496,0.47454706850609807,0.5655179096789914,0.7221123668852347,0.6159944867933317,0.7899984260382005,0.7123828749070131,0.6797003092218828,0.2987503687731621,0.45978469446343956,0.7396616563566479,0.39600485630939447,0.5109064668606681,0.5885810203721326,0.6721780386612585,0.5799793166295578,0.6517320186885166,0.7023255366662606,0.717391626056559,0.8253539425544931,0.5113200576827506,0.5167903868599186,0.43503976232551683,0.4354012657592493,0.616292731449102,0.43224512457005876,0.6430511231113141,0.7419581712131086,0.5989249477773615,0.3827309849283108,0.34072049347829964,0.6909724840033566,0.4828587542168676,0.36811484777944425,0.5313763665671781,0.5472054442519966,0.44482420835858233,0.5785673872532626,0.6508478507618617,0.5070601535513901,0.6569078113196672,0.22519651067189952,0.4299753218482051,0.522004827449719,0.34769253969650565,0.565967296480683,0.34382529438390114,0.4284328648964993,0.4538123278230307,0.4678557092291219,0.16746320519022165,0.2882265978384461,0.548720693905785,0.2740379178317236,0.318172168579571,0.3529245976642616,0.3974265557785569,0.3317876468442916
lin,rest2_vs_type2,0,Rest,Rest2,28,0,666.8357619999999,333418,335918,0.0466754104663778,-0.2104811163934004,-0.08533194887299445,-0.1933409890916089,0.31539147262519274,0.3795885355989692,0.3122378395511518,0.03401873737360939,0.2526977079917061,0.49537217853717763,1.096185695354832,1.4102965236745448,-0.1945364552857929,-0.5934269597249147,-0.2001730050077275,-0.5207446375322657,-0.07691399179216596,-0.35459803842465887,0.896701473105179,0.6354787118716487,0.695503144181435,0.6348088321625556,0.5801478453276779,0.5625093475638897,0.5054588706555994,0.6636697846026431,0.7305595749223947,0.6715343396996045,0.7065927633512421,0.7428306437181617,0.40409982592216587,0.3323309406933603,0.24692165771956565,0.720614714645032,0.6482094175852408,0.5649763954924804,0.7095223120073588,0.6825795188838552,0.9497847853068538,0.7837759770505088,0.810749132657548,0.775415349598057,0.7316994706298717,0.6354157969371655,0.548731512771264,0.6013819672677043,0.6705286279426199,0.7514736207864973,0.8707553578417422,0.7946193396902484,0.776429574916372,0.555082875443027,0.42855788624592944,0.45999261968799127,0.8220451291080267,0.544440167326591,0.5643841644342495,0.6996187926010775,0.682642701092895,0.7605912760882811,0.7283829625827553,0.8101880430013992,0.7574597523008402,0.7098804465480033,0.5675356647149076,0.4654673840226466,0.556195065539668,0.6712935175345826,0.7916812577891039,0.6554552272519022,0.6636396661834512,0.7888185072361711,0.595222187225188,0.5234888803225846,0.3730830628946085,0.822307869940835,0.7178233635477681,0.5580222824937698,0.7543177984904216,0.6698642619300134,0.713487957452095,0.8166710054840518,0.8172686957048231,0.7271666893132465,0.7965296729891774,0.5932842647847449,0.561555130629148,0.6353320876514789,0.5806661881856757,0.7429482056266113,0.5993286165972672,0.672711018080352,0.7191091442342793,0.6699038319973598,0.42194516670713333,0.3994170265286292,0.7256361549101071,0.40188935346118354,0.431404872922555,0.49373760849066806,0.5603705947057882,0.529559536086336,0.6737975294634121,0.6652273913451665,0.5229304413913937,0.6767685113061317,0.42778426532777025,0.4627633596944901,0.39362628513742753,0.4174402989154677,0.6387385046985435,0.47913595255480046,0.6560582916922362,0.6505468780054618,0.47607069965124454,0.30142345690041067,0.2591717297535287,0.6349105151316409,0.32748145254038297,0.18416711970489616,0.5102479789233748,0.4092583812630792,0.3887336835794613,0.5356848046484091,0.692681323267837,0.4521534121141608,0.6429476611240352,0.1303838730581398,0.5002382955129598,0.36022267187197166,0.3046405647600662,0.45209097605803883,0.14155358871834287,0.4825536462373625,0.5316725571786824,0.5165480046633422,0.07216819329947398,0.316353944528973,0.5071007362981083,0.18901863529431343,0.3429756675157345,0.283642033963607,0.46049093369204924,0.25439162236525975
lin,rest2_vs_type2,0,Rest,Rest2,29,0,671.8632709999999,335932,338432,-0.2217247881154183,-0.010969845178417703,-0.08357730559709076,0.295986736918721,0.11233515120855064,0.20591363906826543,-0.7520853248102137,-0.19533291509910766,0.03415766340844062,0.5650376737289888,0.8853184803439036,1.1960586935339097,-0.9572931167217591,-0.543475869460299,-0.4644462284605284,-0.07123022541571111,-0.22681787819081856,-0.5522093240352869,0.8490828785506279,0.8858509601856828,0.9068937684101526,0.8074461345465912,0.6730660302423958,0.7360888995121952,0.6727899318888754,0.7516990774866805,0.7483089319877607,0.8141621743265187,0.7768864979989616,0.8991335061701325,0.7103416829667707,0.5752347470954023,0.7042272536724998,0.8251625275413996,0.6216695879267132,0.7089701678116981,0.6226731783900213,0.5967752586924016,0.6728132966554682,0.806059374379751,0.7659659754452154,0.8021371590955857,0.7973547672591924,0.6314365001930884,0.45849724619698273,0.49450585419883253,0.5704232580673093,0.6755470002196369,0.6375547531359531,0.6546432352332308,0.8736179502481703,0.5479495910397607,0.43596455201913376,0.2996057620193881,0.7058134904152996,0.5326250602817283,0.2526956161870884,0.6984215119402747,0.31989366103864825,0.5229910284474868,0.9559879836485773,0.9148375465057756,0.6976218946011717,0.8332848234615352,0.6669254935290465,0.7836614960003021,0.8772832665595843,0.731883405253908,0.8645852550228492,0.725677870518208,0.8483677424513428,0.8208855968471338,0.8532202522419752,0.7197345983944959,0.777999676889296,0.8754715225248606,0.8282009269286427,0.7947379632183892,0.8577001240104326,0.8825376602821263,0.8636319338493874,0.7988251433058826,0.7642863544509206,0.7443142138010035,0.8172626493745306,0.2694744437125392,0.5648593565745363,0.5534571036459595,0.5800566485236014,0.746007602421677,0.3766422366839022,0.666923643430834,0.7527698874307165,0.6063267474006211,0.17844223501704135,0.3022655352387659,0.6894018532236473,0.10012581354026726,0.32367206274622395,0.2000717063798193,0.540127832169755,0.4889710530534772,0.6285710820329088,0.7451437406879025,0.7008246211301796,0.7920812170089117,0.28012816399969687,0.4198158476838787,0.4173640813490387,0.507478972405593,0.6134524842244483,0.23240187364214165,0.6435685928478106,0.6951833601105594,0.6221827674148024,0.2233985631508415,0.29806768954490337,0.659685053004442,0.1948426424162666,0.3411355933585904,0.30458379495027527,0.4434046304886543,0.22843388868243977,0.6689612281024006,0.7677607246165423,0.5659122277426366,0.6834756930968138,0.23261198661510374,0.6008702291537533,0.5558952471500307,0.49471878715399953,0.618321407173489,0.21772177294193074,0.5556941589354807,0.5984858337238622,0.5854713707643889,0.2511511603992008,0.540057610614335,0.46807177354498614,0.20454761395262744,0.4062492360146568,0.26048837113098783,0.5527584107999631,0.21570925613628855
lin,rest2_vs_type2,0,Rest,Rest2,30,0,676.891368,338446,340946,-0.30260312903156494,-0.047156284268171866,-0.06083892323462248,-0.10324783922583114,0.0290616344212542,0.23504282474413718,-0.45488922176792634,-0.14158832803868426,-0.12074044287678642,0.9518258051481276,1.1546564457551933,1.7297065278802803,-0.6219088811640217,-0.37971250807297485,-0.37883175151242776,-0.4816784694864249,-0.37103352585594984,-0.3040392722470494,0.9701861932113709,0.9178277382510407,0.9367985106385929,0.9256157872254835,0.8927553616343001,0.7751732499311337,0.873409687323457,0.9092093857725803,0.9087262406870774,0.9064494533488903,0.843188240949487,0.9254401356264974,0.8637587134390567,0.8678548990475771,0.6818874914940596,0.9737551657775304,0.9230842127259861,0.7523809816091803,0.910657845059459,0.7553607541593094,0.8204662796696709,0.9100234220785419,0.7542772860669735,0.8240218579838272,0.7162164199213225,0.5752767521894938,0.6335114879556308,0.7172713625102807,0.8351962030828218,0.7475880618196283,0.6425734666970856,0.738227350326938,0.7977462837984486,0.5666903870228172,0.5796665157221133,0.6392079703129974,0.8181573879554414,0.7501164973753225,0.7273019928368895,0.7044927474093494,0.6136354548644704,0.6522958308954953,0.9719047499942743,0.9451546645147679,0.9279175759867572,0.9285956869961907,0.7342073592267991,0.8085223738481102,0.8885686139137133,0.8785413373485079,0.9146195760245924,0.7647300799729809,0.84749597692387,0.9608961438183776,0.8842491840953342,0.6642949878067989,0.7249207116293225,0.9358710029771039,0.7304737570112646,0.755726813507124,0.8431793981846524,0.8115557928538241,0.7560237755212209,0.8253278624967151,0.806356920378466,0.7658097024042955,0.8287813136785761,0.4102201496952995,0.6680586513149889,0.6337022342970208,0.6737208855336181,0.7076691410418551,0.40637043412571283,0.7507565614728514,0.7339212816973857,0.707227817403139,0.3961822340552097,0.5445770048613178,0.7849937758016416,0.5013337936580529,0.5798970412601581,0.476653721056799,0.6738697986483873,0.44172412336268446,0.7163733111077232,0.6805003324341703,0.6807383436811982,0.791275108870053,0.34454642651493367,0.5033190831543889,0.47949869964128794,0.5328272372538668,0.702455941907166,0.35672326284577727,0.6462793471391476,0.6641083196078141,0.6602643595892715,0.2416307995224824,0.33452316435339224,0.731617021635819,0.3316868130864596,0.3830945470759042,0.42136888525415617,0.5398567290178051,0.3767789169976868,0.6281115518959108,0.7054116813424999,0.5921476443337093,0.6339617496817624,0.13206060245984935,0.6218386414633236,0.46086850169839805,0.3958891516077669,0.4613612354331999,0.06057134954719766,0.6007348235143184,0.5004281152689548,0.4735666811685174,0.15956521072423815,0.4594968845365434,0.5540524649633286,0.03686547267508818,0.3584731055935188,0.22343617202558666,0.49838377715470605,0.19218683518608187
lin,rest2_vs_type2,1,MentalArithmetic,Type2,1,1,681.896636,340948,343448,-0.029094063908325474,-0.1546000114859356,0.031692667301091326,0.018423606299292183,0.20895497634746785,0.30533097497086636,0.46465266544337336,0.08733099423454105,0.589769427663279,1.0207246462235664,1.3145756859868778,1.8486037408689744,0.20731557762426833,-0.19435059854190406,-0.31108758183076457,-0.18197893222925177,-0.37904152616356823,-0.4305032410951599,0.780418579378898,0.7746911141864504,0.8813619996457873,0.8571880919158177,0.5177738329701856,0.4265121833126511,0.5296344671666694,0.7589095265619104,0.8630766293365189,0.7000197669452121,0.7183481978749107,0.8836091342496392,0.6792561298837279,0.47358601803306344,0.2876021488076164,0.882069144111028,0.6173915308183511,0.44747384698794956,0.6846960187761791,0.5403319581365809,0.749835506832616,0.7146072187028307,0.7661896120519197,0.6681918159632333,0.6525259890905281,0.46272925121047964,0.4689979199265565,0.43606556808689645,0.4892228630289763,0.570853486790999,0.6068597822408379,0.7433191664572621,0.7953846224087822,0.4856325299194835,0.3604058172596507,0.278167743238309,0.6848736155158984,0.511199850106715,0.38104817740467584,0.6538607979735397,0.41277342277127677,0.5297532558362449,0.9267092233025571,0.8159809137668619,0.8593240930533361,0.8556868578518801,0.7021072473178608,0.8377843318387165,0.7139472073420418,0.814483445817053,0.8526300635673661,0.7262369127862099,0.849736153982353,0.7455718222202843,0.6584314909071004,0.6386002093483814,0.6510620311094988,0.905562330444983,0.6695425797936316,0.6879968125679174,0.6734219925842272,0.7644110748660273,0.6261563877991243,0.7262502379782543,0.6764102887940449,0.7198438492149198,0.762369511319131,0.41562467769391015,0.4504833227196995,0.42197876819392405,0.5135070248249866,0.6971072640667532,0.4275320971686591,0.5668539027347207,0.785440010709127,0.6609332969157405,0.3566888709661339,0.25947279344882296,0.7706169617285799,0.3586034019724624,0.31072796579155504,0.3728948091542718,0.44863292722911435,0.47150314188318526,0.5630517619467725,0.68602849673479,0.7056147490902598,0.6363079100916167,0.20333215337008673,0.4067278335160464,0.4125636857962365,0.5296633906344332,0.7261849293382096,0.3718874982216573,0.6964052406015496,0.6519710008360442,0.4518198811764649,0.17257947212455108,0.28908898505010344,0.5776391239907571,0.242257708876715,0.37180634144906627,0.35432436370004594,0.5643628108902147,0.38104497046183444,0.5933440191600696,0.6798695037526447,0.47409858243258624,0.6806663761195603,0.12130216074526066,0.5137677270171658,0.42987641018971073,0.3336209965069076,0.5875875483009337,0.10600907786720287,0.6006541923305173,0.5751996966069779,0.5586601956449332,0.09049292492684893,0.34531102923960816,0.600994337858802,0.19679130257642277,0.31175831759833006,0.22070771850374266,0.48086350828812796,0.15549258447283348
lin,rest2_vs_type2,1,MentalArithmetic,Type2,2,2,692.427981,346214,348714,-0.1372977806231379,-0.19856590481745773,-0.009850189086110017,-0.006239427345587689,0.302451647007854,0.13521104379129034,0.05430121428000856,-0.07030045413882391,0.22318845024010914,0.7855948110259026,1.0319980399259578,1.270892447010639,-0.2911789589728535,-0.3900613467515739,-0.5277163846394157,-0.47005540569696325,-0.10867844377991176,-0.6456517054722936,0.8339170141426444,0.9134267467107182,0.863501661413898,0.8050601074913788,0.6664486918126941,0.5559869145085092,0.6840746428863901,0.6793897011361305,0.7212425985129729,0.7074361727530657,0.7228909341369092,0.8602136666600584,0.7787767720909808,0.6023665121554486,0.4975784339258077,0.9274505647721225,0.6669840902705927,0.4914150864126268,0.7360734363620691,0.5487471735130444,0.6867365880355114,0.851736864811536,0.7864535429466496,0.8075920118658901,0.5684489958028843,0.39718119899943927,0.5466090171380587,0.6153601063986309,0.7303893414095417,0.5813541043597339,0.520349781600585,0.6947514102896615,0.8349026603373144,0.542815745115549,0.3675903901188586,0.3463644516865214,0.7342072177412509,0.5354276202237575,0.5045081687728871,0.767528653928424,0.5367083010654499,0.572399274481084,0.8550559308455645,0.8144519226858772,0.8180115726072061,0.7936915806976642,0.5984522886004484,0.49519138946221164,0.6428671568736459,0.7186042526491087,0.8119605308848752,0.6318796925074261,0.6285521124417602,0.7812317858426212,0.6455629541834191,0.4451265873891549,0.3101832839499785,0.7747726878718292,0.4858201664754551,0.4657152978359321,0.6835693373958307,0.5216439092231073,0.5600317317902213,0.7880965544334636,0.8262365734774931,0.7220685629287684,0.7616479025833626,0.2931981640609128,0.6256394222467785,0.6251270239472362,0.4947719931438665,0.6786124510300439,0.3285395814779218,0.7252497635456305,0.7812383937587617,0.6851642853070559,0.26454485894526636,0.4512128051758764,0.7138191439877872,0.37977783638422397,0.4482489044905256,0.44213711935953426,0.5954870855105153,0.44409524027457453,0.5431928548847375,0.6932078488251683,0.6587961786364482,0.7076161439125921,0.29228141018141984,0.47780132130542535,0.351422468825106,0.42248754336102545,0.5183829692472484,0.34446012164451356,0.6601749094482027,0.6722316580233839,0.5967216290906723,0.23883070395556005,0.33736125563609776,0.6722108495917366,0.22353060168325514,0.3738278471801123,0.3131218997803666,0.542071890395972,0.3637098911610411,0.5686900800984821,0.7354135129105679,0.703325762520577,0.5703627204995027,0.2483949827441513,0.43177380989559716,0.47632541426026737,0.5354934743965044,0.5626140449745222,0.31566949175249104,0.49173290174318357,0.6203549397291738,0.4317303401831557,0.256477531615983,0.315448019758739,0.6001619310297386,0.18468254339040052,0.3368351274624843,0.24769443223486184,0.4503488035318065,0.13952907930381492
lin,rest2_vs_type2,1,MentalArithmetic,Type2,3,3,702.3735740000001,351187,353687,0.1377000453422088,-0.06814549933163105,0.07804963505888951,-0.03816100132690314,0.016690217307713473,0.24630791975759903,0.7211292302042289,0.6343576231279018,0.540602355267791,0.4494471149942889,1.3157854777671196,1.9754623664417559,0.2578060561311353,0.07754975862882718,0.12973048669664644,-0.45430366314255277,-0.379161577939344,-0.5980278034062179,0.8681511011252959,0.8536024324159561,0.8259715015623498,0.8806531240653718,0.6662264831209314,0.5954546613950764,0.6260633347583963,0.7526392172769548,0.8959901955113547,0.8618502131137075,0.7944034372917006,0.7718124505580506,0.7076451539072064,0.48063589909280263,0.3520468885075936,0.8493750440432318,0.6353395744673951,0.547319973688577,0.7884488543715388,0.639458794327916,0.8519204199878606,0.9012869388342238,0.8890148383234199,0.7436377015208125,0.66073644629723,0.5651587007537988,0.5967146735891282,0.7754207652188675,0.6902394503417286,0.6872635026674795,0.6125080114937456,0.7368595540803633,0.764812328833383,0.6623398236922081,0.5113654913828773,0.4495936465889433,0.8762869921690014,0.6513187730023645,0.4890529277052542,0.6699542117013044,0.6300766807166511,0.6345624100752224,0.7206346465106099,0.6672839235881297,0.7799393423174948,0.7859756990233582,0.4622879540236362,0.2198480842418741,0.3240650680823142,0.5227545840122778,0.7542875570590064,0.6014453626992188,0.594974035277552,0.7867546019519426,0.5354263499727858,0.30088472110729275,0.22948848784619102,0.8182208955689461,0.3634170921276481,0.20055908942905423,0.5444661807628872,0.4029507149387171,0.6865016245450363,0.8309971985727949,0.8226142359153393,0.7675901576655371,0.8599940020105092,0.34600945475964534,0.6755446308536487,0.6037659544834488,0.6497418717565123,0.7348670619825398,0.3506627540816289,0.774099551716293,0.74732608972729,0.7533461778885288,0.2988659637337021,0.5096708722429174,0.8134016076364173,0.33964208227446757,0.6034919304194751,0.43896379952333864,0.6793087778833228,0.33634729131438756,0.6020923982526317,0.6533434708800514,0.5714724022810596,0.6748457713803682,0.2476567701274632,0.43827415167819944,0.3075024164999178,0.4277252642731763,0.5657272264268238,0.30760160747742205,0.5793063456187311,0.5958199443167013,0.5512969452233316,0.25217657752701794,0.1917178200957682,0.5662184669161127,0.28865825622319935,0.30090210352264896,0.3373981603488815,0.41634693176678805,0.376286198488685,0.553819259679919,0.6654497742243667,0.5374442352684252,0.5885912253968728,0.13237443996058554,0.3958340116571533,0.37928104768926324,0.44256884214448,0.5829996034877022,0.16688040957484448,0.5209851852646582,0.5414424817351534,0.5298433421144604,0.195496579044875,0.23640386345965902,0.6310688504439493,0.23762303409902608,0.24494455229838072,0.2230919807571305,0.41075426312500224,0.07142763608484833
lin,rest2_vs_type2,1,MentalArithmetic,Type2,4,4,712.487826,356244,358744,-0.32048588361296737,-0.2640929194234607,0.022105498327405826,0.13382960142779288,-0.1110358957341342,0.16317395880533825,-0.445250426917585,-0.013215589702289421,0.5539772679212591,1.11310065345693,1.3613519236938076,2.0606273988460506,-0.8269514030327341,-0.8121921745543683,-0.23477520227998117,-0.15092060906904337,-0.5306505948306048,-0.30234649481120945,0.9054886354392186,0.8885780258412267,0.9027576061657634,0.8052437938019456,0.8106885596583909,0.5962399604078662,0.7506469367344598,0.842395787890486,0.8713924563727263,0.902505146400155,0.7367353200336612,0.8376027246678075,0.7224578692968493,0.7393749785570104,0.46566746016674393,0.9177591473408957,0.8600220894702619,0.5658701688498733,0.9269711200680582,0.6372988213623993,0.7585870025177617,0.9008426816524017,0.7870297486188441,0.7708983872014165,0.7681176923259053,0.676552092332831,0.45906800176527124,0.6886925783026997,0.7275611958019242,0.811353507682693,0.6977500650413695,0.6309151102243032,0.9055104565610969,0.6967323811651042,0.551015806109307,0.38829347043202767,0.8311312797641086,0.6734031370221705,0.42938618909786075,0.7745044643096399,0.5147844606721236,0.6291121271831138,0.8462198607551749,0.7323183770578859,0.8505500979431968,0.8426097730923574,0.5235927653823701,0.6488103868869824,0.5616391800455524,0.7211352573828296,0.8581031147279916,0.6738022817879747,0.8468980409702463,0.7945491451188881,0.6123248769747127,0.3246018884986863,0.38236127378517865,0.8077368556591072,0.5112600939791414,0.5569010949513249,0.6615934629367217,0.7666191263177552,0.7929403490663015,0.7848776561474131,0.6627904811172569,0.614125046361371,0.6892904763898428,0.3634726301953366,0.6064689231283236,0.5058981865498047,0.497210689899142,0.6628824771354725,0.3747775951080337,0.706878306257865,0.733533332505244,0.612134152625344,0.22216500588674365,0.42043359706927186,0.7325020924082731,0.29372802983590474,0.5515921945697093,0.3700282071301288,0.6071487706707785,0.4442821621100658,0.6070058508349221,0.7150072232053386,0.6740468433096938,0.6521951403777391,0.30077921406815294,0.3691086187912957,0.33488127002888946,0.4122981975102927,0.5745493674023849,0.29430651579698275,0.6176913705556035,0.6740655426121615,0.4614976638301721,0.16946165536572227,0.15976676341553533,0.6094568220707938,0.3057271968772933,0.20829528180712092,0.31781335107892555,0.48251572545475924,0.18633673253625316,0.6467457226475222,0.6576311120629242,0.41177229201317755,0.6239048923569345,0.13558655219605115,0.4673328231179865,0.5045513268536952,0.33890401250024754,0.596104003419279,0.13231695860360007,0.5626453090254422,0.520983278829837,0.5157350614833107,0.07566023126691404,0.37043582916516504,0.5125031845443105,0.19368500384712753,0.2573961940428185,0.20434693141938995,0.3823949205365887,0.17461546019397367
lin,rest2_vs_type2,1,MentalArithmetic,Type2,5,5,723.60182,361801,364301,-0.16889552976802547,-0.25573485252756,-0.01232073340184403,-0.0685496134461765,0.20645683052513442,0.07871964573834545,0.025100211740958223,-0.4897247512238323,0.3959829080359256,0.8858793240976635,1.340033696403517,1.6564604537155043,-0.36498642563505834,-0.4239315462244715,-0.19494522372005552,-0.4641153336278274,-0.2030335093825164,-0.5159311991884037,0.9174317067093184,0.8588185553710843,0.879395956564125,0.8207717463101116,0.7599110449855687,0.7854397988473365,0.7399348728631951,0.7651427220946846,0.8362334352266956,0.8147034926482404,0.8501363386685178,0.933494332506605,0.7270530407540602,0.6752582615193882,0.6384123746936783,0.7998214699842073,0.7081766872390854,0.6938673598961239,0.7429374145954858,0.7420442238947148,0.7351079039069928,0.9090391249795611,0.9118052839049076,0.8870221287709409,0.8610761820447077,0.7324546748492938,0.5794548108785099,0.8047297571578883,0.8568550431142252,0.8877771430990745,0.8068011639397653,0.7085797544058413,0.8530634914002255,0.7843623294358845,0.6565865938091577,0.5783237180271203,0.9546495856470681,0.67472750016696,0.6330356059822816,0.6897757877094265,0.6416623153158757,0.7124831290077824,0.8798922730648647,0.7522411137577791,0.8054422816336929,0.8075291442213297,0.6115710873425653,0.5259602529884444,0.6156099667253955,0.7688538651471531,0.8683189373265864,0.7162740123477777,0.6496476219893066,0.752286947696915,0.5762500247633713,0.3327365064430966,0.28674681356929566,0.8249023233642265,0.4958548948255192,0.4394052412262428,0.7053014322074864,0.5868801012554529,0.653501764488241,0.7561197301958452,0.8062170918108558,0.7841252025855631,0.6616739079505797,0.2963406750749132,0.5112323364077971,0.6752785611450596,0.7195191988105292,0.7212761946153212,0.5022762823358268,0.6854854315194199,0.7778382895881293,0.6413048090223429,0.3042606925235499,0.43259938086405086,0.7462305937884977,0.29559485054947116,0.44999185746968057,0.39727334145397625,0.5982664071910676,0.45471468381972335,0.7120757042606912,0.6537460466928215,0.722779396737454,0.7379036542628035,0.10641848373156672,0.3513442557017617,0.43319497354591,0.535359501386897,0.6507145446921437,0.17848536184650732,0.5910730311637769,0.6500902630530125,0.5791039945062684,0.056143480997601775,0.17508807213890967,0.6806074142697798,0.054946489096848454,0.22083876794563134,0.17444395882555927,0.37714563410621327,0.264806576496663,0.6577961575188733,0.7200830096248467,0.44211419420293063,0.7009516463151274,0.22891834152605808,0.5124344181001516,0.5133334953490476,0.37266910898884514,0.5537631452999063,0.3261508348392656,0.5629340066631268,0.551214044640857,0.6238033059958362,0.24631507651702098,0.34340510260514007,0.5555917449706067,0.21054692074774642,0.2757120731541174,0.35186733664518677,0.5113624235878793,0.2570565139674166
lin,rest2_vs_type2,1,MentalArithmetic,Type2,6,6,734.085586,367043,369543,-0.2340386815666089,0.010953874334595604,-0.22903551994581273,-0.051722557848627115,-0.10771087343043595,0.04066653217270355,-0.057914924160661574,0.283878726215562,-0.26170792437057555,0.9152695562263049,1.290839622045878,1.1443021039422394,-0.9110185813865801,-0.17784483774109594,-0.5640233965820993,-0.23647946568272848,-0.27584236620518165,-0.43819144448848757,0.8848201522418792,0.7542584236602656,0.7563396810831915,0.7927003255548117,0.6866309773799201,0.8310811104528579,0.5873621975491318,0.6601708875260479,0.7306205154600106,0.8079913657243163,0.9553667790266314,0.8202548624353507,0.5608461447378896,0.4976319334007313,0.5077034478903932,0.731093916535087,0.6873945728254474,0.6299669717352999,0.6860053434332334,0.6995243664782578,0.8544063202997935,0.8016363327027138,0.8100462101745084,0.7737051621405396,0.7420709006911479,0.4694230256046228,0.6437792306227734,0.5358254657204362,0.6551136210775564,0.8010093870714926,0.6931498769945461,0.8779969774835598,0.7693621271649947,0.5838743520660497,0.3022699531161286,0.3787445905062822,0.8388732455483298,0.40658622641324577,0.46343780483606706,0.6072685019255558,0.6229119663430986,0.7481686572391719,0.8003650372135673,0.7818187183493451,0.828779190578344,0.8358309547645199,0.4722549529305887,0.40870157968165205,0.5876563792868773,0.6169125992780577,0.7457944719082544,0.524845913006588,0.6613317302277535,0.7574473091359111,0.6361850212856516,0.32686543062372164,0.22258307225702173,0.7879200774790366,0.5316077870044427,0.3152703656876593,0.47961919084174265,0.3866981950062726,0.44943409641238613,0.8499899160929686,0.8165071612228251,0.7570172574983994,0.801001535362971,0.5373147228813424,0.6455012880433967,0.6417474291065947,0.6691782012928797,0.7897602255128308,0.6288020071726592,0.7896846998421667,0.7479026458426974,0.6461760916682622,0.45144505412145086,0.48916625339386227,0.8016651316797199,0.457290105104112,0.5098266190419627,0.5606713723484333,0.6272861743634345,0.5447988910958069,0.5789419070849742,0.7655250708814685,0.6312899582130205,0.6481255105389713,0.34101409798495774,0.43237175555709767,0.3192211983522301,0.3496265659968638,0.5289592173810781,0.40016787628823447,0.5264899376832873,0.6053404104007526,0.4774440974146719,0.13710395083462953,0.2742066291375777,0.6669680779746622,0.20045355237849902,0.20773907960946658,0.39121586740906145,0.4732029154865794,0.4281760378618481,0.7370157099095364,0.787970222478416,0.694061252433246,0.747280480754433,0.18018600230753024,0.5875124834083022,0.5812644334875621,0.5688279016691364,0.6136502699608453,0.2007531160964482,0.5649584013391982,0.6992366017253963,0.6942845762492669,0.1156579966393699,0.4517269417793193,0.6433719833294161,0.1335192507474795,0.3772161892200405,0.1854577076165096,0.42544545235515036,0.15689109366030704
lin,rest2_vs_type2,1,MentalArithmetic,Type2,7,7,744.3964,372198,374698,-0.14090707594951368,-0.27314693326118533,0.11213585001726267,-0.1343034947769226,-0.008115008235258347,0.19218763072301615,0.3215936160034425,-0.22345313122332566,0.7373244254334668,0.5519250213226181,1.4725068774491974,1.608723193359042,-0.1753425372613182,-0.3933725213365964,0.1761119886792768,-0.8529791083321907,-0.429615685226729,-0.4575059173199082,0.9542843129848052,0.7337527382618279,0.7548892115846791,0.8462696599419538,0.7870662728873455,0.7217771405795115,0.6387158599841011,0.6947360264808861,0.8520591328155622,0.7810723788545684,0.7528387686122009,0.8780494598515514,0.6763686115936595,0.617527147780918,0.4254767346212978,0.769968795622542,0.6626736546564235,0.4910072731030759,0.7780856368898583,0.6545285838361727,0.7905025271340892,0.7863609256682248,0.8576292913853627,0.8270031350442604,0.7424140583761139,0.5659474151287327,0.47033098166688425,0.6616242433151817,0.7321799024024396,0.7847021671282381,0.6745902182644881,0.6890797022531447,0.8523187664309291,0.6907837993116981,0.5045920238157874,0.3414523730375149,0.864268741444387,0.6000003075298762,0.46956228502460423,0.7128505724815326,0.575435347308869,0.624120379149517,0.8221163890611106,0.8302717356649721,0.8075556078016876,0.7207494615694864,0.4116291425006231,0.4212020559858951,0.6053987846583042,0.7598504710484179,0.7584231575803356,0.49030944540928606,0.6030775031559115,0.7111022043165377,0.5291498814353539,0.2680685187028041,0.33597590306111286,0.8726052719878177,0.5105494567620998,0.5537507128940143,0.5462521082704834,0.5512062665039924,0.3690165418398394,0.72188383386715,0.786135715896816,0.7174598845708524,0.7290412605328831,0.2645852781555107,0.5300046275472122,0.5038832221539525,0.5457857560135975,0.7694960964104051,0.3258853378764549,0.7161760634110804,0.7157859776505197,0.5715454304161002,0.2732136429207216,0.4243286481745156,0.6641054709372024,0.14585663467574503,0.48318069606354286,0.3238818734109199,0.606786457550489,0.41143281725048597,0.7784725032643246,0.738387998040106,0.6782547154832453,0.7558328834172408,0.14494353280710315,0.5600835336738381,0.5449037533504875,0.5738170275200292,0.7631183473202386,0.22746759015088305,0.717029428363569,0.6736862695771983,0.5344801302749506,0.15879250015767948,0.4183111904213644,0.6377994468837366,0.1080165332593062,0.45092513886488605,0.252359943941026,0.6244879355288865,0.2457121069611734,0.6116721719732221,0.7030878811699283,0.4753648685540822,0.631804568352508,0.1376250777439779,0.5640479164624959,0.4246120318898969,0.4676850151791262,0.6133817747853222,0.1253746503455023,0.5998542830811977,0.449878687791598,0.4842310339201318,0.058554566854692784,0.38914770981799857,0.5594324136251466,0.08862874172932228,0.428896992777919,0.1926793744059754,0.5746670419960763,0.16979313192247555
lin,rest2_vs_type2,1,MentalArithmetic,Type2,8,8,754.6232560000001,377312,379812,0.06822208357145065,-0.17569647080333795,0.15072333261752346,-0.0019723329027134806,0.2366740982574087,0.04408661229874733,0.41793456579538013,0.515707101169327,1.0621196415724912,0.6624863886118892,1.21714678871684,1.6271836456977344,0.11021275689167043,-0.44687761424498307,0.27105195231350465,-0.4918289523084205,-0.0946823784673061,-0.38216555097524696,0.8604211479419132,0.7131316884326078,0.755890134803383,0.8258358152203479,0.5131190301798343,0.5862787227912034,0.5157332604121758,0.6955154288380033,0.857132680416706,0.6288086858690611,0.7516508959341743,0.7090671813574346,0.583552816304145,0.5816572503411843,0.3698958457466974,0.8459503199209358,0.6411627562751036,0.4781348748050802,0.6148267485004092,0.6410197710178088,0.6362727742145726,0.8279040542320645,0.637550915290329,0.7879716131055479,0.7576358149354969,0.6417643547824162,0.5838450031493589,0.41225813838210756,0.6730617426397258,0.8577488995069555,0.7415765134706035,0.7813428244600372,0.735381235575466,0.47120453128614476,0.3865221645177685,0.32358399138791016,0.7391012308998932,0.5526128997908218,0.46929948636521807,0.7087366903402686,0.7230957792159941,0.7390973920895391,0.7699881127055556,0.6255423790430272,0.6526582704620073,0.7035322076682261,0.48260491915224885,0.6025934384252974,0.4585993159912026,0.7707297169278401,0.8904972832265494,0.6106708450223517,0.7350293206221885,0.4622271659356028,0.40794452280938936,0.13649855766756477,0.3564569990892533,0.7760958925565687,0.5507021245980823,0.6147004531199466,0.6875999006677397,0.7272491946433881,0.5380417757863829,0.8060073754458514,0.8789554268206194,0.758046864364037,0.722739115775309,0.23989010750396597,0.4509816237065754,0.6530488221240891,0.6250973051043099,0.8002122909963565,0.21122271345847632,0.6698261834460141,0.7423078107482285,0.5840208268070066,0.26071428798911384,0.2769816399572088,0.7340329606030909,0.19056276831489077,0.3601274272276265,0.1877737508914443,0.5133372858761467,0.2421706692095918,0.6189452591459034,0.687595078888013,0.6115104756898088,0.65690711844497,0.21957826819751064,0.36414245991289523,0.3486194942565924,0.41579609206561213,0.674238049032376,0.39776922600759657,0.6642646041599006,0.5267689601599871,0.47882818490712925,0.1837205635289092,0.1605939072325315,0.6328968734803947,0.18558250248140679,0.1800028435482207,0.19102713098943863,0.35389345946871137,0.47036486366865415,0.7203574119262258,0.7461945524905279,0.42955574801783075,0.6970976486282399,0.20344077757831922,0.546257473299928,0.5208789560463593,0.33034013248269317,0.5538043286298028,0.2381236883165151,0.6757502444250048,0.46241403937554043,0.6483701885358114,0.18362105651404056,0.4046474989607705,0.4452921078014934,0.08388936728650369,0.3772052084519649,0.26616053444320315,0.5238454568000791,0.16446482117722058
lin,rest2_vs_type2,1,MentalArithmetic,Type2,9,9,764.742259,382371,384871,-0.2929554921806652,0.05725710927969363,-0.03925075411346235,-0.13325980236385226,0.07852013930013868,0.09993207571857399,-0.34751482090618424,0.01620017059684775,-0.13269663113172925,0.5874386569961736,1.0880537481083583,1.695217570091529,-0.6894706389803087,-0.33069453389559866,-0.22891755063828834,-0.7269855998084989,-0.3491588585916068,-0.3491932356620233,0.858899130968922,0.766101784950863,0.6664142308105129,0.6800675587970836,0.5450438716968774,0.5760444626569079,0.7007873043827523,0.5704810818970988,0.714581405048181,0.695972519437616,0.7472184846643223,0.7910430969265384,0.6916820551266204,0.5094979846370478,0.47751487103358514,0.8219707548448951,0.5053537884917798,0.35544269550526764,0.6577727668272398,0.5114523174953396,0.6239466836402943,0.8357902134038919,0.8037382838422397,0.8350472726444265,0.8136384105288633,0.6819473831924686,0.5093711100480017,0.5850412990169993,0.7872250145381552,0.891586495157393,0.7621664591735922,0.7102523733992672,0.8166292759191522,0.6900579664631208,0.536211348432142,0.3226258130343525,0.9239733378541835,0.7647613994132649,0.4658255731170807,0.8093864003786162,0.5644186021461839,0.6374122328289558,0.8389240720992361,0.8730166068596313,0.8673300053029009,0.7647504917229143,0.34787725931806335,0.39805240355876315,0.7003453379814711,0.7743849407578479,0.8634776636888883,0.5110612489075529,0.6072129529909719,0.8410832235189178,0.653180877351714,0.29824702049745955,0.2906378275663401,0.8246250277237727,0.3724470766102308,0.3418400775455596,0.5407362499967944,0.5362879690276896,0.606383420882697,0.6830270940074137,0.8375169866979588,0.7401690948954835,0.7593610331573738,0.11819522036400201,0.46480702934958473,0.5174948176651926,0.5217708307120824,0.6137491589577143,0.1987748622703766,0.6541408746302823,0.6821382825222945,0.6368465273541419,0.04503106518389027,0.33458601935723625,0.6766689279533472,0.06692648013348705,0.37137257831095655,0.1414858225156923,0.48641371217526197,0.18745843206942572,0.7799006038592589,0.7610747767598565,0.6778967684102559,0.8120481263414319,0.2421251763110297,0.5619344041227322,0.528878880898634,0.5585787754656099,0.7736541553306252,0.34468007024588954,0.7536339884993207,0.6477478663520025,0.6188192989917399,0.12766558443209827,0.3854597014006926,0.6288702079097205,0.1484713968602037,0.3938375659390823,0.2950115127083406,0.6231712873651155,0.41503599384192935,0.7767033810498079,0.7385439638834125,0.5267233815561093,0.6959047224508449,0.1595703025289019,0.5587933030809561,0.6007181972533401,0.44686314881227096,0.6872353872476691,0.22986310469714982,0.6859752697121115,0.526953586864879,0.5165562849878991,0.1471044518475995,0.4119848514821785,0.45635239394294985,0.18585190136545002,0.27953013150124095,0.20580286913276125,0.5930729720014359,0.2312006627681019
lin,rest2_vs_type2,1,MentalArithmetic,Type2,10,10,774.8719980000001,387436,389936,0.061104102513779956,-0.01906253135990843,-0.12192208123820603,-0.06610980069775785,0.2738889234448696,-0.05169979370399891,0.03583345380805003,-0.024435611864891182,0.181019858982848,1.1396483241534683,1.4332784035162591,1.629434799691096,-0.17502794264451227,-0.11890603990930604,-0.40104131635010054,-0.2982526839112898,-0.026050017401442638,-0.5033823124460265,0.9243372052138468,0.888977713405439,0.8449562406752625,0.826166222414327,0.7313123673484697,0.5687896396933716,0.7320787016033432,0.8126147563877961,0.8025693051198141,0.7726021986952419,0.6740064660040503,0.7967170839137003,0.7237831692173429,0.6738146392370943,0.3067867368264876,0.9127435320547096,0.8693782541776282,0.4794351296430918,0.8924632266689773,0.5491154092665521,0.515904649407506,0.8624453786419763,0.779222095522423,0.841272788560293,0.8639939052249554,0.6754349520261004,0.529228251390263,0.6041285070520503,0.7000860380861139,0.7647032748912304,0.7122833886567199,0.6871995757913321,0.8143387304115208,0.7533570396560111,0.5058857698299697,0.4617265325810147,0.9300184415443025,0.6238283274389912,0.5072597458467588,0.6469616036901511,0.5541411529750322,0.649527393842722,0.8156562192464593,0.8098059910042825,0.8165743968434827,0.8106627798007381,0.5097942545727121,0.41613915718057726,0.6278280741454897,0.7299344684033366,0.8962510355263871,0.6517721059970865,0.5596771161137566,0.8128293587128343,0.642057611981465,0.43738843013471734,0.3137171191011605,0.7915015379863785,0.5921623200997206,0.4579665618080009,0.7145773108801731,0.5272713402039383,0.5594472676615965,0.8249049952581696,0.7574985525368468,0.6744811489910488,0.8204358588581507,0.4603139408900608,0.585949462144331,0.5492488826136849,0.5284857003633462,0.8096145567709417,0.4939290537685857,0.7032201787781238,0.7122747927306915,0.6133465723957736,0.3112537380529453,0.3214817501114969,0.6816988876287099,0.3438836305995232,0.40224629836826464,0.46423944492354186,0.63501056598615,0.4400336028584236,0.6925674081245279,0.6910217253446456,0.5647043988994498,0.6141668950877155,0.3633167632534171,0.36629190849438154,0.41948405156849783,0.32391095388965485,0.6266147377002332,0.3795680424833477,0.5983041533011244,0.5546872651699949,0.46288326909229716,0.24047801774184163,0.18099574073951358,0.5833222728375191,0.20000012642899434,0.2310236967627676,0.33965553004338433,0.46780550540890414,0.2230602355738778,0.6741874818941133,0.8005726558851769,0.5418305019356858,0.751778320186622,0.1407094005899045,0.47889747404377603,0.5669103838381991,0.37234452238758153,0.6400321789500905,0.16661174112304372,0.5606842340504662,0.5467185556495197,0.6673553858127929,0.18039100881852832,0.429710060185443,0.5551400637146969,0.09060298867670231,0.32770519570205836,0.1639486215781033,0.466416042085533,0.15075443183808548
lin,rest2_vs_type2,1,MentalArithmetic,Type2,11,11,785.0272389999999,392514,395014,-0.01067913888462968,0.06762338308157467,0.024908118713073968,-0.08495500493568375,0.030077165432035313,-0.07720037965246851,-0.03009855390731886,0.425790648234464,-0.05351563518845204,0.4127480121522309,0.765963317441916,1.301354024880127,0.2993455467625532,0.19088910824704586,-0.44012169248058175,-0.35362783469348447,-0.5265168720868207,-0.6989519875324898,0.9340190112378555,0.79927908043799,0.9408497470264466,0.9245647962532306,0.8924367382721813,0.7895673251010226,0.6722031007368829,0.9034980724865557,0.9460092805325767,0.9284739874997985,0.8737798213666312,0.8187712628966488,0.7391082415953039,0.6993977633564571,0.5297894792017088,0.9587657874731045,0.8875432432485589,0.7623051976379059,0.9231917988194213,0.803106053268244,0.832838131287822,0.9409692659965319,0.5123962785932535,0.7915529126083524,0.8549192224240001,0.8339706042649375,0.6939964291128814,0.39004889972333673,0.692856040101927,0.8295014988040961,0.9044779216985378,0.7963384091546318,0.6957633151091138,0.4531608660186136,0.3527670624664957,0.18393258294624973,0.8421626907080918,0.7155391723954755,0.5437849839565634,0.8737995239642684,0.7407451694964464,0.8559594825171484,0.8664741853254335,0.7433356866801005,0.7489218773096671,0.8258145096999666,0.6378161472355849,0.5232853580491951,0.5526654141980034,0.6518191531684182,0.7836021163025805,0.6726747566181474,0.7091399255076395,0.7302058443741625,0.6226594212590743,0.5148027314225354,0.264638524550077,0.8493107560362341,0.6234640139137684,0.4467972906262618,0.6902052600712217,0.57760382527387,0.5868763324483699,0.7580514667498186,0.814477589691831,0.7539657849373409,0.8028710733472347,0.4001687130307924,0.4639447255673048,0.5767133086970827,0.5571709573662132,0.7886284431185799,0.5426922227770968,0.6959595145868906,0.8400190807854883,0.7172876018760389,0.25715970003692445,0.2927880987230235,0.760796240275931,0.2722674544332433,0.319795723492367,0.4458127896980124,0.46201088615240954,0.45895405958376523,0.6623847156285486,0.6563197575873425,0.5823615770119354,0.7048823018136847,0.11820836705786443,0.3469701365560676,0.3360624445150058,0.3034525272973554,0.5694423384617515,0.3047421279120795,0.5929205515452535,0.6046356768893038,0.45371734982406564,0.10918111605644971,0.16003033710763337,0.5932858985466386,0.14660359599570152,0.17321637035716322,0.30864303306153446,0.4063424124216363,0.40906288430839854,0.7168509645580787,0.7180266631348998,0.4531630769403805,0.615286583028176,0.10428691161895962,0.41992577689883925,0.4632066270016312,0.3610413296245505,0.570377128495851,0.1683719808892394,0.5355120967012054,0.47521315458192515,0.5056700213483009,0.0839816072724629,0.2555221838437444,0.38433265443893777,0.09010899416613781,0.24301633680664322,0.067660580222559,0.4627898293870294,0.11312243382329606
lin,rest2_vs_type2,1,MentalArithmetic,Type2,12,12,795.4583419999999,397729,400229,0.13916186524536212,-0.07990584795678979,0.018725741355257952,-0.03879105133632521,0.05986594681582713,0.044011583084381245,0.3261526194003195,-0.06580311515475579,0.0767991956854468,0.6280400114292464,1.2795273996912622,0.9141117340681344,0.487446199797255,-0.1338614641201592,-0.34248886688981806,-0.25108234445160305,-0.3227461851081357,-0.37798306174512697,0.8665258518798663,0.771693064546367,0.7828921831456253,0.7261129579068087,0.7019719461524692,0.7641034081889236,0.6377974956877264,0.7138889482229059,0.7600737417211494,0.8362892819687828,0.8748739133416429,0.7241209667947381,0.552179453619956,0.4318586025097286,0.5175953734242883,0.8694171719917313,0.7060585761304171,0.6172840357313158,0.849884435278571,0.6564635010423084,0.8324814035258721,0.8675214617129676,0.7784970187368084,0.8190283482902334,0.8621965923172181,0.7472137319903706,0.7453237726096994,0.6732302845201206,0.7430414941815786,0.8311606465789116,0.8093709840918104,0.8069307994863077,0.8549373177503659,0.733977965543256,0.5402343636590574,0.5894533631132292,0.8780223904086872,0.6641520675867375,0.653016683030701,0.8541777131381285,0.784174498298906,0.7616090848220038,0.8499946834683263,0.7824305851369168,0.7719731683978815,0.8749709550643736,0.6636057117215242,0.5609917716232462,0.6503392472232719,0.7099749263631904,0.8417007672182637,0.7765051977728914,0.7304954520124092,0.8479566558687718,0.7174095257213806,0.49435975411413025,0.42579033871337724,0.8228001562136852,0.5310785158919097,0.42908063856936624,0.6932791303529012,0.620537387386794,0.7637003404648992,0.8360402460122225,0.7629405499656766,0.6839824981343985,0.8673470320648969,0.3743072680089921,0.6609166179838584,0.6226176672510891,0.5546535591616579,0.8864688700115803,0.465459289143625,0.8241555125256326,0.7992994550233959,0.7018241372891421,0.2727720395649856,0.41482617279274203,0.6189997957562733,0.2775802382327051,0.36128530453962343,0.4120757613686018,0.7349140024839196,0.5399943933904348,0.7148518348576647,0.7658334919746203,0.5057919829639969,0.7989691110182499,0.15273223741490954,0.5661872407435872,0.4610157095846585,0.3763923684401261,0.755439088565717,0.32885734583499737,0.7884859645905353,0.6272592815313756,0.62768951716852,0.027045253472445515,0.3715174005873012,0.46975936887739306,0.13901296769077942,0.2801146697474662,0.2658492803339661,0.615765505872615,0.24875265647460004,0.6871822397798093,0.7417805818417461,0.45980409833454283,0.7156256821326449,0.20274906990969693,0.5068917006348161,0.5385254105466526,0.45403668477784886,0.6403242686091701,0.23271867276607536,0.629773526297892,0.46452724691306346,0.5947252104396762,0.23000601605443594,0.42375691324387943,0.5455545607801809,0.18310735124153582,0.3349750857523056,0.23194473183660316,0.5095836486853754,0.17118124329866255
lin,rest2_vs_type2,1,MentalArithmetic,Type2,13,13,806.549004,403275,405775,-0.15049100344660982,-0.23727444984055657,-0.18958348512147793,-0.14658560901499462,-0.03475303343484981,0.09612517215261707,-0.15028495397133534,-0.1999408820059423,0.3473825401588555,0.8265790315918062,0.8252206324072549,0.9272811663844354,-0.3971897449052868,-0.8139044234745829,-0.6480251458722939,-0.32790410013001714,-0.5224450332886701,-0.33649710218772944,0.9238804651100281,0.7493077188008812,0.736746379202382,0.86211239141453,0.8254181199271985,0.7524447288082742,0.7022078182302838,0.7331376996796115,0.8388819359808015,0.8575495476714001,0.8839180163216993,0.8083410027287711,0.8045242956648033,0.7859389126335822,0.6180361442050746,0.9414821385440015,0.8867542185112157,0.6516127730378498,0.9042305861520086,0.719537885764231,0.8163887092794301,0.730855455380494,0.6894050407314944,0.6382658729337598,0.5876349034346238,0.46983595676286816,0.3918254327619128,0.47836478310675684,0.4992809396594496,0.6218667030770813,0.6607030670324718,0.6944393217160979,0.7928838387261615,0.5880022336799264,0.5245853853302511,0.46620338091481084,0.6836906093308374,0.5234951992884748,0.43503080438581504,0.6908391724242692,0.5048211802640551,0.7345130851004782,0.7942315928530824,0.8152994709235191,0.8549491702471526,0.8071013469815088,0.49517992772760633,0.502171825554744,0.5987030704046776,0.6563265040501113,0.7255942143738926,0.6586055704165134,0.6853091104979638,0.8695271981844672,0.6912521276048454,0.3685446512164849,0.38631228444765037,0.830623479344442,0.4215022750056385,0.4424077609773305,0.5419992156452532,0.5584458061131384,0.6966685876111712,0.7157074803645211,0.8062970772369985,0.6092963415385475,0.8436176619861636,0.2407327179158077,0.39792504963655295,0.49157841560195514,0.4546046335579858,0.6267935556441646,0.2729664211836178,0.6550141874068235,0.5977866712470897,0.7076598490613331,0.2086972552382889,0.2013090862595209,0.5447603317476644,0.31100699959818523,0.27593942782622594,0.30883801801871785,0.3919765786270385,0.24465448750792387,0.7030982232087162,0.6727377880115989,0.46832326921420686,0.6969408496297492,0.3055426239450229,0.45355324494763105,0.37753767548564954,0.3554087171607832,0.7215496245366478,0.38056954228969947,0.7195400630008738,0.5143722194128288,0.45648171959409867,0.18673991712997404,0.17752206429148035,0.5525234602446731,0.2457203471590332,0.18899084752053605,0.35547993825886703,0.5343189725816254,0.33890193134785623,0.7781244352285733,0.7471465783315019,0.349571312131917,0.7144907956632254,0.13055558178708002,0.6394157810308785,0.5230392263709759,0.26618179499844974,0.7133303577624409,0.2225620763688293,0.7417805634869487,0.30203269434329727,0.5102062734020077,0.14377672927574733,0.4457303418316386,0.4080470081488819,0.1219451069583688,0.19615324480882787,0.15386938163473055,0.6158150861471493,0.21527235074107462
lin,rest2_vs_type2,1,MentalArithmetic,Type2,14,14,816.9206260000001,408460,410960,0.06944792600519278,0.06368145203670084,0.05705716615216305,0.008373064451749013,-0.29991935569246553,0.02492356579509991,0.040775198255366796,0.08699444119106392,0.3838460419913212,0.4900194297275684,0.471310564113967,0.9746562342522949,-0.22532068077806322,-0.13434501217452155,-0.10059932772427738,-0.4158008365890593,-0.6478502310688703,-0.45085935568231095,0.9518258669759794,0.7929264607493695,0.9039220817714012,0.9161490601117449,0.7469653760504077,0.685889801223207,0.6820801903792912,0.8600655163135636,0.9123615511964767,0.779673884744855,0.796779421774989,0.8324487766400739,0.7349658827116026,0.6474274177713295,0.4199336384318361,0.8799344681237322,0.813279939706346,0.6735360280445134,0.7766991546979714,0.7273483298278504,0.8600979491784043,0.9329246196449211,0.7974360889237699,0.8159944450342759,0.8737177022953085,0.7604443430344552,0.7829831489974753,0.6962205917463644,0.7823052928146874,0.8638769108843826,0.8157460446150302,0.8580114726038162,0.7473611950232159,0.6559062222389346,0.525619818705908,0.5555093237415414,0.8995562810741419,0.7737922862364078,0.7153579526282691,0.8114647082592128,0.7643643969881813,0.8271424675195763,0.7993272228655062,0.6947151365075707,0.6664696270655472,0.7628484322286724,0.44279963227936514,0.4577062110551325,0.46397572826233324,0.6394081505200824,0.8111176868123233,0.6053538010621347,0.7092496883617688,0.6064900201930657,0.5220848612343408,0.2540341302303462,0.12057931435569778,0.8079416289060275,0.6289241098715281,0.4406404971846263,0.6851552194537435,0.5894090838260105,0.599152951000928,0.8282546336664148,0.8046018178235111,0.611924578065517,0.7777997705231422,0.3069189936269249,0.5622190401923433,0.6333690218119217,0.6085489605532967,0.778880165684014,0.4026412735692068,0.6216433818964086,0.5955479411020044,0.6123443547012319,0.23511714308787493,0.42899902538694207,0.690614887447797,0.29994362063904684,0.3593248723208326,0.42933923867219487,0.48128411876723115,0.29150605742335967,0.7426676902902174,0.8019607365255769,0.5655487699187635,0.7322628694347842,0.29661239483556356,0.3846100809131274,0.6010009471014053,0.5036740175089139,0.713694798301408,0.3609987698106963,0.5766598614122086,0.4902724181650517,0.5980203372053551,0.17105773976735705,0.24359800789432287,0.5107119149606366,0.24794219833049497,0.26226193389454466,0.36393586413676815,0.46668362608200864,0.28806534194365163,0.7000338795795856,0.727011898598305,0.31297555413293204,0.6603719912640639,0.2919743772139517,0.48144686699094447,0.4677134287040191,0.23717780264151703,0.5991592859275305,0.24102079149751823,0.6632040494627516,0.35303577991850765,0.5475294747313091,0.234702482218824,0.28698884850419604,0.3149743028635455,0.1812351913972321,0.17290393120802772,0.3495377961887428,0.3870433155053136,0.20493703181074863
lin,rest2_vs_type2,1,MentalArithmetic,Type2,15,15,826.974421,413487,415987,-0.2839639753224623,0.05258004991703524,-0.16925771183709104,-0.05627857816907156,-0.16629105225516705,-0.028437607491440753,-0.44528265264031797,-0.08075901982967926,-0.22502137981114334,0.3540159459872152,0.3781425010023396,-0.02380752847062162,-0.7304391099944407,-0.3357476626246325,-0.9016250976803226,-0.27708220764862546,-0.4949896995485781,-0.35411902748138435,0.9352201489348184,0.919344230669679,0.9381500268927752,0.9350152652744277,0.8504840098602934,0.5038765119790964,0.7932558143613463,0.8441297161313401,0.8620793395830016,0.883271037302192,0.6703864215862686,0.9139008965826121,0.8967879591034585,0.7396882231546026,0.4013079382451238,0.960288715869748,0.7794696272226685,0.35808700263429943,0.8009359557268813,0.4041302165996138,0.684515258455215,0.8341951583584839,0.7287162306851602,0.8140245634136438,0.87311884341523,0.7508956631869818,0.6065436233618102,0.5627636958433667,0.6787964480187676,0.8476772969687407,0.8093079244152817,0.7718199854527995,0.7884480438721041,0.6582754409070282,0.5716256238967943,0.2908231158894304,0.8030503441082569,0.6762702003812087,0.41705702502657793,0.7983122003312259,0.6268746961647633,0.6514611633134625,0.8877493944929491,0.7643618739483238,0.7325520554906841,0.907318096927117,0.607022644326993,0.467396505592633,0.6437900822237603,0.7142274545074764,0.8874010481088144,0.6492255383824449,0.6070309026060607,0.8208910747244237,0.723816727934392,0.47584894020067925,0.3083909257502192,0.7985647570347657,0.5613625640443225,0.3758882579524626,0.6828424488289833,0.4436619417295961,0.5309799156002668,0.7511001264983092,0.7258467019603397,0.5806194542173982,0.7254803971216119,0.30071670603483935,0.44912074351965103,0.44631843547498584,0.4037223026973356,0.7744989910071151,0.5438838515996552,0.7275502175004438,0.6009654670636493,0.5359168547077061,0.10485041163195472,0.15240561781231965,0.5200631776489363,0.11136809110643103,0.20133907018218605,0.5476764179767876,0.5583319615903294,0.6186407583060052,0.7416053939658563,0.7893390881757121,0.4178963033732632,0.6565792598434924,0.37585808565249773,0.38806747738330905,0.5329591727613836,0.39535648626251707,0.646679210660741,0.34849672788479147,0.6319847700003869,0.3684999570636964,0.4932196331145479,0.3081381955043774,0.22861754777481447,0.4153041156099728,0.2641789461563756,0.13301100537095997,0.4677062106158068,0.4016748634761153,0.2566426457035427,0.67540737793928,0.648641814445581,0.49945032931413497,0.7187490811446001,0.07505881819722211,0.502239794379818,0.5142797540405175,0.36225315179333883,0.6061693076108441,0.20087883207517757,0.6237399201725208,0.36983070525458717,0.5281306792219773,0.0895799627746546,0.3954294553536945,0.4879237633735413,0.09417011646998276,0.2518957140623915,0.06286540866099437,0.4473770049652954,0.13211760494295308
lin,rest2_vs_type2,1,MentalArithmetic,Type2,16,16,837.4859270000001,418743,421243,-0.006429607961983663,-0.23074403008734956,0.0576437150425515,-0.08999096494175607,-0.18576004240924315,0.06069031723393126,-0.07697599334644512,-0.2923788352165215,-0.15773154991746097,0.16110223502469623,0.051979026827222885,0.9424233136971736,-0.1964213418808356,-0.4217326011866249,-0.2851435196977401,-0.43191941624623054,-0.5226643067653605,-0.08129400422462829,0.8590802667971975,0.9348124630614086,0.8604168943418148,0.8270257984323609,0.7232481462006156,0.5595165590404367,0.7684970879273558,0.7607231964028798,0.7814018055893688,0.9012771155464735,0.7901517209981065,0.8535274713099175,0.7936019270813409,0.6551781196557825,0.4531896590082037,0.8996512822185638,0.7038581611627766,0.47618123839151066,0.7565540403763847,0.5481002604569688,0.874643095908611,0.7818363876587437,0.8533306626623683,0.8004122190363429,0.6992870978436353,0.6569275521060375,0.5506999500660005,0.607519833225258,0.6003834041421163,0.6460426180973892,0.7736612015144724,0.7644166742606138,0.8376280549155452,0.6496011536880077,0.5091982255794963,0.3558056216836373,0.8047288943311384,0.650640911207195,0.4008262399765383,0.6900142061020873,0.4236177819555537,0.766410871095698,0.9465437972972188,0.795728934915428,0.7998231824287381,0.9145141268188955,0.7220572079572869,0.6743151345678903,0.716898443372686,0.7398029637112665,0.9297163376436143,0.776915744073955,0.7470536656355877,0.7962386152844118,0.7243187408836423,0.507429130028555,0.4930363458357943,0.7840664914150011,0.6603018466978207,0.5056458069969707,0.810789751455465,0.7178368783902825,0.7443901503736213,0.7378110160889954,0.7450553691853188,0.6776977432399548,0.7780338705391328,0.48626594129021333,0.41816045632735294,0.5579560668814135,0.5563317956883037,0.7812980436841535,0.6608660049281724,0.7177390018550566,0.6697053421012461,0.6465164724302215,0.363304888558648,0.2500202397941974,0.7266196841524871,0.44746310035568837,0.31969452345226756,0.6187132294771379,0.5338549875737036,0.6159760965110795,0.8010440465961169,0.7880242614414604,0.6566745852440627,0.8160241843675742,0.2737890191257091,0.501076840048179,0.5802818771613791,0.5397307903619611,0.7499563605418589,0.38681916665402594,0.6572644170923084,0.7155512675928587,0.7337698771931531,0.20449265429785476,0.3435403418556196,0.7225586587951863,0.22718720702803458,0.3607483607088439,0.39390625707255184,0.5063857166880614,0.4511712049204542,0.7402903009798856,0.676228757275652,0.345690244166937,0.6356189675959689,0.29622042615662353,0.5388824991029447,0.5342975726449125,0.35717673114386594,0.6494173107105655,0.30707094733332496,0.6620227030503861,0.4221013806504956,0.4983254247539475,0.2281108287619659,0.3816753507829115,0.4167678155451468,0.1968513246480401,0.25982316283399426,0.35173008062341476,0.5434457587423822,0.3147860464025972
lin,rest2_vs_type2,1,MentalArithmetic,Type2,17,17,848.579682,424290,426790,-0.16145522353826314,-0.2121254445461105,-0.024261271808553975,-0.23344851586363502,-0.10288183664783679,-0.04910136774879592,-0.569315590166465,0.05940087193558252,0.11556839646167116,-0.28969775919919716,0.44631783774581635,0.6529727891237855,-0.8139470550682293,-0.7130911672703837,-0.32003598700435987,-0.4205513553659379,-0.5261969282483749,-0.2631151466376257,0.8391572674154353,0.8433599248481436,0.8419951017860925,0.7979962007615816,0.6351424300552855,0.5558976051433405,0.6191501591532296,0.7216563742618061,0.8174370265558049,0.7446645525817834,0.710135421286635,0.8677757339610178,0.7526701417244094,0.5633555207569382,0.3908480455053027,0.9232216399913453,0.765729550359442,0.4586558198137761,0.8716817536241979,0.5864207287758039,0.6898988923043097,0.8510298824925014,0.7650531417521031,0.748010810267159,0.6641297737827951,0.49130864589706574,0.6271354067774801,0.5816678761764587,0.6484954736365007,0.7482173052944859,0.6175593804026199,0.7491434774605366,0.8443011168480856,0.5456033926902453,0.3797408078680574,0.40103163881681086,0.7335644069422845,0.5594555220792813,0.5492525957550577,0.7663063002221354,0.7135711788190865,0.7447233610342442,0.9195432212703272,0.819145966506966,0.8297559300382227,0.8788599361134388,0.7516503545476719,0.7174688044629633,0.6880556696039225,0.7865026658139037,0.8653870535579907,0.8335676703135176,0.82096483885688,0.7810640520022595,0.719797406722848,0.5440767498660045,0.5023705286526079,0.8252411922116045,0.7443684252101799,0.7066280972551378,0.7983123362153339,0.7459866339684073,0.783220972335451,0.8661578206660028,0.8132866402515467,0.6978117515270339,0.877841626426354,0.4660204014485896,0.5759175268530466,0.690102215965068,0.6389033087541534,0.8637628873136627,0.5588339023333533,0.7033838798987785,0.6518364139381739,0.7246114445006396,0.269996439130954,0.4564233789077168,0.6684018005184393,0.38357140647575066,0.4486066177590965,0.4673679961727275,0.6070619776842623,0.5389566857420615,0.7431549824894919,0.6215605578141874,0.5283647569259858,0.7203443666865637,0.3888656069596625,0.5258301430939287,0.41153441995508855,0.4474710342495946,0.7322381133044037,0.4324586479336707,0.6626115042222052,0.5647348730325599,0.5396977586367495,0.18357084037522073,0.30079179920843907,0.5253549549784757,0.180600724929872,0.24922336730584527,0.46605541406292356,0.5820512569895593,0.3954239501717388,0.8160268530160846,0.7335209909926915,0.42221370376593387,0.7803339472698007,0.24591532159856122,0.5998843768165467,0.550055765048169,0.36473900971043616,0.7672759832243266,0.28294610461269354,0.6629424544496045,0.3995880801810053,0.5832407140877982,0.15354209675869054,0.4437801993578282,0.4432507781261546,0.12588735530305806,0.20401141966494912,0.2956096031030732,0.6085368709269168,0.2750874901153492
lin,rest2_vs_type2,1,MentalArithmetic,Type2,18,18,858.810817,429405,431905,-0.16123247418056819,-0.03336371231914592,-0.09650792770968009,-0.16862478712958717,0.05136891356607509,-0.09981642826322812,-0.5358727295845487,0.16289316674066345,0.21350782180999817,-0.34151532630336634,-0.01929113105383662,-0.04422501135229151,-0.35371764661884786,-0.40622684238530127,0.028069979798473366,-0.4089486373719,-0.3325017249446407,-0.56601104544108,0.9358085147687667,0.8116986561726065,0.8301699442438137,0.8098469184017961,0.6036081213210867,0.6920265811535398,0.7313554204599013,0.7824404660402925,0.7601860943977927,0.635473916638886,0.8326945598141647,0.8187089604771876,0.6801674898334501,0.6066758823222461,0.5716750763067487,0.7845565497470345,0.5873910549769585,0.5747843740079047,0.5760381259755872,0.5275590882713899,0.5869940960044487,0.8564634257962798,0.7162470315256317,0.6735272918510559,0.776634724792232,0.6492997448155274,0.6770315645034292,0.49774289021079327,0.5651774759280432,0.834927539380923,0.7014077306560904,0.8099097743629623,0.6382485126260597,0.45867210703429184,0.37961490991996666,0.3929308879003963,0.6668214324145624,0.515228889793359,0.5379604383195083,0.7904887655618102,0.7052613407434192,0.6912886913567509,0.8850063885189183,0.6439068289760047,0.48684787118831113,0.6982180104393982,0.47497886050147997,0.4875157774719712,0.5081885888348066,0.459762623385124,0.6932486915938716,0.46395220044491475,0.6072338301300222,0.45643751537871446,0.5499375089385089,0.39366982687139285,0.3105945416987354,0.435715910115326,0.22204022968985657,0.22286051200222143,0.40295862320202147,0.44126391666164394,0.4151253153389918,0.8251824906751668,0.83602289458546,0.6630304548676643,0.7666274285336157,0.5484076244815366,0.5973615752216069,0.5928558818531117,0.5673643978250716,0.8082884811440535,0.5301423717518982,0.7177761437499051,0.6558272526025978,0.6116501505270959,0.47005749799806523,0.41111891236914416,0.5630753633556098,0.4279166538263994,0.4561848127201248,0.5678629572972161,0.6663962082073036,0.6970247868036428,0.7708986388115132,0.7167427248139595,0.39142159399844006,0.6628167157310156,0.2056141185877127,0.47118038446274785,0.550893124090583,0.25099401250840087,0.6768763253271717,0.3487046481461918,0.6725536347141355,0.5016817013128544,0.5622745222717508,0.1919693354369419,0.27081085210238137,0.29752545490727067,0.06529048008385599,0.1313943547277408,0.3777755033938473,0.5040494100502159,0.4461111847416455,0.7691777016123968,0.7159093923304607,0.32810039805562236,0.708853295610846,0.20129444037771463,0.5142083630106601,0.570642765396117,0.25534442201412594,0.6080802880024865,0.2470724267551463,0.6010912559704679,0.25557825892934627,0.6002855089041689,0.1611823684794661,0.4642429874231154,0.28817660260872763,0.24857676705402035,0.11722822130932967,0.125349669384709,0.47569904811377745,0.2096569709271106
lin,rest2_vs_type2,1,MentalArithmetic,Type2,19,19,868.894326,434447,436947,0.011870569934719022,-0.0903914639393566,-0.15992493724311752,-0.1718736026304981,-0.11895013213914774,-0.127097256772555,0.448524121407881,0.023374243840267095,-0.2508557718695408,-0.6105641228073346,-0.8822000617112491,-0.6632719477437594,0.40401590442021895,-0.07251843341212005,-0.6317695901420746,-0.4197353342714083,-0.5237859200853521,-0.4247369412235641,0.9745566631729704,0.9341530915273519,0.890851824978686,0.9177926755648755,0.9095556701948736,0.872660945294836,0.8788533042565799,0.8720426824369459,0.9058913802907392,0.9595820972668094,0.9369813221978374,0.9187711575529279,0.8788269619885807,0.8195956646852871,0.7572568208632399,0.9395586913476712,0.8569793695381983,0.7652950274916385,0.890383469610471,0.8130039450381682,0.91966845121713,0.8444049802488409,0.84895634823507,0.8410198199260844,0.7806264446438647,0.70952561596465,0.5378051727408384,0.631792516352228,0.6895154761812196,0.8254477686996127,0.8444504506496534,0.7571463357829441,0.8340418592441093,0.6768153739616029,0.5570972586001671,0.3650024643552384,0.6976646437077504,0.5773262313794574,0.4549095283725328,0.8360615540406121,0.6431197802898502,0.8006686410224299,0.8895862780632674,0.878701612370525,0.6416170381368757,0.8479460452485295,0.6466761067791517,0.6817192463468136,0.7245257754253548,0.5163998796603267,0.8760243350838585,0.7097128833269016,0.8150883743614874,0.6590081240267579,0.7476481222347686,0.541108814138092,0.5464574623708318,0.5839044292630733,0.4285759432876121,0.3268733832260851,0.7326029031858969,0.7090247197893501,0.5966038811988867,0.6815424327202835,0.8463287176375509,0.5088641869456719,0.6957323746577099,0.27776290767604833,0.28119923611348685,0.5152198832800177,0.3303238116729191,0.7632693187786497,0.4363040179731633,0.6211415711749143,0.5329011840596581,0.5704870370998986,0.21543146432569102,0.15114061178530547,0.3092350276965883,0.06565023339576792,0.06637151367304256,0.4694811296759016,0.5911185937453531,0.5366544598064977,0.6912714969593172,0.7341135038412077,0.3709126450419525,0.6999956519054156,0.28362502915374804,0.4468542111327049,0.5112978531386199,0.27986345111658106,0.7151055306551862,0.3626677641449806,0.6198361328260292,0.2869521307099298,0.5277452150000287,0.29517288103799244,0.2988774068965998,0.42064472572202116,0.19848874841077685,0.1564480363646492,0.3577404953681072,0.46942488555827755,0.3771659292430947,0.6705772095462714,0.7504920588633539,0.16141366604956145,0.6313055943001784,0.22371960519652986,0.3599323107796606,0.5594473676289328,0.24368537946759383,0.630320815373323,0.2506432435243973,0.5854892691391329,0.27930034832349326,0.5583459867462474,0.2098481214400206,0.30527545333019973,0.19972719530263727,0.12643429144287685,0.16549400513520676,0.2663235846461178,0.3740254579301335,0.17407187987833975
lin,rest2_vs_type2,1,MentalArithmetic,Type2,20,20,879.098167,439549,442049,-0.05156847194112846,-0.07395768563376848,-0.18927906360482405,-0.2419481769487648,-0.08368266657408996,-0.1537339306232519,-0.0554615435577821,-0.14288297850442255,-0.23870807862738763,-0.2937363733092866,-0.5300422850551056,-0.45123931061520794,-0.2906508587648431,-0.35131924220014676,-0.5773279609920077,-0.7731445309523568,-0.4839872054380516,-0.3564547540332169,0.9536763038806801,0.8927249888573422,0.9517861561770169,0.9259944135260244,0.7823490697750171,0.7121273678192299,0.8025337378101967,0.9022418216490248,0.930799830532908,0.7966364783206562,0.7473906430433989,0.9060127199505796,0.7936336200012071,0.7129999722767448,0.5628207288661156,0.8990377225026632,0.7611014758567773,0.6501900504472597,0.8583616347705733,0.7861876237121334,0.8723860693893398,0.8007110602778762,0.8392875382244958,0.7274687946548554,0.6869889908207877,0.6412656333262793,0.5780407433416345,0.5972492322354409,0.5422945805570297,0.7772531677343434,0.8515633254608581,0.8419842529628188,0.7630711544170213,0.5899894721748603,0.47434568621088524,0.36876115799644893,0.6415105840333236,0.5230111150035145,0.39989041540498094,0.8542356397511854,0.7557161070150039,0.8531389717149449,0.7965473995684903,0.7989344513044287,0.5865401621095048,0.7137504608436408,0.5320038117428633,0.5245558571713934,0.5636674358316963,0.4711170121875746,0.8253808351169176,0.7006673083020707,0.7151289751155404,0.492781159007086,0.5019176544401064,0.299703205844086,0.3190831836202046,0.6287565797834416,0.4384086107079703,0.40080875403403,0.7835368776731485,0.6785683394126566,0.6751797071975904,0.7408665543554451,0.7857983077503768,0.504449181331345,0.7003290719031487,0.5129684656583834,0.4745871949421262,0.5682098673114037,0.3976513635010575,0.6878814360148658,0.5778402742160368,0.707047386019181,0.5156138221304101,0.6362757042533156,0.39312855566425187,0.2883957321961498,0.5168846056370843,0.2575616981052463,0.19200690220223723,0.6718388492098483,0.5256558225369782,0.54186871351949,0.7688729878379886,0.8035232489908168,0.3847905372933751,0.7955484815752554,0.3692112961871422,0.4199073154193271,0.5660939413497483,0.28833287847297195,0.7137188768817685,0.48238866134955016,0.6366454013298581,0.32234909924379485,0.623137881098511,0.2895417588482967,0.27819350376345187,0.38128932580224745,0.09794513838695329,0.20093012507904556,0.4129984260610961,0.4982276745954264,0.5078424274279696,0.7078631275716208,0.7313919564465927,0.11542095326690142,0.7198776798979856,0.25740102344624705,0.508762511327406,0.579842294619205,0.05629656774011484,0.6407763332093442,0.31741492938023047,0.6768998348047889,0.07874222702150827,0.6428332174513101,0.29423232526212373,0.438733827144635,0.17588915514819684,0.10099064512228768,0.08230570151869834,0.3983962931030782,0.5089768560052651,0.29094164195599875
lin,rest2_vs_type2,1,MentalArithmetic,Type2,21,21,889.101961,444551,447051,-0.15605472602940829,-0.0565743083193464,0.29118706177555476,-0.1417928704725917,0.061129234339857064,0.017341184528623765,-0.114601134489416,0.043648974859820555,0.4232700818156765,0.144419778227181,0.13623251581618723,0.17338913652165866,-0.322984033986359,-0.2588762525963868,0.5557776975530606,-0.31003761899535554,-0.42311241130528376,-0.4079639719887137,0.9210974904984683,0.9067293211474102,0.8483858371929409,0.852148611270799,0.7905808138066026,0.6970955306807971,0.7529550072619565,0.7259779486248635,0.8422021428080243,0.8948797716972824,0.8251497431444208,0.9128873563277977,0.8352339426501519,0.6376121316752857,0.5831239860639973,0.8570711712434534,0.6659103023002728,0.5556899765608749,0.8530298551319411,0.7545985257907117,0.8651615191150889,0.8758256734759386,0.7162213752068505,0.7024218600619213,0.777548626081472,0.6893464311584248,0.6354810321003682,0.5500383740528574,0.5739648640805599,0.80969501353419,0.8002796103659243,0.7447614581001124,0.7699703070994485,0.565146186082146,0.4654675994913502,0.46552419409766754,0.6787245814639741,0.5889019928691186,0.40153430370546705,0.7905738590041786,0.6153106397419804,0.7561401397081429,0.9054668861866677,0.5063117424869061,0.613891383435973,0.8621959787471395,0.7774801636723165,0.6881292643252686,0.38202107824173676,0.5218979623357354,0.8451764001255447,0.8090637244824912,0.7769032306930005,0.7261986561713075,0.4984000394396541,0.4560298036176875,0.22129213225312008,0.6904088642790537,0.5939880979382492,0.37443457677477493,0.8350002757640891,0.6756287435276529,0.7770993781173527,0.8318769999802321,0.7597262786795342,0.5902902441262923,0.7608571195625062,0.4617679450814936,0.5256567074907762,0.5708727413174932,0.5270887902730529,0.7288375121255816,0.5015451760086164,0.5973936304728171,0.5872517900128604,0.6116485850631332,0.3844828127159406,0.36732352830372944,0.5911214928280224,0.2572761740426519,0.3257020126163059,0.5878916884010119,0.5036206408376798,0.5478111378087421,0.7614950133090072,0.6797502115867993,0.4703736018266808,0.7952907669424745,0.44694753449714064,0.5046679399812997,0.48084550356417105,0.35930986311050866,0.7463828983660884,0.5555123289548631,0.6441040952778342,0.4461930624525001,0.5444161253913837,0.3373209271080268,0.3503293712899938,0.47915472528253283,0.37205169760268003,0.20487584884838614,0.5399129955700902,0.545188548805937,0.4204086518788434,0.7392208061893222,0.7082808576785803,0.38076876890709616,0.7378398903977824,0.36822002450471725,0.5973845056638847,0.6658352191120049,0.37149795753762926,0.6873295141120142,0.4537472422296717,0.6668460037838212,0.42403527762988635,0.6080331798445802,0.3828114495879714,0.46481650393463336,0.31133800075883816,0.18981868394697246,0.292128803684546,0.45301382052266825,0.5799654960473848,0.4446855183298978
lin,rest2_vs_type2,1,MentalArithmetic,Type2,22,22,899.35238,449676,452176,0.04830320625705653,-0.16470350291994418,-0.18692865285427107,-0.01871993856559495,0.05920221026653949,0.04586712767230394,0.237893670184123,-0.2565695041381817,-0.48233900981671507,-0.5665644418885512,0.04899463021839834,-0.29729511826763044,0.20133986084878774,-0.8908118598880241,-0.734612768552029,-0.29752898368141434,-0.537003498256674,-0.10991419280185588,0.7793113199891203,0.7078450752443681,0.5642113223566267,0.6889359535775885,0.6303262307932009,0.6482039852835407,0.4273373013522107,0.33296140089318305,0.7456135983938963,0.87562347969748,0.9305804998141879,0.8081868703388777,0.5083850524415351,0.36723095716693566,0.31272140274371885,0.6263523984036274,0.4650323238862483,0.27254400134176626,0.8212024819515141,0.6930394403114097,0.9098440619693721,0.8609452400353603,0.7178358137642055,0.7671680269166862,0.755961694207029,0.693635664020657,0.6698031227543083,0.5393846714000958,0.6666218405244676,0.7701175778584944,0.8354292129731961,0.8749896364844375,0.8036306527852198,0.7196548694953087,0.45976402693114077,0.37119751264287926,0.8637568973709899,0.6236387917311274,0.4949225880608694,0.8257836596249126,0.6720032396532939,0.8640504550193487,0.9105643650272605,0.7365699832862737,0.6042305320147787,0.851492270108979,0.7587288079637321,0.6932874311908104,0.6076326757055414,0.5153801687315646,0.7936232772701933,0.7919718767091688,0.8267448311653792,0.833558464864123,0.7658572702101507,0.47285098016443655,0.4264785813616575,0.6726695740696484,0.4989767102486646,0.40056622468929465,0.7136442186495432,0.6274568818054369,0.7315839646664746,0.7921134480583081,0.8278912201936569,0.48636766178976765,0.8557915932864167,0.4709325331871215,0.5519581318030502,0.5890311625064284,0.45240372765423165,0.7722499708988614,0.5385994621498724,0.7799524803535255,0.5076550485659309,0.7292027924666541,0.3808579749804054,0.3639529936043482,0.5178966292060336,0.36441843577040545,0.37277315750433115,0.5607908039210798,0.6305547227351828,0.5214961169630248,0.7195583140865134,0.7544207983648937,0.369514978070821,0.669723520277391,0.2678738453360912,0.4106135145073621,0.4617404620014219,0.29393151474067,0.7698059137217418,0.40640188982017283,0.6419619749512623,0.30811298567404016,0.43486567723851693,0.12700071715491437,0.18522134554575057,0.376082181788262,0.20905535281515653,0.25955793830010876,0.40614164749125786,0.49846612234733895,0.359295346534583,0.7040236213372177,0.6863053663433013,0.17629613659792664,0.6791611572758299,0.20763621942741858,0.45171422668360545,0.5835918107618842,0.1516236869393127,0.6591834522396484,0.332083005233462,0.669857706732385,0.1912458406875668,0.5034699085958735,0.2069785917919999,0.36457198602338325,0.19626057501028565,0.07695886322850538,0.07633657700512217,0.3253111229053981,0.5012820973701184,0.34802472423420633
lin,rest2_vs_type2,1,MentalArithmetic,Type2,23,23,909.895661,454948,457448,-0.24957170174852106,-0.31628917599745243,0.015305023527826478,-0.044297525394882076,-0.09004331762481987,-0.13172219017648246,-0.2139660184506873,-0.18513457385656507,-0.20270808703983656,-0.3505152901347426,-1.12469501595253,-0.8891845195107457,-0.9234364927228595,-0.5356141970065593,-0.018672876170648944,-0.38805575040073315,-0.5704668906436297,-0.3911973168268106,0.9020388037797699,0.8403695913277309,0.6093620107672573,0.8945479286989383,0.8219331478177064,0.5905842647787284,0.71279223835064,0.5296734853515654,0.826017674774192,0.8346703829129168,0.6821380965403265,0.6723799053078446,0.745153316395786,0.6310787125586904,0.4264428674552581,0.7202550885721491,0.6196895994046828,0.24188979895848126,0.8952107977591426,0.5172827663945818,0.6790226119348437,0.8662806804116373,0.8583750310004706,0.7778124149523133,0.8131591167856154,0.702154079995301,0.5002699282069684,0.7025270775424859,0.735067148601832,0.8596277573876602,0.8290689125318903,0.7314909135008499,0.741439122466297,0.7190151801647243,0.5846007536915375,0.33911182991577976,0.7452367912663979,0.6883122031671014,0.4894321838961585,0.864757261131067,0.6350922748190766,0.7368318322873686,0.9262975211453932,0.7029720305699773,0.621941783697233,0.9046952261189943,0.7411098837194682,0.7495067733557113,0.5895744128685224,0.5968705586294859,0.9079169819472029,0.804462936208719,0.8140712946336134,0.5762093751630136,0.6936716378877074,0.5056787143534089,0.513413346583369,0.6069721441845256,0.5248507879257313,0.5336355720096475,0.7842837699740633,0.7648497686079049,0.8597323559234572,0.8013920790609915,0.7526284841199495,0.3599567565534494,0.8100859899989787,0.5367021029360473,0.4292845244159586,0.565310692864735,0.2634204262686623,0.8440982223836913,0.5192821384181433,0.6729388847545225,0.41974839433972977,0.6483797320257232,0.38799916432392667,0.2844424367619242,0.38288115078744245,0.2751781846944872,0.10099226707600233,0.6251853132365347,0.510854613493369,0.4738550384844666,0.7909973442700616,0.7831380704339435,0.33126050531230156,0.6782670593007616,0.4378537886441707,0.5701901248344958,0.5774060831721531,0.19929298789625832,0.7235730314633212,0.581993294070476,0.7370111689323532,0.32444210157948394,0.6032659207868742,0.3352422660093891,0.4008816459622158,0.27530844717251163,0.24417204210649107,0.13423752375430423,0.4849280687958019,0.5426737580005281,0.45260212817583695,0.781573439962605,0.7506695616504666,0.24709168914177668,0.7053549328468146,0.38075162103265364,0.5800492948464296,0.6074227407720545,0.19779775411827172,0.7230090363906835,0.42354157923435787,0.6667911287670087,0.17638218816563123,0.5901336307422632,0.32239898668164857,0.4494389391410337,0.22262555788492386,0.2846323495243488,0.16042729089306948,0.42765679959385255,0.6197472537752529,0.4200180764008198
lin,rest2_vs_type2,1,MentalArithmetic,Type2,24,24,919.987301,459994,462494,-0.5286743104785367,-0.2389213061546731,-0.13866200317123623,-0.16473718757325773,0.037666544396118606,0.0549111879509685,-0.4759612507474076,-0.36191624917546905,-0.2672740518178749,-0.191470996262181,-0.1331705590968948,-0.41710217907410563,-1.162072080471289,-0.5155155461253065,-0.6807161124916741,-0.5179740393991055,-0.2939953510409803,-0.484499572249366,0.9028791038084448,0.8801920279334617,0.8673859753686842,0.8410317484984092,0.42168467739607796,0.37558115564502864,0.8391990113128669,0.8560793132630905,0.8812592098282467,0.5447071556298099,0.5745822804906701,0.8905219251701298,0.8826876547867927,0.46139015357192525,0.4829725888359363,0.9468580808981357,0.5091339780195042,0.44181387878414674,0.5758243749118925,0.5101875582238675,0.6815464600878207,0.8294757113633162,0.7007187725347283,0.683020726499841,0.7719322889694832,0.5313823175525668,0.33308741497170924,0.5379636917676386,0.5109937352412321,0.8083873288101376,0.6844330577201432,0.4968886947659002,0.7290893593181218,0.544235130560684,0.38397904696574797,0.29363257212831034,0.697386674230032,0.48426161349838487,0.29236396607850385,0.6679391054038836,0.4275336637471188,0.6757193012855003,0.885306778827862,0.8552664185069623,0.693957095813225,0.8317816160305689,0.5895736206505553,0.5814763036355132,0.7133584748446283,0.6651711048233114,0.8706988149599868,0.6959872147334046,0.7059848386027741,0.8320245659558644,0.8028254906649849,0.5251737436843821,0.4500737153485433,0.7690392373293679,0.5542958130440533,0.4957356601279816,0.7840119957920962,0.6398352775646734,0.7623564124488453,0.829965466434969,0.7996368850276657,0.5551883723270156,0.6608364037687632,0.49515782444966294,0.5275092631862334,0.6639363142432715,0.4826574036076618,0.7257646151152508,0.5013482048672544,0.6632301933497128,0.6244425106233417,0.5999282245070804,0.4066331076201491,0.44901969967109784,0.4794823132901743,0.3237689962640994,0.3526429206359612,0.6279388140506784,0.556338499582809,0.5121000349320131,0.7393291798133214,0.7046615921699592,0.45261511524177667,0.703796171015306,0.3759639143489792,0.49981723678675943,0.4650034359685507,0.39434420576639784,0.72983267876929,0.4354181489925852,0.6903808307504012,0.40246924758392977,0.4920790220473767,0.26135561470762164,0.36156114020284313,0.4053333140325275,0.22422141104218907,0.24479530581391265,0.45848286902741087,0.5527691531200362,0.4308183233358304,0.6717708969719521,0.7151360478321944,0.18311165321998368,0.7357842407557816,0.1649585173112021,0.5152010444623061,0.4773199523163717,0.1377733076675147,0.6696812211052183,0.2649398971180825,0.622020779629577,0.2272156084157611,0.5670374765355021,0.08139578808783346,0.33815036922692504,0.16377895539608622,0.1582954684570045,0.14817841701756385,0.22419338611248227,0.5491771971280491,0.25105278840158346
lin,rest2_vs_type2,1,MentalArithmetic,Type2,25,25,930.244313,465122,467622,0.028331655891012275,-0.009478537890652117,-0.11985849874924703,-0.03981474012911379,0.020672802803124668,-0.03566136152088406,0.30617911438475565,0.30216201470524195,0.08692655211181366,-0.7261584563046504,-0.8697340380261034,-0.8778846731380261,0.45226377901389325,-0.07317214382587078,-0.33319304121979565,-0.6129278964834728,-0.42558559928656514,-0.5564737864041056,0.9022774962275774,0.8960657270138557,0.7266927272618104,0.8277513492747256,0.5918172669496368,0.7272343987774424,0.8306594564045225,0.671090435923796,0.82530611588293,0.7111620445582817,0.8940596827638579,0.7394016048493969,0.8059355827500806,0.5803165549269593,0.6840575405376749,0.7931668144871222,0.5426888495135996,0.5741032981941846,0.6884900373423001,0.7121169076047827,0.7927002489382072,0.821771706208961,0.849657218134598,0.5334230975798582,0.5762811443559097,0.4924537288907861,0.4889019370791047,0.6545933457958424,0.4224956246987892,0.5832618647109199,0.7100335555729003,0.7632847783634125,0.7117828909403857,0.6192728721121575,0.3956317678886977,0.3552068939175186,0.5508036925527537,0.32634472734600295,0.2704116240850157,0.6408953676228663,0.5694490045655498,0.8305819122427222,0.8573534006279753,0.7744761896044106,0.6429632999577938,0.8095732011937506,0.6145473218622449,0.5570630528612024,0.613863260520087,0.5022517965620469,0.8206100296913814,0.7800698617354996,0.7526459481231937,0.7266343146902898,0.6828151758510327,0.4764686726713715,0.3886749332469787,0.6341273030350542,0.4455154366945791,0.2760132556548324,0.823395099611644,0.6563543896827564,0.7737749397551276,0.8652915144691227,0.7830356113196717,0.42735452158211273,0.7907700026244027,0.5722869903124814,0.6411515264452812,0.6718313998300343,0.3425471875960669,0.7598451075092463,0.587738610201613,0.7619562770423124,0.4612883944061641,0.6872984592696155,0.42060604542777624,0.46369416130710306,0.4486676440933626,0.30854095635834783,0.261283298278082,0.6769241718165991,0.6083213625146762,0.587284883177467,0.7514521516857126,0.7851583686555562,0.15135407364731046,0.795255099989333,0.5020249436162996,0.5156167353043317,0.555065831113535,0.1277981262773349,0.7172009566588162,0.4922458784304943,0.7679232814098905,0.22766887903981461,0.5951925425157676,0.3735478560313512,0.3985216690476619,0.17640918907700073,0.07053301081340702,0.04032391760244049,0.5870704027296414,0.4655818286920256,0.49930907565782084,0.7151802704821317,0.7895640457242029,0.09034324853934748,0.6874744218814591,0.39613371115337,0.6254110006224662,0.6160721845181718,0.16408805688841868,0.676016757512867,0.4321278960146952,0.6958654009664972,0.15289762303095733,0.6175269639852377,0.38312598199342995,0.49764827568019226,0.15862767736805933,0.11369369141194426,0.061480824636712846,0.4268076262393926,0.562741310998196,0.35062029285734614
lin,rest2_vs_type2,1,MentalArithmetic,Type2,26,26,940.587466,470294,472794,0.040284842449207936,0.09901930067464182,0.07393890314110907,-0.20198849462472945,-0.0035148891296041818,-0.15601326919528347,0.22608694987947997,0.06890125854395102,-0.29420672016661875,-1.2390635711895275,-1.1972280928007923,-1.0615987447451034,0.7488909260577015,0.3429997745526272,-0.19162166031523098,-0.4531414443517301,-0.3882445967772101,-0.24812369434817028,0.8005580086218305,0.8155222261105659,0.8897962264508076,0.8245333543661723,0.770615124569929,0.5977031390556575,0.5413975978800964,0.7711008376561309,0.78722562517797,0.8670745460816166,0.7990725969241184,0.6914499765447933,0.6567696451101125,0.5707458547238433,0.5382149329908538,0.8737210773205141,0.8256200095312018,0.6456100035018011,0.8941184793837277,0.7234893288271982,0.8002183045374986,0.7890603724272753,0.7499149709547431,0.5919943941889546,0.8018734171028078,0.6086834905229075,0.4773348871001787,0.4807239935361833,0.5379248383600196,0.8037168716626791,0.7982929067019183,0.7856803772199584,0.5736672501646918,0.537148890010578,0.336342374606345,0.23069358348033062,0.6448277946818354,0.4245267011384735,0.35058367451585104,0.6655513868135124,0.5891674154995762,0.8089587025095802,0.8330665457042324,0.8139500029467215,0.5731847898692919,0.7587227350677419,0.5584598119755257,0.4735120042690486,0.5993370122947885,0.5074175549134878,0.7646875876416384,0.6705178048628477,0.6804243261765479,0.605176500092036,0.6744658214307926,0.4516126061814525,0.3479433853690338,0.5677127951134714,0.453381730926135,0.42036969741330715,0.7371661308006938,0.6058968046800544,0.6918595674390204,0.8375691278257915,0.8139834623100128,0.3023956851436393,0.8108966020157717,0.4326597621827239,0.5507077255627861,0.6283315782387849,0.22685076481186295,0.8303319711049101,0.5278769895984253,0.7648764347130251,0.3218449104737688,0.642979520131406,0.32009013894777905,0.36732350883248766,0.3946334399593004,0.11724898286133428,0.12147552453885588,0.52481751012835,0.5763354625533345,0.5308467020981308,0.7174173273011407,0.743912423012182,0.1827315947078978,0.67407622060164,0.3172478586971606,0.49654725729719373,0.47636991257217093,0.17764215352483168,0.6787911587161725,0.49576193734970997,0.7214807541444241,0.19927518431956032,0.5596063956650704,0.2635546848017842,0.29805650740945056,0.26158416485613684,0.20721495542770457,0.201755470784706,0.5009513978945813,0.5088044922996636,0.5139871344833145,0.7330041745018783,0.710447587730241,0.14760997130663114,0.6985167122322324,0.307406304749723,0.5418348014577146,0.5664455751082795,0.15871561636734224,0.6789977599751162,0.3500719472489735,0.6329208745774251,0.05792367552749316,0.5528701394790541,0.29517556274112394,0.4260720588630719,0.20666543241820096,0.07988156363753285,0.09021050914308217,0.2896686182043223,0.46539769871549225,0.24228471213982455
lin,rest2_vs_type2,1,MentalArithmetic,Type2,27,27,951.105367,475553,478053,0.007434627851086617,-0.04804003066218421,-0.21274726038429215,0.020377109064589005,0.027625810529802397,-0.0452176206432513,0.155094078662954,-0.4093892588828272,-0.6639549290517945,-0.5795698422013928,-0.946065087634282,-1.4118601847631664,0.2897430993908503,-0.4686529476822061,-0.6212571741942732,-0.212215997020889,-0.5834556407158928,-0.29045800432641455,0.9078706548045815,0.8276683741686006,0.5380777615086325,0.795446047249797,0.7258846054674839,0.7450013949109068,0.7435392631239244,0.5327706063997015,0.7987645606541268,0.8201274206899706,0.8622546119692994,0.6448402146555787,0.7688037285576054,0.5714613090174563,0.5463636499128063,0.617550577581001,0.5256097848196869,0.4961483342225782,0.8363586012886084,0.6813541257717427,0.8105282658308864,0.8116290688255277,0.5972600449286496,0.48695883023700887,0.7559496148044638,0.6594186710692096,0.6310806150313676,0.492388356235292,0.5570476127183429,0.8133870818850797,0.8040408117620311,0.7695678299861154,0.6114418739362658,0.6283731054746363,0.5363296806856669,0.3155521409228847,0.6069578363241617,0.6351964265365533,0.3654216235317359,0.8441957099527242,0.669535816446667,0.6878749547343543,0.9094165163667315,0.78553254607895,0.4685332563378167,0.7815555159126938,0.7141613276085131,0.6669805050449398,0.7305023653284131,0.5051908304210553,0.7978744986532914,0.7916781129585004,0.7325338278243975,0.4962281810756682,0.6526017834192447,0.5281236391238354,0.5131295767171895,0.6063579397494119,0.4258333507165027,0.3443252002053181,0.7610324720917424,0.6356553862095052,0.8449719039462602,0.7711310273246539,0.6748127233253272,0.2001623896408343,0.7241070178026806,0.4552322536456795,0.4731612406581125,0.45145326640225797,0.19379237584613826,0.7151481413204118,0.6426153387650076,0.7165436577956683,0.21297624201623974,0.5440186096899133,0.33947067798214264,0.17588166494707413,0.3611803598718546,0.2023614869900978,0.1085836203803041,0.6341598890576623,0.530601962995102,0.6314589710364489,0.7220972101744078,0.6621640435952547,0.3352693439332236,0.6987186052861725,0.4727974409742558,0.3928026619509521,0.456127389726865,0.30562378772069637,0.724165901364838,0.6369963157910539,0.6161576048425806,0.3123992540595562,0.4213082723351589,0.3206315012280084,0.14084069875061336,0.355595285077099,0.1310092442681318,0.1418616703769128,0.48286138414827406,0.5245667564640757,0.5298181901271224,0.653384612585032,0.6480831614503884,0.16689440698671726,0.6061710939270435,0.34453469360823513,0.46427282335420633,0.35323801461529364,0.19811177025692753,0.5343942178597995,0.3485935324207367,0.6114272637813348,0.04197292567173066,0.43412715175085076,0.1895604076412334,0.203794039984192,0.06950300068634367,0.059018121891521974,0.24405809349373359,0.3765912954088997,0.3897767518490941,0.2673693140122445
lin,rest2_vs_type2,1,MentalArithmetic,Type2,28,28,961.10605,480553,483053,-0.03611379025493733,-0.0897873148733801,0.00016386040157856385,0.03828884439013436,0.1303715285422482,-0.05190538920271226,-0.006209665463394742,-0.2502339120537558,-0.6978849275979067,-0.7005192161637028,-1.071964411923394,-1.420383236743652,0.12410711584716427,-0.43014308403444,-0.2825391673430575,0.027875698579280295,-0.4423466026557905,-0.6809481863238065,0.965416659450364,0.8971497721338585,0.8391032042917335,0.9362690112880371,0.9418355325579084,0.8529157894866726,0.811652367669143,0.782976043134398,0.920316858367858,0.9472936960310399,0.9229785764770928,0.8680893705153883,0.8096800598197443,0.8018551795397771,0.6839090597194816,0.8785836718985525,0.8386509778275097,0.7253488987306933,0.9744694782319051,0.8550728039248053,0.9054100042218199,0.933942384823441,0.8250046480048616,0.8120973136058203,0.8539284871328946,0.8370753311086181,0.7276137048890015,0.7366549387227769,0.7650497192821489,0.861205844511226,0.8748204270132943,0.815309340977462,0.7590511404691122,0.6962742067847802,0.6810077927895412,0.495482780714079,0.8075286118828291,0.7823389627910904,0.5891643281881959,0.877698840015455,0.6769572805880735,0.7763522386261763,0.9104426806840761,0.7476226447863885,0.6551978657357632,0.8534799776227827,0.6589640306050288,0.6394039526572867,0.6157153286310001,0.612469550874401,0.8380144354103036,0.6855433296611445,0.7073827646609321,0.6189815626184243,0.6977805038348109,0.5215551092370816,0.5762613343772466,0.7293454062067029,0.4820531880013854,0.4626985907490473,0.5911451173387902,0.6130323229736864,0.7565267324095459,0.7830559090401389,0.7285948749752916,0.16123090209221466,0.7124723478206917,0.3689111583861809,0.4214888704539111,0.44435762881178253,0.0421401796479794,0.7822966942201972,0.47180276878957944,0.6663395069084189,0.17487590844732973,0.4203768751273317,0.2651750140213051,0.2577205745117544,0.07705874421417017,0.09375252013163783,0.1169867914580948,0.5712784862828211,0.6017525833326715,0.5248853461577031,0.7668980631428345,0.8242546613782955,0.3379596882325915,0.7633660865587724,0.4617418977313859,0.46025126684589185,0.5875077281594577,0.27228350310370886,0.6687201330078547,0.5574215120091686,0.6367456631233008,0.33952524119564215,0.6686354421715884,0.3696449210364675,0.3746342557474717,0.3990357906222491,0.09871738553557784,0.08590398205751744,0.5148305063118253,0.4764186462772789,0.4402017812482962,0.6720262790644476,0.6983229803787828,0.13966941409611294,0.6029484371477165,0.1947753539438875,0.362863428319317,0.4824519911643208,0.10502632905723616,0.510601429584191,0.2584266071227157,0.5111323856709319,0.20574816538016327,0.5046861132681318,0.19332677956232694,0.22581067242683053,0.20424045451643444,0.035067137061379386,0.07906151487415726,0.2186794605314087,0.32766927097414994,0.15305877854970062
lin,rest2_vs_type2,1,MentalArithmetic,Type2,29,29,971.08189,485541,488041,-0.18411942297595907,-0.00912960685874653,0.0511493391579525,0.0005690746631565879,-0.0004108750062099542,0.06697972247967088,-0.12666939453649517,-0.04477802205113557,0.1769174988645137,-0.4102232168884896,-0.4474710532095685,-1.1998823666961247,-0.2528802022350036,-0.049851194264872056,-0.12758867760264447,-0.401583242402191,-0.6637656187818435,-0.42414688429500236,0.8583436973883953,0.8948000404164341,0.8640120326540435,0.8967754078348255,0.7109369985491814,0.7391003926516003,0.6835871768139167,0.7231985521653623,0.8500075798165545,0.8952821252694538,0.8132079934851119,0.8287507229211412,0.7580357255262024,0.5367866905839142,0.5690100085578929,0.8747768163242623,0.6621307715612824,0.6589374734898394,0.7725827618453118,0.7430154648481079,0.8148606301507538,0.7697113525892917,0.8662604841449801,0.8433815080401097,0.8233120904872001,0.5937186194697712,0.5473610883434402,0.6184255424153412,0.6025183133166846,0.6612164384861017,0.6767200684723875,0.7655856087648674,0.8429383810316567,0.7160164534179212,0.4354131536807753,0.4006819237934517,0.8515730583601226,0.5655882959223931,0.42444838416581254,0.7293945129721543,0.5031235519905383,0.7430768474139752,0.8793742401294118,0.8353630607398892,0.71562560661097,0.8756164383378332,0.6947045165115799,0.5971849857362251,0.6918690716274047,0.6464445268139616,0.8754569017202358,0.7632779248861704,0.6641851913726243,0.7412846955027927,0.7502247252763791,0.5926409288097162,0.48270054129759066,0.7637471217033479,0.7496835003707639,0.5476537673603852,0.8171595603887505,0.6173967238493033,0.6563262732681466,0.8142879343143081,0.8049983407747014,0.48387022128589846,0.8361728750152049,0.545047692105851,0.6086672077658682,0.6289846329569778,0.32786744995171324,0.7923222726995502,0.6904723901655926,0.7784931408457908,0.4915044995279945,0.721235990601151,0.42452279512909863,0.44035611841834954,0.4633856823231612,0.23711554508336088,0.24171735148252615,0.6293526508727988,0.687623513166468,0.6798582907590397,0.7426111915826195,0.8017546255580345,0.34854677245810467,0.7143905856697151,0.35824152637653994,0.4911195955424921,0.5252451134904116,0.2591261792553545,0.6797272611121747,0.5242186269847063,0.6386855395214418,0.23151724441885743,0.522568834123133,0.24786893870246263,0.3493876679579547,0.2945717894847543,0.05211126532301255,0.011919099226306929,0.45070863890892865,0.5221290781096275,0.5325087162885501,0.7141156883826649,0.679899220911652,0.08102340542195069,0.7319118447809775,0.26631937454719345,0.5316845112933865,0.45709572890054934,0.05436979836519977,0.658372165746285,0.3739868728877671,0.6303511235569549,0.03053306157965758,0.5678406758447263,0.13103387955803328,0.3164784408607543,0.14122742502128127,0.07858617750847353,0.0538623129290827,0.33102420588997256,0.4822016089669559,0.2696524806786581
lin,rest2_vs_type2,1,MentalArithmetic,Type2,30,30,980.94401,490472,492972,-0.03568038728558953,0.0397465949358935,0.03134133815093154,-0.1877431627249888,-0.15845340921276185,-0.22630795739528642,0.16421957188527925,-0.1812109246753364,-0.186190730408883,-0.8011546639726639,-1.1496123771485083,-1.1065442583252896,0.38605382308483005,0.08329459492337676,-0.12448626650812677,-0.8098637275493412,-0.7149167685215985,-0.6726893944687432,0.9707115949846297,0.8130038275786088,0.5741296673618244,0.7044076396178737,0.7766615866984143,0.8325358317044225,0.7981567092632935,0.6183240958708538,0.7397928485421076,0.8196612752685145,0.8780719376771112,0.6572698137073832,0.6756163858346884,0.6758108236037007,0.7191913990768862,0.8613217267597363,0.753185987570538,0.5755825431783594,0.882620362640193,0.6681920895396493,0.815495708589336,0.8850858361478565,0.8427298330229555,0.8130516970144502,0.8684691373531865,0.7762750615518205,0.7545029456995946,0.675508307143639,0.6657761595124813,0.8162450047914163,0.8430156506875587,0.8497432529924885,0.7906804010332172,0.7202091701865473,0.6142147346818767,0.5642223389633814,0.7429702653241129,0.6485365793297275,0.5658609357083298,0.8373670808290224,0.7787191005990505,0.928995444516997,0.8335028199926348,0.8120470403399924,0.5189262208721637,0.784976243872325,0.6763999016177278,0.6090232405735307,0.6321474113495071,0.6028441205771515,0.7706178690036561,0.8055095277523744,0.808355197256586,0.4667773767243037,0.736763172436847,0.5406067083056286,0.40739819844806113,0.6074698760844437,0.573615070221671,0.47282647414657974,0.7790628354481891,0.6156985647838823,0.7827363960214058,0.6910373501183086,0.7797215335875656,0.21491134492583355,0.6446289204296664,0.5004325225867381,0.46297798939680457,0.4981584735241164,0.12596095410700237,0.7608397490226908,0.6454151882542106,0.7213097417511489,0.20558228890953714,0.46505221562552596,0.38910339196375043,0.29411674282161726,0.08310156318163613,0.06096305156137985,0.07354282520636089,0.656580661780234,0.680285543644568,0.5578233235488339,0.7616490728463028,0.696827801220723,0.19797057216374828,0.5807163665170963,0.3118124978647004,0.4039124103704657,0.4814415944490095,0.2187422732455111,0.6516551716294794,0.4159650184523767,0.5638731127175031,0.17255733202940585,0.4638932196044817,0.17782850765267508,0.24653517752093518,0.2977971488863171,0.16315141993339163,0.13903388693930344,0.44877868347536576,0.31760140167416523,0.39372772662114813,0.7037388619708378,0.7595889906517892,0.1619997598354217,0.6469046111216185,0.17111518021947927,0.3929079161818445,0.5680483505468779,0.0837310299930094,0.5783450132902932,0.1497204456642041,0.5711988752155547,0.13639081955498614,0.5161800019372723,0.13760725993954015,0.333590815256921,0.13926177779356408,0.14328899359153763,0.10970304897288163,0.3023443336854167,0.45189963983619774,0.20622517846465144
