subject_id,comparison,class_label,class_name,stage,epoch_index,attempt_index,onset_elapsed_s,start_sample,end_sample,ASYM_LOGRATIO__FP1__FP2__delta,ASYM_LOGRATIO__FP1__FP2__theta,ASYM_LOGRATIO__FP1__FP2__alpha,ASYM_LOGRATIO__FP1__FP2__beta_low,ASYM_LOGRATIO__FP1__FP2__beta_high,ASYM_LOGRATIO__FP1__FP2__gamma,ASYM_LOGRATIO__F3__F4__delta,ASYM_LOGRATIO__F3__F4__theta,ASYM_LOGRATIO__F3__F4__alpha,ASYM_LOGRATIO__F3__F4__beta_low,ASYM_LOGRATIO__F3__F4__beta_high,ASYM_LOGRATIO__F3__F4__gamma,ASYM_LOGRATIO__F7__F8__delta,ASYM_LOGRATIO__F7__F8__theta,ASYM_LOGRATIO__F7__F8__alpha,ASYM_LOGRATIO__F7__F8__beta_low,ASYM_LOGRATIO__F7__F8__beta_high,ASYM_LOGRATIO__F7__F8__gamma,PLV__FP1__FP2__delta,PLV__FP1__F7__delta,PLV__FP1__F3__delta,PLV__FP1__Fz__delta,PLV__FP1__F4__delta,PLV__FP1__F8__delta,PLV__FP2__F7__delta,PLV__FP2__F3__delta,PLV__FP2__Fz__delta,PLV__FP2__F4__delta,PLV__FP2__F8__delta,PLV__F7__F3__delta,PLV__F7__Fz__delta,PLV__F7__F4__delta,PLV__F7__F8__delta,PLV__F3__Fz__delta,PLV__F3__F4__delta,PLV__F3__F8__delta,PLV__Fz__F4__delta,PLV__Fz__F8__delta,PLV__F4__F8__delta,PLV__FP1__FP2__theta,PLV__FP1__F7__theta,PLV__FP1__F3__theta,PLV__FP1__Fz__theta,PLV__FP1__F4__theta,PLV__FP1__F8__theta,PLV__FP2__F7__theta,PLV__FP2__F3__theta,PLV__FP2__Fz__theta,PLV__FP2__F4__theta,PLV__FP2__F8__theta,PLV__F7__F3__theta,PLV__F7__Fz__theta,PLV__F7__F4__theta,PLV__F7__F8__theta,PLV__F3__Fz__theta,PLV__F3__F4__theta,PLV__F3__F8__theta,PLV__Fz__F4__theta,PLV__Fz__F8__theta,PLV__F4__F8__theta,PLV__FP1__FP2__alpha,PLV__FP1__F7__alpha,PLV__FP1__F3__alpha,PLV__FP1__Fz__alpha,PLV__FP1__F4__alpha,PLV__FP1__F8__alpha,PLV__FP2__F7__alpha,PLV__FP2__F3__alpha,PLV__FP2__Fz__alpha,PLV__FP2__F4__alpha,PLV__FP2__F8__alpha,PLV__F7__F3__alpha,PLV__F7__Fz__alpha,PLV__F7__F4__alpha,PLV__F7__F8__alpha,PLV__F3__Fz__alpha,PLV__F3__F4__alpha,PLV__F3__F8__alpha,PLV__Fz__F4__alpha,PLV__Fz__F8__alpha,PLV__F4__F8__alpha,PLV__FP1__FP2__beta_low,PLV__FP1__F7__beta_low,PLV__FP1__F3__beta_low,PLV__FP1__Fz__beta_low,PLV__FP1__F4__beta_low,PLV__FP1__F8__beta_low,PLV__FP2__F7__beta_low,PLV__FP2__F3__beta_low,PLV__FP2__Fz__beta_low,PLV__FP2__F4__beta_low,PLV__FP2__F8__beta_low,PLV__F7__F3__beta_low,PLV__F7__Fz__beta_low,PLV__F7__F4__beta_low,PLV__F7__F8__beta_low,PLV__F3__Fz__beta_low,PLV__F3__F4__beta_low,PLV__F3__F8__beta_low,PLV__Fz__F4__beta_low,PLV__Fz__F8__beta_low,PLV__F4__F8__beta_low,PLV__FP1__FP2__beta_high,PLV__FP1__F7__beta_high,PLV__FP1__F3__beta_high,PLV__FP1__Fz__beta_high,PLV__FP1__F4__beta_high,PLV__FP1__F8__beta_high,PLV__FP2__F7__beta_high,PLV__FP2__F3__beta_high,PLV__FP2__Fz__beta_high,PLV__FP2__F4__beta_high,PLV__FP2__F8__beta_high,PLV__F7__F3__beta_high,PLV__F7__Fz__beta_high,PLV__F7__F4__beta_high,PLV__F7__F8__beta_high,PLV__F3__Fz__beta_high,PLV__F3__F4__beta_high,PLV__F3__F8__beta_high,PLV__Fz__F4__beta_high,PLV__Fz__F8__beta_high,PLV__F4__F8__beta_high,PLV__FP1__FP2__gamma,PLV__FP1__F7__gamma,PLV__FP1__F3__gamma,PLV__FP1__Fz__gamma,PLV__FP1__F4__gamma,PLV__FP1__F8__gamma,PLV__FP2__F7__gamma,PLV__FP2__F3__gamma,PLV__FP2__Fz__gamma,PLV__FP2__F4__gamma,PLV__FP2__F8__gamma,PLV__F7__F3__gamma,PLV__F7__Fz__gamma,PLV__F7__F4__gamma,PLV__F7__F8__gamma,PLV__F3__Fz__gamma,PLV__F3__F4__gamma,PLV__F3__F8__gamma,PLV__Fz__F4__gamma,PLV__Fz__F8__gamma,PLV__F4__F8__gamma
yen,rest1_vs_type1,0,Rest,Rest1,1,0,0.0014219999999999,1,2501,0.22533215594745482,0.24334549356107527,-0.055568259619430904,0.10238616061639538,-0.08872348008365405,-0.06226246455175888,0.1699214640628517,0.12028201547252237,0.011874419716260576,0.084800741992336,0.43149698566956207,0.6901880119030004,0.1776564891555923,0.07372498573811725,-0.1332874825063346,0.045382981819276136,0.5217638020016957,0.35060930868640483,0.9651247181370992,0.9031981157912143,0.9142474283285388,0.9132902491685022,0.8860547430304415,0.9287583827670989,0.874832894246005,0.8721048912960603,0.9300961527870365,0.9105806579910009,0.9720864546588478,0.9737949483054258,0.9122729913811221,0.9128038132888336,0.8793307943262153,0.9356860830729005,0.9134855585140873,0.8695110959463422,0.9485718240953928,0.9313936103801904,0.9423219190835208,0.9426483198593089,0.8532839089582721,0.8541533667760632,0.8656965603433409,0.817756830201458,0.8883779193784922,0.7812368068759958,0.7941997354001541,0.8205190971071735,0.8405730646165827,0.9293759676720026,0.9003922042388429,0.785186145020737,0.7408587733793298,0.7263914261471666,0.9253589209978752,0.8386000798096863,0.7307780745051934,0.8815660512804492,0.7740160969578781,0.8279716720791216,0.8756773499476416,0.8651287209663236,0.8945824676175503,0.8800738780244587,0.8416617543021903,0.8410695827049672,0.7225114180969264,0.7411282150840426,0.7570988406864688,0.7835315104572794,0.8156868392495498,0.8922956874050112,0.8304975926453567,0.8286441459454542,0.8110897962465221,0.9292538435290295,0.8507922733072225,0.7570358751058165,0.8423829614313284,0.7637897167506639,0.818868010755427,0.6912091266575168,0.6772953890728074,0.6892184157130061,0.7293089217093385,0.603687932894452,0.4789249341764858,0.6731821915455146,0.7357685822231845,0.7408286160557699,0.6411055335930101,0.7165348167547809,0.8115308827517519,0.6958820773769887,0.5428043302190385,0.5767642155803571,0.8720799471149624,0.669901494668869,0.6432267601649203,0.8040399547035999,0.6123449485602215,0.5171023957509426,0.5460710843267607,0.6918492875180055,0.6109569832504658,0.6177840792154363,0.5408969178826408,0.45053190719506925,0.555023528399156,0.6239711019317447,0.6600913079066087,0.5989023281938913,0.5089616494931057,0.7528304453412301,0.7132386219301498,0.5843934024749182,0.5482820788035747,0.8852094696338221,0.7052846542341895,0.5344214879180241,0.7896860668715746,0.5509989320201314,0.4603934454165156,0.532369436126325,0.7032566316531472,0.6837081395341421,0.635886306687835,0.5151362373413042,0.41493616865691335,0.569406756059334,0.6632709041870838,0.6783781644220994,0.5800647007632794,0.4822098643353176,0.7766308888356532,0.6796212472890104,0.6398164441752734,0.3708777834656843,0.8685943383589111,0.7353325084884581,0.46507460742474044,0.7784415523231474,0.4704279539455253,0.3504961195809606
yen,rest1_vs_type1,0,Rest,Rest1,2,0,5.025873,2513,5013,0.2015307752425155,0.13082663564596597,0.3236165735364942,-0.173996078272745,-0.13578166195413166,-0.061529012062656374,-0.17384385370225441,-0.07355625927045928,0.08116337921066386,0.05722656381659652,0.4548979152175958,1.1827367216142801,-0.025414818350842694,-0.14500274296582294,-0.03680792072922845,-0.24865901237309007,0.8405838177049172,0.8830751476529088,0.9505468225637342,0.9119558393235084,0.9416105609773364,0.9207407449774243,0.8816690638575703,0.8122747645700638,0.878876967714373,0.8925320832787097,0.8587659048436795,0.8658760843145008,0.8261934412809675,0.9600378897371928,0.8509909125853562,0.8759658980796261,0.8617632212312173,0.9345985121501696,0.8980396709802774,0.8261285690122453,0.8757240783370094,0.7318133462032194,0.9076419392586776,0.8996146831803263,0.8885212691619764,0.9340863702025143,0.8807211406166432,0.8792499021397336,0.8679452398405424,0.7827577627262553,0.8675157719067771,0.8998924150664515,0.901855912550008,0.8838894300005207,0.8980581825827462,0.7913059397741484,0.7602444002280232,0.743440723056912,0.9053033799678258,0.8760239058315662,0.8429051771358458,0.9247659950160856,0.869072938841546,0.9227601943480489,0.8731527161391301,0.8525280781045254,0.8920160081819466,0.8415399103406372,0.8277080760060213,0.7492714615772441,0.7275020171218395,0.7611184632106901,0.7945095786457875,0.7897844423711055,0.7575769152735119,0.950983342967701,0.8050145487735524,0.8352573274730162,0.7065145109688903,0.8728428294870746,0.8622727802247309,0.7364308790127421,0.861081904647653,0.7271433240625076,0.7855072436270497,0.6958407332060788,0.7304115875062461,0.6311553924296616,0.680675737248598,0.6172254711499173,0.48028099135037666,0.7196073148786852,0.7982664440585843,0.8114497428401939,0.6947638887317853,0.5724529043073657,0.829904321668613,0.7454188627811267,0.643553299689312,0.49505891056522744,0.8981883738146385,0.7778389845182112,0.5647187928317704,0.7924388155358199,0.5390323134919252,0.43837466171746803,0.6017035643115792,0.5722962018322749,0.5514675575927743,0.6713991885087802,0.5319025518342221,0.4692664365961957,0.6104354246893963,0.6414193190323354,0.688878422430008,0.5642574423669936,0.5133238942024544,0.6405621968951104,0.6014296524740281,0.42754419634226354,0.47835483339930385,0.8483737013781866,0.6459647324479897,0.4173346944754557,0.6938044317217114,0.4472272907194452,0.2531953880465889,0.555953067758637,0.4907982212894817,0.5128789482143701,0.6218299993710571,0.5462553811555156,0.2139949702514661,0.5612515764823792,0.6842313772587004,0.7378217044134683,0.6102527476572324,0.33946814526099206,0.7091120709708251,0.6443491425803437,0.4745173607775592,0.38087849486917147,0.8408445507501038,0.5458164919919051,0.4015675325236339,0.701167237326816,0.31256296746737616,0.20786564477192504
yen,rest1_vs_type1,0,Rest,Rest1,3,0,10.048553,5024,7524,0.32062810370219363,0.3046927601029994,0.264527272890283,-0.0007074153667296912,-0.31760755188348044,-0.23258088586787729,0.3266061367648181,0.06119768209768983,0.4625858865489403,0.024862594613266342,0.5506833115936671,1.188496995656645,0.35835865539353584,0.11206510323722618,0.2883348088266109,0.11340992537323613,0.3056775490172545,1.0476354073899459,0.9593285274585085,0.9542342295055266,0.961529435529161,0.9582447299482322,0.9406781353428397,0.9642123914810075,0.9061108306920732,0.9203035161940282,0.9319151534267113,0.9481237364582522,0.9578364465468301,0.9663899303438465,0.9241391884604517,0.8842972469545513,0.9197051302514546,0.9758758921034034,0.9310148509407952,0.9360084983201193,0.9692442772597433,0.9572310625540956,0.9667428972772725,0.9101597118115992,0.9309869955130903,0.9091407183200251,0.8599638949445501,0.8623567357511971,0.8039783038805013,0.8558496753872183,0.8454426309018263,0.8401985664801078,0.8755524683156156,0.896895017424392,0.9052966339508722,0.8122688592994135,0.8424750735184632,0.7953658351568027,0.9064593222682001,0.8605920820663555,0.7724741191745749,0.8640794439002353,0.7470577687567286,0.9110911590260448,0.6196431017407684,0.6533969071058064,0.6999239691880291,0.7091103925938511,0.5481680647314416,0.6352552983690254,0.3696785804782563,0.541121536111781,0.7504981355126196,0.718234443317944,0.7423909403614312,0.7025658900033949,0.4931540820356024,0.2941724965135347,0.4768113847469378,0.7992070086493694,0.5644257885517557,0.5745997485775189,0.7173717846944524,0.7165527143731192,0.7400362976248225,0.7748216212916145,0.7270581369081431,0.7454983657328927,0.7708069334585878,0.6073749263816252,0.4446170043572173,0.666153411378452,0.7002447135785091,0.7339012570065463,0.6689486132837044,0.5956663338736351,0.797634453674746,0.6960348344245578,0.5451160007549487,0.4838403443500853,0.8455725153217878,0.6258891604414689,0.4857661354518425,0.7588944707706513,0.4828308173229194,0.5147769465678437,0.6316998314484789,0.5859797732556182,0.6243797618328285,0.6488502821861918,0.47965552538484907,0.3640565662969764,0.7067945507011709,0.6990201901827668,0.715586571832277,0.5951929605840626,0.4163767486139673,0.776084627743674,0.6665868424111093,0.5499711907520239,0.276467044664458,0.8477973959972874,0.6003138005524639,0.3678789596824104,0.7071658362316364,0.4023001773511319,0.11172259616301108,0.5807019137816476,0.6097509338386026,0.5570889159352693,0.5628676588874293,0.4444510617125546,0.2660635401180194,0.6039569381659923,0.6275871183930772,0.7021369518823631,0.6201298555943094,0.23722911624439635,0.7986857365509377,0.6938177698850757,0.49282905692320766,0.3514054215049127,0.8195245578730016,0.5534350956640129,0.3055052293816426,0.70781852304588,0.20737499086047884,0.0997031221437006
yen,rest1_vs_type1,0,Rest,Rest1,4,0,15.049715,7525,10025,0.2416392390502704,0.16578746525985277,0.014915178646373484,0.0015521636910875714,-0.0770166501677525,-0.011647715358023003,0.2582267769728075,0.2108445039875999,0.13982433413254158,0.26154818136003044,1.1768044917639986,1.3538662308954423,0.37657567637730516,0.013349945445333411,-0.002678621542989923,0.5870195490337253,0.43107382284920703,1.1405785631758745,0.9558396886362318,0.9511357265484031,0.845295933285914,0.8465771486792841,0.8433853260165661,0.7623837977218543,0.8804713077294507,0.778731586472253,0.7815653061435752,0.7948280850646444,0.7653357863360964,0.89806083435312,0.8779972605665517,0.8477138558294378,0.688429017384043,0.9648268660202493,0.9138930921408214,0.5699686012632458,0.9186651597640394,0.6006767407351103,0.6540235482114342,0.8560527701425269,0.8261354631480948,0.86764965897623,0.8051118519419675,0.7036571143412645,0.7446037623039929,0.6672312936679263,0.7309512456120667,0.754028473211073,0.7432799075297748,0.802015930148331,0.7984721159824337,0.6338662908282715,0.5439822495832571,0.6120184762144153,0.8664132848327106,0.6950120233247272,0.6726707015764242,0.7964744607945484,0.6500124573951532,0.7364437940760906,0.8591990986106163,0.7236117178331946,0.8576124929593221,0.8093013468587409,0.6188982348724563,0.6150307948928585,0.5649959757551917,0.8228883979266034,0.814345338422917,0.7290183718397584,0.6859641947348173,0.7112341582055303,0.579962447543584,0.4448502824632703,0.44157093304327794,0.8662099491957231,0.6622151926541322,0.5917102473606999,0.7937851638421423,0.6060111102853563,0.671956424692904,0.7454886953427128,0.736602781792429,0.7345080581688037,0.7788220946242336,0.6397772321484209,0.5398238856973888,0.7190296059213029,0.8217300402897415,0.8581452934116138,0.8605981208067374,0.6846626974989022,0.7999482599245621,0.7509035393817506,0.6080136234263814,0.543283468985351,0.9142433848953068,0.7970275619727242,0.5460989109052101,0.8358631004551824,0.6259406215792654,0.6455542003850537,0.7745318123887128,0.634953964682325,0.6590475480736416,0.7811943368350084,0.5726039571275459,0.43788676207351857,0.6932257757293212,0.7456431525783713,0.8219835913313145,0.700304769063006,0.4530564470049675,0.6750122356729065,0.668107586578772,0.4812492038558771,0.394840608187232,0.8029444512931342,0.5680549203727878,0.40752439873181573,0.6638033437081172,0.3371138414021502,0.1888287454428064,0.5504683289613296,0.5605937642821663,0.6242111549145936,0.6089666160386705,0.5161609588350846,0.25082965772628757,0.6007237938044971,0.72299154161943,0.8045075823519315,0.7140141391705067,0.2548347704471445,0.6735659955658314,0.6236464562019572,0.5416398493264168,0.24330998392252834,0.834920814382744,0.6835723569576032,0.2488742407514657,0.8186584523038564,0.15615668719002182,0.04152947266618416
yen,rest1_vs_type1,0,Rest,Rest1,5,0,20.076486,10038,12538,0.05612787164502908,-0.1697052364858065,0.03370617951756216,-0.24865303836188035,-0.13956888893212005,-0.07289791923064559,-0.22914314127708657,-0.01890952568806048,0.12063893196650177,0.11275931819175344,0.3121198061570567,1.020654203258168,-0.7465642399216277,-0.6082945746247979,-0.027850220866840747,0.005593693775001629,0.48952083090068266,0.9299078411396802,0.8792181880956628,0.8305569933675201,0.868085794072466,0.7965649804262326,0.7373834697788205,0.7940032952544454,0.7132745640834537,0.7963022209653426,0.7737595555202188,0.7871549917884639,0.7860243364748847,0.9513379831155664,0.8082477519605907,0.716157010438093,0.7548202869762493,0.9086753953237037,0.7895143249456885,0.7937904719429111,0.7601791894437842,0.7482294137001338,0.7273704558923099,0.8582895469148054,0.8553166398505393,0.8223752064726189,0.8159418940428301,0.7193557732624087,0.5645197307821258,0.7460766644888909,0.7367036192054791,0.8235781313241337,0.8488242512266155,0.7100201071178369,0.8360595425740324,0.7589385719379409,0.630238076539495,0.47887630377719614,0.8791040524758164,0.7085388349665852,0.44597667465439544,0.8489178139213438,0.6157038450770635,0.7499359206832698,0.9063166260493577,0.8481643995082864,0.8624232997060391,0.8134572646551538,0.7879689152705501,0.7234040105389911,0.8314517533122482,0.8448854072428988,0.8743911105134391,0.8547576235109385,0.7942854109790944,0.9085118460372592,0.7894750013175111,0.735936454080877,0.6435633749836337,0.8835061523378049,0.8102105624117432,0.6933240002191535,0.8697363312904394,0.69615829539915,0.7796702517864544,0.700612765895308,0.8296734272004502,0.8128076495383961,0.7774473969365931,0.523181892759432,0.33135100654306626,0.6709599694571181,0.7507567019402552,0.8448908861500491,0.7343098508505798,0.5051278052031141,0.8851365693034796,0.7715337835379149,0.5193560581606934,0.3016914668493313,0.8807029006234418,0.6090124176669349,0.36571389858979425,0.7485845893673396,0.4339775644463864,0.3618905485062312,0.717518426035883,0.622756542414966,0.7333177645575681,0.7427917370579911,0.6671758935622657,0.5328847800917097,0.5974128092049595,0.6715983415826434,0.8462129948930325,0.7820950473821634,0.6635285104511512,0.7600662405427763,0.6554611539225021,0.5253801798365969,0.49714226175453996,0.8208174994664541,0.7130215921754264,0.5336521004110657,0.8027604510809004,0.628224989389826,0.5008902907021203,0.644419870722657,0.6611708831217762,0.6638638261001812,0.6633083716869419,0.46641451562316233,0.21718806204507243,0.6670593802473967,0.7920954631807121,0.789902508582704,0.6524843954934216,0.34405830786121877,0.770598714788526,0.6529146365360731,0.4610640200003271,0.2606402871207273,0.8419845019390291,0.6625405151984629,0.2525381171922318,0.7357897925585039,0.24145468917949728,0.09540437707460163
yen,rest1_vs_type1,0,Rest,Rest1,6,0,25.090091,12545,15045,0.2511227650072998,0.19320615336022584,0.15464102266603685,-0.0157807093216773,-0.10397278756549477,-0.124817050635611,0.2640639503922415,0.07819072252032644,-0.00677311988882634,0.03907384920363155,0.6835934398791794,0.7893990047552362,0.19124395842014508,0.16729640554973813,-0.05486757759752514,0.254034662848186,0.6681094084321684,0.5918162439609347,0.8459487836903506,0.8756856578855223,0.8232031020246313,0.712320015103864,0.7397396968423746,0.6854538191995768,0.6819639109637503,0.6389511430334841,0.6353172318101465,0.7189489773581224,0.8544007889042595,0.9438158431258686,0.7521632267430115,0.6117296038107338,0.5221157815853331,0.8513404775671731,0.679810076878899,0.5027962650484873,0.8408737408168447,0.5658431256800606,0.6765864070415902,0.8780170797270226,0.8831664055487652,0.8736481439268247,0.7846207842909535,0.8407637926330908,0.8226426692914112,0.7314567762751805,0.7127471418873647,0.6961441063141003,0.8442310185026248,0.9054372733670224,0.8898858587350634,0.7157412820087328,0.7076233438070988,0.6954123225917244,0.88789370195852,0.7917768026950031,0.6860709823621123,0.8467566817882968,0.6168502727177881,0.8377472530077793,0.8904030739542002,0.8405778231378067,0.8472376592881842,0.8194164336992096,0.6978213068813967,0.7425388037530284,0.7432537356118475,0.8373063222621556,0.8967808919020577,0.8204411850980814,0.8156097155767227,0.842273029801803,0.7056446476339896,0.5738169000541994,0.6561052398481966,0.853867126791311,0.7376563219867033,0.7114269632503455,0.8385416613603855,0.797401704624866,0.8261114386990003,0.7960707854836369,0.8227903078825928,0.8428873886495081,0.8210164759255965,0.7485816550003631,0.5681083955183249,0.7646585564489077,0.807659961356101,0.8648812956308893,0.8701299388883702,0.6383064571944157,0.9113508286860053,0.8265241077216852,0.6954543494545349,0.6120921487286509,0.9098943018812106,0.7469494021031078,0.5929907936991019,0.8596438281998355,0.6001435850796143,0.48746857472197497,0.7183015965193331,0.6528808060397527,0.7654181406241412,0.7598813473135954,0.6241845498916825,0.43609805794951906,0.5673850644942217,0.6965547291399086,0.8458725943053284,0.7527435361315944,0.5193416813757984,0.7221617364392848,0.6047899878015444,0.5539895512507269,0.3787736744223903,0.7777930574663489,0.6104303379825664,0.5239829535024928,0.8167676417601001,0.519694222902277,0.38634765213662836,0.8225880611597036,0.7391145900658731,0.7574970353142907,0.7796313630735168,0.5652345343632909,0.3759341085957304,0.7480407593551818,0.8032863451393363,0.859683987859024,0.6511668859934855,0.39282940300274716,0.8809906937179162,0.8250614026002839,0.5705435718363947,0.4443492458423332,0.8849654113632109,0.6272739014127824,0.37676317271615717,0.713696296776518,0.3727645686836946,0.1481227110250907
yen,rest1_vs_type1,0,Rest,Rest1,7,0,30.109939,15055,17555,0.20987297618166867,-0.002583299163920749,-0.2644099248109937,-0.2628257416214672,0.14433539264920325,-0.09312275510284485,0.03936381721531923,-0.15904019304287997,0.1418261736002595,0.0017246197578209,0.163672767060973,0.5683732587400896,0.008692504620178454,-0.5335116875749764,-0.3145951583393485,-0.052604961887032786,-0.06718948768882038,0.7182617951934751,0.9620071084862308,0.9112905753790927,0.8916405520366029,0.8177338390909848,0.8394113339096204,0.7923957745855771,0.8764891621591245,0.8786744981270732,0.843292482164544,0.9093251183560342,0.8620576140895437,0.8826535123278803,0.7864584071796163,0.820889941450834,0.8215961074491078,0.9103576758180414,0.8661712382860473,0.7597899791537719,0.903433680496592,0.7791237232967902,0.9105277783662076,0.9299930016263027,0.8950320191702035,0.8904924002375159,0.8578071489359802,0.833481904056617,0.7917505222248484,0.803068505035264,0.8228679397408873,0.8406253264214896,0.8399830141998513,0.8172419331070641,0.8650527927309603,0.7950867387977182,0.7748585303613595,0.7979077613655811,0.9210986581526623,0.8178505124328279,0.7628092197752574,0.8661323935643817,0.8031481735166384,0.8769896603582984,0.7944051948723106,0.8792964580530488,0.8499741124124144,0.798064310613887,0.7066595577237388,0.6119287366528255,0.7032613470438795,0.7116792945855281,0.7654230198910007,0.7752358829497612,0.7942926135220106,0.8843832882147395,0.7517799974981563,0.6459205839606865,0.527500272326039,0.8923193954622349,0.7259552577275575,0.5847136571078632,0.8117713609741247,0.6788477983543598,0.8450841898320572,0.8403204756876235,0.864556449582278,0.8992145178204888,0.899571353614038,0.8138234003561423,0.5827194066920706,0.7859458327301121,0.8507956975149098,0.8519313000688042,0.8210832359319643,0.6416657407213182,0.9275877193870693,0.8549752085925488,0.7600900232445709,0.5997147754644097,0.9310201558297596,0.8365000607858736,0.6313210750608697,0.8954309495634223,0.6112315585810133,0.6901916404563089,0.7799049392286569,0.6914229284101413,0.7043819030415717,0.8265161539055326,0.6529154240014455,0.4072174809376175,0.6631645045125244,0.7134924943104568,0.8349274712268973,0.7630102600493833,0.5509376046097225,0.8396777662589899,0.7181018609084029,0.6283897370692653,0.3799787864962299,0.7991930138221185,0.6473568785616338,0.3753921034534189,0.7118714959037796,0.4537847267605909,0.44105225286514194,0.821640917380821,0.7664025337340752,0.822116069742644,0.8022075223985812,0.7410871366575271,0.5190863535474033,0.7778215910547728,0.8317231037926843,0.8312197546944444,0.7405169363070055,0.6192576900794393,0.8375618506188427,0.7810421944968996,0.6806318343211124,0.505239888217777,0.8775108904967563,0.7794912339320743,0.5336646822084636,0.7977130365249605,0.5372088563820687,0.4502651458391909
yen,rest1_vs_type1,0,Rest,Rest1,8,0,35.140021999999995,17570,20070,0.20502927401146742,0.21594053076893793,-0.010964990166994149,-0.009017920697138138,-0.022455088370460174,-0.060038904369656976,-0.08150247853087844,0.19304959744189398,-0.007557912053311355,0.30519536517121004,0.21070639350613174,0.36864758920923,-0.12442549925660984,-0.03645084863062209,-0.08738225330195704,0.06000867054407921,-0.02961299702926512,0.3912186495272021,0.9328371456980579,0.9647119193002699,0.9226954022736878,0.8711361030267839,0.8628159476770589,0.8884880672114122,0.9303130214579157,0.929637526829211,0.912904671246866,0.8790519889058723,0.9153102368497138,0.9405423690456524,0.8581838602609931,0.8520046251469209,0.8841010480958552,0.9518411025358472,0.9218695915002876,0.882581114182227,0.9642447799281464,0.8772198785228129,0.9079720909939196,0.9226737250504781,0.8738007753204522,0.871097413340272,0.8515201135001808,0.881025822847291,0.8655967786140304,0.7693550830180301,0.7631493836277378,0.7996751169810412,0.8599144435575139,0.8833542208612631,0.8912194819640972,0.8228965713434899,0.7859755309256695,0.7727399439724897,0.9301076108101841,0.8477147816539958,0.7651360572146647,0.905349819425695,0.8081708281009251,0.8983876245040529,0.8382837421289651,0.7919353621267459,0.7554128215385582,0.8082158366393664,0.8479330609302634,0.805610085794688,0.7454510807167659,0.7354308393079183,0.7151679168673912,0.7481376994027273,0.8077829400243768,0.8250635964913015,0.7063448218048433,0.7648300239028102,0.7695477668040277,0.8717475424500124,0.7528039820027143,0.6860888852756818,0.8274654960189807,0.7085797512757851,0.8653137545780385,0.787800215448657,0.8493213858219584,0.8811618095716555,0.8701213834441509,0.7960675697854956,0.5912075962364773,0.812456930550336,0.8255638528829184,0.8387556627066498,0.8005453256543076,0.7838295906404508,0.9308483729758383,0.8692923955233136,0.7583827945860863,0.628445134525369,0.9364236505356354,0.8269377279449859,0.6174391556823493,0.8775662485647113,0.6792356159491642,0.7280287998811396,0.8175284764972346,0.8189229287339496,0.8337256672558875,0.781789542264696,0.7554514270066666,0.6643805449001237,0.7270599116150662,0.7462863361354938,0.8137979879050563,0.8570724334969134,0.7481016047700908,0.7863108485828961,0.7407681901454392,0.7440887488596318,0.5968599777275049,0.8880032047027479,0.7541640805101982,0.6281186908308662,0.8370368180388269,0.6481131001118879,0.7218672616230228,0.8458897962434244,0.8437924273122169,0.8724041580328159,0.8667216373486666,0.7971577969286667,0.7802922498040684,0.829353481929461,0.8985645357148537,0.9163296160430416,0.8750945098952803,0.8064034527304508,0.8931214456813987,0.8677770004524943,0.7787235550433979,0.7402986326633021,0.9410998137576315,0.8720529121666776,0.7861872076313473,0.9015375877287587,0.7823079105968811,0.775786107938599
yen,rest1_vs_type1,0,Rest,Rest1,9,0,40.168724,20084,22584,0.28600926727196185,0.24547601318775314,0.07717507024146864,0.150783195074204,-0.08962625566666516,-0.01896271248703041,0.3461865543084688,0.1768666030453252,-0.02897418220752801,0.23053356252412982,0.13989938706030092,0.2658176612413796,0.5711961869598712,0.07032467761384975,0.18309443741904285,0.3327737799178019,0.03287289011890815,0.01867205735177313,0.9172993313858804,0.9603926586436133,0.9504243623783629,0.9111546219834432,0.8482683381501733,0.8549229119872502,0.8272663761209192,0.8612288985419734,0.8521506430135904,0.8899429324265047,0.9538751826521785,0.9410813670160835,0.8865522376343662,0.7820342594743918,0.7643083265002852,0.9658164982921955,0.8595954947887633,0.7950771237974903,0.8366560633370739,0.7873909905549958,0.9204461268720309,0.885607222428776,0.7716830770585895,0.8346582215407681,0.7566570500124367,0.7908790780874839,0.7454527498104783,0.7477030662035553,0.7751336418491553,0.7668637789351044,0.877813307715441,0.8784314041882118,0.8930744932688142,0.7611230662513928,0.7017679182156505,0.6691893986841801,0.8893085267357467,0.7972543693226544,0.6694209272695537,0.857807434687788,0.7497490743814617,0.8845550344482307,0.9284040121693086,0.8388267852796849,0.8965781433837037,0.9168829818164836,0.8796609858330766,0.7590891651776663,0.7588077637035687,0.8152737245950306,0.912779998442764,0.8983285498205413,0.8327996642629854,0.8981757071074635,0.7937102676645972,0.7180474434962213,0.6614296177668121,0.9075593924534768,0.8145575969310058,0.6783065070546951,0.8596758936945219,0.7465240871689456,0.8474333697588958,0.8494999539624726,0.8305020759248815,0.8578418426179839,0.8396859457232058,0.7746618533105905,0.7673588353684043,0.7477880257516147,0.7793759278828136,0.788908870230678,0.7960221127154833,0.822910214756007,0.9112645810549282,0.7815789174815092,0.7793760989857098,0.7499727755570988,0.8696961897865024,0.8331384461000808,0.7779199554803609,0.8830034697953434,0.7904171809479102,0.8502640691515154,0.8393039091393619,0.8146919104010149,0.8563817084956081,0.8396676413329444,0.7643257215576564,0.6957207440975585,0.7861050433053767,0.8481707642193898,0.8360627165903558,0.7824168804552594,0.7720978890356888,0.8171170987593954,0.7500147146994173,0.6868513154142584,0.6598526155250325,0.8928513502453583,0.7644495603552844,0.7078177322634708,0.8548057615846262,0.6920759843385808,0.7095045588737606,0.8675346860520086,0.8071387861024165,0.8709779059391023,0.881852895592708,0.8208989144295576,0.8048361797408173,0.7655610481019695,0.8049894541004471,0.8627479108453487,0.8563155871843032,0.8655992792271512,0.8739845389299732,0.7837502988120228,0.7515959832768849,0.6891104613687615,0.8812273130327473,0.8112635339614055,0.7646110202407002,0.8801016152626989,0.8381277424696946,0.826742821036059
yen,rest1_vs_type1,0,Rest,Rest1,10,0,45.172395,22586,25086,0.16139208850470865,0.20134199359804228,0.29510968061295406,-0.1397951071828154,-0.1749092396319849,0.04768727924755334,-0.04881635528709438,-0.07634191667197499,0.21141440692245483,-0.22670332140945648,0.15902222959047352,0.2174203647517139,0.061340562455214354,0.1085402933582742,0.19937266516799568,-0.10910286146213899,-0.1644796520278642,0.057872204094316704,0.9311953344952825,0.9506826375525432,0.95699118468168,0.924672634759261,0.9716593069850611,0.9359174464460577,0.8585958857979544,0.8752429161887743,0.8534899015518644,0.8976595656059544,0.9541536445985513,0.9838856663696215,0.9341424044726372,0.938631346087608,0.882022948618818,0.9615434242405354,0.9449350563897257,0.8918852187276157,0.9301072945929252,0.8782781495390997,0.9233135504152906,0.9183291763732085,0.863299818052387,0.8646568875410457,0.8120247525108352,0.795985764670696,0.8375344899188587,0.7722478296190989,0.8111770054729115,0.7833687370079605,0.8188854838962751,0.8694263349688164,0.9155613408725596,0.7651180692431413,0.7087294993444891,0.7221809624809309,0.893899419621972,0.8166821802400417,0.762196137189369,0.8579104572580433,0.7786925296512981,0.875621779088933,0.8120611166662449,0.7664052521986511,0.8841755445662528,0.8105874719998244,0.7914651352699793,0.6642585240499411,0.5970705702486117,0.7057975118658726,0.7058190525122561,0.8285255697625491,0.7817237592849213,0.8487883782016215,0.6780036262299048,0.632489800923678,0.5245798845855406,0.8548382489427544,0.7604143089355975,0.5857361506985405,0.7846855193473091,0.6091640131383064,0.8234724605297689,0.8200884176636072,0.8029972639215772,0.8545000653045262,0.7756445292496116,0.6700639073722713,0.7215789902435752,0.6879578445859862,0.7020060429919155,0.758516348435254,0.730566110263923,0.8054063902853886,0.8730030969990552,0.7020425996292996,0.5674998863911733,0.5748938397641434,0.8289796244886308,0.6367394112953119,0.622064757998264,0.7606878372290726,0.6811577952776626,0.8040999168583398,0.7352314968448205,0.7291689040291459,0.7947121028198117,0.775623015747125,0.6768046198964812,0.6145842421663391,0.5691073285919508,0.7247930174272318,0.8223363765705687,0.7444442421083292,0.7122391302152777,0.7936062264195703,0.6627755587087557,0.5780938798439759,0.4725078887022927,0.8285081167134091,0.7093194852510151,0.545388328690181,0.8272902256489357,0.6265900028610474,0.6527696003375777,0.8689258636300864,0.788270963436725,0.8239841439729987,0.8231150593403851,0.7844928949068939,0.7783101027400293,0.7304895719698753,0.8289081773118703,0.8540832809051365,0.8307951850251978,0.8407337626529044,0.8384214667246629,0.7719898755057122,0.7584916072051412,0.6890330366489719,0.8998052758797904,0.8405983358776552,0.7894076989052689,0.890649538525974,0.8349956028555379,0.815775399686686
yen,rest1_vs_type1,0,Rest,Rest1,11,0,50.187884,25094,27594,0.2718746094146143,0.25081162663522427,0.05971589575515335,-0.033824794196420704,-0.14284061714330853,-0.18337094528706954,0.10594674131988668,0.12722064535326538,0.28469505679094853,-0.014994579512589645,-0.1065268136612989,0.10288306340845521,0.16449487640856297,0.23549960915953516,0.10506559124073966,-0.30677235741934483,-0.12368586709222384,-0.037420167995864784,0.9447969407074457,0.9110498437222301,0.9166641404113118,0.8980375117649233,0.8719071081488183,0.7472130371695717,0.8233698400648819,0.8386182728741671,0.820369327570208,0.7919713407852709,0.7746104738972439,0.9663650417966587,0.9060687355665413,0.8787447032386742,0.6891715054027524,0.9574921072228786,0.9045501064119504,0.7083287046994856,0.9422072682562664,0.7774132104681455,0.7661729423229003,0.846089600100919,0.8747387001232569,0.8626165571885108,0.8267755162167508,0.7514189010654853,0.7340828226575267,0.6372037746024376,0.7166037005754908,0.8224932131412298,0.8194371833132201,0.8100700828065014,0.875901366877471,0.7012553266478917,0.6148511061903994,0.6457304349157924,0.8687166221867073,0.7302908530993993,0.6423837966211082,0.829590018988879,0.7170822821272055,0.7867587543265834,0.8691766328514638,0.8435600028228107,0.9191472174681157,0.8646460577248494,0.8188609216492121,0.7427588586518841,0.6865803105065241,0.7674145665684416,0.8453983155568293,0.9058215440361449,0.791985068722221,0.8735227463670895,0.7354769604809712,0.6767008638123941,0.6782151108582426,0.873656663280423,0.7408281350385615,0.6704700360055939,0.8037877563716682,0.6825836403486102,0.8759038495825119,0.7540350149287269,0.8169960136563953,0.8198076890260572,0.7544134781129156,0.6800192961459055,0.6899112077893874,0.6708903677998181,0.657365133016223,0.7167518252533611,0.764420384406214,0.8342638008899026,0.8243362829804755,0.7211268718801209,0.6553382962358141,0.6441472883045061,0.8145939324641622,0.6814401956237001,0.6224400329176611,0.8450665164474036,0.7338948355602112,0.8448943719122645,0.7487764099657815,0.7390032613910501,0.7660365909168727,0.7600270732026628,0.6462652702788154,0.7136121046861642,0.6844176044330716,0.6937008856267625,0.7811058157960636,0.7618827319572076,0.7833603432849955,0.8342944388698557,0.7367478094021295,0.6093587126712374,0.5709151377549702,0.8657934275624596,0.6546705841367428,0.6288264734746268,0.7906896291485498,0.6739130484109882,0.6495829306208322,0.834253938780235,0.8030241530442984,0.8816006792018415,0.8370938828820893,0.7973461571585565,0.7516547515346468,0.8009448917663753,0.8652952912846581,0.8667586132051348,0.8578632482036889,0.8538097990720153,0.8687308192967336,0.8167871265747859,0.7761467250703366,0.7555085509726286,0.911219840827037,0.848913072730302,0.8020584182961868,0.9053673348062699,0.8222991695463762,0.8575116009132452
yen,rest1_vs_type1,0,Rest,Rest1,12,0,55.190212,27595,30095,-0.0030137206981537545,0.07645667037751025,0.07610610678591012,0.04031678888967338,0.05327224861305746,0.050769977176942316,-0.41029636454790896,-0.17905208974046927,0.24906049753541248,0.06733431390964739,0.22161010996494923,0.12319680151800627,-0.8969805187092081,-0.42153745598445447,0.06648938543880378,0.0019786599549167505,0.03422564396144612,0.11739625439429968,0.9621163966121775,0.8954612998523164,0.9450676698799059,0.9432485060234326,0.8468916026284927,0.920063265347986,0.8547437570439671,0.9057864863617097,0.966325291638038,0.860361987341321,0.9234943832879143,0.9329320593603817,0.8556229933330941,0.8205619035255511,0.8761119327869795,0.923422483334707,0.8720489538843629,0.945296324594971,0.8682931474633631,0.933577411418669,0.8904843445063956,0.8534637548195625,0.8045046867377679,0.8635375649289706,0.7353571040143294,0.7844400705552743,0.7125322586345602,0.7366766853884024,0.7389260656929647,0.6473555878061956,0.7837298637692603,0.7737264339846989,0.8231207507709082,0.6184126723571182,0.6059873698363573,0.6063376004750709,0.8039223339888685,0.7284870272460346,0.619315812146637,0.8374136597647418,0.5486253759862436,0.7414702225630796,0.839441737642666,0.7535014746483699,0.8102215796224115,0.808350596901023,0.7010906648728745,0.6315215649589325,0.5775370694635584,0.6743279952096515,0.8054013402810721,0.8188244512285742,0.7194051181110818,0.8830647313175245,0.6646978298685589,0.5492242164180233,0.47906241055455207,0.8108441632558863,0.6247351747786882,0.5528596895483849,0.7885195628768698,0.6834317437615899,0.7723925250723015,0.7894380922010822,0.7947395556550092,0.8140097906255015,0.8293571508578025,0.767600401996787,0.7529851213163553,0.6554536001340089,0.7345168992694594,0.8064992247413804,0.7883481602773006,0.7836289101104752,0.8026885042148603,0.7456617312766067,0.6895474385897099,0.6891848885454364,0.8771036577317113,0.6829267091319746,0.6426959892396095,0.8039084230889834,0.7348720944170408,0.8739106484060488,0.7531689816471505,0.8233352526976861,0.7448589834785935,0.71252160525993,0.6414222758801319,0.6881937755386621,0.6440599744387249,0.7250231178451251,0.8017665864971374,0.8159774318388548,0.745038088137764,0.7889651823647215,0.6657372692785241,0.5757421272890427,0.6243090086471589,0.7894441248453161,0.6779878545779281,0.6507802226757121,0.8457971828560528,0.6508974939055593,0.6726410055325102,0.838472828031668,0.8262161989230177,0.8083871119321607,0.7938176311677825,0.7874443183411443,0.776892467985399,0.804886603610225,0.884757463162107,0.8737491837845909,0.8563004691231777,0.8496923232106042,0.8737756205847107,0.8341975272324834,0.8067070155907232,0.762169049144479,0.9235315721141102,0.86680117707489,0.8644818382747854,0.9253492412505832,0.8553412652459154,0.8446657398422716
yen,rest1_vs_type1,0,Rest,Rest1,13,0,60.193491,30097,32597,0.21893906237006977,0.140836424909903,0.1563242712745767,0.14053125971110791,-0.13965294442924847,-0.09987212341273022,0.35753603497979825,0.07452551674584962,-0.14169589167718666,-0.01902830007475176,0.14645248320067816,0.13190686228044202,0.3634125499323355,0.15305958953019427,-0.25447247174276866,-0.27004410375913945,-0.048878520609892284,-0.18058995100464958,0.878308200493862,0.9155212701585644,0.8995375179510439,0.8896737786278557,0.815644620458868,0.8923571310144266,0.8321602882932663,0.8314560027735944,0.8204232622718963,0.8045761660445344,0.8956066289107535,0.9295516324278299,0.8809261183819953,0.7591615372146331,0.8691177466872345,0.9723249017921234,0.8734897068945023,0.84845346331933,0.899119411779759,0.8533083120017642,0.7783901173030122,0.9357444450589759,0.8724732445110025,0.8403885288251097,0.8404772545958019,0.832172607374686,0.8157689926158448,0.8066630656979936,0.7682032603917899,0.7839399732558102,0.846128771062481,0.8761301483336024,0.8720975499267485,0.8165568370916988,0.7853150350191647,0.7339478267355336,0.9388419796685212,0.8188347432048063,0.6642014818948663,0.8100897817776246,0.661395802659989,0.8347911436648188,0.813973977824619,0.6776974054917267,0.7651815518734848,0.6961937998371461,0.6183003295870095,0.5738336248545431,0.5658291046580052,0.6716804335022065,0.7014721954854347,0.7653828234992235,0.6826451289468256,0.6905584840545365,0.5366267879511828,0.4192820277794833,0.3944295618603649,0.8489411782959433,0.6677678517555362,0.5568611651103599,0.8250648349512448,0.6117573686248777,0.7137013058340849,0.8281066228052028,0.7444974576203226,0.7639557850704026,0.7886936024122281,0.7431030983135274,0.7261816938572149,0.6861718066619488,0.7585013172476174,0.8030446544945762,0.8111018004670257,0.8466870899466428,0.854549837189798,0.7859092893887047,0.7062503733502692,0.658833522895859,0.9082517941024894,0.8152423342973646,0.7145863590142428,0.8671071721707,0.7662056929751627,0.8072366671466122,0.7702884186629889,0.7223814024820402,0.8150735991525105,0.8356462400270814,0.7484888304016671,0.7290585051930032,0.6969092675149615,0.7678791724724433,0.810019103888293,0.7925967257592641,0.7706589126913693,0.8253453298527204,0.7620123630972896,0.7351258070833366,0.6356073290553901,0.8769560913032483,0.7846501507168271,0.68530499828342,0.8473845186976521,0.7603958129394276,0.7158829478344196,0.7796357311588384,0.7867722613135935,0.7952816705798448,0.7737988437982681,0.7056322087867257,0.7313302206160698,0.7997874401691274,0.8397027106520649,0.86026181855214,0.8170927544213101,0.8395893750447673,0.8950254926722977,0.8353407946001441,0.7573910112998319,0.7406420582383116,0.9143686696974133,0.8065943004188834,0.7805707984796839,0.8749988475786777,0.7902571507920803,0.7757998276095724
yen,rest1_vs_type1,0,Rest,Rest1,14,0,65.19998700000001,32600,35100,0.1856228758794174,0.12035292065178815,0.059104523315825386,-0.04693561465263363,0.00917024908085251,0.20132204923459174,0.08627302291066208,0.04045726212010159,0.009097114479255985,0.2708111534626201,0.7385529557156816,1.347731283454542,0.24738433997447284,-0.04181935100158363,0.2801120243408928,0.6402253287115216,0.5675914437130474,1.211974920353796,0.9739511238634998,0.9264947777039791,0.936288327593717,0.9016816588607017,0.8742491231543609,0.934549587583409,0.8684597105536962,0.8794221204654208,0.8754275543596661,0.899506529959568,0.965827414613387,0.961671980504602,0.8468964066500424,0.7670357058741722,0.8114364881903818,0.9144465807944067,0.841183333354221,0.8612086210444366,0.9441028477477489,0.9162920518566076,0.9472031828017663,0.9453488844703464,0.964946723774214,0.9081934980468201,0.8949585837539586,0.8474528254773127,0.8121074285264802,0.9180417830048638,0.8420232661548531,0.8457625154062753,0.8775834555412323,0.903110292065939,0.9392089856921316,0.8845976030538314,0.8273181796096702,0.8015225552394499,0.9444758114539824,0.8325947757267793,0.7246636817904494,0.864425508281239,0.7292313412615018,0.8616723445988049,0.8622313761474304,0.8189873916044683,0.9131804552044602,0.8275328230033124,0.7354602143534955,0.7426899431056251,0.6767364095636925,0.7861309752377389,0.7934876360876277,0.8073255362330402,0.8280435574250598,0.84334389079971,0.6865060935880364,0.609655989905784,0.646579356053082,0.8546816207415471,0.7213212181956598,0.7147203594997299,0.8323188977424077,0.7132958044453989,0.711343541947247,0.8519892756299622,0.7555485076512394,0.8074543156871559,0.7981400353764051,0.6863113176602594,0.602341706295869,0.6781704051998988,0.7061809133818225,0.8056736297106373,0.6959656220931135,0.6657626084573043,0.8475389474323154,0.6854271999090591,0.5722290713802454,0.4893845166759285,0.8348345377270711,0.678481172028434,0.5367360093664634,0.7896272349531742,0.6036880105308383,0.5996572012657472,0.742079608182778,0.5921305956828612,0.7172786119046664,0.6962555015003682,0.5602028295079796,0.44055638327681856,0.6411939374081044,0.7510911897100622,0.8228043252531148,0.727124831289608,0.5768498647779727,0.7146933146591877,0.6739911006684073,0.4798061253270949,0.35782994509011434,0.8280844891667705,0.5873443848332035,0.4355202686857365,0.7115282954070165,0.43793600743604993,0.36067213869316583,0.8169284744078911,0.670149336105414,0.818850507064718,0.8615682460016586,0.7015349114570035,0.4794502454084297,0.5995662115429734,0.8175761825888184,0.8711026597881915,0.8009198281306399,0.5235267144908269,0.741036161831892,0.6329364582055164,0.5095254633719649,0.3727167273705566,0.8538261046240664,0.6757740106626909,0.47645883018503643,0.8175258633062298,0.4334728840775399,0.3453990854135507
yen,rest1_vs_type1,0,Rest,Rest1,15,0,70.224627,35112,37612,0.23298450340498622,0.12083404841370893,0.006669628626756907,-0.09793248619556971,-0.09058690498404065,-0.12484251013232184,0.14263281482958945,0.00541332446197984,0.031579452688485166,0.0378498712468458,0.1096759491104966,0.5123722329677078,0.19393600843557124,-0.14016074264131895,-0.2826342852867887,-0.035905021988461794,0.059365341491534274,0.166162962317284,0.9595308160363999,0.9066067194444295,0.8957634001015056,0.9425347452583749,0.9126804005697229,0.7656823123339713,0.8546208853445112,0.8760204734938914,0.931860456355239,0.9175960802430717,0.7979544586631774,0.8678606168988924,0.8140608117063122,0.7840077738868193,0.6600171764723431,0.909030221452571,0.9043858509053783,0.7688959224687286,0.958414047775616,0.792154325892762,0.8217166762114506,0.8015364433934913,0.8269526405743934,0.7622763433508124,0.7455960319601932,0.7651201612376911,0.7073320897796241,0.6820190165375163,0.6175410861204518,0.6412710282913374,0.8696359042376816,0.8312659810756442,0.9355209445239216,0.7722967757947574,0.715650251319445,0.7026493479422102,0.8520936882453981,0.7014734651397465,0.6424087854745221,0.7794386321264561,0.671962309173485,0.7984098703610375,0.8746453932340612,0.8116967509873875,0.8830999444483258,0.8204202810172413,0.6761158240973102,0.700692294758767,0.7039367241384897,0.7713162418081333,0.7568822922493864,0.6694333936358116,0.7225431593730068,0.8132577221774255,0.7534071362151631,0.6231671878505995,0.7046585089668386,0.859845982250408,0.7087142307778647,0.6750877914609907,0.7809272279504093,0.7680737802033649,0.7986790861195877,0.8436217133264978,0.8678554331257196,0.8710174288840254,0.7666458796952588,0.7013768771937804,0.6398741946374807,0.7981328638728739,0.8059595850532174,0.799969967110216,0.8197161836288415,0.709513226516911,0.8822096325041112,0.7442295829844808,0.6771686490732042,0.6527569849764608,0.8762335256937847,0.7307653714373324,0.650179323647997,0.757143554089363,0.6764373698248524,0.6975492085622842,0.8180215764312572,0.7709567151665112,0.8511940542689362,0.8235761070652002,0.7078299095268612,0.6737950171959513,0.691465609517959,0.7695321059640684,0.7690870901832737,0.8319536882933749,0.7651620762775905,0.8186857611480126,0.7300072486781218,0.6380935219286257,0.5907909918678176,0.876150895336527,0.7649365178110419,0.6219719367099613,0.7860317300805566,0.6034062831640521,0.678518304090737,0.7242068342078615,0.7120041983681551,0.7101159615961602,0.6984658930306678,0.5705890010542294,0.5072082301072431,0.6638970826027897,0.7841761568177372,0.8054194998878664,0.775286701835122,0.6076589892018005,0.7790749079326168,0.7210096466086652,0.5901428557049293,0.44162969092592474,0.8742155933866459,0.6962491668183491,0.547911948217496,0.7891986856032513,0.4906968472007491,0.4352488061125434
yen,rest1_vs_type1,0,Rest,Rest1,16,0,75.24056,37620,40120,0.1201063943672116,-0.0008388363014777411,0.25773583813731404,-0.036327865704980145,0.10913495720041588,-0.12809627298173254,0.017374304628954285,-0.09554708188788696,-0.0019093244410268717,0.08735906146667105,0.41675366849665263,0.3135663246243503,-0.10953729263359335,-0.6447604260134234,0.1252486720927224,0.11969092402799886,0.11337738438824374,0.08457218846542292,0.9852670314671654,0.9690827099240706,0.9434309213068124,0.9191806086513568,0.9437275601168971,0.970076083097145,0.955151668109834,0.9320922999774901,0.9186272291055168,0.9383441072167348,0.958336106151479,0.9822680846680873,0.9628904813478548,0.969306475298509,0.9466388693841646,0.9881377030891143,0.9586979018889137,0.9107135628831751,0.9528748348395364,0.8849313125221063,0.9493148843513596,0.9106171795263301,0.9268978757724374,0.9103870618300334,0.9168018494812693,0.8554689696661949,0.8467365760796955,0.8634969773768902,0.853647477226725,0.8645932503667735,0.8677458694292391,0.9124406293193094,0.9285725954002427,0.8992066511212653,0.8191726606586284,0.8101409198761522,0.9373792333487176,0.9002045180922656,0.8138571698741808,0.8839074469648469,0.8226815559327929,0.8640643998161193,0.8258246949661732,0.8724746333979417,0.8451301029464835,0.8577460976960923,0.7146909951731683,0.7083896850624373,0.6545892333526232,0.6044320609833118,0.741669410452027,0.7161916982237871,0.7680157379404361,0.9151976500545457,0.8325742248613945,0.6295302454899001,0.6032766509970893,0.8686838113868819,0.6926130749203889,0.5595542611171992,0.7881231912117155,0.7072313646367387,0.7512077991927354,0.77827550414319,0.79082822780569,0.8396299796983281,0.7577644613005573,0.6354111808070808,0.5158356520056356,0.6787195006917714,0.8039291477663203,0.8044247938679713,0.7282425794552876,0.6533795323385191,0.8501079879247577,0.680898027493125,0.557301870382244,0.5333476794372556,0.830641215357986,0.7011035069796141,0.5391902048135987,0.8160008488127238,0.5662664925909832,0.6043749890204202,0.7778514366601158,0.733261199424817,0.8065416778159012,0.8207340683028912,0.7166489452460003,0.5536046440996075,0.60435739307638,0.7094418576551221,0.8090265868749124,0.8094447268690527,0.6974693996318149,0.8069379445796111,0.6748959443259035,0.5083774924349171,0.46464406302173494,0.873481526289857,0.6922920006629641,0.5065385644315017,0.8296766074437459,0.5848301512964095,0.5744210745391299,0.7855686700087569,0.7705408016729864,0.8027069210163532,0.8130273290063724,0.6833215401294138,0.5810571875242555,0.7346881886427434,0.775776267760075,0.8111051800308097,0.7419754596885038,0.7115867740665812,0.8320702262848383,0.7683027907185624,0.6792696649989917,0.56917910316123,0.9253371013336207,0.7370161488775049,0.6017578870955959,0.808482415034899,0.6178671132804304,0.5138840919356308
yen,rest1_vs_type1,0,Rest,Rest1,17,0,80.27145,40136,42636,0.19460080129568968,0.1418965195410289,0.10557488332851017,-0.10479613727425896,-0.08199567339192049,0.0479084533185139,0.21343873727581286,0.04524380500402447,0.08045417078810191,0.09293973694379698,0.4690710352754164,0.8545857493025597,0.13148436348265857,0.003141604439846013,-0.045140018487670464,-0.13454037965033194,0.29762255704890395,0.496777960410272,0.7882054899589981,0.9381516906807269,0.9390216044273169,0.9345690219136498,0.8703033481055059,0.8118565325127296,0.7370955542719968,0.716396936861722,0.7434465586177362,0.7643741943364389,0.7740175379477198,0.9604036833074727,0.912544030103398,0.8381877951593619,0.7841929604469378,0.9765429846347796,0.8766021034634441,0.7824049206123549,0.8881859567145776,0.784951411053599,0.8865967963679285,0.7639679963538535,0.8148424047481563,0.8294019903910674,0.7731159007364956,0.7428858145146604,0.6209324608991094,0.7006713647430836,0.6659701095682027,0.607990825712454,0.7881065434569424,0.7749992065265691,0.9267431435742581,0.7698864354721126,0.7199684602281654,0.5854677101633908,0.8865446265160124,0.7343711411747358,0.5648374574188888,0.751356267165606,0.5619621498640405,0.897178121463604,0.8664871333586789,0.863211438252338,0.9073554722789092,0.8782870198271742,0.8549267778031284,0.7811327767888375,0.754978187076932,0.793097171350172,0.8283449179057532,0.8601939173601791,0.8734965174682554,0.8977466529765609,0.8300849116770046,0.792705189466338,0.7219836182191433,0.9383703959153283,0.8930994248702585,0.7846463056499806,0.9088896405617839,0.7935086340538956,0.8720710536696148,0.8658645481519371,0.7415142365856682,0.8850526056622022,0.9007908692667151,0.8028443078080071,0.6855250800930025,0.6434718630515959,0.7645103147775263,0.8301780262546699,0.8559700090620115,0.7511536835176587,0.8203771493865344,0.6693696446172804,0.5810208208543295,0.5609265736758086,0.9013881192296593,0.7512012641003719,0.6084807747376294,0.8601348597095639,0.6331658332639578,0.7000331293265727,0.7611350363299102,0.7188539162131304,0.7688639335249077,0.7486331190056806,0.6471621854951025,0.40718938405451777,0.6354929447725608,0.7583950114589199,0.7934779041086871,0.6764620735167027,0.41262236289579896,0.8307832965387343,0.7570577942624143,0.5253909218978823,0.32023518194908535,0.8621339535913017,0.6296403923241521,0.37004325424312623,0.7445822068695295,0.38217608624517324,0.32641441531661525,0.7903539472008564,0.744038392690769,0.7752887238300454,0.7805493305847923,0.6845609094463817,0.5119584407739365,0.714798494198596,0.7713525601559494,0.785591153689271,0.7320650792472703,0.5388500252537051,0.8311727872399062,0.7118000256032143,0.5844778305585581,0.5233142946579651,0.8757479746581168,0.6694583281699527,0.4885306734730146,0.7799358783778298,0.4845878396637974,0.37208917801993946
yen,rest1_vs_type1,0,Rest,Rest1,18,0,85.28408499999999,42642,45142,0.2126848864682751,0.005981358331607289,-0.04239143556407621,-0.0040326600070104135,0.03475301235375294,0.04597242721063788,0.09426466398143951,-0.03042970424883995,-0.11580425614354084,0.08496775805851087,0.41634412465764736,0.887590337534208,0.2293059878046826,-0.20204908873836702,-0.36155584773915983,0.15155616700417385,0.6209050050773173,0.6511893709887886,0.8710402226220894,0.9602583259869181,0.9299219777620313,0.88636459306417,0.8582412669975935,0.8363081121373882,0.8780082502189129,0.8846958949473707,0.8900274800643327,0.875586030089872,0.9354551755826205,0.9481796060677171,0.9015450047444128,0.85344845071205,0.8313050037928437,0.9747151574819352,0.9298887519120204,0.8710075043961187,0.9427297418490335,0.8892548742667187,0.9220726061964847,0.8741532736411648,0.9573998309664828,0.9433089910504928,0.8607050175177225,0.6973893664325459,0.5765927193539826,0.7919555920983216,0.8544407852722591,0.8488052886504419,0.7976395227835771,0.7236605667479988,0.9454465743064966,0.8289882661841739,0.7016041551887445,0.5800328359103409,0.9261124969339715,0.7591398509189183,0.6343068498559735,0.7910041174628656,0.6718111818016541,0.8772168916445404,0.8134253121274301,0.8673414711827868,0.8783977382024393,0.7728207769661823,0.7858826425146818,0.6932702972653706,0.7464921948532742,0.7904684133147936,0.8075447933028013,0.8543299099984868,0.8312218186788325,0.893022227219187,0.6884003920443381,0.7107778588015333,0.6396056384105735,0.8024931335512738,0.8022142014902496,0.6918069733275388,0.86113198357715,0.7140511252619299,0.8048426624727996,0.832855109898169,0.6599158676856227,0.7363390333261167,0.8267277284135464,0.7610241477661296,0.6256980015535842,0.5468553193596046,0.6171953212684114,0.821705183338051,0.7978691412801212,0.712242845386766,0.8334084091929005,0.6348521494188218,0.5343949773158038,0.5612367712577875,0.7689470965744991,0.6668098401109777,0.5544345373296895,0.8364908069743751,0.6293635514020229,0.6039172210759342,0.8681037697860136,0.7990203935989065,0.8879157663988846,0.8734451992600005,0.7206182051389126,0.545354338259263,0.7648988457698103,0.8240463409546555,0.8438293762749058,0.7458937106576597,0.6123983791133729,0.8392021335990189,0.7756397926135365,0.6108153623061204,0.5495694289557496,0.9354364335914768,0.7387263810740515,0.4986726293068365,0.7796732264213863,0.5063998054042956,0.40599112476425514,0.8287868291086251,0.729733298553355,0.8622206105286001,0.824983320814449,0.6848589135437227,0.4237358390584655,0.6593751929058871,0.7963924041780086,0.835070363453437,0.7602962695899588,0.3983600156501617,0.8442633730421384,0.7216075813344843,0.578329748919736,0.31064777938114246,0.8686365949179752,0.6862003667162417,0.38315396615971165,0.8045767923723596,0.3433714621524483,0.2626602665361988
yen,rest1_vs_type1,0,Rest,Rest1,19,0,90.3026,45151,47651,0.16128951862323682,0.14047997720966077,0.387919839050312,-0.12197649724114035,0.12632166816493529,0.10897662090739635,0.025236102899483193,-0.16494265632417315,0.4275521729775744,-0.14458196017611114,0.2512866989459348,0.6135354527829135,0.15238278936680238,-0.42953533135395183,0.41402354208759684,-0.18970585931361272,0.33312999474983007,0.36384891053866486,0.8584133418834328,0.8468884062698385,0.8049443913457041,0.7799178299173305,0.7055897914208614,0.7824025712400475,0.7863640432444258,0.840665292717021,0.8100714533224365,0.8210542319064207,0.8712727440124044,0.8655899560194444,0.8533310584704993,0.7059870471776012,0.660506581464227,0.930945768734005,0.8551603914822392,0.7483313328049465,0.8689541498165838,0.7384936227484465,0.7931118445322161,0.7932112176785607,0.8079219102794116,0.8002472592748319,0.7573959562883736,0.7124950821591738,0.6286794032618491,0.6411683683263992,0.7212237743820785,0.7580347246460886,0.7920821283436488,0.7055884603415243,0.883692925019946,0.7289890663949834,0.58653516875809,0.506454419674482,0.8870596337869695,0.7197986406855513,0.5913817548008294,0.7979860976912518,0.6585337347786263,0.8112361724189272,0.8618291351447379,0.690793855603488,0.7922532451148786,0.8230656821386395,0.7840815893004175,0.6362038809449563,0.6337020740591903,0.7129136593353985,0.8087343388935775,0.7921082231765058,0.7538286924261897,0.8594469865266212,0.6497621140214569,0.6522014514923251,0.4000574913250736,0.8359247264882521,0.7920207787174904,0.4831889260448385,0.7863689466235706,0.594223114262989,0.759260919126286,0.8713699302793672,0.8479298703258644,0.8622884238998133,0.8734191963272937,0.8145328955618762,0.7826373855267765,0.7434443557950999,0.8210152629197627,0.8591707071468647,0.7809727688554617,0.8104814458810479,0.8766080329961875,0.7730918213165611,0.7456069643264539,0.6605139807334909,0.8782118603312877,0.8071981668139556,0.6971247124757793,0.8560594319790792,0.7348812852358229,0.7785757444592207,0.8755703960089246,0.6652078425759226,0.8707187675016674,0.8715315776187083,0.7182628414947384,0.6397552864657854,0.6046465779149423,0.8173276791782561,0.8345944161280927,0.7357828746283741,0.6839921103764403,0.7426762617071324,0.6190832257492156,0.5400003923043931,0.4805153771893868,0.8852295623735057,0.7325257484171381,0.6158954971980726,0.7982902490966911,0.6145285781761541,0.5820485294787717,0.8232928140701349,0.7711061120753098,0.7915599364561651,0.8246977439241616,0.7510626987058537,0.5632205238579873,0.7415099513297819,0.8043909332285508,0.8524170864536791,0.7575978612018901,0.6172954644797434,0.8536301727324678,0.7854452184166536,0.6615304161284847,0.5433447298866104,0.8925977506304248,0.764665123028579,0.6345475992958358,0.807448771141913,0.6213610123818009,0.5105564367108048
yen,rest1_vs_type1,0,Rest,Rest1,20,0,95.311233,47656,50156,0.2853892071469524,0.20815631727176243,0.06647589901118733,0.02555576702286899,-0.0020539125170215833,0.09886954931876346,0.1560181972350696,0.08696505473045235,0.3078233815992788,0.221236717794985,0.03575218251181678,0.6209133260983606,0.34589745623242774,0.42325940068162016,-0.11030409276831099,0.12819501314417847,0.20825330793503571,0.3667455717652124,0.9672920892376025,0.8585915758411751,0.9159353848275017,0.884598757198788,0.8592782187041405,0.8020977612056462,0.8522697498450773,0.9054304019257503,0.9069847060886689,0.8840982491331932,0.8510761877179407,0.9339490861882717,0.8910607662850469,0.9299257971081246,0.8954404663186368,0.9586415870281157,0.9295583143611138,0.8551667225149842,0.9521784578208323,0.8863303198109099,0.9493571712071697,0.8917921601071479,0.8981781072764814,0.8818074828106288,0.8839151193277897,0.8041057475877554,0.765423267933858,0.8075893594931297,0.8029057461376199,0.8486346456004992,0.8426951990967839,0.8295920107152005,0.9151748250198501,0.7893589243300317,0.7178273464753222,0.7121681143271326,0.8757177801132319,0.8168155651289448,0.7377440245207361,0.8934248650564738,0.7699638668784189,0.8435748903226112,0.9209009978609372,0.886150712087829,0.8938909295841686,0.856988442827172,0.8625320341303752,0.833417388557058,0.8172242873284198,0.8531394845750564,0.833808179993238,0.8329189309406397,0.8400394047243127,0.9111770887599131,0.8008491300113372,0.7655556365128515,0.7593120133812845,0.9370566982464672,0.8392175244165152,0.7956102137254105,0.8878937159792406,0.8178058707850399,0.9087568333432481,0.8879122411293348,0.8343597049694398,0.8599438419243878,0.8796226351612981,0.7008384690823131,0.610783400304701,0.6992307589751425,0.774666919888228,0.8637767116906154,0.7784560339601938,0.7082569777768833,0.8882633971850847,0.7493205464797087,0.6060953370315989,0.5540774544450977,0.8856774676084297,0.6984493012505123,0.6193771705287326,0.8071568149006166,0.652149756169326,0.7761575942232708,0.8278779304991423,0.8057591097069161,0.8664605663035908,0.829461976104348,0.6479191024963935,0.5817049953479921,0.7222242400267,0.8214637822973064,0.8430637652859819,0.737939539685399,0.7058623723516844,0.8484039747522314,0.7410317495929496,0.6459496516758126,0.4738426698758001,0.881457304047605,0.7287117561819025,0.6106345977920596,0.7554986546406346,0.6593239827617206,0.5340705382071514,0.7842964275523717,0.6674868203800317,0.8069424364717835,0.8147452530869673,0.6311026090074923,0.5907308144485377,0.6624134877115069,0.7458588672239801,0.7552103629613711,0.6702362338292296,0.629695384267606,0.7583925533850026,0.7184579525927813,0.5586671971138362,0.509009708846051,0.8913490259572907,0.6929653684907191,0.5752498955713979,0.7298920287641351,0.5803046113086432,0.5048845916033418
yen,rest1_vs_type1,0,Rest,Rest1,21,0,100.340231,50170,52670,0.007805784022175466,-0.054514569659482426,0.17444192787355473,0.0317721488226721,0.12648710644175454,0.15998420469135777,-0.16683511224696002,-0.28784657658443535,0.25441740298204696,0.05764106304826733,0.6771603070110297,0.879923200146393,-0.6432196651588971,-0.8118274042772584,-0.05424499427269103,-0.4343830798764112,0.5000362487355456,0.5190191475849457,0.9212410507500097,0.9188341202524584,0.8900263622285031,0.8654725894118803,0.8318427337803349,0.7767410670203342,0.7906480505212615,0.7956389981527172,0.8236875524827758,0.8749071048060528,0.8659762577842248,0.9272526615856865,0.8547432384426646,0.7462876073535011,0.6608311335571133,0.9209786139776003,0.8082896887479977,0.6620385778103328,0.8395236235414888,0.7052149008720286,0.8636376584646821,0.9079939007239753,0.9118491434869986,0.9189856411821268,0.8862411753381502,0.9003791069372009,0.8465960410582013,0.8011213443438967,0.8275741144759251,0.8377399646391293,0.9151256445084563,0.8952190739852885,0.8907558805516642,0.7818205429314791,0.8172882181957773,0.7394398464795414,0.9194694039959889,0.8553947459686759,0.7646295689578553,0.8882241628568548,0.7897898652457962,0.8934982644843533,0.8073041916417757,0.7121827140105959,0.7452171859156274,0.8170910201091608,0.710772132822245,0.602091148884727,0.4898727165975421,0.5697387926776172,0.6767682980657629,0.8002489346910667,0.7302970819307892,0.8051620062821622,0.6094565008367624,0.44967425522411897,0.3690129662366442,0.8240315208486891,0.6307481380089428,0.37357273270119934,0.7199311819311175,0.5107977986892718,0.7090723341534049,0.7344464036217173,0.8442295359354318,0.875977895580534,0.7926534942573156,0.694547364466367,0.6521727468462863,0.6385038820708241,0.681085011851909,0.8160861480613032,0.8274092879129505,0.8085657610124481,0.8939177495261096,0.7312710591877993,0.6184875840936211,0.6088510236863258,0.8380317462716657,0.6818980879044908,0.6596380465876227,0.8490947023716487,0.7553860696483404,0.7798647324739452,0.7991646515617694,0.6851648559281756,0.792736486531784,0.8063913767911793,0.6422933449342206,0.49216321604735325,0.5779230535298404,0.7188202013867719,0.7427299692146233,0.6486081644962024,0.5050474774226842,0.7511763725713657,0.6468552815463493,0.4862068019703788,0.41478887085796007,0.8587933609478334,0.6339580397117758,0.48146426530320185,0.7614530379806099,0.47492759189785627,0.4170871538409735,0.7780637110903537,0.7182061405605837,0.8502049683367965,0.8144724600720945,0.63680848313243,0.5487556208643211,0.6061437659169946,0.7811432626055703,0.789238953803581,0.6603926042007159,0.5382440316565733,0.732844957331,0.6584332653773558,0.4836270367029716,0.4162250816067065,0.8754963417441193,0.6463385193646014,0.5402032368736281,0.7175595956657633,0.5356300839547233,0.3276507425841057
yen,rest1_vs_type1,0,Rest,Rest1,22,0,105.351843,52676,55176,0.26724783321864365,0.12961912834571088,0.12402184128407523,0.13948075809585392,0.1303755239377966,0.2412953523122643,0.21892871477238618,-0.045788966481160376,0.2553084730405142,0.3740658806296562,0.4531576367175756,0.7396355279248481,0.17719435794202987,0.024881620482291922,0.03180289547286064,0.12757481554122263,0.5227558618591472,0.7094262255175519,0.8534201108275955,0.7870818556363214,0.8214912464149683,0.85828274154128,0.8020770265986716,0.7008178462343387,0.7682621733310765,0.8069002239997503,0.8673007181568363,0.8781119485227837,0.8057989222156529,0.9541840985002138,0.8024574498476641,0.6257520084494781,0.5390988461974366,0.9006801459242006,0.6781989719313052,0.5948277395734488,0.7792889926858372,0.7126294515589978,0.8567194086186911,0.8645759666493972,0.8348785828484271,0.8299120728848806,0.8165691681196445,0.7941340327122679,0.6051515596443314,0.6620308125729095,0.662994907619176,0.7698607015432594,0.8537459993054523,0.7528704470287778,0.8477546001685672,0.6927055280952257,0.6944090102431952,0.4928088599892775,0.8812402428975576,0.745584194747571,0.43813530202635503,0.8430760586134294,0.5334679106963534,0.7605800972371947,0.620070098963982,0.5999731060095793,0.8822029903547203,0.6920166378724673,0.5862757088245308,0.5254937059651368,0.24553512646556858,0.5501684226193437,0.6609543768809031,0.6885325068255522,0.8071052200309509,0.603131555491548,0.2694578087440764,0.1630944861524965,0.2273436701784379,0.7769305826379612,0.6175307224714351,0.4652786177460285,0.846402367353542,0.627658755204214,0.7301554801153222,0.7744859682607412,0.8230238030204688,0.8828013707414077,0.8514328437390452,0.7632890553788249,0.7213852529350023,0.6391435964001126,0.7493731247844043,0.7974616400994939,0.8021519713908118,0.7296121563776609,0.886639328249972,0.7168410145538551,0.6840540644300022,0.6416387805763197,0.8512906614496263,0.781918439336627,0.67664903498743,0.8395421142701185,0.7322651539399575,0.7160489646566647,0.7086766178227416,0.7578989887066444,0.7446531434962265,0.7276323666918393,0.6547008544930221,0.3275283824789418,0.6113607474765734,0.6880045269188739,0.7291246872870788,0.6905356843677738,0.4436501199478235,0.7461064991847454,0.6846089536346798,0.5492614592826204,0.3709761445772988,0.9229952245565638,0.7427806443613952,0.3583952920526062,0.7918326657231868,0.3573692689131946,0.2750656125252047,0.8547751262986402,0.8194594128870304,0.8356075810787662,0.7910585658796744,0.6028774281729748,0.5170746219025142,0.7434698165139397,0.7862578174013892,0.8069022521353862,0.6694010805288414,0.5244654285194951,0.8444792136582705,0.7443728497193851,0.5550916371762772,0.46658041816582096,0.8595778551393666,0.6398790393092294,0.4530270688734898,0.7440264530241584,0.42305084360955325,0.24713639496509707
yen,rest1_vs_type1,0,Rest,Rest1,23,0,110.379527,55190,57690,0.39062199968183364,0.21703386906456767,0.21489652797064052,0.13408482469294958,0.029334737192251215,0.1119501940778429,0.3082760190699325,-0.057579530496899345,0.20538229723282653,0.20869217509445992,0.5173459850964597,0.8178682281631078,0.9485665852107754,0.18826784186675294,0.14240643745958526,0.3610367020949239,0.46815347436397836,0.641271726743617,0.9925330608938118,0.8898677805657785,0.9199880931738157,0.9059896784264022,0.8897196117899894,0.7260166676999018,0.8809400841895616,0.9081483323335434,0.9017967192932993,0.8956732806533179,0.7198201240098124,0.9556951470578549,0.940586759098357,0.8429350232490274,0.5538506742608684,0.9827372586880777,0.8887710168155922,0.5921937937732092,0.9176711156762154,0.6101301362059174,0.7503524523681588,0.9151839460501187,0.844337346188837,0.9112466097609765,0.8866130275205629,0.8192336488077157,0.6201917455900596,0.7399451129808083,0.8781538932300135,0.8629378668517621,0.8813657342234713,0.7315697656165058,0.8628730035162585,0.7787373844981209,0.7535481090631139,0.560145152313791,0.9636802283955836,0.8648472609017569,0.6038385292826328,0.827999328632627,0.5838550952112559,0.7714237516033402,0.8939312036555308,0.890845184062357,0.9594631631544661,0.9066438256205974,0.8095664919778798,0.8065809364322216,0.7468529171126529,0.8463346153558258,0.8381570863750069,0.853542349202196,0.891942947183789,0.8620873708138224,0.7808563843339075,0.6785489246530919,0.6698850390646411,0.9518099686586049,0.8367872849377017,0.7982568712699832,0.881646704978617,0.8101459275380072,0.87068067652341,0.8269947845549194,0.7210227644700888,0.8141610419592458,0.8147386584048463,0.7630247465430774,0.5972783335277083,0.5974324197812646,0.6998178064897536,0.7979881222400097,0.8349679247986461,0.7232541385741903,0.8367219371883059,0.7069810038842884,0.6426654470215024,0.5017004838268577,0.8844185261038489,0.7365901910747984,0.5156931705342349,0.8133057003174073,0.5769799649517829,0.7212258406929086,0.7686965557280799,0.6783759786934593,0.7897542089896685,0.7972675287834552,0.5976229271979243,0.3141715136003323,0.6164290469802173,0.730735247264494,0.803694898507742,0.709467737206973,0.383643702713351,0.812727260162473,0.6763349829845225,0.4649152828585753,0.3138113749384532,0.8764079380405017,0.5745844416178565,0.3659915479493804,0.7453359251479945,0.2707638104686854,0.13006157865762122,0.7559117428306247,0.7750947900257139,0.8566367391389118,0.818564944257678,0.6301114730319795,0.380102637612086,0.7004464400274931,0.7568574222953376,0.7350754430629675,0.6866507755120631,0.38199633642048747,0.8664095646735668,0.7272910278686359,0.5514502605661455,0.3882696995879792,0.866789736798808,0.6657333692208602,0.3458896563707177,0.742457573235975,0.30527141616260345,0.1923816952659394
yen,rest1_vs_type1,0,Rest,Rest1,24,0,115.381293,57691,60191,0.37157923472933696,0.25407890094302754,0.4709298097300696,0.1876942295540176,0.06778936835778993,0.023917529063184784,0.29394991950066895,0.12033656158037154,0.25293683135593703,-0.011115613420984438,0.3504620494338897,0.656150687894304,0.6457025834437422,0.2735065821679741,0.232652979756359,0.3702714846737334,0.011835779843853533,0.8130305661704291,0.94255025342803,0.9597094764249499,0.9712629582126,0.932491373345942,0.8588567462393861,0.7804770047952858,0.8745593539348997,0.8990222965512894,0.8627647003436378,0.8557534484458694,0.7926753705711039,0.9871865167039189,0.9146009181768319,0.8369096131729051,0.7712180921898777,0.9402724120030641,0.8633867143179494,0.7780697378896272,0.9045574524572559,0.8072169234048651,0.9130642436351012,0.9299380983394059,0.9156265447087156,0.8756471227785417,0.8694015851600796,0.851219028346255,0.7867428463043544,0.8261438791497555,0.8134674862070167,0.8194732013960337,0.880989922357789,0.8545925668005733,0.9142094316504806,0.8721014742555097,0.8259415452657551,0.7039569127809564,0.948313457379178,0.8726904237512199,0.7197204660032741,0.8711258462512933,0.711376032293892,0.8530619970864953,0.7418041753745791,0.8292445156696253,0.8439279176624869,0.7320462664236965,0.622158559926927,0.5951701755968631,0.5862190148387347,0.6239382885680268,0.6977962359568796,0.7068436058459265,0.7126814487037586,0.8437786093263834,0.6730334481690377,0.6166652459473071,0.4688887143167658,0.8134618932927986,0.687031920414973,0.5713332286951139,0.8219208115375569,0.6765543158078653,0.8135681774084224,0.8410840991734501,0.8466270036108243,0.8547866223388176,0.8055513616979051,0.7354078116197188,0.6651691927748234,0.7437848318646889,0.7471348276334555,0.7293568210586391,0.780046929011897,0.6719723091563841,0.8736730976181037,0.772101501607798,0.648976460402026,0.5407315759256033,0.85479149939148,0.6658169978374654,0.6088947356238776,0.7054723128368252,0.5192827847873002,0.672083737328289,0.7134084316641233,0.710933580173137,0.7955896265419641,0.8509268558181295,0.6256645446735617,0.45094656386215204,0.6057993411584308,0.6531302405279722,0.669905245140664,0.6788360569102942,0.5216172702224053,0.7982173556631813,0.6606831242797789,0.5171699415083133,0.46710060244366,0.8362192545201967,0.6058973153513677,0.4585426514704449,0.7187242657716404,0.4416003505984743,0.3890418734012434,0.776852202562361,0.7817913249241218,0.8686944279196822,0.815713872097175,0.6302711650268407,0.4369113647590984,0.7442905376904011,0.7768334164769405,0.7950765744641279,0.6901722066444091,0.4429502740248062,0.8492620165159943,0.8026366252775018,0.6118556934865234,0.4415428006214462,0.8915075988842223,0.6866839017269922,0.3924027714823436,0.7901165071837893,0.35257892713796934,0.10347587674065639
yen,rest1_vs_type1,0,Rest,Rest1,25,0,120.392092,60196,62696,0.14295597434624963,0.1339779600868818,-0.08658459891441428,-0.2454517699667158,-0.22679602895509898,-0.016994181715555445,0.15156079593753624,0.12350075849013642,0.004795039760101538,-0.2843455161851818,0.44843038380391187,0.664970788444311,0.1014090013453286,0.014598703582823003,-0.1997424954633007,-0.3930769845967683,0.4472134487754649,0.5134295764028076,0.9667851892932656,0.8649895127808906,0.9188391336305939,0.9225725814261825,0.9234212533993728,0.8540088981037708,0.7969523299297856,0.8507267558412159,0.8681539961079753,0.8888122809788472,0.915080607242354,0.8614590922904479,0.7844062844320775,0.7198581731137345,0.7129725678866213,0.9534413526803849,0.9048716340790902,0.7603527149337267,0.9490126280117319,0.770291224210032,0.7984804367081383,0.820809785697586,0.8129982009941653,0.7970876889916015,0.7163279993823981,0.5497047027222025,0.5208819005913047,0.6776495884336904,0.663937102227322,0.6650842938668851,0.6634686144595031,0.7325051340941242,0.7959563342323535,0.658506865495737,0.5505560621097786,0.5588307424024539,0.9115579396482633,0.6923333347538174,0.49798752415882713,0.8071719364969474,0.5741762756764223,0.807579187271912,0.697066732571835,0.6757210068832405,0.8011897734799133,0.7783833349069558,0.6675131091801266,0.5226395028091659,0.32277920077820443,0.5985074191049374,0.7793299925315327,0.8145204908869437,0.7639168188895264,0.678185671233507,0.4286141019655802,0.2706460747247293,0.1992352446010972,0.813446652541512,0.5998288979579608,0.41260839379364916,0.8100360260392572,0.6314889013001167,0.7783322875667616,0.8770696560105177,0.7931645299729356,0.8307406845440144,0.8079774420699114,0.6930359756206371,0.5399091690591755,0.6652641052927283,0.7572812988576917,0.8239299418442293,0.7665844838137843,0.6680701091560544,0.8755801621622677,0.7017098493283916,0.5960804074163579,0.37609501343955415,0.8461865430338331,0.6849888698037375,0.460759043496987,0.8324504344859989,0.6068000704321436,0.6449847381237733,0.7827652915671142,0.7912566600175599,0.7559628192093654,0.7349529354219783,0.5609046871351655,0.45839672921833946,0.6251268728397219,0.7606038857207961,0.8127240463960105,0.5825876348919683,0.5322213189732046,0.6963385664738654,0.6483666007234558,0.5069945847266264,0.335011548770124,0.8560981627642167,0.6040607519301368,0.4031749489101705,0.7157055792310488,0.48493491960228363,0.3391970584587754,0.692613439242931,0.6963131134753077,0.8345603249243723,0.7534893081419934,0.5759932154101597,0.5154099010696575,0.6101121646325689,0.6831788540931515,0.7143146068329308,0.6253689384242536,0.5240417378470696,0.7794905341257823,0.6702502904498815,0.5077015813296158,0.31822216627496563,0.8512845475857974,0.5658697518264877,0.475418119971114,0.7272863694969114,0.4947527876956733,0.38558781916080337
yen,rest1_vs_type1,0,Rest,Rest1,26,0,125.410023,62705,65205,0.21877731951380142,0.11494719013213484,0.14580033844551243,-0.1377409656314783,-0.011830564300331137,0.0808091435782261,0.1600783427297161,-0.004593484318057506,-0.028495693647708542,0.08138296966860992,0.35863674258357037,0.7122614910953415,0.18416439823188657,-0.013981318108787555,0.024887875936353332,-0.148412231560052,0.31295522462930814,0.6463868223231191,0.8611258558441862,0.9120442918092783,0.9032800131231314,0.8125884942914832,0.8024689413305908,0.8201022668398283,0.7565361883349399,0.8160133092040598,0.9416674930815077,0.9007302051124032,0.9311459690950109,0.9297676533661065,0.7366999645351505,0.7300328369354511,0.7401905820102683,0.8624926302763886,0.8392754131870822,0.7621925290824613,0.9296375695266492,0.8879655741881181,0.9151843063609615,0.8663551186607271,0.9257697287099547,0.85924621299233,0.8473174150446224,0.7237684004441629,0.6863556896549203,0.7614386838096531,0.6924601326011558,0.7219905905291759,0.7167912024795436,0.6765141447420534,0.9076245468154575,0.8313554079209462,0.6844900816226209,0.6708265554997125,0.9382495217986108,0.8230731094912118,0.6949790729095021,0.8439293687858144,0.6824511510777078,0.8557352799030986,0.7357935136424707,0.7620674459315564,0.7904722817244091,0.6982631632395068,0.6994288460793183,0.7006376318155106,0.627678103714707,0.7380841846914512,0.7216422805482366,0.7540090733898498,0.8865664129394064,0.7713471685480642,0.6325194937055454,0.6957758163420104,0.6051408052428419,0.9110767697226577,0.8601274402322262,0.7007255319050469,0.8045806667812758,0.6946257172566908,0.8376994529690167,0.9003365157545093,0.855164440942861,0.892751975097438,0.8699093373441402,0.828211045521712,0.6826579069567861,0.7913335146010461,0.860409524891536,0.8790507206926276,0.8628952010671549,0.7448635792900662,0.8899477916342171,0.7648505241932144,0.7288197190279447,0.5788047766565141,0.8709917086439812,0.8519809699845465,0.6315554168925926,0.8872247673959424,0.668566737762451,0.6671662922989094,0.7640705851559659,0.7195649303202215,0.8330735119138801,0.798417440973791,0.5625167187214595,0.5469833851349133,0.6240345338405558,0.7178914519843298,0.7257237429925343,0.6166096330127288,0.6017041174882551,0.761399869891637,0.6392798099083478,0.47142923103179535,0.3685255990248109,0.8736315402525782,0.6291299350178811,0.48889817830788573,0.7296179944795963,0.5467366004582742,0.44436313336405836,0.7820543935272727,0.7828043879031426,0.8730442159182515,0.8632945491241764,0.6209226991996095,0.5005189792026794,0.6719282307634622,0.7896934512358454,0.815857106033018,0.6584113392986283,0.5330711244275332,0.7829928504611496,0.7424751927709938,0.4827365575304436,0.34585209414950796,0.8930921210625482,0.6271537504923794,0.48981196991102205,0.7179469203294164,0.49931911940953094,0.3324052651398125
yen,rest1_vs_type1,0,Rest,Rest1,27,0,130.41828900000002,65209,67709,0.130817186186321,-0.01037424306934831,-0.0840832801216207,0.047035795007449366,0.12450331917188384,-0.03151613680645893,-0.09231816180310215,-0.2204831009041741,0.02539455047103445,0.22415862316277968,0.452020593630865,0.5947738399558395,-0.1011087822280512,-0.40983655417277776,-0.36737046993591216,0.31335825462759326,0.15853258230605194,0.46581089596429637,0.8856813440180182,0.9023765008953895,0.8910273963609543,0.8582337543554438,0.7098771480866372,0.4980637482459735,0.8527473695513454,0.845056244603185,0.8416601075248086,0.7715092041864541,0.5608270133237939,0.9735720883300751,0.9562851699244096,0.6999070524804774,0.4547918803221564,0.976926945821439,0.6935832722381909,0.4255519047517425,0.6892632421255149,0.4083660400151637,0.7375981453455788,0.9006769640047068,0.85730921799509,0.8977275829791697,0.8730534682317711,0.811622249138513,0.6940548115439283,0.7859638405417912,0.8325548337085819,0.8379822596317191,0.8758068124363199,0.8103119103981168,0.8908579310205945,0.7682177617666368,0.7595322122270588,0.6699219447923547,0.8937700767185679,0.8319286458831174,0.6727427921948643,0.8847184895822116,0.6429106442289294,0.7808575021174649,0.804437978220384,0.7786566010735877,0.8350436572337777,0.8514180079037108,0.7265759648400661,0.570759221000678,0.5469294970159612,0.6218014588605966,0.71441275081602,0.6349706017466342,0.6739647103583066,0.8757917198900181,0.696822874357488,0.5569377088829046,0.3673092439511786,0.8762005402690051,0.7020413155917818,0.43230756693815564,0.7813548484644122,0.5380935551972993,0.6322347317265631,0.8194148264021408,0.8164649425838504,0.8451819773863327,0.8832526886801577,0.7225016558877204,0.6724252023744978,0.6936988944965804,0.7431379894387302,0.7956917482670015,0.7625016656715853,0.7928250415349862,0.8833451766182379,0.7236939716370644,0.5578046963277864,0.583605726815905,0.8647680260149344,0.6966142311959089,0.6389081583226235,0.8025857446737984,0.6577747823335783,0.6487732400056964,0.7934233283388414,0.7261946267084208,0.7955964369379637,0.7877960151345255,0.6587799670294237,0.43031572162575904,0.6472012810306309,0.7187154570959132,0.7825766474711348,0.7245062307945598,0.4174450649783666,0.7066802526109617,0.6636526883370711,0.5470843886282755,0.3247481548895891,0.8848867670915727,0.6268533376401718,0.3710462132498111,0.7246009986570693,0.3938677897315761,0.27418956924663407,0.796750880547497,0.7524067796876713,0.8469960645046528,0.8206550895172638,0.6418448764363263,0.460754128755502,0.617894122724224,0.7220211439494761,0.7292098355843818,0.648352654252681,0.4979703376140388,0.8005474312910246,0.7097689025965166,0.5300397779232904,0.37566038959817416,0.89137996739143,0.6270817403991451,0.4089497824797259,0.6983244615202735,0.40742440711850086,0.2635305976058369
yen,rest1_vs_type1,0,Rest,Rest1,28,0,135.421834,67711,70211,0.12301147877101304,0.15809806457564424,0.04455532463473055,-0.3677972813212418,-0.07063209829330042,-0.07710938250560417,-0.029039016967367104,-0.07157520054418232,-0.014435629845148679,-0.3557090105662808,0.5442024331693398,0.9828288852213238,-0.28928264316758234,-0.2600728333459674,-0.24568704154427445,-0.1895056700902451,0.19691376023926077,0.5279495710804021,0.9752278629327205,0.9127621290597178,0.9279578962115033,0.9370682018315049,0.9196058579930654,0.8654283912365581,0.8525019098068802,0.8722738910537972,0.9004137736581372,0.9249977105757554,0.8941241199076058,0.9705936865014108,0.9134760782789091,0.8299537329986434,0.7575071847377651,0.9619511536823213,0.8720318952175602,0.8027501997533874,0.9425199594286842,0.8707332562395683,0.9308927781515901,0.8803977961828747,0.8673288074798398,0.8408711645907171,0.747276852074151,0.7776956915666846,0.7283497070198723,0.6829491832301964,0.7381375266633967,0.7227542236655271,0.8655027772911726,0.8679344455329747,0.8738835047603769,0.6884891562323093,0.6257521682650985,0.565194455997157,0.8381754172208907,0.7551328868160433,0.6773371808906973,0.859659490036676,0.7240059264277804,0.8487007572167461,0.8214858618244123,0.8262111350444995,0.7301638960583158,0.6652339865298369,0.6085447422458963,0.6454651528340097,0.7151601765560348,0.7209593637264512,0.7308738299934834,0.6999690504918005,0.6873096063148464,0.8323478773720234,0.6528722907041938,0.5490537299766537,0.5191055109560127,0.826575902317827,0.707773244077629,0.5540543377723333,0.8571111402309063,0.6629038003917402,0.7623397074340585,0.7968515057880323,0.778339868435414,0.7852739991105089,0.7961732463527861,0.658449479678532,0.6831903252450482,0.6928384410280967,0.6867171998617717,0.7435254188104181,0.7592668024564362,0.7579764065731308,0.83984725506474,0.7530679028063515,0.6492105762381434,0.6384117117571086,0.8791353134428879,0.7398942362087506,0.6127516570913667,0.7913210875007134,0.6878103855656116,0.6696297538277852,0.7322203442930681,0.6770731553004503,0.7838934227333246,0.7798367644124676,0.6365610355636623,0.45712946019327044,0.6195987975555663,0.7194387955687277,0.7484820997742617,0.7547899914998539,0.5067874249497386,0.8001599502629312,0.7203925379745433,0.5933422413581262,0.41963602946260475,0.8631880787224341,0.6449499771852379,0.4567307747922778,0.7772221159577041,0.440531335029464,0.4395695571259499,0.7257214215239489,0.6688578499744298,0.7553172414631218,0.7754158086637358,0.5843108689373103,0.4557056935271977,0.6084809708559815,0.6832415648177257,0.7748664338739,0.6592552459248502,0.5233916389919,0.7765568617713422,0.7230058747890402,0.5645757450702941,0.42190832382643517,0.8709455881949886,0.6945200743988313,0.4743113374043443,0.7591042247371951,0.49152286994797295,0.3609945061115633
yen,rest1_vs_type1,0,Rest,Rest1,29,0,140.42287600000003,70211,72711,0.16898953004214778,0.21238398785250912,-0.11733111347919767,-0.04646970637137526,0.13210435705603896,0.013296204825310909,0.2765480151660462,0.2012547955584143,0.34098211912750465,0.26822019805321684,1.0075078843676217,1.2658805031117075,0.3567785687246978,0.3470162760918205,0.17104808700636642,0.377406392493584,0.7940188057826658,1.932560132582653,0.9503462091856718,0.9439661449599257,0.9532570984280636,0.951616172947764,0.950506438992633,0.8525000986740756,0.8433757806392117,0.8677947148647047,0.8752952179191276,0.8852795576503012,0.8901671040634254,0.9724771524331918,0.9337563565943008,0.9180130279141824,0.7721454970559234,0.9656204734067202,0.9460408882557702,0.798258171708617,0.9369740546571206,0.7680238528795935,0.8647590880449698,0.9377696121248708,0.9097010790727262,0.9028021015518715,0.8784798529764308,0.8975845118006753,0.8613013185650863,0.8413091496880829,0.8342342481027373,0.8393452895170668,0.9077786198921832,0.8781365548535222,0.9503669420802404,0.8470614336300709,0.8821358419741052,0.8087074917095209,0.9231640857473297,0.8952692251018802,0.8282041949832349,0.8737375002951802,0.806424899855072,0.8658454748095684,0.8680694400170754,0.8557889768128798,0.8428251972712953,0.8197382799587699,0.690791187001926,0.5609682209584205,0.6880880670837468,0.7387954018832261,0.7528125980310114,0.7845630357123533,0.67830651913612,0.8714795219654432,0.7638919175147836,0.5759155996161905,0.4134274007092261,0.8924255280198302,0.7412795722490214,0.6067844894105006,0.8192156145825129,0.7093924697955222,0.7520766183519941,0.7875444109304234,0.7873594394315387,0.8515589819215751,0.7929490105576869,0.677414175907998,0.5354277471587605,0.6123166274038214,0.7228658847533722,0.778860902698677,0.7434244065077112,0.5928321410120921,0.8102480513081916,0.7128461521332783,0.5883565476763433,0.5027639224896918,0.8438130233248289,0.7434456357680964,0.4931548074102749,0.8150349103297206,0.5484238774975222,0.5131861555008405,0.6510822598629844,0.6468874816867594,0.6685124131629292,0.671990146394524,0.5542055682714206,0.27346912347607866,0.5498774165753338,0.7019884501142744,0.7617709580719383,0.7310307336357094,0.38107571043164734,0.744909849579582,0.6499491023530038,0.5724325788110998,0.24579642423885933,0.861115144283327,0.7048554995242229,0.2350159228968701,0.8199938477784392,0.25062091332052894,0.26381833753776895,0.6343947300062713,0.6794514517834378,0.6546353913569385,0.658590319876686,0.44534789294333244,0.35835931128430315,0.667874352530664,0.7094075865737708,0.7326421675394813,0.5911218341093515,0.3664936941341284,0.7664057809469288,0.688283776602454,0.42273915194891126,0.41920517369155347,0.8268300627792267,0.5124598765387728,0.387062806888227,0.6817609039516407,0.3239581894662475,0.10619074585155305
yen,rest1_vs_type1,0,Rest,Rest1,30,0,145.45316200000002,72727,75227,0.2127062654916818,0.13428886387625472,-0.006187621848285474,0.09756529883021559,-0.01693414233786239,-0.09576503088043609,0.29220122000567716,-0.02193929711553455,-0.15012355810722644,0.15192168371107506,0.40687893538794295,0.8430378890979728,0.18963872501536994,-0.016466768899856987,-0.10789471448332444,-0.00967721761190532,0.5909317331981314,0.79458942387389,0.9731839923521627,0.9297958818685962,0.8708525078010468,0.802549418673214,0.8409625825014193,0.9602004854543797,0.8676568537930676,0.8432410973923957,0.7896607868797814,0.845637545557413,0.9453718229725844,0.9041196603775188,0.8122939099385489,0.8381078852983893,0.9282263532216051,0.9588364973477054,0.9335982278857238,0.9409207898382598,0.9242845439025476,0.8921495738465269,0.9018300675768144,0.9356805791711762,0.8626187517241688,0.8109081239821261,0.7937077634930293,0.7886531277965348,0.8281839420921772,0.815396028502998,0.8106387038721038,0.8064272753653081,0.853189780617037,0.9032774108169402,0.8732517985371364,0.7949194140561987,0.7953358024304926,0.8190629539622996,0.9665053639895917,0.9211670545562737,0.8539438532474684,0.9163135531659818,0.8242029991193562,0.9253677196361507,0.8499114672532713,0.8340362730777295,0.8761761195175094,0.8287278718578694,0.804462486933623,0.7890711717222145,0.7612789355730033,0.8179951684337331,0.8242362392916169,0.8552742604503908,0.8214577805564344,0.9143599937027171,0.7492650422397706,0.737515366405101,0.740328443028433,0.8649488349209348,0.7930852559894112,0.7718626197724956,0.8691680139336581,0.8050514208936305,0.8761867258469659,0.7960944017962264,0.7310905280412779,0.7501948974667991,0.8128860411594517,0.7554346517290108,0.7613813783704523,0.6517433483978645,0.6681648053371468,0.734996355180597,0.77076714182658,0.7207086690800911,0.8581898268576248,0.7626655776636511,0.6988318216402102,0.6009061276988333,0.8888288069713621,0.7114586566786998,0.6593708205168455,0.7696637398942305,0.7295109652228144,0.6983073549756167,0.622271548517847,0.5884695510743724,0.687180336288306,0.6697420599081269,0.44403612320620306,0.33327669165874113,0.48246626205849097,0.7092780020556195,0.715482980113613,0.6434202356529789,0.4031962570812853,0.6785401329226889,0.6094022052593379,0.4934122348155564,0.4137715017440039,0.8486039487974516,0.6208923118009968,0.38847510535836494,0.6832870384140639,0.3865764080392541,0.2682696522552904,0.6859538453770918,0.7916459262316872,0.8140196149135709,0.7984081855875693,0.6440099564517541,0.3746113351795421,0.6063467739477748,0.7073246594890126,0.7503831649363389,0.6820702457618852,0.521155293821821,0.816400644939939,0.7634231235636662,0.5319389572846343,0.38906316133842694,0.8470804489281905,0.611002661886047,0.4168565106431554,0.7558841976031784,0.4419613992677475,0.2978437966387686
yen,rest1_vs_type1,1,MentalArithmetic,Type1,1,1,150.455144,75228,77728,0.2384796062526986,0.2233174034598413,0.3041632098043472,0.1761405826268807,-0.07015520695969268,-0.06089603418942291,0.15934141682810132,0.14050133713091473,0.37950919194324406,0.6190710163914335,0.5150608595552773,0.8604571832014085,0.2371686146529921,0.2522196843693356,0.09635768105836062,0.3180752515427159,0.10863289439137658,0.6066017512315156,0.9468169109350992,0.8862420163617012,0.8810496458258114,0.8932629045030396,0.8745229059066567,0.8805794272150683,0.792987872023738,0.7972550836138692,0.8521706763390464,0.8731216261502739,0.9567966744447438,0.8919340154459381,0.8047483036801284,0.8402036144115975,0.761777550563513,0.9442467612223062,0.8723522889370172,0.7539552047709901,0.8959186534381814,0.8174522014915344,0.8846202242782285,0.8692564893187176,0.8723799005773041,0.865681922403804,0.8668626924394995,0.8403239333059924,0.7443666662423309,0.6938510330202183,0.7267881383495692,0.7562445486887195,0.8401538662313691,0.7949825047101333,0.8913916903801391,0.8244349275577433,0.7252080953410974,0.5919752003423511,0.9654004857933086,0.8396187964840346,0.6620206939324862,0.8776253378586758,0.6961190041515483,0.8460697951179849,0.8161135085877488,0.7393918939559937,0.8223021174203993,0.8269272437927213,0.6653294624540822,0.4593970858436291,0.511964496895511,0.6422592993813921,0.7532312539029624,0.7459042315464677,0.6111641585352053,0.8709096823839639,0.6593784123035533,0.5359096850527119,0.36064440885245147,0.8583181682230862,0.731894587012678,0.5149296391239842,0.816628757027153,0.5639144560471602,0.7545043512988795,0.7382274481498259,0.8009553705307804,0.8097158139912922,0.7755008769213922,0.5716434384530316,0.49536089681216533,0.7115793806696624,0.7483842483122385,0.7089926302011815,0.6350085446609478,0.6653594167201808,0.9012443183757245,0.7874151472812607,0.6134597378944031,0.4777622952474743,0.8862114141618438,0.7119051463055291,0.4924481127442928,0.7140587724299141,0.4857928082823233,0.5772196294549401,0.6377227658026918,0.7550626146711349,0.7759809397622858,0.7290197314252174,0.5638973225299378,0.4796692537354236,0.614469619772432,0.6902424376086393,0.7027131110893731,0.6596318179262628,0.48509295355137405,0.7958914583336388,0.6634932741909154,0.48210692119739035,0.45856965558817275,0.8854500745059432,0.6306611357097393,0.4751432037802877,0.7201169804933277,0.46957759384102815,0.3197172510247934,0.7316426736829007,0.7395833515501852,0.7998802992500771,0.7965171348305584,0.669952417971525,0.39297805433116983,0.6430034515975814,0.7214959699091669,0.7335042825581963,0.7144478044312785,0.48200889809572317,0.8290235880382493,0.77981374207748,0.6057436530817784,0.3299528040649314,0.8857656104042831,0.6570076997319179,0.38586173625293574,0.7193301786476399,0.3816319243709696,0.3163219142360537
yen,rest1_vs_type1,1,MentalArithmetic,Type1,2,2,161.827855,80914,83414,0.14523176715733754,0.199815526074822,-0.027463798541206508,-0.054362740962285105,-0.05891633968533938,-0.049310356729389326,0.017748234310364985,0.17351033848312003,-0.06664458083643154,-0.20753727451742998,0.4201823035975698,0.7715401598976879,0.0415901536894836,0.11541628615682953,-0.2085704253831766,-0.21708142584063683,0.5707914965458243,0.7431292205312405,0.9244252370677535,0.9128155804903996,0.945546296732251,0.861541489895305,0.8318003615917765,0.6776598629282138,0.8098310900917836,0.8892074777972294,0.8755878194795547,0.8454920217764514,0.7832874903303059,0.9200552040970492,0.8069076803781943,0.7816111919447586,0.6343000939848006,0.9273736478395155,0.8585144021804642,0.6944028942869596,0.8928960276647097,0.7646004444832164,0.8589827200530626,0.8490144535658909,0.8841189140093155,0.8895530832089291,0.8586876049694848,0.8015869816185651,0.691951479755338,0.7161201205561396,0.7902209473225656,0.8194749912467046,0.8168340035805391,0.8008812595193996,0.8708588568509948,0.773810062223747,0.72149219335885,0.5271320245752174,0.915744612618555,0.773699923242597,0.6487370619731274,0.7680852182367935,0.7224414505261044,0.8249242508238126,0.7220120540299937,0.8534401541079151,0.9223714215548607,0.8433746443654522,0.7538097666359955,0.5495441349555402,0.5790426228011804,0.6609355526706068,0.6633797368898352,0.7444541981771432,0.729880194193351,0.8667129491174447,0.7042504992678683,0.6044927530014249,0.5396241209758529,0.8940762935788109,0.7621967594262006,0.48873770976476244,0.8007922011414532,0.4593978054759314,0.6228813470006898,0.7306898231389383,0.7125710108295064,0.7719936894978662,0.7587894370929265,0.6051864323070593,0.6306113337054395,0.5126537272070776,0.5894310652371898,0.7104669633897,0.6675306615679836,0.636099702930677,0.792303531975596,0.6266018884898658,0.5602868878803888,0.5360649722681281,0.8224382591004894,0.7142714934957426,0.6184362023320732,0.7634330138614439,0.6822666454127241,0.6248097394420843,0.6908501855466126,0.6056135321473678,0.6129140150188872,0.6976773301312816,0.5750597801087419,0.520583338540404,0.4425441732122763,0.6312052229552766,0.7465133669863885,0.6464726043360834,0.6155644977946413,0.6162424745717228,0.5111005625328592,0.40277280652967246,0.3610375009375916,0.8328955055979539,0.6323812061959123,0.5662368612826386,0.7620661321583441,0.5718399368839991,0.5050068603887021,0.7009985157889574,0.7504775341647243,0.7894578063082424,0.8105317685387834,0.5869920254350521,0.4963550168166804,0.5966697462843328,0.7129105236113153,0.7840825662829811,0.6443954317710281,0.5870341328988784,0.8174706584134175,0.7204373400298119,0.5587253078050035,0.4723827424722317,0.8581472714153474,0.6368368997890294,0.5891265840651311,0.7147357783181016,0.5444227391089157,0.380562665045728
yen,rest1_vs_type1,1,MentalArithmetic,Type1,3,3,173.793568,86897,89397,0.20911191697684917,0.11256454582057884,-0.1004041639601394,-0.29572545344317547,-0.2163418064624918,-0.005054067047294275,0.14631108489935496,-0.12070747588261099,-0.18468006421717487,-0.1243023870737674,0.049278908252516906,0.24285738896545483,0.13982072994743078,0.008588978417519044,-0.4670830334586076,-0.17987375386468463,-0.061832434525308066,0.21911798734064325,0.9313624206077632,0.8987560074158403,0.83290902159089,0.8180964788228329,0.8078992076218673,0.6829758344809133,0.7729835498716962,0.7265399555543646,0.7294047521673511,0.7322200281719623,0.7808905953050307,0.8806427150441768,0.8053260463434865,0.8197943090717161,0.5471627387177194,0.9514935279345798,0.9116589441524715,0.5750195300775885,0.9228047126912432,0.593654728818395,0.6258815204437655,0.9175243078027114,0.8707753943894598,0.8873569507634905,0.8098399215184903,0.765973362842695,0.6768342701032216,0.7302223433847884,0.7971542437798417,0.7695030098878357,0.834753664969708,0.7302591494724539,0.8526993933423284,0.7395368393537209,0.617739380788796,0.5594644002256248,0.9002692339688688,0.801641497600521,0.6740062455099212,0.8534867085332429,0.681939619965837,0.8132375371835003,0.8521023673679714,0.8019496185813664,0.8285636350765799,0.7291625478100182,0.7319189767306098,0.6712875053921381,0.5990754334009959,0.69054279749332,0.707226164501943,0.7541993776158582,0.7921094045402917,0.8088615860632766,0.6355858165157557,0.5998761651034709,0.4226497489096833,0.8380839913728506,0.7891874425214062,0.6011813093679005,0.8153847709102006,0.6259382429106806,0.8154134340099822,0.7397525309592982,0.8355039444039181,0.8465778327472226,0.7577593269836167,0.6616382158089333,0.6027381003763302,0.6326030765664468,0.728571476705864,0.7695795416444855,0.7255048019119665,0.7195131401343926,0.877733403674873,0.7173572935863393,0.6470876040842967,0.5596185255098415,0.8565856477738593,0.7684763616451672,0.649401069765148,0.8248513742225215,0.7422341603510031,0.7758048784538362,0.7328838487764228,0.6491123945862636,0.6550241036229401,0.6953161057229154,0.6701073218959296,0.5896326154760039,0.630714998723072,0.6558033169669483,0.7250563947611678,0.7669633552735259,0.6400106878121198,0.6776620764816998,0.6037039044812413,0.5213664754729739,0.501686490092684,0.8206247959394926,0.6816243300103595,0.5707342792906455,0.8099162697260159,0.5687922197752103,0.6806952549135006,0.8044365207509576,0.8354840208797326,0.8688132117933937,0.8481376508512646,0.8149288342180886,0.7024730771544438,0.7690808087777816,0.8387982030579834,0.837876217196266,0.8720011244383272,0.8005155985677234,0.8600747360317492,0.8087753403915522,0.7713063491952495,0.7046550007782676,0.9457136536689107,0.9062783274643335,0.7653675077971008,0.9123131454570604,0.7405637183999043,0.7835192526308765
yen,rest1_vs_type1,1,MentalArithmetic,Type1,4,4,184.02391,92012,94512,0.1600791392145018,0.14896776118975552,0.307012244318555,-0.04302973799456389,0.0035054399308971362,-0.10928997758578429,0.09289399805951692,0.021282802304120274,0.01881258748333403,-0.06140772909729497,-0.051588902658032065,0.13345476272776136,0.0945476916158654,0.02193604406368177,0.048682862219022294,-0.23000103706596242,0.07203068300125182,-0.09533492273053268,0.8982921136943929,0.9330651854221569,0.8131592425584828,0.7692979284075556,0.733396979241786,0.7385037945518086,0.774250857795346,0.8158400722095364,0.8219603096919311,0.7970036798471843,0.7975472045455867,0.8105595552137246,0.6840196956047924,0.6792902230144704,0.6150650787237111,0.9131176695144317,0.9396038868414825,0.7600583297465294,0.9754530259006102,0.8504626870971221,0.8581603054773084,0.8408341466725817,0.7686756410023566,0.8190595151082974,0.682639563157556,0.6984409440772015,0.6276859804604916,0.5614989378171125,0.6544878999890813,0.6716735208726008,0.801828032957805,0.7164757516901272,0.77989249428605,0.5089900554890849,0.4908323838589962,0.43332516214245953,0.8236657348376394,0.721142747502697,0.5141362944377408,0.8048661065512358,0.5725963084311393,0.735486784858686,0.6653079205748922,0.7878001727982632,0.8474457563930835,0.871657085167576,0.7054190625330946,0.5878367664201392,0.40917308942087915,0.5003514517843626,0.6112760897090493,0.7448870821974055,0.795070982059405,0.8172921813415899,0.6913861885256681,0.567750989802166,0.4191442425683949,0.8908355931333225,0.7319905577336044,0.5374010837228373,0.8026311283167,0.6141953331656883,0.8195471043220489,0.8089466286311012,0.7949059217754457,0.8353359615005976,0.873711834827028,0.7639857049329203,0.7098187938677856,0.633719367171847,0.7144198450430624,0.8453329944407535,0.8506953359850891,0.8168099310339363,0.8772479948015158,0.7180180752005241,0.6321430010032696,0.5227297683455386,0.8409558125831665,0.7055973307769003,0.5905628660661476,0.840884555297039,0.7103788355634401,0.8345791434091862,0.6355291499543397,0.7182729710224907,0.7180786840962725,0.7231662420632564,0.6057731845101783,0.5325720450446522,0.5182493887449376,0.6254738105158548,0.6631595111352735,0.6432220219046432,0.5868378857007958,0.7878484028488144,0.6690105749971659,0.514702510683464,0.48355542397936757,0.86656065205186,0.6670088649389633,0.49969569632761734,0.7907826639467516,0.5672513053910395,0.6744559574016064,0.7992057859303996,0.8119108566169819,0.838314300816362,0.8516513207738001,0.8084780290554066,0.7017431337144422,0.7172707099860826,0.750015486959844,0.7911293660338519,0.7887314366124762,0.8031514723598685,0.8377054940293583,0.7867380077118282,0.7526871002561023,0.6199062820240243,0.8773827535125103,0.7997647339983582,0.6706548503760005,0.8578543320531841,0.7407925395478029,0.7553209269981428
yen,rest1_vs_type1,1,MentalArithmetic,Type1,5,5,194.168995,97084,99584,0.2578531914195361,0.2337567860720684,-0.26438591923904164,-0.28605480830663943,0.08464769510782189,-0.005385625610857758,0.16098437853135739,0.2168291691658375,-0.39972123893343126,-0.2929776289987869,0.12548772422807497,0.054873153062526825,0.1400911880699791,0.22672596578854876,-0.5886521320080198,-0.19258850778958259,-0.046773845032089145,0.06003889143398844,0.9341129596996635,0.8648556307852202,0.8711280587679047,0.8032111249143028,0.8520841387561359,0.7269100353266564,0.7839918958768639,0.7725276770852902,0.7032428343601267,0.8981360140173061,0.8021354359575943,0.8502001254848386,0.7004368902860201,0.6581158317308979,0.6052880592698425,0.9169392629128885,0.7446053002778804,0.5982915989098296,0.753888299002439,0.5962035379162713,0.9073730462875256,0.8854156585692085,0.91066507481627,0.8888142132785479,0.8693770022483946,0.8156793572918831,0.6502699179583112,0.744221916008787,0.746368712884182,0.7931816569547996,0.7923810680687283,0.7016023644565906,0.9077356226134765,0.8430684259549368,0.7187207861773354,0.5396625184581886,0.8889576501196009,0.8044391635835457,0.6518883765325575,0.8853345383297866,0.7203668347588269,0.8465550732252483,0.7607663821836452,0.7851349856638815,0.829082876553609,0.7222831271460558,0.5740792358661532,0.5372551288539739,0.5378882323008339,0.6660870621148255,0.7094746902451402,0.6841538723957562,0.7229014198987821,0.8011204234243621,0.6023058839176374,0.5029695725401301,0.4221988408512947,0.8345481534974529,0.717426359485953,0.5759525114635206,0.7777456099186512,0.6596612555722783,0.8049238270668481,0.7702931475016686,0.8643314528410327,0.8845359852338165,0.8396953961923547,0.7685653918957567,0.6613732689656084,0.672270102610569,0.7189559859218719,0.728909272246366,0.8341702312322866,0.7645523842021362,0.8872401376234478,0.7815194405295757,0.7156235719251364,0.5888730987341447,0.8911292610674325,0.7699196161283873,0.6611571122289429,0.8307532031940855,0.7214392759457292,0.8550145562459555,0.8421673589215903,0.7437525865823384,0.8589916382832196,0.8387449910426978,0.7965750017757739,0.7172423446918007,0.6756114204801391,0.7937095635773022,0.7939370478598216,0.767608892737247,0.6838781264400237,0.8260264326442722,0.7233174015125001,0.6679873174459487,0.6394635474350687,0.8840288588991392,0.7941088688543698,0.6362944537857887,0.8424283927481533,0.6510622609092722,0.658881512095065,0.8137157006689127,0.7529505879862022,0.8104923733697468,0.8228604607137372,0.8145615157701268,0.763394567766846,0.7504931160905144,0.8274596372381898,0.8187507104768301,0.8250831779869223,0.8516949374980487,0.8541151884742212,0.782844464648932,0.7523998378617357,0.7277991492125684,0.9201655342267459,0.8533998627793555,0.7944055379738961,0.8910118478237533,0.7911275568456451,0.8326663398730645
yen,rest1_vs_type1,1,MentalArithmetic,Type1,6,6,204.454034,102227,104727,0.1798104001131069,0.10845419555235125,0.11235610089220982,-0.0058148262927470995,-0.2262997365631687,-0.1248607950563212,-0.04997214120344662,0.03549377454068736,0.2931590091932148,-0.018062766233895022,0.08361481384565117,0.10061384157936049,-0.059502553733358,-0.05690431149035646,0.14094893940885456,0.10190592879306459,0.2676901296591545,0.08126926548792479,0.8174483571607932,0.8987692698587604,0.8915976829025782,0.8316856258150576,0.7750466542009784,0.7500556780270219,0.688759180546543,0.690376070087647,0.6920913854824066,0.8092735874561373,0.696508368093734,0.9686004246630832,0.8411308653183751,0.6964755495217834,0.6796808738282457,0.9071014529649418,0.7650672980960225,0.727573244844431,0.8014218636307522,0.7548635656462908,0.8568849699497002,0.8407959225357435,0.8608653841015623,0.8094199442689849,0.8071969799477084,0.7952570980146768,0.7884047866320727,0.7165942951233348,0.6822890468909566,0.7985264224540489,0.8606637883367301,0.8573447971613859,0.8043308841292204,0.7091341498200215,0.6496712098222536,0.6914786126744126,0.8885452918060177,0.7322316167297132,0.6940282642042195,0.8214978672030488,0.7502206078840881,0.9215082690695683,0.8534868180833379,0.8366004139908488,0.8982191112104106,0.901791509227396,0.8033630590085286,0.694572519292111,0.6736602434900963,0.7524983736052028,0.8229737289263681,0.8493249972970297,0.7911636398695425,0.8782442357135571,0.809834940862596,0.6727602487756572,0.5671306311340847,0.9394239510185107,0.7749130270734687,0.637465112080919,0.8759606936054555,0.7505865737539977,0.9033815930125076,0.7797771869572249,0.8150102617208573,0.836316122912715,0.7832117710631789,0.6976990366231328,0.6621412700907073,0.6694086102397756,0.6881943452755083,0.7384801408594132,0.7885960365025887,0.822585213961259,0.8477302064702055,0.7260080498839708,0.6134299744278398,0.5078325134165212,0.8907088802834349,0.6757845777312653,0.5755861983370328,0.7615901820269435,0.6877555364519136,0.7775814198494386,0.7299622725232595,0.6364149787804386,0.6944535665894386,0.7426219088751657,0.6775796817878268,0.6515860674536827,0.5550014398811988,0.7341350242985111,0.8044518992811424,0.732785496388392,0.6922810341459769,0.666407251851497,0.6190262572377356,0.5585571341764467,0.5089195865174581,0.8504873485000611,0.7266737534564712,0.6197952303704419,0.8535912687590831,0.7107561127091341,0.6647478983722696,0.7528196417540802,0.7979692911273865,0.8094151495387132,0.8131693194848545,0.767272045395395,0.7202385000846148,0.7423921059531995,0.8314386606062901,0.8414521985439825,0.804224195445576,0.7959759624955597,0.8630832003161945,0.833545183983492,0.7511275482091586,0.7126118415038198,0.9318203979485337,0.8420213787623807,0.7617461575425617,0.8664802082584703,0.8101255576040917,0.8026600764056898
yen,rest1_vs_type1,1,MentalArithmetic,Type1,7,7,216.215924,108108,110608,0.3383960072280132,0.1821253254438071,0.05883749075391398,-0.09725969097546239,-0.25498615542249503,-0.22961364486093006,0.312570928245389,-0.07315775603989749,0.08904096177377507,-0.03262630582411541,-0.09978490058880629,0.02779812546144589,0.5840279295747308,0.006400883213729003,-0.10668890507122164,-0.19578211595177075,-0.2936636033031541,-0.06197031996462954,0.910722066912309,0.9044070617506544,0.8946146713733487,0.8887499542013144,0.9078367479657363,0.841011213009536,0.8315754015046651,0.849219266035787,0.888301869335255,0.9120146595239549,0.9253363096991508,0.9500404854390431,0.9408907743179842,0.9133409604189806,0.8509729066395803,0.9773142026896491,0.9351661687623415,0.8439008614898729,0.9596091892217046,0.878690207025312,0.9223439557581192,0.9673663046320861,0.9414538152299982,0.9321831781771659,0.8682086076318931,0.9046010440662537,0.7705791973619041,0.8957434615332622,0.8772891577414519,0.8275036502194814,0.8907489557623903,0.8232950437479494,0.9302736579271764,0.8269238151148749,0.8754260285142467,0.6948771182456991,0.9316364114482824,0.9129145603919501,0.7080902059898114,0.8940893942682182,0.7321249112595307,0.8282136105105277,0.8496704378362359,0.7458805293305715,0.9058353055149223,0.8749001075221456,0.8314693946098648,0.701068709077498,0.5875056547890456,0.7592063516433964,0.8323575544357262,0.845339884065522,0.774679860801675,0.7733798778355809,0.6427274439364196,0.6358822732135649,0.5164912819438917,0.9103673103204504,0.8351196303700851,0.6327392424930626,0.9027855530594532,0.753933415300427,0.8212747418465315,0.7603365162692137,0.8285097548824322,0.9045871316466901,0.8609435478141022,0.6199197066614348,0.5442181570235998,0.6634941338964072,0.7653891656391983,0.8376452068463718,0.7518237774086709,0.7167102059954147,0.8669390132254859,0.7505398233387972,0.6414765854156387,0.5954584375926456,0.899526923070727,0.7269734709009793,0.611734157337127,0.7905741738651211,0.657028604886194,0.8329906028115536,0.7425129890030455,0.7108636568832756,0.7531947323206425,0.7765932836814305,0.7153097027002183,0.7060857925705671,0.7176885125631108,0.8069406548493485,0.8350847971097829,0.813278349426576,0.7864924332065215,0.8126644698073576,0.7664636084828896,0.6686643784796538,0.6212897292082604,0.9171211151878791,0.8003440103172919,0.6739255304848913,0.8359653168689707,0.7070621734886455,0.7816048167457377,0.766559644829957,0.8017760240809277,0.8063078686039895,0.8164318650749243,0.7433789556496423,0.7548158707847158,0.8066204165843311,0.8274914485425585,0.8404659957121272,0.7917350183510524,0.8276247573885323,0.8755820026151041,0.8173665936659769,0.7586251992316524,0.7779263716323931,0.9019534429618753,0.8340036752250838,0.8266725751321183,0.8849766608329488,0.8162782076262083,0.8385087251674357
yen,rest1_vs_type1,1,MentalArithmetic,Type1,8,8,226.455907,113228,115728,0.2697866398468367,0.1703467475281597,-0.10023200592363812,-0.07348022677228361,-0.11949751875159098,-0.0003953287890299251,0.09541067600730724,-0.05236478297090352,0.008856429042253477,-0.13271305971103198,-0.025110583456484648,0.047811187675075306,0.2082541908500355,-0.08707683178277659,0.026429249805964172,-0.11898271588875353,-0.09876631153443549,0.1278619051006804,0.8441337605703656,0.904576778648089,0.8665641088229891,0.8037334274704956,0.6906238490091533,0.6353997350020625,0.7209091778211286,0.7612277979120384,0.7904972262823509,0.7522266228889806,0.7592911631614266,0.9051751971091777,0.7910941159504252,0.6549058515168877,0.49847250809246313,0.9181019484963778,0.8171673562950409,0.5988051034870068,0.9152673227282061,0.6343558643830639,0.7472878614348838,0.8767921792627252,0.8822182113405402,0.7472344851748647,0.7193021469106041,0.7285476958550013,0.6317560286724401,0.73449988628049,0.6673793299571125,0.6836202972039586,0.7451216903614337,0.7578696452183636,0.726748386124673,0.6572724191951194,0.6534321676868126,0.5793707975181205,0.926011776816526,0.7691709527188222,0.5752759978379147,0.7805213532729912,0.625095148252181,0.8026244997878885,0.8498805721797124,0.9044461636848776,0.822390346996784,0.8456782373479036,0.725125510674552,0.6662648506734956,0.7491625780551459,0.7349792588730315,0.7848200650971503,0.823064938732409,0.8319976814839928,0.8642635195819148,0.8345692662975092,0.6792890296812774,0.5807013585908166,0.931366049613763,0.7589506097524561,0.6099118410568597,0.8195496244161214,0.6609951938832497,0.8529513177229282,0.6805996436424026,0.7218388949679954,0.8018980589870311,0.7757722620095946,0.6968997309067507,0.7174738545822207,0.5346665537873835,0.662390664508323,0.7095880081555932,0.784577468965296,0.7301105325283038,0.8484429771863939,0.7144050764606971,0.5893441554018728,0.5164878833600224,0.8624477193784467,0.757853798101924,0.6138760441300958,0.7937043796720663,0.6630431992886674,0.7594635269178122,0.7228495086382983,0.6923131993445129,0.78687310826393,0.7708643954248636,0.7023220933269116,0.5190342494131566,0.6468448613904949,0.7226653068847707,0.7604484493217946,0.752162931327448,0.6617027912794184,0.7499582114739459,0.6886749791097418,0.5857572079438736,0.4476265144782889,0.9046623526777087,0.7910401951263405,0.61510439203504,0.8257081108698408,0.6214152512855794,0.6964432750255006,0.7837534292768669,0.7769684816186524,0.8183987760436606,0.8195721725711715,0.8103729169964954,0.7871373326926112,0.7355937566746114,0.7731321380873674,0.8086319083046768,0.8237442857552544,0.8187331080371021,0.8882230500014694,0.8561248366689175,0.7810262841622544,0.7027401364676962,0.929249988741622,0.8419924746282103,0.7866222064511593,0.8865253910266988,0.8064395983418661,0.8129501815084893
yen,rest1_vs_type1,1,MentalArithmetic,Type1,9,9,236.92377800000003,118462,120962,0.18274008809684794,0.08771821843818728,0.1951516084170537,-0.17776635255406825,0.19129798128824893,0.013292387433004649,0.08441999117303212,-0.23018810692428904,0.18623036632943935,0.2706323881295427,0.6341396174845277,0.9719594481748222,0.14988158127443008,-0.17455489894368448,0.06428194557408373,0.24671644239516644,1.406413679404677,1.3552364295612338,0.9368085458489515,0.913118157903097,0.9561708538363436,0.9433124280551757,0.8725635422104483,0.7919531137595635,0.8362602271070464,0.8592607346529314,0.847895661310639,0.9094824211134781,0.870668735586695,0.9299648866254288,0.9190875901491152,0.8065607122161778,0.6778630486101638,0.9834449246915223,0.8712655852655921,0.767957960823806,0.8765002681057127,0.7530076108274167,0.8448074210209462,0.898724873041174,0.8597679059668091,0.884956471228638,0.765150242627536,0.8155330666566325,0.8267398472947969,0.7776960558965165,0.7615744432288788,0.6931533976853129,0.7990656515427448,0.931213071450543,0.8694036916402343,0.6814252242438098,0.6703997147991843,0.6829140541423339,0.8602815254559972,0.8370837795473752,0.7133480715583396,0.9128720679177509,0.6688766293197057,0.7929190590153495,0.8208194563930993,0.8369868774284519,0.9006375293056333,0.8478609848300901,0.7204352179088904,0.5846507360064365,0.6109786633940529,0.7009848706231292,0.7675274353955465,0.7618993864257234,0.7317584696784634,0.8839544639880098,0.7736481508933867,0.5478905776630955,0.41354711796136234,0.8459279894706957,0.647618769201152,0.4948573147731935,0.734595681238406,0.5854967521870645,0.7631236448962228,0.6597358327721388,0.7324835936124033,0.8086859115360565,0.7269880791045101,0.5851265878411208,0.3723695421885169,0.6021476921890973,0.6920694379366964,0.770847869763029,0.7598480455739324,0.4328389367397576,0.8324483231477356,0.6311698646312357,0.5541224802826102,0.4549591099650678,0.7973801053343053,0.6443371891370281,0.49173436694932693,0.7118162053854764,0.4970277579856905,0.5097194477949163,0.6495450878354211,0.6696491192621524,0.7502729298197237,0.7568578097592528,0.5053534251582893,0.4184496477569674,0.5953876449042524,0.6865550681707072,0.7340351883224675,0.6915290631015282,0.40887626053020326,0.7647078397695021,0.7024370423025944,0.4875931516047794,0.30527380126584086,0.8578179767597511,0.6136472850970764,0.34510352461249044,0.6892777029419785,0.38722585163076456,0.2009074710703214,0.7492765529341815,0.6233337944617097,0.8022546127101706,0.7907034732538832,0.5855268795726467,0.4788875434957745,0.602695817494786,0.7959568437026942,0.8167294581426477,0.6886934709989342,0.504034960031406,0.7301162918177839,0.6891826628865947,0.5167032705336565,0.35023713159363135,0.8928585681623425,0.631714343680906,0.4983809169473577,0.7036642552045057,0.46887538426685316,0.2062914772972813
yen,rest1_vs_type1,1,MentalArithmetic,Type1,10,10,248.07737800000004,124039,126539,0.2608605270845059,0.26649790443214627,0.04444919085447063,-0.21704390708679622,0.06240719356801483,-0.12485564863844134,0.20700433755818182,0.25118662295566097,0.06154181097034561,0.21180228267179402,0.9127536426060305,1.0269609275418636,0.45879328759186144,0.44179051346669684,0.07813574451839145,-0.12479750480299145,0.8515241780816298,0.673573209552111,0.928753671535524,0.9186667287592785,0.8946028381839443,0.8697946686414485,0.8406573142052355,0.835155070215688,0.8117253371571258,0.8262946517953111,0.8474472977923873,0.833229097401682,0.9320731389143472,0.8916718000622912,0.8106321391975958,0.7761630672792309,0.7079137511896585,0.9562325916614671,0.8662842669077563,0.7735185712865836,0.8724542006789197,0.7991796070100509,0.8311128285752064,0.8551979797435638,0.9060011147377048,0.9118460162195451,0.8636869873016015,0.7968225958381603,0.7252678492783948,0.7232712447250395,0.7386749025949917,0.8270184790971664,0.8013777721255012,0.7915433786456574,0.9413076667133167,0.8255368848625806,0.7637575394817133,0.6398776872537005,0.9142059447099835,0.7792832853186022,0.6566792200508974,0.8685681413519117,0.7858744558923568,0.827900942597416,0.7197466727851906,0.838975948148487,0.7635236897577039,0.7915763495837921,0.6990056431883519,0.5693572279012447,0.5519530014617589,0.5734475384047139,0.710478708474938,0.7880530445636673,0.714331397120399,0.848471152207535,0.7568032281292901,0.5660927558360597,0.46648509950100464,0.8820919587026697,0.6322629477542447,0.5282247530524876,0.7635659718157318,0.6237021337506231,0.8301348954735678,0.759581551144675,0.7991139830324008,0.8213747182656651,0.8115446350088545,0.7700987697591943,0.5268557573002889,0.6883443581723748,0.7179362501482383,0.8256742519354272,0.8670994858199562,0.7254854839281362,0.8581119814785402,0.7430006103571064,0.6406152657273965,0.5343331598510932,0.8639401777206375,0.6905534140413943,0.5688280402331743,0.7884766221619993,0.6259734989324311,0.6131675718493136,0.8349177679907888,0.7536391984500482,0.8570684191604256,0.8731448197215559,0.6371232043174881,0.34215144019881744,0.6547957169441174,0.7695256289840723,0.8173873077904239,0.6493489860077573,0.3891694052475586,0.7740276577281489,0.7215576928966649,0.5287080604616091,0.34337866349042445,0.9173027506673981,0.7207321320581005,0.3084182854605569,0.7663411559157923,0.32707910683280406,0.1710037578063424,0.72248136725947,0.6928767910454077,0.7652600853044893,0.7796736182200346,0.5325787383589877,0.3607166241912358,0.5405761280198617,0.6526887870221966,0.734844810144668,0.614732039393385,0.39740735800859645,0.7537487503077377,0.6263181669075989,0.42507751882031,0.35027245766466886,0.8403029537730224,0.5563775222704941,0.4092671655406672,0.6696008235398697,0.3338232939950764,0.11102805615589602
yen,rest1_vs_type1,1,MentalArithmetic,Type1,11,13,282.202519,141101,143601,0.1703583563245994,0.2024983006751162,-0.05361577948649776,-0.1581024806190543,-0.11432853931810394,-0.035833438681994956,0.20719152305709354,0.14399022951186335,0.09882510966958025,-0.07793573856415259,0.8588799893668351,1.292922727195711,0.061291442041086164,0.09322248008172274,-0.3010533180448167,0.10233791174091467,0.8076562052613991,1.052993110287642,0.9525939437301358,0.8320472195888626,0.9274338289926292,0.9422287418494131,0.9572052171239303,0.8454955783300706,0.7890193825385037,0.836379727331602,0.8560723490769353,0.9276819702665392,0.8761184921921734,0.8702321047721452,0.7379359952602922,0.7692682693520758,0.6334683809882382,0.933585360129182,0.9128060333300434,0.7500847839086964,0.9473410781673722,0.8121127536359469,0.8809037393830484,0.8589530238702938,0.7631122783575474,0.8415436781032347,0.7791972285754171,0.7265864397348604,0.7510914127389874,0.5988300481523243,0.7246449732865646,0.8246132550835911,0.8217895839011585,0.8380419831405197,0.850133511539806,0.648534132546805,0.5765470153919312,0.5448167664228836,0.8459617266724926,0.7383424885360813,0.672251880584022,0.874466597126097,0.7323419079844063,0.8287426575301223,0.8063602385267357,0.7509068842648,0.8573432029934567,0.7776594782664731,0.69609105263993,0.6682098906777825,0.5375882648417,0.6981945286653733,0.711790366875371,0.8231316641330544,0.849729834114027,0.7878860089791374,0.6080510813813196,0.5345742983448277,0.5162211155327564,0.8803028863053819,0.7431406821702571,0.6518424349790584,0.8075503086343143,0.6969616034768774,0.7956144244381965,0.8050036438887562,0.7403182637937331,0.8024464960853619,0.8307355664233376,0.6475118378566137,0.5535839978250017,0.6369207844575205,0.6585542728027834,0.7537450953594513,0.6585211589509279,0.6156316366525756,0.8576358509804007,0.700100522120855,0.4792807303222767,0.42355691571443743,0.849812799264917,0.5839650459569885,0.4459333292383385,0.6944206550580592,0.5063085967038382,0.39769508713768476,0.5709623016041004,0.5700533742428298,0.6571084498932459,0.6964644060745975,0.6065722925635059,0.1640483935265631,0.5242796529711778,0.6327730727588499,0.7106189181832979,0.6372521708261008,0.35630510556350103,0.77822051566349,0.5840682286486868,0.47462795404287217,0.21218050465621177,0.7731707829097872,0.6257720322868675,0.2002625310794709,0.7828340517545201,0.2177686777357014,0.06744805701250457,0.7778121689557115,0.7179607698661129,0.8318963872737468,0.8087754237946819,0.5522797818883083,0.2874717260404906,0.6806039028267865,0.7323653160501762,0.7567063739364669,0.5987554180688642,0.3218319243075669,0.8071109826508192,0.7674553131418609,0.5394952490666264,0.21240744544159593,0.8995988020723709,0.5732896245246119,0.2815058897713516,0.6745673160043176,0.24247099453814117,0.18372966789521503
yen,rest1_vs_type1,1,MentalArithmetic,Type1,12,14,292.79624299999995,146398,148898,0.2029889004274379,0.26935859855756483,0.03465271243446466,-0.6042764590810137,-0.3438836417522282,-0.29480578185184214,0.17797950297519716,0.2547618441099013,-0.06401553825851192,-0.17216597882565354,0.5847964930967455,1.2657616412174368,0.14680778290452068,0.44590823573176763,-0.16025945742253356,0.059183426276621987,0.7015850377184014,0.9964660916298613,0.953024210450976,0.9512672545196464,0.9236026690066358,0.9304284906381776,0.9384177960008677,0.9031510215761729,0.8854194812752308,0.8588734697715499,0.8633449864215241,0.8887597594645223,0.9397793121977663,0.9615133521432059,0.9433273015151602,0.9432844280176053,0.8787451470763238,0.9828670448870691,0.9536068173897876,0.862776494980115,0.9633394144229097,0.8640195024232112,0.904343624119693,0.9451278301476523,0.921377346190177,0.9146520790643844,0.9017958745619644,0.8724598147329379,0.8756688416916494,0.9180667779115862,0.8780369659669222,0.8620278542409586,0.9077335185727893,0.9393755179025268,0.9424922213678586,0.9093147783312088,0.9161406287806034,0.8755977180392125,0.9730601287437244,0.9144991420038966,0.8333718041062917,0.912371525918859,0.8209451454001901,0.932177566373204,0.8941650844579309,0.7382460580177214,0.790834927516917,0.8542244840521696,0.8031083539018907,0.6741050118408263,0.5497825323627117,0.658611297827365,0.7816000560278615,0.7941483891000214,0.6784971551831865,0.8527736270759235,0.6893933774260805,0.5820811255707304,0.5603240909949839,0.8625291763267016,0.7666111456873477,0.5868013191305916,0.8246375177723877,0.602333272139669,0.7719539159798697,0.751509951600804,0.7853345743036577,0.8024964042018938,0.7411323256897712,0.557077182265708,0.48404672519784087,0.6135351629189173,0.6679895108205914,0.6593222075695728,0.5820862944106756,0.5362032621181697,0.8165825291087536,0.6531061749251577,0.5133082519606283,0.4428980615952141,0.872932195757376,0.6927054422362129,0.4711373096007444,0.789858489371542,0.5075910356132807,0.4451537137528226,0.6792417804971732,0.599559493644972,0.6945593780371786,0.7208509448654551,0.5782121573764669,0.21829536224904864,0.5353437596979632,0.6916049190838338,0.7094549344098104,0.5694410219158098,0.3870440897883596,0.747198761026128,0.6055342989128697,0.4807790665232779,0.2273444699421336,0.8556153670759599,0.6506052322520928,0.2770346656907004,0.7589201859258413,0.22749053105115746,0.11172323750917852,0.6587994879140566,0.6834854901628401,0.7628994130445728,0.6919417885509668,0.5928671926317479,0.22811277196037164,0.6022218493712991,0.6553209708181277,0.6884203768083667,0.6698856400182029,0.2762310563843102,0.7759169096732538,0.6876001229975945,0.5498410504411848,0.17258714556976748,0.8459902903362649,0.6930503370080063,0.23357032094045455,0.7743169934924771,0.25242697501417344,0.21628620662541195
yen,rest1_vs_type1,1,MentalArithmetic,Type1,13,15,303.23988,151620,154120,0.148507043128431,0.15390417166229842,0.1613053514938887,-0.019489344376473206,0.04053418877100201,-0.06886829305071895,-0.04468859370667211,-0.09312663712231739,-0.09605411168849542,0.26641773281759207,0.46760358772051225,1.141822120431276,-0.051357009418545374,0.12776329741159298,0.24383866126968856,0.4511776384336277,0.4397741396995998,0.9854756972145995,0.8714190858854846,0.9122194835527725,0.9020608876275691,0.7825150500954681,0.8591816062586355,0.7150637516672289,0.7607943274134593,0.7542305709770253,0.7675930057641663,0.8210909276657123,0.8164826745675559,0.9369051918599485,0.7296024782395267,0.7644011395890375,0.5721465413339711,0.8296137485446299,0.7904658508036879,0.6045361270896267,0.8691222009052304,0.670206488384628,0.7939692466054693,0.7965263798154222,0.7699987677595191,0.8138550237247542,0.8124550481878157,0.7767675151062317,0.661937097966137,0.5764749476716288,0.6280840055703506,0.7300165985156526,0.8984623421441731,0.874154756337256,0.8818719756142597,0.6975627168005369,0.6577097517071088,0.4917867975001764,0.8669297488848461,0.7468598275100599,0.5207920440083981,0.844221731423903,0.6522843013109038,0.8281732208115739,0.7020455826724123,0.7954109159180585,0.8395878199540652,0.7060110688404474,0.6635205628132324,0.5764118631358492,0.45179343917819026,0.5283525727876991,0.5165678112678953,0.8074129141066656,0.7686472800538106,0.8446784948455792,0.6269882279337703,0.4676156502469045,0.3849502167858342,0.8100004776252118,0.586996879356591,0.43090866812696266,0.6051913527461094,0.43864614184416384,0.7599865324460915,0.7482494369803484,0.7641542987783532,0.8629648560506342,0.8207382902493122,0.6407134434988343,0.42593250322264403,0.5208284321970557,0.6765492309689713,0.7290685978815343,0.7226462939334466,0.5835091770206269,0.8118382008956794,0.6443100321126412,0.4580899666421769,0.33316408979775014,0.8385613203611734,0.6310013745151163,0.4613554188766734,0.8273705304819512,0.43537981343653187,0.39103000381667624,0.6199231034698872,0.7095665582278169,0.7963796006602706,0.7426185549544833,0.5771977833597816,0.35535427652628954,0.6034417391840392,0.6507747768561748,0.6492990582952546,0.5641715353235831,0.5478148015781177,0.7745658746831439,0.6281067820760686,0.5525335831231629,0.3629167274391907,0.758027234598109,0.6384435500394275,0.38848108317665486,0.7245691752894701,0.3264963783126051,0.2099612630028983,0.6447345409179082,0.6878212571553575,0.7209743802738423,0.676982214899376,0.46104110937019316,0.23890421132941345,0.6537757734292001,0.7327063533694033,0.7982193454277245,0.6343374397895679,0.23852457077088243,0.7394122342619807,0.6862428363535449,0.4481973660932696,0.18029727697369977,0.8820971998347814,0.6195152606296291,0.23726415219937963,0.7607661301708895,0.16055410829181063,0.11554365822069244
yen,rest1_vs_type1,1,MentalArithmetic,Type1,14,16,313.866903,156933,159433,0.2567934519169439,0.09186728278948397,0.056554169622410555,-0.19410047598422997,-0.45137134652010014,-0.1429756523365846,0.005270859626279822,-0.16994698946494058,0.06656938765812237,-0.07668054097494448,0.33978531569401316,0.4221521523784779,0.18404639906012132,-0.05009805239324017,0.167743218607034,0.03656271437158454,0.5596564885299995,0.009156306272129378,0.9561625818306022,0.896513199759643,0.9138264060338405,0.9179726820040741,0.9221943817359806,0.9048484738291015,0.796075464598827,0.8284351552368635,0.8511233411747173,0.8669421023181703,0.9175244304663789,0.9643912933495593,0.9307324222900639,0.9152928438749628,0.8000829443788013,0.9842404308104287,0.9598106229964753,0.8315752081346484,0.9742898159692368,0.8399593053095892,0.875724535847845,0.9489620797229301,0.9447389764972585,0.9297753943818127,0.9144138728628349,0.9293611054908011,0.7934401895615868,0.8624984638627925,0.8774259692201969,0.8957040331628752,0.9474937427892968,0.8599195687725893,0.9577479385832582,0.8895301156071794,0.8685172036380963,0.6963525843382965,0.948285532648278,0.9087763049906795,0.7200742389654077,0.9466300916569756,0.7489088293842389,0.8530687724352488,0.8501629180427027,0.7952261539069072,0.8452901489803258,0.8695418113126178,0.7111503191289738,0.4431870240835346,0.6333518327142604,0.7545665754435994,0.8424631163264134,0.7826028366775845,0.5745961825679005,0.8166532686882545,0.6964010642356672,0.5961992236074268,0.34236854451610127,0.8672834282774392,0.7170003329132194,0.3926533262915478,0.7736609747714371,0.4789368205618975,0.6999215697001433,0.7044911329160669,0.6025900418382627,0.7657812501010426,0.7436311959800297,0.5816702991073994,0.49192316783959467,0.5535956176743336,0.6889288925885735,0.7630134742917156,0.6449714568430485,0.46063791252346215,0.6710643385140838,0.5678854798644463,0.421960946528994,0.34208932965201133,0.8645792523243008,0.6191658778931335,0.5869692229555195,0.7608926073961444,0.535666045052918,0.40292824827171064,0.6414414164639062,0.6502165524369707,0.6490654515434627,0.6507144401080635,0.5208746876937568,0.32376528218963796,0.5044361848249976,0.6797863091590048,0.7409437022081169,0.5876896424824445,0.4704204274948947,0.6264366237429859,0.5803120428981047,0.41384669807415453,0.2873754402967033,0.8740879150986594,0.5947076463074021,0.42319527069418145,0.7110151756407134,0.3983153465187091,0.1309035601561425,0.6956721740364197,0.526527400746338,0.5316234743580036,0.6076514134109872,0.39179971779715433,0.32241072404326765,0.5049081284583282,0.5966392346637128,0.7477044885762861,0.5481579036558688,0.37762684903280375,0.4850642346664654,0.4882090117911579,0.25827086606845767,0.25555652457555383,0.809215374098193,0.5933756777715824,0.2676717056400738,0.7670687426638432,0.2748588886259997,0.07373219004132231
yen,rest1_vs_type1,1,MentalArithmetic,Type1,15,17,324.252311,162126,164626,0.33558548701421387,0.13857506369917694,0.16277480891776985,0.06449534757233,-0.22543347568701133,-0.15410857735468264,0.09614456364240898,-0.09242600944095614,0.011071526620629157,0.3496239181841103,0.6021000076563419,1.1559930948113721,0.2023370398405664,-0.04371705601904541,-0.09994602660348484,0.4649104550342047,0.13311912729783915,0.7892417248645658,0.9463748950840332,0.8760901042615215,0.8720129352718965,0.8947978161286468,0.89493687298236,0.8299830683809364,0.7672996036772561,0.7757530343036034,0.8296989618350905,0.8723940580125247,0.8336538295392729,0.968225430439763,0.9147062271775652,0.8179907970224846,0.6871042327606107,0.9753568606823597,0.8713125740507096,0.7386374729750782,0.9090751109161794,0.7900290739205923,0.9289066873757031,0.8551797911715211,0.9076530103569395,0.9106699329471984,0.9108425073222598,0.8401305342777409,0.6678172429749794,0.7165575450017138,0.7178882540497198,0.7362631005050979,0.7744255867403818,0.8211388849389154,0.9603292242560603,0.910499223818236,0.8002693791830969,0.5317710544603239,0.9646820030190227,0.8576940394619569,0.5613383101374494,0.8734767814233345,0.5981396738813557,0.7607269536270097,0.7556585879492574,0.7120749633678273,0.8559499117666658,0.7868658126302044,0.6457277825398263,0.41139537613819466,0.4066683132397886,0.5739791954461027,0.7084014008333273,0.6827037209462214,0.5893932265495784,0.7895486993766079,0.5107896410549567,0.3200206364877668,0.138675982126033,0.7992173292110732,0.6443274308118518,0.30254305093954775,0.8663962951511001,0.49239443912271696,0.6682356030390934,0.7311268305871899,0.7681013040302636,0.809856839114029,0.8013713317534171,0.6277483879883671,0.49746230199518393,0.563343303416658,0.6584495884902187,0.7172777820682114,0.5824448530931116,0.6827576592379779,0.8404111222426665,0.7249836142952888,0.5589556175386481,0.4312843985453078,0.880824419035795,0.6287132892562198,0.5275204331974539,0.7492227552046471,0.5221776567555406,0.40014567435951054,0.651813412464602,0.612945558756247,0.711366278066216,0.7216324489217737,0.5376354034299913,0.3862765677799142,0.5522156653305093,0.661435657956005,0.7673486868127808,0.632507182933063,0.328711052365372,0.7097374380835061,0.6560323230588219,0.437435234861693,0.20222075661118333,0.8714873686308584,0.6287486924256228,0.2172715939258195,0.7047083285666219,0.2172900705270744,0.053374420540584624,0.6058104618534043,0.6227795134589132,0.6854501580890277,0.6355526575116138,0.3298358789816727,0.36914498470279783,0.5288069046455318,0.6617965446888451,0.6837531021840879,0.5220045052016874,0.258698644152508,0.7842425796435284,0.7002238358649056,0.3733459154148663,0.47105473506850004,0.8491853402585164,0.4417813079523248,0.42645780276977013,0.6154693845460004,0.3325243354332748,0.07595430789737256
yen,rest1_vs_type1,1,MentalArithmetic,Type1,16,18,334.238653,167119,169619,0.28257014147804327,0.1800110742202108,-0.30963557575013434,-0.17296323814899806,0.07510635715131109,-0.45118073907347034,0.13914862470028844,0.12358654683060966,-0.24301893823554144,0.22612352545451486,0.7083273592744819,1.1107029975393505,0.5038880301324387,0.2144067427591212,-0.7425453720496211,0.30190495286454855,0.7956905573852171,1.1987947791310516,0.8052000248504733,0.9293942668629904,0.9124017470775875,0.8989077766567813,0.7474317702070808,0.5023664213180473,0.6696306371211423,0.6938840505146774,0.7266110775212992,0.8237850630810806,0.7488437647627806,0.9266838603466802,0.8836304757339689,0.6520572170926568,0.3760983255849989,0.9799112293499408,0.7745401834515696,0.4364149958623195,0.838368725336268,0.4971588316037013,0.7393774722115828,0.883655301468878,0.9365947837113927,0.9458443058541988,0.940468619093852,0.932976836839998,0.6937198660567656,0.7720707028132124,0.8095927687885945,0.8227570275221745,0.8685532733260096,0.8490564806087108,0.9457503009427601,0.9169746915975621,0.8515047511276398,0.5946271104984856,0.9832709023101449,0.874701986336016,0.6339437452258317,0.9016385129372492,0.6604344114636559,0.7718540552961296,0.8038670230106766,0.8775742939894894,0.8986904914498889,0.8792640846070284,0.7602901073858184,0.5884472268831572,0.631526043214499,0.6954825253781258,0.7849226454065342,0.8115634485432859,0.6860280480183552,0.8809402705066413,0.7528863454690582,0.6489619085532115,0.48533085094001754,0.896264817103557,0.7811221337115226,0.5487266513934935,0.899437114167543,0.6863508508786298,0.7543243806642689,0.7670363570870048,0.8451597494514368,0.8521034179937454,0.7922499779677293,0.6009120049577461,0.4102679902820725,0.6935930763928274,0.7914704729177129,0.7925462199037425,0.6183374237621987,0.5201341182500617,0.8862003940554987,0.7902509903650022,0.5917004143488583,0.3138691635022763,0.9255191382297996,0.6539442226935213,0.37995199725030937,0.7329022821900476,0.4055769931786964,0.35905485688576155,0.6571972044791735,0.6728411551805397,0.6899249147335067,0.6669601525249814,0.5170084092158889,0.34822064825912624,0.6707863795000769,0.7072900922002054,0.6978256812517938,0.5859387905042804,0.5125900653354363,0.7988820779213637,0.6372076108491782,0.45353391380623703,0.44222613325071447,0.8429390840360691,0.5970115612370964,0.37374734901183576,0.7656489988131169,0.35885638311144225,0.17051571200721524,0.5943591150884294,0.6081556714138281,0.6396968446913952,0.6309110844214247,0.4560503199632721,0.24591748467124425,0.505025145755896,0.5841910767532389,0.6439620274565141,0.5214653354215031,0.2583146851707631,0.7254953869787195,0.6001112844028638,0.4510257861978954,0.30499000436566553,0.7871329230915026,0.5550148280425892,0.30786278193917194,0.7356966174882386,0.22012085092621442,0.03774573396653843
yen,rest1_vs_type1,1,MentalArithmetic,Type1,17,19,344.65568299999995,172328,174828,0.31253686707131756,0.09446320488400417,0.11601316109597981,-0.02196454600891551,-0.3225476803574332,-0.2625246779163031,0.14406831748443505,0.06606258520458708,0.20054466772776625,0.10809433983910122,0.5098389952831845,1.134322315671469,0.5054276842826546,-0.0038573358922002754,0.3460277249710284,0.4859236458837062,0.38018823514562383,0.9790571229852931,0.911648512118009,0.8572214292290482,0.8700086606684487,0.8680763589021797,0.8371694824008029,0.8082227707119451,0.7061486611978413,0.7831289845107917,0.9240787457729778,0.9165614308873311,0.9404611214978121,0.9348843070856241,0.7073167980864117,0.6215088379006329,0.6026491374981444,0.8235267394792414,0.736916827401317,0.6987270321883008,0.9477951739520607,0.9199544000090867,0.9320707973567343,0.8369863673176846,0.8849125447197473,0.9296072946932126,0.7635657489546158,0.745775767903725,0.7634380784807661,0.6882924535162656,0.7727117684817469,0.7889647943261163,0.8358447579146574,0.8488766063055087,0.868176550205488,0.6318708787488386,0.6383108804212694,0.6245684218197892,0.8171154356333753,0.7623015772796304,0.7098698385049309,0.8609759912336319,0.746986037982336,0.9042292325517749,0.850574141966178,0.7479922008292984,0.8560793680020898,0.8463052307471952,0.8286506691058381,0.7993922545127492,0.5736435500850665,0.7004020993090488,0.7705673638863499,0.7992988295855573,0.7832796432267932,0.8467474137743527,0.6631499504641178,0.6667304131929152,0.6230573764934841,0.8785943852966348,0.8295460836046503,0.669342868813241,0.9009310235106878,0.7430404369619861,0.8088122794772288,0.7198800418242117,0.8241523750542357,0.784314999568797,0.7587473032911866,0.524045432271028,0.3685328032308621,0.5675087852683057,0.6003524458087189,0.6926674004499803,0.4642459459290188,0.4932397358066251,0.863232359974172,0.703027867951954,0.5172418116027236,0.31418573930691107,0.8448408449616134,0.5166986669508731,0.36189974786109497,0.6260955896103081,0.41610599607086524,0.37502629811323684,0.6012321742954532,0.6514674708996747,0.7174573537192752,0.6954740223121968,0.5268962033756528,0.2705779021041519,0.6308481639316917,0.7221299630869055,0.7271619321441538,0.6037054009821101,0.332995535984973,0.8359349434073153,0.7529626716827991,0.5876343507959774,0.40542397461413116,0.8769481983504133,0.670886614121192,0.4203958399608036,0.7313535095943038,0.3762886048255415,0.2930040021172429,0.6077212913419979,0.6845453319605879,0.7199067668983365,0.6702874279200988,0.47519085418416174,0.23725239301162768,0.5663764620903675,0.6621158526431443,0.7207335601422421,0.563495856208971,0.24181167514938168,0.7858130481873576,0.6517534069131029,0.4126482578166338,0.3154822968112496,0.8276665692654951,0.5519727955198745,0.3360561002947145,0.6998712535644152,0.22016872564425796,0.09831503991416146
yen,rest1_vs_type1,1,MentalArithmetic,Type1,18,22,378.771912,189386,191886,0.2004947666463348,0.19094748534472128,0.1928027042097753,-0.34440453282733197,0.07329384472141687,0.004249875593819397,0.10678217119693567,0.09140653904644669,0.5686784172771331,0.34354658142012706,1.2213603946359965,1.8279369077611238,0.01114187387507748,0.18445571125860205,-0.2081231399886283,0.4750569326930387,0.8566103425000273,1.0493548220812117,0.8594231606602446,0.9333259453068201,0.962250601209014,0.9243086043191484,0.9151359861072718,0.6715565530536535,0.7721110005013354,0.8294247185520639,0.8748964593010435,0.9095638243783872,0.8249298695370059,0.9469881224287605,0.862193593970895,0.8401646392308443,0.5970886002312992,0.9376540912322598,0.9204368045106539,0.6758588150342146,0.9781099907016778,0.7708890949579073,0.8344422296400352,0.9532504925519372,0.8463273077179289,0.8580358275665265,0.8324774423821024,0.8610072751392011,0.8395603808209295,0.7524253206651634,0.8113871774399083,0.8188150990415812,0.8939506167635292,0.847262902285353,0.8630463905999801,0.7310090921262928,0.6860333164886201,0.6893505450252784,0.9189300908420388,0.7961451664424029,0.707410801754515,0.8327887766405009,0.722939958285433,0.8981837094356336,0.8868640213729836,0.8115703177904084,0.8238225513598333,0.8407930206032526,0.837935497295433,0.7529091529309065,0.6757244776050245,0.7006824484732272,0.8061956962211074,0.798323757562091,0.7546880460833131,0.8944628090721619,0.7336681531647137,0.6883050618693053,0.6065087214687745,0.8524375072435567,0.8249074604246411,0.6590443087976252,0.8671821711577552,0.6683666639035624,0.7511479777891039,0.6780550012128304,0.7384852604227082,0.7489639625188147,0.7300273059730773,0.5637583464577961,0.3818087031081244,0.5268788028464567,0.5422702507480205,0.6328310081764005,0.6041448655079754,0.541803547278682,0.8804527642141466,0.7538004817446683,0.5509508082551358,0.3011718324844609,0.8601504890481708,0.6205595439274317,0.2822296765864413,0.6705058156105033,0.35165306742046615,0.3218046981795876,0.6756472792043583,0.68028836864951,0.7926734480487194,0.7788614515151614,0.5856420552571924,0.22919355704949293,0.6362149972830404,0.7053364160780106,0.7706652225007129,0.7086009001728786,0.3273188964091258,0.8010346894693314,0.7184890404152485,0.5713206558584367,0.2938826723264161,0.8941286716549149,0.657817134395558,0.21729981389672362,0.7470039337009555,0.23277867306199967,0.08232709074239192,0.6597577155760266,0.622260571778957,0.7095543639762752,0.7074064397886315,0.519902390063107,0.3271106757994917,0.6284089392886537,0.6936916104612912,0.7214911999179549,0.6035449513341445,0.32793829194726604,0.8034795650896095,0.687694389580123,0.5317941189191019,0.1946993248659669,0.8994472207772339,0.643722501650093,0.22714863212028852,0.760939476873269,0.21459371192162532,0.06181218494426027
yen,rest1_vs_type1,1,MentalArithmetic,Type1,19,23,389.288097,194644,197144,0.17556724720429795,0.20643128177573278,0.1232616604134833,-0.0394652899089909,-0.3998437211094652,-0.15905573572449327,-0.03536103093370713,0.05472760795038756,0.21961369405791364,-0.06366714882562352,0.6413987445080895,1.0785360811413809,-0.1529296467671175,0.19765398273398915,0.29666323724510857,0.004554458629951519,0.2175223651296534,0.7248809391402968,0.9136804183216634,0.9138124099887247,0.9111842553294338,0.833401327295497,0.7604650315372496,0.651131956894467,0.7660846923213386,0.7978571073464673,0.7960832119707262,0.7771739696134063,0.7853507427376637,0.9495134361254564,0.8152520314277852,0.7460848495613988,0.540496890997459,0.8924845021082058,0.7765283999121746,0.5911760564045111,0.9031942895316436,0.7068436080459805,0.7753579597032688,0.8330725253975235,0.904642985965355,0.9072309511823704,0.8799130720959425,0.7302051806693284,0.5444493666089285,0.6907702032189403,0.7387426043992666,0.7627446664360819,0.8985057038308084,0.7556945456353973,0.9105877951268521,0.8128563688794187,0.6240119034918219,0.42230856776353387,0.934180702169873,0.7171443037749201,0.4843119144582513,0.7532254811450679,0.5275976935963168,0.8005264081563315,0.841695062853187,0.743684432900456,0.8232715326660204,0.7371030597936125,0.6509322204871706,0.5668165646298235,0.5838183139507721,0.7111256680486671,0.6665771456784801,0.650519500470664,0.6701663601040858,0.7596101823855689,0.545242689895749,0.43995404256444076,0.32840854286791116,0.8545116785856703,0.7613045601179633,0.5517390954310581,0.8566852558352809,0.5808410043878381,0.6653950423866029,0.6851125327068069,0.7879412635107363,0.8174235036385062,0.7942028279986759,0.6908012760362771,0.41791921358927586,0.6233028907226442,0.6683739123591931,0.7411102663020555,0.6761936634648623,0.540890507625088,0.8807036050330193,0.7697269323647518,0.7073430120819526,0.4193276587624742,0.8863169220458667,0.7793492344273781,0.3862263614914611,0.8276323010696062,0.43017059070214025,0.3732491008551012,0.6756278471623477,0.5646754539101219,0.6579439004961347,0.6783906994900438,0.5081739622455156,0.2910148424738697,0.5090191393668319,0.634852296912659,0.7469275520274512,0.7362004797208593,0.3776444583114465,0.7862646798188726,0.6077596739197061,0.47065849875306165,0.23012217607804888,0.8385023921152708,0.5997677415006791,0.34159539264752586,0.7223058527242393,0.36544079563801923,0.3100578224894308,0.6519761167242855,0.5882244296550759,0.6528473017267088,0.6161207987987423,0.47589465834038375,0.30894700507000983,0.6567905838667791,0.7184554294124581,0.7481003103680778,0.6056549349904589,0.42193462877313714,0.7345878314455998,0.6603219606968356,0.43684037550049787,0.3144863737381979,0.868575347429166,0.6029254758420735,0.3518529506338122,0.7192285077767694,0.3313441755326022,0.19720911775408856
yen,rest1_vs_type1,1,MentalArithmetic,Type1,20,24,399.595258,199798,202298,0.4215309859733489,0.2670827738544128,-0.28433512966457375,-0.013966691378671126,-0.20477041592318734,-0.19685046436796272,0.43748339214097953,0.09125520788726149,-0.18868282574546402,0.14560441741893237,0.5260574599553767,1.2367212226966084,0.8735253463416361,0.2848098920069573,-0.47127137539826736,-0.04666621582978836,0.38530112830742036,1.1001481984791956,0.9410250250993295,0.8875641058789463,0.9205353416780189,0.9437261823741959,0.9495350964012589,0.8475616425274803,0.7756673894974725,0.8321183489154181,0.873730400352437,0.9494687255787797,0.9076465384858995,0.9727914518394569,0.9001301405895903,0.8280685590317474,0.659464687775118,0.9620314022902144,0.8814842640233371,0.7044933551974252,0.918806735041306,0.7582513848163331,0.8565420576330007,0.9358631230448163,0.8503255056147967,0.8589101166992958,0.8492997188122615,0.8501302770320006,0.8364278031439578,0.7395502019682617,0.7837525600130634,0.8175902729274354,0.8682507273039177,0.9021234096897855,0.8812256602490194,0.786196324580115,0.6822397178472006,0.6726358413186878,0.934908367630964,0.8119205587987012,0.7678556711081272,0.887634894035795,0.825150758578128,0.8930060670919555,0.8258705454183496,0.807334020891707,0.8467135467887383,0.7442873705570394,0.5555799862625728,0.5157248494770983,0.6567506211014768,0.6758469498854219,0.6752371021629652,0.6181552314369252,0.5636378319065161,0.8574426101328797,0.7538459961323926,0.43282373376356564,0.4180420365412411,0.8354013755128233,0.5332516601464109,0.4887663748589503,0.6530624142840502,0.5064452243499729,0.6614820778346767,0.7626225649982328,0.7562725524537697,0.7660082552894385,0.7633227072140526,0.5460206123510979,0.3620965858611361,0.7044455064052124,0.7679093953268618,0.8483801682722057,0.6101968508270251,0.40036584426862665,0.8653666475941127,0.7401961061163392,0.5918977414071608,0.32497525729371757,0.8718820274586419,0.6606859700265363,0.38469721623184244,0.7335315885184536,0.3772394668623051,0.2923034067146932,0.5354483640460251,0.4396071799320914,0.5877362866244854,0.6191825711923676,0.3798490805935416,0.37341429515474667,0.4615910622045966,0.639438327518347,0.7303670747131583,0.5734241076581852,0.4295018151216302,0.6588457238741412,0.5372414707171776,0.37988101481071107,0.36854930083541876,0.8504585994854306,0.5559312719161347,0.42595331346760884,0.6201601717359749,0.368474621625549,0.16839469824868486,0.5145810306007199,0.6008186572332108,0.6254553071821254,0.5019096139801482,0.4094531878035828,0.23618695126194322,0.6163720141440512,0.6961528926679607,0.7214858458638981,0.5598359651455963,0.4630890617656396,0.724326612555303,0.6386341073488971,0.4909301356942764,0.3819061128199906,0.8321215018443944,0.5993125291297547,0.30070427439803155,0.7157130328235357,0.3262670624139743,0.12904808908981366
yen,rest1_vs_type1,1,MentalArithmetic,Type1,21,25,409.741669,204871,207371,0.24969634527904816,0.1843068809598014,0.056901657435070696,-0.32471338276124584,-0.17754508129436397,-0.33098950151319073,0.23884753905631317,0.15744507158093501,0.08652599827569363,0.2595354907136631,0.6237994223749452,0.9110301782918349,0.2659796031110293,0.36014117996954376,0.15934348448274882,-0.06206517138250778,0.4644217874849428,0.43117090610853115,0.9615358454650123,0.927122747685961,0.9068764760289318,0.8941112299205564,0.8660627360013089,0.8628494851856989,0.8838813178990432,0.8404662908992627,0.8590936301425321,0.8620640087750228,0.8864052331310713,0.9126681714757412,0.8391737852102763,0.8049369343318517,0.7610988256736738,0.9597212642681083,0.9319098850948236,0.8509146323270165,0.9659901595120586,0.9093465022274101,0.9437524004242821,0.9352771750967382,0.8983370424676009,0.9187711787709146,0.9184882694881523,0.9084517110167128,0.9065475313195499,0.7976792260944178,0.8183278233405445,0.8493349190594228,0.9116231370477479,0.8801628674637073,0.9542627016153598,0.862643056865873,0.7976491651020131,0.8161600100241992,0.9270034423202697,0.8557749598977431,0.8578372874740466,0.9165836398011176,0.9015979537006407,0.9478404564765033,0.8193688259049388,0.8534054859952362,0.8362351872698593,0.75499156957447,0.7876057464903847,0.7449505682052185,0.6286741230399832,0.7350136804094326,0.7584001661754739,0.7920776009816064,0.837343401287599,0.8957812201232168,0.7468478042137523,0.7291839493087987,0.6270000656080323,0.9151556667732174,0.8227113948679476,0.730417138733458,0.8639844855437798,0.7484154362679005,0.856175103810541,0.7209796689948348,0.843919415487674,0.8998603354621773,0.8831522338041613,0.7612791691379501,0.631707877013874,0.6695173483404845,0.6767607033059668,0.7484540617135782,0.6899177458687401,0.7062999863722372,0.8733927347870971,0.7980230101348836,0.7182442887868651,0.5214920955705912,0.9159933900810124,0.78359529646371,0.5441204519909559,0.8370429442415306,0.623283554643053,0.5785439960836082,0.5022137689407117,0.6094705227896706,0.5351420520528043,0.5683216530510365,0.4196509511339913,0.41815348237354705,0.6561232162079034,0.6611176585719034,0.6996170221783957,0.5778450320624894,0.6170947066793857,0.7333649636103521,0.7236014464630921,0.491008884286626,0.4748160513549409,0.8722732650269579,0.6632739129978859,0.3851773016596801,0.7431877483138762,0.4600731642866385,0.41060825098994086,0.5975673658045159,0.6785387969385219,0.710627591526555,0.705926351697863,0.5315224559404481,0.48089609255875665,0.6261444766992905,0.6750317588034875,0.6561970266603828,0.612252782362821,0.4738840621352678,0.8156584130380544,0.7405790228120352,0.5154156008687625,0.41170675090180586,0.8960935069741941,0.6402725265401394,0.5047254744263688,0.7197375742475022,0.449459825095174,0.40100946597036247
yen,rest1_vs_type1,1,MentalArithmetic,Type1,22,26,419.729564,209865,212365,0.12908189941603876,0.1740201448972929,0.046779827645749616,-0.21197490804825536,-0.4603313809844618,-0.031940721134827044,-0.12915586478198726,0.06300475442573905,0.03656423670424047,-0.08010915627017301,0.009449560758115982,0.2604979104692635,-0.22956938608570088,0.11120295095041488,0.04521548540535436,0.0954538607435067,0.2330326621580423,0.41177832405344184,0.8986544393783821,0.9265978829801447,0.9454560261093444,0.9500273150436654,0.8891238839369907,0.8729075657195701,0.8726034649578492,0.8402330478865833,0.8280649835889783,0.8891054822576073,0.8671188778921903,0.9301334510899907,0.8755153112007383,0.8644815134813122,0.7863587057407915,0.9689171068281133,0.8836760332263428,0.8326556147020876,0.891027173640476,0.8548754585986366,0.8947267222812221,0.8648696569978537,0.8673884104832105,0.8416583135538808,0.8149241295050653,0.7011027366642568,0.6484826618520718,0.7661519477580696,0.711847447260888,0.7220279940096589,0.7609857522875729,0.7397982959560956,0.8871292199658758,0.7912629230233124,0.7314827674894903,0.6202055670583989,0.9154323094003858,0.7791567191675566,0.6183523439063433,0.8504209775714958,0.6757764407760155,0.7903774472879742,0.8019145780240174,0.7105039951418523,0.8847855917117371,0.8371130267309139,0.7715190727834192,0.5794169630957242,0.5345693434410043,0.7371470352172379,0.7488864748863471,0.8043841930558285,0.7111509782709285,0.7227914931516458,0.6085018302584423,0.546318016574831,0.3483116686682704,0.9226301012783419,0.8116539665186119,0.5481044496478249,0.8466445304389815,0.6051643711822081,0.7955014876712677,0.7787124987844406,0.8106124572096746,0.8218649510896657,0.8381272744376363,0.7100648973212796,0.6090171722161818,0.6449227903023265,0.7121026135684605,0.7910256837120451,0.698266947859545,0.695619832448122,0.891718713817411,0.7418168200276605,0.6099305143904974,0.5008684628117548,0.8733480501041904,0.734367007016291,0.6211722937081626,0.8151333385994153,0.7011542987572231,0.7795087321945654,0.5647056110824179,0.658300802786082,0.6558315178910399,0.6392426515344135,0.5299709972735547,0.40806023908372474,0.5183478435094225,0.5575771472821287,0.6176957171113125,0.6132039224983774,0.4711438337043027,0.8097949169530261,0.6918578145768778,0.6232174398989313,0.45666000912155924,0.840517189314007,0.714774516963415,0.5018337049634444,0.7627774252635476,0.4498802835285253,0.4833649797379118,0.6366278077044211,0.6392398211004737,0.695448487739901,0.6897994129318464,0.6537830197158785,0.6090098360849958,0.5870239728860638,0.7244254218360459,0.7705614740311111,0.7462005136444106,0.722320501906408,0.8037910092898521,0.7490392857874212,0.6489974337505848,0.6251500218728439,0.929527996523119,0.7900613737905777,0.7569250389186098,0.8238514503689469,0.7736291824309194,0.7851217181631002
yen,rest1_vs_type1,1,MentalArithmetic,Type1,23,27,434.203089,217102,219602,0.25868551390358174,0.15053163644004197,0.06129442420799691,-0.2718779473221091,-0.12373553825234707,-0.300869735560239,0.11803790703890193,0.17731846923306627,-0.19120642037950475,-0.11185023691394713,-0.10632441407400872,0.04762724621420267,0.18690851016190013,0.030892822192213565,-0.24972925781218214,-0.36587011126217206,-0.23051260591018385,-0.06893453246635284,0.9178632551003459,0.938273986295773,0.9247871351773439,0.8328931988372271,0.8714000415676255,0.6669911076989948,0.8563515413116055,0.8984738957017456,0.8608654625790327,0.8971383888142773,0.7829204867947346,0.9083040583680887,0.7794541358081003,0.8508752454332617,0.6327971517939786,0.8974362668594178,0.9408949867234141,0.6944822534051767,0.9191757536810888,0.7502033343471073,0.7882873306251025,0.9322875749604916,0.8782894135479167,0.8801751008932274,0.8623811786171218,0.7988384361652816,0.7668710637327344,0.8006754202594298,0.7839337390827142,0.7877717674706948,0.8629602104016604,0.8388317037997267,0.9123928427987621,0.8403798623501456,0.7319231386675393,0.6893423470198149,0.9390012499482855,0.7890071488263597,0.6790835480476437,0.792613812258805,0.6946699960618463,0.8597728776714332,0.859804219536691,0.8086233240650929,0.7601461387708355,0.7370437955877575,0.7666548866498798,0.5846891490723087,0.6624585371970232,0.6252777296484311,0.6620798674947119,0.7302874003241818,0.7126727936728171,0.7533505861142287,0.6286833061771778,0.6099365505037226,0.462421636742215,0.9307270201721467,0.7705570648709535,0.42542940223773373,0.8083042304046965,0.45159236446595197,0.6659365731508555,0.7856317634314298,0.7522837577376708,0.8224171917562884,0.9063851446126382,0.8014632634646748,0.698769996732133,0.6267798956213838,0.6840790819741753,0.7882182741873845,0.7659070050009293,0.7031412811756997,0.8969540253501087,0.760449270242672,0.712373567275023,0.5697112801860816,0.877460460656513,0.772992028530741,0.6209583294518249,0.8357626826258705,0.6664904177230825,0.7515600096253643,0.553725155816121,0.6149643820883027,0.7444883802253167,0.6928906237834237,0.6132944115292056,0.5641031106491591,0.5728366230511368,0.6586376663801145,0.7316402423548001,0.7288967215417169,0.736280237268468,0.7526708980646006,0.7744165894951378,0.6867122172976062,0.5281672058433767,0.8697914968142719,0.7683064455011102,0.6167638770584752,0.8432494579029993,0.6663071401144628,0.6951557559063676,0.6401548509314772,0.6669111255313463,0.6997899834735573,0.6974846648896466,0.6302791454121353,0.587801953388493,0.7204250800869164,0.7726148779276147,0.7849565696458752,0.7553161006307724,0.7893997753167764,0.8521204426999958,0.768004069885891,0.7057530333898633,0.692049659727287,0.910937875012139,0.8270195743141999,0.7697805404957534,0.882241551506404,0.8004145112775524,0.8474805385208771
yen,rest1_vs_type1,1,MentalArithmetic,Type1,24,28,446.086653,223043,225543,0.18078037467400776,0.13184779629596033,0.047670985683223144,-0.2628986650807805,-0.46263952025325894,-0.29371397905312513,0.199080436963734,-0.09143630413469506,-0.08459405940318243,-0.27178493670147397,-0.04094610546615485,-0.008838768458913293,0.17963803966876668,-0.18858205894637603,0.1836386069558178,-0.29455297062785357,0.19235968466235898,0.08123788765232387,0.8062164690477872,0.8648386501275602,0.8861644339161168,0.8777992604584467,0.8009824885466849,0.6381089013645174,0.6112435001491657,0.6272446676005701,0.6717224235338749,0.7581435279892033,0.843679272198981,0.9274757614754491,0.8014947494757754,0.6681594575847459,0.45161015138899413,0.9122186549516291,0.7710060927791935,0.5227315306389038,0.8849084946510616,0.6160553725544538,0.7870617572279596,0.9046108392258118,0.8393280021074813,0.8655196266435512,0.9051450985478117,0.8455429282922916,0.8091074424887222,0.8034004614868203,0.8427192845559848,0.9206313623316535,0.9397248113183898,0.8963221442880825,0.9226159087882827,0.8505598144492952,0.7667800731035036,0.7339801492993548,0.93194286944132,0.8522242611212354,0.7783636669119598,0.9286625701834933,0.8021254796572116,0.8854646096538316,0.8083594716806622,0.7875740019238908,0.7731377627478317,0.7664057448922194,0.6880996544835519,0.6214510295678805,0.592201770591535,0.5866791362861461,0.6734051940920018,0.7761573885534371,0.7996440511556442,0.8575272421411432,0.6987125090777844,0.5509137583570896,0.4353980834675343,0.8353042848909433,0.6292871538836294,0.4653421702100383,0.78610750889205,0.5703624434654945,0.7753312348787929,0.6421890784221099,0.7252165457033013,0.7137155031055679,0.7273300828573365,0.6642115258519372,0.6118477646045749,0.481923934434353,0.5583828913175957,0.6848747976969066,0.7223940456334049,0.7119850010354566,0.8455485941814136,0.7147506295975181,0.6335364883855245,0.4707534912344527,0.8654075641334118,0.7028564688515192,0.5276889732451205,0.8016710064766371,0.6277345889302142,0.7946406414356698,0.5001486121106372,0.5200075216686686,0.5135068779088711,0.4986834914318132,0.5578946161095412,0.4197722941057688,0.60284656651647,0.6797041116787326,0.6970077114387917,0.6687165217586181,0.6316088801416854,0.7566978618629056,0.6782313030822933,0.5835315259172306,0.4601197146915291,0.8796587141090342,0.7360956167250532,0.5585483048546408,0.8164554302973106,0.6474901960994847,0.6468376623809735,0.6507772676711597,0.7299936233670558,0.6737357438223446,0.7108427478680743,0.6240068499338561,0.6216465404242624,0.6607586194664533,0.7026942048680098,0.6612398899856535,0.6748572697077473,0.7274470060790896,0.7736406767549273,0.7321801224215264,0.666933909680525,0.6666563439422656,0.9138868799564807,0.8184985435633803,0.7236387453850894,0.8480789475183297,0.7285401463893258,0.7655835597925407
yen,rest1_vs_type1,1,MentalArithmetic,Type1,25,29,456.075433,228038,230538,0.29301517998450777,0.22376801034596028,-0.24526652578263164,-0.07239946341393066,-0.3263447299233899,-0.1779033860860162,0.23856464624057327,0.2243237189614229,-0.1357571512258291,0.09049393914602,0.03221698277266327,-0.08349829906307304,0.3678526751605924,0.23601159959799212,-0.47290784718143186,-0.048257865063840555,-0.10534703413382918,0.10436933384470715,0.8957139143009739,0.9167828796954661,0.8735656109186546,0.8479958397740672,0.776116644629689,0.7443246752310445,0.7671056312194277,0.7761817270789124,0.7925048282998425,0.832817127471027,0.8479876862551722,0.9523410833508648,0.89240356036171,0.7814115854840492,0.6757558661765521,0.9566684862002134,0.8678776438627439,0.7427555544950522,0.9336117869031763,0.8280877401410177,0.9160450577803776,0.900363681172228,0.8720313013341312,0.8966951216444566,0.7908456669617936,0.7988110064205043,0.779146186418965,0.7151308306051637,0.7493692227941288,0.7792659681249989,0.797664151493952,0.817981912145688,0.9101037171681657,0.7153075618103172,0.6760631061589816,0.6274241522574677,0.8360717849129433,0.7720261994185672,0.7015508563152375,0.8934062748089027,0.7961684961091355,0.8617263304402552,0.7746008179120513,0.8663212562380478,0.8417288291564268,0.6967718046779465,0.6121222506878723,0.4728658934163278,0.6319465397777275,0.626933732684639,0.7056319545049355,0.7803398323800859,0.7075245405942359,0.844182641919625,0.5683580865987989,0.4971801338571528,0.3925710359894901,0.7847854209924204,0.5503243019214978,0.3124450704770496,0.7477867235395548,0.45172091134763426,0.6808120735800273,0.6767406744909331,0.7239938043496135,0.7142279096543049,0.6999156636482236,0.7260376436061367,0.7323315000037721,0.6049365184110301,0.6937531553957929,0.7112194248056335,0.7037526722913526,0.7516966758293473,0.864659674057583,0.781650899456592,0.8015974537200528,0.7459808416811374,0.9411604795427523,0.8942474842820155,0.8251223954206437,0.9053883474161578,0.8275655685430519,0.8476028055003415,0.5367732600793421,0.6881860297165043,0.6491374633408061,0.6511286007336505,0.5732649050213448,0.5436119509311419,0.5618912474619784,0.6301570046753129,0.6817747613228691,0.6321669960999975,0.5292704307076964,0.78487781956109,0.8015747934410034,0.7014220094432371,0.5472484342817311,0.9043776065598899,0.7648792221126395,0.5731540414952905,0.8552238028252211,0.6273840356808649,0.6929853487249751,0.5911722143612835,0.6590633722764282,0.68738340608167,0.6479965700464491,0.6265966439598505,0.5881629549024364,0.6586298191614359,0.703122803940151,0.7205089292368052,0.7222071146650926,0.746338226594416,0.8167969422919175,0.7415463863422074,0.7095765312729475,0.6611544368006093,0.9121303506984184,0.8115952990758916,0.7040617772781042,0.87704629985978,0.7482368999001415,0.7930323627510899
yen,rest1_vs_type1,1,MentalArithmetic,Type1,26,30,466.01798,233009,235509,0.42220669215673823,0.18088947529666655,0.022939771011804666,-0.21209995028476802,-0.21879910803030178,-0.2870015461162425,0.36436981092824183,0.12740000091588755,-0.12269919627411952,0.46546656412737475,0.3063601754253851,0.9253468328701193,0.6888758674948274,0.19903137913559021,-0.2382879177232886,0.2261430780630871,0.3801574631471336,0.5156565110973248,0.9602857586571527,0.9271915124805005,0.9431794865892569,0.9125024528138063,0.9194572179802234,0.855363598667479,0.8286057965723115,0.8702042273654846,0.908422087641185,0.9336047908266616,0.9047421814352089,0.9617795384536891,0.8399972439157051,0.7865935265246097,0.6698853936990157,0.9202566540224485,0.8640777306872699,0.7444017741115388,0.9297405643956318,0.8008375220244404,0.9013285338491088,0.9314196447401881,0.9342783447641072,0.9140450317124567,0.8627972088000209,0.8207545520284987,0.7587626723701112,0.8352462682050379,0.8260318254420429,0.8080727823568115,0.8549164801403422,0.8151672386406061,0.9229405712559513,0.837297913329809,0.764045965627492,0.6814931170786901,0.9481360023737495,0.8479251273906835,0.699587606866238,0.8661519882402561,0.7059521236091353,0.8374723758080206,0.7750028418250108,0.7743694113574766,0.7747818657979685,0.7300022421055211,0.6868005257301946,0.542372524617253,0.5630400364388599,0.6595172788920304,0.7044858884534442,0.7184061883029323,0.6195801774881037,0.8515595799297213,0.6505345032337108,0.5731602542525871,0.45376285937449057,0.7953392024605139,0.7314671688663337,0.521444899435649,0.8225992840014664,0.6194947464207238,0.6681978967403503,0.6549137279241368,0.7312079506585406,0.6932886246880505,0.7616260301742909,0.5874763646309392,0.5980018607376411,0.5959316395928026,0.6579311008855029,0.6976481604731418,0.6273402173904765,0.7466653744141363,0.8459596840596432,0.7841588936402586,0.5356496162761322,0.47151955222905934,0.8924984857973559,0.6332000014829536,0.5599135071387308,0.7322527395794625,0.6414158290280852,0.4820281573284096,0.616301666302253,0.6355018318864273,0.640187033309487,0.6794926641128817,0.572791386503854,0.3843683115016975,0.48688180296377864,0.5496458934043321,0.5992993089003359,0.5816784707625209,0.5110267215491056,0.8089061354578881,0.7090733833226238,0.6010937341541168,0.38368376230823614,0.8711585555547041,0.6936560765986846,0.37002138270940627,0.7836635061888431,0.3764869219995779,0.35187294910874684,0.5849375686588304,0.6158466368094017,0.6660677166192553,0.681721977387872,0.5585185702119199,0.37952582017193753,0.5242878503892137,0.5912752618699636,0.6609592251877979,0.6138990064773768,0.34203598217982023,0.8251802781663923,0.7598096522425983,0.5867331895089481,0.3318452820167924,0.8900723502645376,0.6699031386780768,0.3408993692090849,0.7507882878125771,0.32769306609486465,0.13434934652234343
yen,rest1_vs_type1,1,MentalArithmetic,Type1,27,31,476.06407,238032,240532,0.26284040039672885,0.20698156293824166,0.016664571997429878,0.10474416110993712,-0.4321281367236387,-0.26717519536721124,0.41861312774305404,0.05005704091850216,0.14890391006642245,0.42109189295069216,0.39594789654599305,0.8907856730673727,0.3533680102350818,0.004261905250312559,0.10813672126799379,0.2410285240851735,0.2679121598670884,0.5384815570349182,0.9251107035776451,0.9152405026509146,0.9174799246601713,0.8921273581772238,0.9013184819772537,0.8335831589489724,0.8005248947754287,0.867511572421436,0.8725228137594874,0.901643351748587,0.9017409754108825,0.9181698524289228,0.8819531297154797,0.7909985238151912,0.6963022641702631,0.945828418463107,0.8686517028111169,0.7606559441204799,0.9254209733655018,0.8118724885675973,0.9242409404586537,0.9054295068083071,0.8969675836250809,0.8405700748465741,0.7996748003530553,0.7566286295981052,0.7325446233899172,0.8178980457274814,0.7592438498055624,0.7403882116851875,0.7650706846439642,0.810097581477861,0.8535836664609431,0.7670590419986708,0.7742798670047042,0.7343413200318945,0.9573676249019333,0.8798357203099891,0.7567498919419877,0.9041009419025804,0.7566993742706142,0.8561521790964406,0.7353313360151457,0.8593213857791718,0.880007563043233,0.7522594578086838,0.7167177547414068,0.768115153542551,0.5599539379215478,0.6585828185809435,0.7158874636060183,0.8183593306468054,0.8129350196436347,0.8345924740379642,0.6455948167063247,0.5671029191010529,0.5909263061144941,0.8246486660131638,0.7477943384015178,0.7898274153664648,0.8133999459927739,0.7678734562059142,0.8558535668658206,0.6350960587593757,0.6735102060712714,0.7374427193731652,0.7448265238759467,0.6158109243637615,0.47985633778139325,0.5019253603637394,0.5794686332993314,0.7022913779079379,0.6635658586925366,0.643322311879672,0.8591151457033004,0.6985316886295522,0.4912208716362642,0.4929893688079512,0.8372930897189422,0.5980569422368165,0.5621324711912669,0.764477921495027,0.6163945155823234,0.5434847367704906,0.6079559033525169,0.6340973621110365,0.615230097468892,0.693387709071615,0.6228842222594331,0.3745135048810931,0.6770065107751894,0.6749922916327369,0.770708300050053,0.681705643701834,0.5070139904235768,0.8249028083926234,0.7233720549800324,0.5361533413001163,0.3581631957342048,0.8779010368968181,0.6175690638055262,0.24734425594406984,0.715132892280513,0.32972440658311364,0.27695441299941315,0.6384494224684548,0.6880596140679278,0.6645501766852561,0.6843598761866773,0.525249014789479,0.5054137839141397,0.7405117231998036,0.7509901854921203,0.7756243771430382,0.6739853682459181,0.6389823006125198,0.8525941880168327,0.7906513916167602,0.6179696923960023,0.5500186551844543,0.9173487050877639,0.6751381402222446,0.5409839216289305,0.7656599377157789,0.5487348259748553,0.38368891980004083
yen,rest1_vs_type1,1,MentalArithmetic,Type1,28,32,485.987338,242994,245494,0.1530782181848851,0.16027865159393517,0.0639611862299958,-0.2704085013803632,-0.163578733556776,-0.15184227093524338,-0.014984206432862024,0.16311290302752912,0.3263271442224154,-0.19657589980529933,0.16331438352820937,0.21290244425278315,-0.08240625906545063,0.33668838099273923,0.3204337275794158,-0.4002686391235484,0.0626327032818561,0.22511902626742364,0.9209606394287478,0.9258782714274614,0.9228444014952903,0.8774936062359456,0.8758564815356528,0.9142047946854444,0.8758024551225787,0.875655670540636,0.8961636227970572,0.8679879958838986,0.9146426002596333,0.9033710985229075,0.8348797242223579,0.8379860026501843,0.8667632276213034,0.9465312052997842,0.9174830504927982,0.8194950092952462,0.911477412551529,0.8382592187929515,0.8797539374827099,0.8699741404728542,0.8186039756133124,0.8425127217148782,0.8031502389177607,0.7770778944297747,0.6605212367393787,0.706893173107589,0.7493767735554174,0.8199154169268701,0.8315112556771357,0.7366254649400432,0.8702503379847052,0.7252932259931708,0.6270673706020805,0.488987620807938,0.8642018280091464,0.7338919062778217,0.5217188021979643,0.7909944957814599,0.5808682039151823,0.7934270348364743,0.7743863691967086,0.7455130785692577,0.741435885661152,0.7281327211958891,0.6854958176944229,0.6117634062606613,0.534946238947843,0.6605731177880092,0.7983226203856583,0.7836374307476277,0.7092336587088073,0.846178857768617,0.578665863421344,0.5177955750161616,0.4188045462031055,0.77918299537066,0.7033260487831592,0.523137005016095,0.8666644102748843,0.680271761852849,0.7731601439179564,0.6585360679352295,0.7833863783666908,0.7817312119052998,0.7366837048123489,0.6391691679471204,0.5435025127577312,0.567808172715275,0.6009000544526889,0.6293652280407858,0.6712409896586327,0.6409340165304552,0.8410403584920967,0.7393921340763534,0.6805181422464706,0.5020863602946498,0.8567173636970048,0.7304124053733844,0.5067972392844478,0.7927046765340798,0.5814826731220143,0.7174708822824531,0.5954173535546359,0.6431984808453449,0.597760332873652,0.6426815450062655,0.5742007636677791,0.5823985606625155,0.6998704454122754,0.7256883041639035,0.7441033238696327,0.6320857534453918,0.691144943142885,0.8093091517741323,0.8068828890758553,0.613973141592067,0.5965965585684779,0.8890625949608021,0.67453162023659,0.6347838697227282,0.7623577128000858,0.6377506028991923,0.6706668939244546,0.7057141617726955,0.7183822606582831,0.7234944282180367,0.7528105811071162,0.6641116561673767,0.6791708237034294,0.7143059598715742,0.7521958258196042,0.7524137766243109,0.6840698402339308,0.7068832959553623,0.8536640192321812,0.804093909341906,0.7329919426612038,0.7589714029476676,0.9194442198423787,0.8200950540132119,0.7992345599959417,0.890494770972808,0.7714898427768873,0.7078922701656529
yen,rest1_vs_type1,1,MentalArithmetic,Type1,29,33,496.32981,248165,250665,0.29800884065349464,0.2544140978719609,0.0757149734630147,-0.00887877451140362,-0.45142948488497625,-0.1588519572556537,0.2997273722481433,0.3102545304899502,0.14047631740276945,0.21384629454001436,-0.14173737469303438,-0.06479022017356995,0.3815591682902699,0.5475764884712326,0.23100264504236545,0.005883460608152813,-0.15064003079704813,-0.039499097558461926,0.9434282007529017,0.9405405467617249,0.9616995006908892,0.9387127912069001,0.9429095781274927,0.9464772454901985,0.8696583849257318,0.8966571111330031,0.8961476263442034,0.961310279704552,0.9457480543269419,0.9534027872611122,0.8844791822040239,0.8833371388177658,0.8529667652272153,0.9684017297702812,0.9422551662537028,0.9015392329623302,0.9496998522916492,0.9295026764735209,0.964502716367248,0.9514081089892265,0.9093242767083843,0.899438062234069,0.9101807478016659,0.9029885414126607,0.9212736583431304,0.9039949530949767,0.8929306873011384,0.9065868880888522,0.936664759704506,0.9711311961522067,0.943947662310533,0.8919153515849826,0.8700993901824838,0.8935760213047387,0.9643194587686688,0.9090873878725899,0.8980801449767254,0.9382365145461385,0.9126288449405168,0.9525900009658852,0.8786931842975153,0.8673152687329426,0.8870372357563815,0.8547212968080862,0.7934212022539555,0.7086660086624194,0.7272888921806486,0.7504961745202728,0.7697813776859685,0.8189518120632342,0.8648187220797615,0.867799092249553,0.7658502409452023,0.6971876218619358,0.5841953622641105,0.9320553825146067,0.8564864003516705,0.6416915089708766,0.9126722387313436,0.6936887514214063,0.8228919045985135,0.7565545428839177,0.8350121334888917,0.8252169949536778,0.8054002270519772,0.7654280933521725,0.7045541895797427,0.6458614227771557,0.6980794516723816,0.7644378605896529,0.7954231797961754,0.7757735809951949,0.8351531386574115,0.7486278398920313,0.7451399081839917,0.6417488459849988,0.8973767987317081,0.8382005553988284,0.67110230020255,0.858486925781952,0.6806051465331282,0.8134171720541123,0.5459902244706938,0.6734662872766615,0.643584236295029,0.6865469108819181,0.606495550083588,0.5482435735753213,0.5079744412795771,0.5779734454239785,0.5714263671477843,0.6555703794879003,0.641463370620475,0.8219257815039103,0.8130635213128753,0.7191331129365763,0.49874721793588045,0.921305338877065,0.7957561641356722,0.529270385446246,0.8039950649350791,0.5538491051996717,0.6372949137191845,0.623266713570144,0.7252631854697803,0.6542362646245085,0.71048959263058,0.6623213104743585,0.6148892304974547,0.6855437163474243,0.7451799084293722,0.7767503456221156,0.7527991409637537,0.7688156595640085,0.8211103282490273,0.8398617694247804,0.7837522598037556,0.7324413752155725,0.9141008623574086,0.8207563314255093,0.7823898236525099,0.8933925771222441,0.8127715663757096,0.8233035616531484
yen,rest1_vs_type1,1,MentalArithmetic,Type1,30,34,509.266049,254633,257133,0.29205148270282866,0.2132068619164924,-0.022065795040285163,-0.3045403608415178,-0.2088346523717659,0.2976513307401012,0.3645842337415548,0.19519338681422216,0.25084490418642824,0.30009614483322045,1.0798682038569059,1.7098689881699554,0.4002546106733913,0.16443707353371195,-0.10204039882245164,0.7642859380660831,1.6119023558862158,1.6861652876196844,0.8809799276130772,0.8655762716142188,0.7357411313946863,0.6441613110378099,0.6252419175398758,0.6440541405545042,0.771387129096237,0.7682643798626544,0.6899135682208188,0.7634263387834523,0.7630371893403346,0.8332545602129714,0.7165874357146431,0.6598868387317316,0.5072415585211434,0.8969490239958067,0.845462877539607,0.636587173338822,0.8428204854987585,0.6552899284771158,0.7945973223590475,0.9407467975014766,0.9125214760287983,0.9359683888789184,0.9178686868141521,0.8637450283223936,0.8394034679070674,0.8200354528849163,0.8571641760134454,0.8781434060947919,0.9091151796334594,0.8874298881722064,0.9322124785397439,0.8660516082085349,0.7210214534016812,0.7457100675332268,0.9662770702346314,0.7981620313921259,0.7520536706692399,0.847144174700608,0.7597427230229443,0.8313292321541425,0.8971027216886436,0.9021336308161731,0.9217859749096291,0.853455910146511,0.8207789790080579,0.6605540202643606,0.7689800747154619,0.8256975215892309,0.838979663398399,0.8294646039871965,0.7144500343296086,0.9181712625648506,0.779710087424497,0.7578870419342256,0.590203536407683,0.8968577431609712,0.8296410174891418,0.6036805292439965,0.8966670807110266,0.5726045419428967,0.621532207707654,0.7602395006074144,0.7249953736364465,0.7875656802514078,0.7982913169251661,0.6610788527034855,0.5317333719989216,0.5895654606102328,0.665131879532118,0.7874278255380628,0.7179146146308127,0.4534273894033155,0.8492093102132742,0.6681353350314087,0.5638070238639541,0.39130641788342624,0.8373610366894606,0.6432656432808656,0.45307515438346296,0.8086635591276107,0.535489115494676,0.4452892260816753,0.6372205329429577,0.639560949056002,0.6333270699456226,0.637936911979459,0.5437000652392332,0.22957259049937417,0.49849154490055375,0.5116998460513318,0.6170343474164299,0.5333232731670253,0.3262795269710126,0.8186021007377519,0.6172296867958003,0.4565791458453951,0.34123391813660436,0.7940199871751908,0.5515521936275675,0.3344666370064753,0.785587139580818,0.2160249851570816,0.08451534408409966,0.5854740123694554,0.6413050177457673,0.6714438755629382,0.6486316689384999,0.4883187416018569,0.21549461275929613,0.5467640081548127,0.6458875767474684,0.7314940157841862,0.6581599452624063,0.20575669813867398,0.7211541983813133,0.6008322641089802,0.44616027206722236,0.16174506046299342,0.8864892879841151,0.6949921028435068,0.15143685634226725,0.8070306299300143,0.11604764173210343,0.10505483822241841
yen,rest2_vs_type2,0,Rest,Rest2,1,0,519.14129,259571,262071,0.23224847585462616,0.21677182218373492,0.20470458500182875,0.11979772678926981,-0.4503475248337052,-0.3107529455640221,0.26671198970635324,0.0967712927967046,0.09187447273612559,0.33850820030901296,0.3749239712247294,0.8842010322028195,0.22772463986001945,0.1832466064431637,-0.20545645186834882,-0.23693064512090078,0.9123915518804266,0.7838047969182904,0.894316196771238,0.7203628875371383,0.7878908756903422,0.7685972911584841,0.732698748142363,0.7699708221277216,0.6531309125797317,0.7729749967864575,0.7928829384996329,0.8123048525558267,0.8651348520425306,0.7782352897837973,0.49797347329825437,0.40012585630804204,0.4420554940356185,0.8250182553753123,0.6659807510648913,0.6489840913388724,0.8711244546352888,0.7789825692076137,0.8614845177289913,0.9481716283713043,0.8909564782917991,0.9215619517529402,0.8545417951784307,0.8774407615639185,0.9037151793634529,0.8349018439347462,0.8900422692164621,0.833252746243215,0.9182029639116636,0.9345167297746685,0.9199614097502896,0.8087808180078351,0.8306586223405769,0.8279156252751241,0.9113840019871386,0.9247334152062322,0.8752524514090095,0.8851784408159395,0.8238369869397176,0.9390224002981494,0.7728131800006929,0.7964345298535526,0.8277101803224722,0.7360897479118903,0.6480074938502103,0.7122272567403487,0.5292983550893045,0.61215203666264,0.6830613511458002,0.6912119450858193,0.798484128566292,0.8769894676916138,0.6899263864716269,0.5046573470843119,0.5656348493293726,0.879759909905305,0.6332932622595645,0.6330340542650442,0.7834592460081922,0.6700086970810677,0.7584733060742513,0.6976870723789315,0.7099096559894252,0.8433240963067463,0.8761962837269206,0.7602126663341374,0.5265807651649216,0.5046186550095296,0.6200914164183667,0.6409479229985171,0.7292696002324301,0.5105505052900452,0.8113788672104921,0.672789543915517,0.5128750681188654,0.49453977536952176,0.8875044207329333,0.7031349896422422,0.5554761456279094,0.8029159857908943,0.6260412169141901,0.5297119274805229,0.4787976620020975,0.6434117666263974,0.5579330168529139,0.5740415809269971,0.4632271242195439,0.31771315095470365,0.6077948921339037,0.5883634740297942,0.6931904293568333,0.571611572131184,0.3800746064442108,0.7611803589274418,0.6830917678630813,0.48955598936845385,0.3054745669290341,0.8524060483478345,0.5399460678057607,0.31966438334098274,0.701804748865755,0.36975398017684413,0.16575084124872985,0.5449852876248529,0.5905620942685942,0.6654552036159991,0.6399856128505965,0.4879259139559534,0.288863570888528,0.47633274755306226,0.5976411056202383,0.6447500786738208,0.574852178215108,0.3467863401009216,0.7496073572697028,0.6478559931981788,0.4804837822408073,0.26825558869253696,0.8567172832189741,0.5886918699986814,0.3210158049958285,0.7342570272538952,0.30633274942233796,0.10106427583503287
yen,rest2_vs_type2,0,Rest,Rest2,2,0,524.168083,262084,264584,0.21002674659264997,0.16042410031638,0.11733443844830704,0.2384254395828309,-0.40569511307096295,-0.1756405804734289,0.13968428129902488,0.26691313182268495,-0.028931492153419835,0.3330161600248176,0.8833035887079732,1.2727414727489896,0.25142422535677333,0.1932908160367548,-0.18636636315234156,0.5983211827867452,1.0894679626147852,1.3210518590918223,0.9466819968395448,0.9089103933583405,0.9241231250240105,0.9108515399475035,0.827523161078329,0.8546498516653819,0.8521619165738662,0.8609359632960608,0.8541082171167493,0.8213381803520237,0.8775819623655514,0.9069727497443114,0.8554212180111761,0.7498607766065051,0.7561122024865173,0.9603739022571333,0.8469521518213825,0.8065445375345803,0.9130719196150633,0.8469196093563323,0.9451688667420359,0.8584864972921519,0.9187576973729529,0.8932764773127947,0.7840452717178401,0.7756902466352377,0.8180265904985518,0.7531362019236566,0.7809440043808635,0.7597410376301733,0.816915477710517,0.8670623190666028,0.9388759829347917,0.7945110122441416,0.727573294722509,0.7527371839173753,0.8934774435593872,0.8143404184389845,0.7712246821969783,0.8678675973359411,0.754653510856394,0.8516183767289836,0.6097685291696722,0.8812264360456942,0.8954669094673265,0.8212924993223196,0.677146840687393,0.6868032028538068,0.5280895059294787,0.4806017464184588,0.5889777951250089,0.7272176619801226,0.6545078760571222,0.9236263038163186,0.7752864974168545,0.5950037625852745,0.6266368283758301,0.847887468695577,0.5960026420657569,0.625867968682039,0.7302237572871569,0.7247871634541524,0.8558558492401097,0.560749713267392,0.6932297038978019,0.7345539397305747,0.672684802564436,0.39908917600610405,0.4099573723580232,0.604246547701102,0.6582908165343542,0.7211708154047448,0.5628183690324127,0.33368536889162653,0.8455681600469181,0.7642919668478174,0.4466623389400421,0.44630682889424245,0.8807408013751464,0.549210856604591,0.4869139387548764,0.6245385817111186,0.48353482394865216,0.24684321593366818,0.5410891056140118,0.5411303646798696,0.5507974193741254,0.6030251956051003,0.44966507644300346,0.3037813656002509,0.42618754545874826,0.5200187886465908,0.6275895913375031,0.5697584230356437,0.3267820376891403,0.722086392540309,0.6254592008418584,0.4491321260210794,0.2592580388102799,0.8403840928892368,0.496390308284008,0.2874107198407314,0.669468831104372,0.2615517983684478,0.17968502808821993,0.5913344534701532,0.5812288138438695,0.5853823224187619,0.5718554839672524,0.41541070314042133,0.2976168782642036,0.5302699985594177,0.5715804985626491,0.6633585519967469,0.551082382990915,0.3266639394601993,0.7006723374491362,0.6673680645677561,0.43837210064631355,0.1683975994122201,0.8619746048217289,0.4848742095675131,0.33564852171145737,0.6728262320040326,0.26564305036489927,0.0280121503386069
yen,rest2_vs_type2,0,Rest,Rest2,3,0,529.198069,264599,267099,0.19189155312513684,0.0947225395676945,0.007650545712972523,-0.21825175157242516,-0.3158048009937109,-0.2097011536787532,0.16785208087070913,-0.02243436291424583,-0.1581354709626086,0.20241451726264392,0.6743555053160404,1.2847509369387446,0.12511005481830217,-0.02052345830771607,-0.2909954351787811,0.728606781299951,0.5974759417002411,1.0682001108092933,0.8304874403370035,0.8616773485298465,0.8332397391751984,0.656900729728383,0.5672926556841345,0.6563701302564642,0.7252008134487204,0.7539676586467178,0.6753492989253178,0.6310145549828797,0.7087691913281247,0.8782529954861155,0.6606884720261834,0.600211602589241,0.7330758801416001,0.8756479008360912,0.8100324094866714,0.8428486870472033,0.9127847750150337,0.8452728376457871,0.9230846407511634,0.8450817034498658,0.8504884006909995,0.9136593168388054,0.8646487340774164,0.8202638690948156,0.8612961350503536,0.7136239501004439,0.7497242405326104,0.7183676515224179,0.8143206315792606,0.8441627667530663,0.9217890225782108,0.8136573523597881,0.7282105264403698,0.8119781853224003,0.9067647634126429,0.8148514791650627,0.8322017727872845,0.7549147882516679,0.7878896339542238,0.8556880787954605,0.7835488006156618,0.7140666091440273,0.8380718074649572,0.867416177552464,0.6904352387945152,0.5676974843313503,0.5473279540165268,0.6706323025714281,0.7762756868942343,0.787921669169182,0.7545847690990961,0.7865310634693541,0.6704462578383368,0.4057696291371546,0.2782377285595474,0.8964353380233607,0.6021761241651367,0.4627465116960793,0.7346407239326216,0.5663695378161039,0.8032766746260142,0.6235002231397666,0.7250485111607531,0.7045928008221152,0.6866136637145742,0.5170992445959682,0.33120670335006586,0.4961362988772014,0.5698236640770388,0.6609897445502693,0.5786965266532914,0.5670400736488724,0.8671069227772256,0.7594755671026079,0.5844007605932887,0.3575902931590361,0.9048321739136912,0.5826556724138111,0.4066644144990631,0.6943993613989381,0.4580888060809252,0.38060773509697854,0.6084284896546364,0.5456636780729032,0.6253175176116982,0.6814944913174216,0.5083634082577768,0.29858763406028127,0.5206298039691585,0.5738061012847282,0.6076605431444644,0.557932414994833,0.41877825866191853,0.6767135992866405,0.5160899403994067,0.37655482474594526,0.24751562593618787,0.8246074745531922,0.582501222763174,0.3773849250502611,0.7315649365986907,0.33949931608113876,0.278521547058809,0.5234700877855678,0.5401483227795717,0.6063335212177235,0.6247916510328048,0.4801715948953555,0.23527311947811672,0.5687973445354837,0.6270042897384687,0.6734234488608886,0.5503042986882919,0.20787196815578657,0.8267145613090747,0.7493671513060758,0.5342487250190038,0.256676193352751,0.8818992004032028,0.6334288081093882,0.20953603487479242,0.7490640878015391,0.14217338124369486,0.16187768096629954
yen,rest2_vs_type2,0,Rest,Rest2,4,0,534.2114320000001,267106,269606,0.18784891450476238,0.153400331308152,0.1417887221882106,0.0423760110661866,0.04275141667447624,-0.04324267896464207,0.10520596507193947,0.05470155292810963,0.21980235112611268,0.44898029992269084,0.6634061267971068,0.7906323092588781,0.1607880780346962,0.054199926660823294,0.18103732646567394,0.3813565548328035,0.9117092773477302,0.8816296280658902,0.9172902947377849,0.955389121961955,0.902041902460684,0.8264551326260342,0.7541048892210582,0.930814881232283,0.8585718374370919,0.8186450481174177,0.7728651350772422,0.8110736038722056,0.8584319487151327,0.9219023548981217,0.8044202405006372,0.736747988541213,0.9216432368087214,0.9236110727750816,0.8009274700811654,0.9595242973666359,0.874182535799788,0.8864166779981548,0.7687059975142001,0.8263663826908827,0.8972505420636151,0.8724861893843705,0.8598134121564973,0.7949827271008445,0.7180505330894724,0.751881649386659,0.7845138386301445,0.847960600128569,0.835576172271027,0.8397726014386182,0.9431388091308095,0.7915154464644063,0.7376928639050844,0.6928387925127282,0.8726420147001654,0.8130068836963661,0.7260656929043238,0.9058369484187926,0.7787225936599956,0.9013150202711393,0.8341119827919171,0.8216489019635451,0.8492409717498837,0.834414596222746,0.7354548517358679,0.6857514837191667,0.5635239452687681,0.7001274439118372,0.848959785921785,0.7473113801856033,0.761835762790402,0.854573703843888,0.6920806416225846,0.6323369056365525,0.5393995867777378,0.8371674410937345,0.7465227085089193,0.6403156322053194,0.8180866616240443,0.7963587254935809,0.8188491172797624,0.6431836784566427,0.6250888669260781,0.7084509275019645,0.7123055718350944,0.618513246926341,0.3899908838470166,0.4744820606016567,0.6869899795290865,0.7892889253224964,0.6827811080026753,0.4928796108856399,0.8064126803758803,0.6637902585278237,0.47140090270992213,0.34888627399360067,0.8966711053379505,0.6116839188390113,0.41047819023501225,0.7656857978855619,0.4172970275988713,0.34421050842857254,0.6612685589109604,0.6386555144461169,0.7289147543343809,0.7279522060305336,0.5148571227127997,0.5210031439394437,0.5487883884988692,0.6873352920362706,0.7593143545509073,0.6304159417037635,0.5728795977437516,0.7954392205156604,0.64030018835602,0.4396248339789305,0.3550385743541842,0.8272532763986732,0.6253642913134876,0.439063026376723,0.7219063241946161,0.516352509013529,0.3278881464743808,0.63114422132842,0.6559802224989272,0.7175356992030764,0.676664545778361,0.4680221373749918,0.2415620916229161,0.6546973073972759,0.7544558923804449,0.7665395186322452,0.5662066232326285,0.32655417698035577,0.8069221337569563,0.7594435723762127,0.5004230857823438,0.2815515455351938,0.9021477185440322,0.6272615463165554,0.32519422331130055,0.7310277918534599,0.2778748369700268,0.06141592276664764
yen,rest2_vs_type2,0,Rest,Rest2,5,0,539.221546,269611,272111,0.20166573739300553,0.17558803632316256,-0.04800516677343403,-0.10324777373834948,-0.15361363331797317,-0.3018504854485107,-0.1307256335961018,0.09846186496780485,0.29999068832332876,0.13811614218959,0.36676875800945297,1.114497564528187,-0.05752352231339852,0.09301496526639941,-0.015695244470014025,0.5302641496391196,0.7866029112690747,0.8917167539494231,0.9024478593579203,0.8238617696432522,0.7221850946359557,0.6731853143908747,0.7484539184001493,0.696259144047619,0.7788151128358618,0.702340907933968,0.6907037633760111,0.7853673851879054,0.7254717739503302,0.8247411653714454,0.6840455180647003,0.6849762741718001,0.6073845432841201,0.8730339576657461,0.8395110052249932,0.6148642238202423,0.8529281129677948,0.667467604625406,0.7973750055823898,0.919464220696993,0.9400434131924301,0.9210370078486384,0.809565694374048,0.683632312763937,0.7056344591397062,0.8507517638754996,0.8282042243029138,0.8014124659417,0.7575815311542259,0.797884104612662,0.9235741260209819,0.790760782893424,0.6513779737684708,0.6900741584522225,0.8555491183751223,0.7155492437972202,0.7116819671614074,0.7390385545805707,0.6789251409108538,0.8606267653508549,0.7911512981166879,0.8232395454803911,0.8500954955263252,0.8069652450181508,0.610382080654233,0.5458280415978708,0.6584664442509446,0.6810933915041577,0.7749105635460023,0.8122665835619052,0.7800405915678619,0.8867459705094359,0.7518859516930534,0.5651733901109373,0.4193594001308559,0.8451646012945677,0.6195952111327275,0.50201984955527,0.7646542978174112,0.6438310456318616,0.8476790614807184,0.7306718134425224,0.8352812118752163,0.8047183260205801,0.7523607766295858,0.5650307363587191,0.5386273986374085,0.738341984504741,0.7021923531873909,0.7527769642754306,0.6480603260870818,0.6924634260359543,0.882965246355405,0.7921027090096332,0.5960968898690469,0.5424461862006327,0.8811034237881866,0.6473323591521193,0.5661720776226321,0.7719747825963201,0.6241937827987382,0.5193229210011417,0.5867762248831585,0.6768648576437651,0.7794321478122889,0.7337704284708849,0.5773557901352357,0.38641404162344,0.43107851075404635,0.5842976163790448,0.6306049932180355,0.5456208395132471,0.4585520101927039,0.8064834630904806,0.6412173089565456,0.4510391853817819,0.3092917061986023,0.8495139246919168,0.607473132809621,0.39322054155055813,0.7667135435846403,0.3474743268406729,0.19168734856618114,0.46576203333151295,0.6813773908653095,0.677180584626648,0.6461981601230241,0.4388198609353801,0.2639909163178832,0.5334415481929458,0.6325063039349818,0.6859258004514597,0.5792878736593436,0.2778259668263378,0.8697031198978832,0.7396674611767842,0.46246955744331436,0.24553770141677772,0.8746930730340654,0.5694346536893998,0.2788278827902707,0.7129871025131835,0.22789434469680545,0.04526854636780603
yen,rest2_vs_type2,0,Rest,Rest2,6,0,544.252265,272126,274626,0.12771532532667784,0.11513841699370797,-0.06420268273311258,0.016949394304526688,-0.07015335538052003,-0.1160653179512221,0.20769822389684833,-0.06608310932877925,0.3240463562888176,0.31871637462362523,0.46428516292015276,1.2310476658391045,0.13720854376171943,-0.20077635366342195,-0.13050376634633354,0.3290025589228538,0.7846331830647859,1.2417686561984609,0.8398266714046112,0.8491711310379368,0.8715563724426046,0.8573642898628572,0.8266086439785909,0.7691952331761757,0.789259838066495,0.7823243586478874,0.8123041320772094,0.8440365285462678,0.8719696010855871,0.9249835446110986,0.8244972101582896,0.7405382372559214,0.7846381633682458,0.9302984676175032,0.847556246151564,0.7532413048078671,0.9241511094037353,0.7399654763809137,0.8355711535970012,0.9580505383999465,0.9167878907932031,0.8064013277688848,0.8041959609959474,0.883685862530722,0.919637683035536,0.8618900153614679,0.739770881070235,0.7361949054065597,0.8353091831076174,0.9028617743029669,0.8859578883338739,0.8424711939616574,0.8629183461067839,0.844523777426273,0.958832298806046,0.8549315215665166,0.7723161143598981,0.8901747678596851,0.8015548736225255,0.9301151043466848,0.8565312706602763,0.844699402867009,0.9156393470680232,0.7929121046185703,0.752269348734092,0.7527570060521716,0.7586766577429055,0.8390684504039291,0.7610310077990982,0.7940219429164727,0.8871000816914563,0.8169292518278779,0.617228318399388,0.5979917481745155,0.6734998782216257,0.8663313455471671,0.8264773432314622,0.765221264303593,0.8700468794457049,0.7176357562220782,0.791199523800391,0.7446487341021392,0.802421302354619,0.8447801669325427,0.7843529415980005,0.6579145250259614,0.5246916934256336,0.726485327163974,0.8126961793718234,0.819270065985443,0.7726818387797733,0.6585300869251086,0.907490274416391,0.8277960133555805,0.6752615959039721,0.5396279217574885,0.9401706203642015,0.7399483806757051,0.5918154487214687,0.8189644768664381,0.5605051540984579,0.5039243574412522,0.5459591535054856,0.7134491624591575,0.7381836040946937,0.7406357593908295,0.5543375183874552,0.4176999602295155,0.5576583569753606,0.575302647247929,0.6211388412218736,0.5402712137002569,0.5035803158719385,0.8616150392009433,0.719652861060561,0.4983775304756449,0.42289886617201894,0.8593141294879875,0.6053368355555803,0.3528909401449028,0.7209497852679935,0.3747271932800823,0.2843280916181585,0.6330025427598468,0.6555858551253355,0.7107706246423268,0.7096641452949792,0.5074837591749323,0.18697980600404923,0.6220737399734231,0.7053927076983686,0.7402318486118573,0.5564872117245775,0.24601820164906993,0.8661563153513451,0.7692128471453525,0.464513211880849,0.34587037367160633,0.9175434904994351,0.5926681763626886,0.2613137663876888,0.7139862536826741,0.17842236736140873,0.12536877239012775
yen,rest2_vs_type2,0,Rest,Rest2,7,0,549.255586,274628,277128,0.11702174929275078,0.1986406881356917,0.12447908112610406,-0.11617558223657731,-0.25249901547402764,-0.25720470678835605,-0.001846941233427657,-0.05538573292548277,-0.08590287579474998,0.45504886574780556,0.5586780449672655,0.8797373609186763,0.08693318909890291,0.3261573608963584,-0.30011900804805336,0.6691342629512214,0.4987980866462971,1.0841759441767507,0.9827024920805213,0.9677804034189578,0.9598257029408956,0.9637231051371562,0.9590095263265347,0.9760029360958685,0.9520555138174633,0.9402242472306573,0.9493822599694643,0.9522396870323744,0.9645012780536006,0.9606855717622216,0.9346523862103372,0.9408604055848407,0.93535854959787,0.9685549876454268,0.94575562888379,0.934783672592989,0.9687857900748339,0.9662196002591468,0.9684577138175826,0.9552155525881204,0.9082498241709678,0.8766846126998905,0.7989081161757591,0.8079580628745794,0.7584088185840665,0.855631761638189,0.8261683741785888,0.7723916439417993,0.8018033968240631,0.7993487969691676,0.9683773854266808,0.8420568539071469,0.7876762247145945,0.6730104088587914,0.8987129832502146,0.811428909243535,0.6579697653250963,0.8591725894935653,0.6772440111570494,0.8214341601017106,0.7983944833514482,0.8206252119698961,0.8959876700080932,0.8622937900324225,0.7754279188908257,0.5909944494297307,0.6690870088343821,0.7180913576568745,0.7212805972677439,0.7689195711395818,0.6917581722899613,0.9070178300472508,0.6657278455779846,0.6307853555493094,0.45365345728466033,0.7986973067039138,0.7314704677887514,0.5594477003590864,0.792648565893239,0.5486354107662562,0.749153999457144,0.6106299543193452,0.7892938445231673,0.8134579251310005,0.7456017871289434,0.5461748101920686,0.5266829579011193,0.5017554740515452,0.563052757762786,0.665845990802789,0.7191131471122194,0.6138594783695025,0.8703477835264064,0.7389866692765786,0.5012769117174463,0.46655905670574827,0.8468177602533887,0.5635852733386667,0.5281456482654071,0.7354502886821948,0.6429169039228801,0.5452934615050732,0.6102914268533133,0.7473695736541272,0.7484397725947758,0.702066987961504,0.5083944486489942,0.3355703880206484,0.6434211298084022,0.6800770880168728,0.671665338410282,0.6035930260741563,0.4272229534394725,0.8378418940836407,0.7222327064034623,0.636212016735149,0.3630915497955151,0.8837472343176985,0.7262707431726396,0.3818879570561792,0.7736371566556867,0.3081667822851544,0.23532187738465532,0.6858726143764253,0.7252070826026141,0.7279266785099481,0.7092580119104467,0.5490595459310704,0.31511798479926056,0.6257686126580198,0.7046715815933797,0.722867629189368,0.5765304323109063,0.345514775550709,0.8003756840363402,0.7242703543481482,0.5850720707216417,0.2391135428144193,0.8750611914848493,0.6656641197194919,0.3127441279904776,0.7406855288068123,0.2722748852837958,0.09222034447092707
yen,rest2_vs_type2,0,Rest,Rest2,8,0,554.263241,277132,279632,0.18373938712381666,0.16612848268471758,0.15790046596328677,0.1720114081345696,-0.04211998718509502,0.3354626387429769,0.16676809864069586,0.00816687724350551,0.7282736987711291,0.8896570101988526,1.3000053929463302,1.8615851587529058,0.17002306550393875,-0.04673638450747308,0.9263007315725815,1.2789843298523382,1.4651095230358915,1.657165321934484,0.955030962551777,0.9538938955441291,0.9615176853599515,0.9150826927247859,0.816434384487965,0.8787994172774002,0.8986113097965528,0.9150796622027592,0.9330550271341125,0.8369001328416987,0.8749024722729905,0.9771279610852492,0.9197108510869368,0.835591656904915,0.8681298105983839,0.9554073154690085,0.8768098595345281,0.8369645113658356,0.9204596756205667,0.8276121558538585,0.7029718633579634,0.8093624953532755,0.9167570961727615,0.8551470647364167,0.796672465732643,0.7433994539582289,0.80164697224791,0.7074656218090228,0.6447177412397257,0.6773146109960376,0.8190586398753954,0.7266496080747493,0.9355001120624407,0.8712474830490847,0.7821970849117823,0.7721783043444641,0.9338609266862767,0.7500676181532293,0.7098119978814602,0.8389653263566355,0.6644024954353922,0.7522734682933246,0.8967987430797727,0.8544997473373186,0.9089220138581952,0.8549188683029463,0.7992258476509315,0.7441098375453292,0.7401190533913703,0.8817863811875845,0.8551615428070467,0.8456833921688196,0.7327103046192606,0.8406046023573126,0.6873651842410651,0.6429434882410665,0.6811401257555021,0.8885535432950532,0.8217495241806452,0.7215776266944217,0.8334455426421358,0.6651861678163262,0.68495278187202,0.8495588032017053,0.6523549050044497,0.7399962996406275,0.8079455502272851,0.687246783042701,0.4746660738580374,0.599184503714244,0.7443406678480833,0.8409990404524165,0.6900465862483672,0.4899712342220489,0.8251010626359256,0.6456655063370055,0.47639897939288056,0.44368242710585637,0.8221742252872295,0.6112778719226721,0.40941714241049276,0.790726746110602,0.42843018286873713,0.22470841825898435,0.7584448375456495,0.8039131254754196,0.7913824636158706,0.7884513184076225,0.6807991721043787,0.19656838280052116,0.713623882664405,0.761859415030336,0.794867454675679,0.6681470480866255,0.17468383671890533,0.8970847602269925,0.824356436349738,0.602242451407529,0.23971377552540263,0.9328546679739202,0.7231254807498775,0.16085868006024368,0.794289983744941,0.16708209990144657,0.04481795896200692,0.7219423292297864,0.6584866443600234,0.7361603336436332,0.7220173224065032,0.5194616154685608,0.0608991428534492,0.5460344680888968,0.6574162217064551,0.709405108685454,0.6149538643880955,0.050033999292188804,0.8119648462302905,0.6780499429722474,0.4104808809153744,0.1272543731724516,0.8939831430246709,0.5952816585986859,0.09174230715667464,0.7243082604210324,0.020591522281135578,0.19134971208082294
yen,rest2_vs_type2,0,Rest,Rest2,9,0,559.2838219999999,279642,282142,0.23631990769976952,0.24386491330146853,0.23580807527885117,-0.025522984873280308,-0.2679455499529748,0.13841138191242885,0.2605904417610345,0.2583922736342923,0.31925057844849425,0.39195931099635395,0.8268474121106935,1.2456895306709175,0.3749858345413548,0.6775257142713276,0.2555092853862817,0.06964300364675369,0.9171341268657747,1.220836225079891,0.9573901713691949,0.9539989684674377,0.937878072220715,0.8769843405242921,0.9082807178498729,0.883429566909051,0.8872262161421305,0.8817615483080726,0.8504179133155129,0.9039470303189656,0.9090184276540322,0.955140007269962,0.8425753396446486,0.8606646198615158,0.8344700110038127,0.9289830517071546,0.9137432133617669,0.8708788813462036,0.9402070503418751,0.9059366483308211,0.9291210716783436,0.9315654003739665,0.9090642367405516,0.8656738056460702,0.8581433457522633,0.8959776725305271,0.8109249659651504,0.7987567461605416,0.7377867623560914,0.7786825357090396,0.8883578371163229,0.8937083922551241,0.917892831733953,0.8716363449368516,0.8327654633715552,0.6910102491031026,0.9121333842752891,0.846736314494103,0.6694813161899115,0.8748832925099266,0.7436095002588569,0.8269817345567717,0.920250294682112,0.7976161875414476,0.8826157159092834,0.8837185660357572,0.8731251481736555,0.8408298039332026,0.7325425752269777,0.7920609989753252,0.7882875849179547,0.834334167966588,0.849662723487051,0.8732667108669468,0.7534826744076231,0.7181787973215755,0.7068963874323401,0.9182060635534866,0.8515036844889711,0.7783156341697721,0.88629162763474,0.7484600028709311,0.8476662188923292,0.7043562467194083,0.6900650836430897,0.773832907881594,0.7149080311940821,0.446334923898471,0.521412261121088,0.6160961618418594,0.680583169709208,0.710719858706757,0.6226829914232859,0.47029412830723155,0.8279819558668992,0.6474972564164615,0.4108346064809348,0.3601174171180095,0.8384466896407126,0.5343169866187027,0.4721031183200942,0.6550141059409129,0.5079151947492315,0.3790989811626583,0.5746926868826453,0.6174695821948528,0.6413169383678026,0.595117575051085,0.4417798177485807,0.42019960923997257,0.5577803986142535,0.6355576443094784,0.6737071444269155,0.5547097998876507,0.43117214636236495,0.774064665319254,0.6093633239408335,0.39772192034905074,0.40737241992701184,0.8291764715004624,0.5179527763613407,0.4475506414842387,0.6345286562320394,0.45382016781612844,0.2939100136364332,0.6215353337349941,0.6841641504260253,0.7450819773085056,0.7370806006812103,0.5211063382891554,0.4345753554383177,0.6241542019036731,0.7213392034140907,0.7236148718398652,0.5774772331442681,0.4522198120722367,0.841685842103088,0.6907522561598035,0.498842986344392,0.4270137777030067,0.8753476915551917,0.6533410298141415,0.38150057272721377,0.7503453032233274,0.3763289303409901,0.14337932962621805
yen,rest2_vs_type2,0,Rest,Rest2,10,0,564.28634,282143,284643,0.13917293168931266,0.17333459469342216,-0.03640931652175983,0.0777034708101958,0.2924713647348227,0.0014059545139772922,0.05953219746456728,0.10600402616002924,-0.22545285509294066,0.3381461967311261,0.6161657972000487,0.895691704818681,0.051725364400200924,-0.017062412340559163,-0.4545980230550004,0.38170213825855503,0.47374978420647906,0.7156202772846392,0.9458323841224013,0.9618571416546483,0.9537901347659201,0.945335798682849,0.9461161887642182,0.8008926866121733,0.8959405651515605,0.8720135869594166,0.8724217836039029,0.9440116311104245,0.8569201519967345,0.9570156497109424,0.9114339331432167,0.8998466095804295,0.7182233220612734,0.9699074403731469,0.9075916062668801,0.7335473469022017,0.9061058342497236,0.7508582795302668,0.8577047190947296,0.9480825889297637,0.9160559783370607,0.8506294819038405,0.8592455720248908,0.8563342664282585,0.8054571435605914,0.827176788345628,0.7809670637638947,0.8085991308024445,0.8833443912166189,0.8708990192014784,0.9068613557831001,0.8456285634150946,0.7881173096317848,0.6981754418459066,0.940514176344229,0.8481756681060298,0.7046001807988269,0.9002701847251172,0.7329398043257739,0.8672324528868962,0.9023878578578399,0.889566967590745,0.9027922384833976,0.8685056593912698,0.764396071795939,0.6491967267134461,0.7939094925567409,0.8247421479649922,0.8326935233258395,0.8201715576211283,0.7253954373065473,0.9093763639456716,0.781140468007367,0.6496366134949284,0.5043213507527312,0.911317532534081,0.8032311535951079,0.5983022364139341,0.8702287436472185,0.6818744029121753,0.7793591314129281,0.7254108982348049,0.7895370041913976,0.8461847485698615,0.8387017850551591,0.6976915887711188,0.5977143351539201,0.6191735494895734,0.6916036779140211,0.7243564293846546,0.7485889038340714,0.7510351703120753,0.823789949053552,0.6924540546365572,0.5723117662170726,0.44686973300494814,0.8675990001784302,0.6753098548040185,0.5225202778367769,0.7479395224932724,0.5703783000349936,0.6420840692374076,0.66314652541577,0.6023822649149793,0.6947720637224318,0.6622518270177005,0.47182500719251663,0.4783536648520317,0.46328085366992094,0.6048754670536483,0.6606243825013496,0.6071547709669995,0.6338256805271413,0.7386721350733559,0.5973833776854812,0.48938278956327935,0.3108126508247348,0.8641522787028392,0.6172010866936575,0.43234456474521255,0.6754372856496207,0.47755058476234974,0.496646009612666,0.6918092268488326,0.721879670714848,0.7560632708261619,0.7248220125553285,0.60645692585688,0.5465099976411815,0.622794699754685,0.6978593269388719,0.775362873349507,0.6380796029805443,0.5855356122520085,0.7884776324162671,0.7107153885573324,0.6002847949313265,0.5213304305360066,0.8701069209242964,0.6989954829849592,0.5096448831302568,0.8106357138572423,0.5404034288252468,0.3912909492899315
yen,rest2_vs_type2,0,Rest,Rest2,11,0,569.29445,284647,287147,0.27761369852327,0.19277221850484683,0.25890020058209995,-0.10497540909512004,-0.20875867778614632,0.2023573423343792,0.25755745753045645,0.020332935105741967,-0.09140515662472604,0.24470375570153857,0.5033405898759082,0.8863349837857291,0.33594724021966815,0.046007930837183686,-0.2661235027309079,-0.17690104505209536,0.4747453197796099,1.0006907821381583,0.9850491655118728,0.9367608479773045,0.9563483338236647,0.9465022400175311,0.9260280440011194,0.9704029583545708,0.9009859603122583,0.9250491709958758,0.9147537546739674,0.9192368722126519,0.9675886732628617,0.9804550956696072,0.9499861634801399,0.8556788114621366,0.8973616904979268,0.9865859865578552,0.9010537298404173,0.9308960428488153,0.9278575814501728,0.9381075900350718,0.9644949444653527,0.9482705181254631,0.7918751816182433,0.8858040749636436,0.8880620746631401,0.8552129103197598,0.7894869380376232,0.7122417701952786,0.811260551729651,0.8637009860343138,0.88348504805373,0.8595299473320279,0.9072429726268249,0.8065293888570338,0.720418744216487,0.5740541305317813,0.9310126413318993,0.8432893169555887,0.7107411829344282,0.9042106621734158,0.7882590306158704,0.8717102150963218,0.8752110627111789,0.8807569805128002,0.8495471312395984,0.8866688942475458,0.764733465725828,0.7602144057443048,0.7417180659321698,0.7410153367139602,0.8223672561541405,0.8127721940038458,0.8180514519144657,0.905909440952413,0.8374086641711243,0.7056643995273316,0.653148712128197,0.929500888128917,0.7956442570325767,0.6812851683563652,0.8617630906829268,0.7618860948719485,0.8589881648809162,0.7001892720648094,0.7087119550340526,0.7637988483440367,0.732125110828868,0.6411751358888688,0.4591207390867952,0.5857941808500344,0.6557314344860862,0.6648095219824645,0.6727578598455205,0.5198106143039642,0.8481415432804987,0.7249267618076425,0.5956479959294119,0.4183882782047242,0.899949087658036,0.7283669193708959,0.45942479385271856,0.7978428159067322,0.4990266952718562,0.5289668058404466,0.5132717210384239,0.553770997260317,0.506655990153044,0.5431028194771137,0.4622357449811152,0.39276933254497465,0.5044998410306648,0.5334291481836814,0.5110691414495011,0.4438256356414486,0.3750884863849745,0.715033591551785,0.6677828907961377,0.5113445644904508,0.35835027680201037,0.86906860271154,0.6160448379099944,0.24791733307914757,0.7075798902222055,0.316109361521028,0.180690621476605,0.5413359215635181,0.560856035492655,0.5232493559651151,0.5195883771468284,0.37761286568040214,0.3180776895654203,0.6015586378633523,0.6456172687412535,0.6378555904161426,0.48953561790088274,0.46825572237288815,0.7389389921016505,0.6535138616374404,0.4233884743849518,0.437480826946816,0.8413958193540242,0.5466625819620994,0.45730307404607234,0.725742415967932,0.396090397066928,0.18030687892407096
yen,rest2_vs_type2,0,Rest,Rest2,12,0,574.2956509999999,287148,289648,0.3143180111676793,0.2999172609460903,-0.0016416443722353513,-0.06343578792896265,-0.07457518723564416,-0.15959011952734947,0.37562624052243443,0.31443871742205687,-0.2295993728396062,0.06652584625828872,0.06303364028331826,0.6040109567786973,0.5935449770227263,0.4478838735794657,-0.16357534662892403,0.2239037447292187,0.13128194163214157,0.16283473382733504,0.9554960430789331,0.9481406147205764,0.9234151943489487,0.8991621793326818,0.9302634020506216,0.9038075404605678,0.8613145418754079,0.8445006275712679,0.8428718441482835,0.8866587154201884,0.9185797243434175,0.9795118185679074,0.9257045184754696,0.9332797134447489,0.8501698143069574,0.9556347066064138,0.9533590860328549,0.8337268471376927,0.9792066617828225,0.8874197645144626,0.9176879577823316,0.9399861900373779,0.8725597923527753,0.8491820448690357,0.8032693861977772,0.8685117954209884,0.8969898527591368,0.7962109874109796,0.7965492889320535,0.7929992668865607,0.8947594075611737,0.9101541544122421,0.8900887192145834,0.7682370934303598,0.7691793708160277,0.7861686077854162,0.9267901497499631,0.8373549315607227,0.7796915996958572,0.8635160778054125,0.7653586741663062,0.8891272749840172,0.8620880337654949,0.8128573415207547,0.8521215995849156,0.8374519205223057,0.7766866626599553,0.7053617582592729,0.6539433890133226,0.6929516531425541,0.7586574246022973,0.8552193442847031,0.8165709093188351,0.9164909874818312,0.7480965285674303,0.5889491935658939,0.5100809236870415,0.8797682953293197,0.649723213888909,0.5429739450047277,0.7419098285706222,0.6260542965242604,0.8808681536238557,0.7884827596986601,0.7208067690663291,0.8126089925439239,0.8324972164682116,0.718907308719596,0.7198231210585402,0.7970331472344523,0.8358179870125312,0.825596746268595,0.8470723228185807,0.8740743314573489,0.8383736540020453,0.7240267598679282,0.7020694491665426,0.762230951351825,0.8864498054649268,0.8033609288957227,0.7623333658245796,0.8564272333160602,0.7049662320640306,0.7761022450467292,0.6703598349457627,0.6315870233208668,0.7011965960523846,0.6646426572014134,0.6183507205523388,0.5904265469344382,0.5941185033942538,0.7096890192341688,0.7137802482814256,0.636793421175801,0.7363513473982212,0.7289861511548004,0.585611428897051,0.5301040418909458,0.5007283073063982,0.8100144106265584,0.6345280009343536,0.6643059499311877,0.7709593618881753,0.710281122584699,0.5960761072886614,0.7125321710234165,0.7152173515264925,0.7474127873536486,0.7391218862967456,0.6452783198169422,0.5602270438489558,0.6894921091708336,0.7354829067792203,0.7671402054001801,0.767801236312338,0.61062021279187,0.8638936719951571,0.7886426477675714,0.7026484638147321,0.5706038860577308,0.8740982936119361,0.7785909576600174,0.6079762042564847,0.8433406266688827,0.5958680990023671,0.5304470555498784
yen,rest2_vs_type2,0,Rest,Rest2,13,0,579.298539,289649,292149,0.318942302137045,0.16845906510920017,0.009953220649567829,-0.12467830062977248,-0.07193179047229803,-0.18979834085340208,0.25605747680805724,0.12140080376612339,-0.08367577330367082,0.024391880248978648,0.02697615884370297,-0.0072243833031175875,0.3560016457869146,0.043103048290256574,-0.03475397654450685,-0.3214709263440141,0.09632787040382418,-0.07503256592471086,0.9151521347580084,0.9633004796235551,0.9396702404216319,0.9279161897701517,0.9259051502283755,0.8723699522310575,0.8735397288798249,0.8229941771060161,0.8438690396622911,0.8589098029957933,0.8554835654042502,0.9570339830508949,0.9211866561476012,0.9168303828408711,0.8342502287199112,0.9692864951996063,0.939169329793936,0.835783975635026,0.9351772019475997,0.8611636542039556,0.9006237144854464,0.8951046553045391,0.8054252854733708,0.8352288897049395,0.7369896440371623,0.7750577443008263,0.8096633001618003,0.6763579446643726,0.7543208904663397,0.7071114638433635,0.7573774116897715,0.8522384507616988,0.8711303558914204,0.7340598891109494,0.6501990781283734,0.6669544706074586,0.9180429247506794,0.8415805116728406,0.7220899661362935,0.8938165921606879,0.7084548346367748,0.8218795314483168,0.8389515216015424,0.7968080378543713,0.8207829474751419,0.8469903413532949,0.8261713842181183,0.8055976244292176,0.6431982604746068,0.7050544642031321,0.8183669900068166,0.8275581357598468,0.9019088229779649,0.9163164072416156,0.747578395848492,0.6812628792734335,0.6578551603279157,0.8621836757684563,0.7599242811251556,0.7201155973220834,0.8954536937093772,0.8264174613697587,0.8404011895771553,0.6610155450548613,0.7713664068789338,0.788035993646436,0.7692069301164209,0.6293653905522761,0.5920767732064243,0.7214234207171164,0.7476413053121566,0.7650626661847513,0.7862928542299797,0.8037474381956542,0.8746541759736284,0.7482603333297657,0.6887991581411047,0.6684749503023332,0.8840653257174719,0.7638905395115382,0.6732571516695695,0.7869909684238031,0.6799668340948335,0.8134526163697473,0.6732578588045396,0.7246298276897404,0.7495734814641638,0.6961842161506607,0.5980191068515566,0.5466340062633994,0.7058244943855669,0.7393071370482635,0.8042087980691125,0.759186589699718,0.7763379876941732,0.8976430676626909,0.7664674501803039,0.6845270566569722,0.6939186261781176,0.8567216421863038,0.6983411395164393,0.6558147134351991,0.7659960481476478,0.7055443960388924,0.8142355341547333,0.7611878188255867,0.7469308735129297,0.7949023076400183,0.7527018146531266,0.7811358731338752,0.7061675849020272,0.7537770428840009,0.8127218898574995,0.8372074289275633,0.836288612688765,0.8464132931968524,0.8967644142743427,0.8488738649694926,0.8264685411085595,0.7661319006738218,0.919869304063366,0.9055712504069297,0.8063549692898611,0.8852928343896823,0.826954307423931,0.8549847776321546
yen,rest2_vs_type2,0,Rest,Rest2,14,0,584.3201899999999,292160,294660,0.24047167069337672,0.2059930255004403,-0.15867890527684203,-0.10927942966484405,-0.23920236822118612,-0.3732429056134263,0.27500257444452103,0.05721395894811021,-0.1334547614676529,-0.18244647434422667,0.4317808823695519,0.2884071958617356,0.32053079495952996,0.024264310905503628,-0.23901611960789992,-0.1511019323611249,0.2044640257703101,0.18061296394093684,0.9355378871017208,0.9530719876425882,0.9136822857988857,0.834412054277239,0.8911109650483002,0.8636678304277935,0.8769495800553778,0.847174083034602,0.8136090278226364,0.8775235685533084,0.9277640410451763,0.9661601515499714,0.8268662792928106,0.8856141226825115,0.8241990237269179,0.8572529484994907,0.9083700823071104,0.7792685634005259,0.9332164283852223,0.8614061747641133,0.9033597517665564,0.8791865528375686,0.842597429938707,0.867576908235055,0.8424598199610841,0.8337846227063171,0.8459610968945349,0.8280925356095277,0.8032773563872018,0.8312780367136787,0.8357064194891192,0.8999767463652065,0.9467324763148673,0.7861050342402832,0.757992858287586,0.8240033331596783,0.8735566115701637,0.8298369595521177,0.8317321112724093,0.9486384961798717,0.8712325796844775,0.897624059267318,0.8530208730943357,0.8573533282346916,0.8861010466011251,0.8318370304058906,0.704596124914679,0.7205195161902644,0.7279235510944884,0.7613792167312706,0.8583324369530161,0.7934475133246309,0.7883278900894575,0.8854217184153068,0.7671411133449008,0.6400545636307384,0.6066272303699494,0.888858205376904,0.7342917419024695,0.6370634192917592,0.8596142813541732,0.7304428378354708,0.7907960240663121,0.7005105813680936,0.6821318350946413,0.7413711806612786,0.7216741235755221,0.6736993967244439,0.6225569136645087,0.5774483709453451,0.7256203500394256,0.8003234569391713,0.793662402265695,0.7581659899767454,0.8215081023056101,0.7380591061224463,0.6344100520555038,0.5594513280113381,0.9175580432381173,0.7352955806351468,0.6349508324133069,0.8199962393247299,0.6844822182848594,0.8063358193785296,0.7436808720943033,0.6973246069581314,0.7623657304286783,0.7861783215974021,0.6130090474599097,0.5653079643451282,0.6439499939944098,0.7550261973368607,0.7856691870775823,0.7861454814056127,0.7683947115077147,0.843900563270761,0.7499521691773255,0.6299334085688184,0.5366859105082331,0.913068854729594,0.7278240844072346,0.6245324828032817,0.7707771990706771,0.6440494745955209,0.704136752956073,0.6548902757301429,0.6949449276824496,0.6821945771843719,0.6596738463992509,0.5690185511678691,0.5263579152735686,0.682500744178849,0.7769848871149196,0.7692707197304604,0.7072171690796589,0.6068213625409826,0.8354475647665338,0.7775724488633529,0.6342012122213109,0.5816025220202634,0.919955270485886,0.7674377302497466,0.6581853726748853,0.8093124773914383,0.6671636069888054,0.6349395486047441
yen,rest2_vs_type2,0,Rest,Rest2,15,0,589.331828,294666,297166,0.1836401166136481,0.11679314298218024,0.00884325907962813,-0.07697234675526232,-0.11420934378653769,-0.06772050262410279,0.3333447997173904,0.0510623969831947,-0.003508240305574617,0.08086154790657796,0.3141956911863728,0.8458505127552716,0.2743028244862016,0.06883001086215756,0.13337715401745998,0.2311220402057419,0.347567563497849,0.47096181205695586,0.8314243224072755,0.9162544549599942,0.8858471914155619,0.8871432677979739,0.8224496603282068,0.8684262404734333,0.7600322663812423,0.7178142426573486,0.7267301438456958,0.8544480127000238,0.8297803858091909,0.9252532246430892,0.8473074031052857,0.8627971915297108,0.8911643414882108,0.9508365874507314,0.8746378416201044,0.8231604956460618,0.8322020422100164,0.7985571064502027,0.9012182797582002,0.854191825081174,0.8462753679937286,0.8412995651985596,0.7608717470766486,0.7417573290538464,0.7317701634458565,0.740852763086896,0.7256427131625186,0.6981234534561183,0.7574347018870872,0.7832893975226642,0.8485792993630662,0.7166229835147544,0.7791274619665002,0.7453532681556075,0.9027177217431261,0.8405766165438406,0.6832009257741047,0.7989884094250612,0.6292722646592382,0.8075900145519487,0.8789995978376371,0.7573725858875868,0.8295598029541841,0.8580341045452426,0.824537099375833,0.8174607275225491,0.6581369912508694,0.7693837831004486,0.8121315817647854,0.8902882275134265,0.8932933788774986,0.7837625949972933,0.714768229698999,0.6298461471896615,0.615051829968214,0.9033004540625287,0.7905795705710272,0.7701522417086346,0.8543913203304526,0.8370106920168877,0.9050507376750175,0.744109669204121,0.6765731701168004,0.7279879175213242,0.7097745207689489,0.6243186516907357,0.5181137765869746,0.6459219273779152,0.6376125019102453,0.7130772686668009,0.6383183578425954,0.5889714117500131,0.7642109718478889,0.6517919058048535,0.5217378818019185,0.4577895307906839,0.8641975164854734,0.5681809825699745,0.44816315208841745,0.6530343970558659,0.4745831832052851,0.33953824419693956,0.6743363184505087,0.6771229653660163,0.7810645538991956,0.7325618745160926,0.5179896047280795,0.31375407416546935,0.6377416823354058,0.7831650189468891,0.7547330842237053,0.6569382811080409,0.48507155790971546,0.7814943670929897,0.7516495029131244,0.4923175754632309,0.28071000028636733,0.8796204531371417,0.6013890628784322,0.38419262095199525,0.7032388328436623,0.38792896904057406,0.32128053415930985,0.7627305304298141,0.6844561443910422,0.8069720391274731,0.8256603123829047,0.6049855015496847,0.2578122087869819,0.6571533939600179,0.7996995524329127,0.8376693176210903,0.6784277863668908,0.3675920539682519,0.6660269844092404,0.6829122191952268,0.5157461581427178,0.34854005768908325,0.921599967889256,0.6750255992306297,0.31509753140304153,0.7384148823222677,0.27389600982915324,0.06234289790803215
yen,rest2_vs_type2,0,Rest,Rest2,16,0,594.3324719999999,297166,299666,0.2122457386888419,0.20497402987866753,-0.06628776718363927,-0.1275019997005038,0.03879206450405315,-0.26623671066547194,0.2651105383638406,0.10936112178289603,-0.08277525375966865,0.47999800945371085,0.5223221361163701,0.8626066623513431,0.2743725587367729,0.36833508426748107,-0.21819150871692017,0.30057184401072456,0.24652183251080384,0.620200478008381,0.9644045893450989,0.9287388532431406,0.9150441870622569,0.8718517176290406,0.8525348953319176,0.8396533888705904,0.8749828360891015,0.8812656215230703,0.8745989039866289,0.8732007581165603,0.8742489906195379,0.9615895871561273,0.9125069921092983,0.8681059469204169,0.8442216768379516,0.9493122737845081,0.8767123603018585,0.8597976819164712,0.8823262586403628,0.9148615024716021,0.9454930266669302,0.889214071027628,0.7752864933875829,0.7976786088180556,0.7214235903947044,0.766360174878288,0.7627242489072008,0.6554108744732686,0.6742665985160197,0.69428461625156,0.7984859451934054,0.7957253616823552,0.8318474161197473,0.5970021362928737,0.6210584223497029,0.701001869481264,0.8580331015476891,0.7749599753635651,0.6562139304605187,0.8391415946401881,0.6342842968674527,0.8015977135118657,0.8358429554045397,0.8826492850025222,0.9039777173484181,0.9102954532913011,0.779230435636056,0.6405267591196159,0.7145657863262665,0.7333858919147969,0.7507098666955341,0.8104192306547666,0.7750609936096848,0.9126366639187247,0.8455242585520198,0.7075405444881686,0.6282636107664593,0.9365222547880784,0.7671895096548774,0.6185643971356531,0.793354404896214,0.605183375348795,0.7845712135577912,0.6822138394024632,0.6852109209324905,0.7788537447290335,0.7879027191909026,0.6165466438928338,0.5711882232944223,0.5145484563582672,0.6388503747157954,0.8001092325307494,0.7999905428949885,0.7247190428898208,0.7638970183993853,0.6089561275500724,0.4493300842937697,0.37652697343419755,0.8565013274070851,0.6587279843856019,0.46186686443838054,0.7819751904801825,0.607842108056045,0.637919637824063,0.6062400143630138,0.6644345566314902,0.7398413826953182,0.6980188054975227,0.5970593204161972,0.3960786439794279,0.6394656694928817,0.7401753241194525,0.8193593811166866,0.7804836140310891,0.5524344959089235,0.8071303532709853,0.6912282105194587,0.5655611814583185,0.44287623424550937,0.8664061496188911,0.6910502532685402,0.4687813809146239,0.8065114251783895,0.48695173913811357,0.4564941327562963,0.628261385338533,0.6492119099702051,0.6626110967087012,0.6249842317814235,0.5264616269632597,0.48180490149557875,0.6760248453232827,0.8074758652841297,0.7944846826146726,0.6966848724505925,0.5518684015500909,0.7979091419382973,0.6794652930387344,0.559890918209243,0.5024218590760917,0.868143808167719,0.6652793279288051,0.5442988241291362,0.7402571568618411,0.46092474033517633,0.31553210485527877
yen,rest2_vs_type2,0,Rest,Rest2,17,0,599.363304,299682,302182,0.00434182438470021,0.11476936456079212,-0.20195798941751697,-0.17390954335809106,-0.29454704320480474,-0.15574234109905483,-0.29412325349106805,-0.06692654468155368,-0.09820590095634696,0.1586776821464091,0.4765551316191452,0.861494539248286,-0.5907343953258923,-0.11375944700336582,-0.5533045974762532,0.1319180143910832,0.6199680736297863,0.6096859610747241,0.908331875982183,0.9413795135026908,0.9188888097785188,0.8581312600757373,0.8764080540808397,0.7041106640203855,0.8750074403631383,0.8647415434633654,0.8202427158305217,0.838851356677319,0.8133964809865121,0.9160899749786675,0.841214213933009,0.8782220283573923,0.6944883999570537,0.9621956013001564,0.944605953411505,0.6701478070251714,0.9526493203527757,0.692529145491011,0.7785069064426983,0.9516705675239971,0.9354233939365507,0.9237993938394459,0.9432618091761336,0.905394354042542,0.827642719244522,0.8839640057385588,0.9053737858259128,0.9290611382573382,0.9337879626012818,0.9069832530558589,0.9590382517165955,0.911243089296587,0.8662217141154634,0.7767735292044109,0.9559094531783141,0.9265793794853138,0.8110918019831885,0.9374672548980475,0.8260433375037627,0.8846764744715554,0.7323829007316179,0.8142397338917927,0.8439935461759452,0.7530072053329557,0.6645259198104472,0.5341915095452204,0.6735142724612494,0.6190590428626206,0.7839201812764788,0.7842730296821037,0.7722171576521143,0.8924832686573329,0.7051205484864033,0.5719889685265762,0.48417289922837004,0.8097827530636799,0.6642983576404647,0.46511472172817675,0.838863042588974,0.6418038664960368,0.6845909532702928,0.8185519242107107,0.8319966958382864,0.8299645412262034,0.7981489404119418,0.7783846339204669,0.5845475473250215,0.7166537050285933,0.8112427147106172,0.853036861650944,0.808407116958374,0.5889986118454618,0.8600189318509487,0.7135466946294026,0.6085932079853859,0.580115064478816,0.8760484145360952,0.7242953583282311,0.6212402143249078,0.8024168133404634,0.5403222065779775,0.4677746782257048,0.7202161475490976,0.8078391024006223,0.8162695657630208,0.7670164985578671,0.5928634951832373,0.5525374422381979,0.6615863931784182,0.713624770418534,0.7361324347882369,0.6983479145397287,0.6244687047959606,0.8644374257262525,0.7389225899098808,0.5098073930938265,0.4952679365647761,0.8908972806511312,0.6439246662603924,0.5286282553225946,0.7530045134093835,0.5103074022521396,0.38211924391444213,0.7481035006119745,0.7715988255750059,0.7524083552966506,0.7327771577524564,0.5115863222084234,0.3395316106072288,0.7068397311479508,0.7336661578812206,0.7698596262463535,0.5996292677361662,0.41298895338229036,0.8793176092841283,0.789723557420697,0.5192863516383988,0.3198104311068774,0.8668224383466263,0.598515756320463,0.30403448018484003,0.7152672029940801,0.3011179266572881,0.09033424095918903
yen,rest2_vs_type2,0,Rest,Rest2,18,0,604.377673,302189,304689,0.449024822193655,0.2892588653289083,0.07133886464501238,-0.036678564220607335,0.1458119622190921,0.26721360819116,0.2790719895697995,0.2155246588975981,0.48096917400687955,0.7314131825330255,1.4904327116205387,1.6456863733414626,0.46670543119881636,0.48279647806690296,-0.13784503832319794,0.6657641420402824,1.830318324360766,1.5403371374347667,0.9396199421891388,0.8597947623215562,0.8871695318715535,0.8857047166838301,0.8712821755980357,0.907290759970623,0.7421193615341736,0.7955285519197524,0.8569192023729851,0.8721008307949656,0.9304045349888299,0.9216907177389153,0.8239601953628528,0.7551964660409441,0.7623851707649617,0.9324633323842101,0.8639054250934739,0.8677139688051533,0.9402915632893307,0.9468929919612572,0.949481887657109,0.9121090894262687,0.843875197635151,0.8609717586346884,0.8829346000874708,0.8028444148942246,0.8221976197980979,0.7054298606244044,0.7469852486102522,0.8164953225443617,0.8235431258843673,0.9110765287406364,0.9414632638474671,0.8444172319883888,0.7131223330397863,0.6264334778961811,0.9323090915821807,0.7995724360229245,0.6564873694725217,0.8976175822614015,0.718493900590105,0.7678159630694754,0.6718453950106503,0.6265463787997348,0.6569447122924648,0.6389681237896865,0.5793546256521512,0.3413044646791386,0.2414920321968459,0.3740018120690195,0.6285596113729375,0.7550140059747358,0.5843936680193693,0.8011569159242866,0.47048378936781954,0.2581648779999889,0.03821573594613078,0.7426620967083728,0.47872916822179695,0.20275692214304253,0.7193846163446056,0.4388104506753777,0.5048003626209567,0.7804283729014272,0.863545121833554,0.8714765271357094,0.8094647093020562,0.5959423338340989,0.4136352700670956,0.6564843022876159,0.695126661489209,0.8088499091877187,0.7200432166567677,0.5275878863517786,0.8728272085079056,0.7007612558215232,0.45440102560208157,0.3580975279939142,0.8374262686767091,0.563939231577522,0.34855939144951664,0.8138171890900108,0.38490790353254195,0.2730642936838777,0.7091936694207445,0.7387636952251415,0.7889259991769415,0.7414557763485221,0.47971951247592237,0.17471434990911416,0.626793719083976,0.7264309768101472,0.8042375968726343,0.6722766829457996,0.2756677657248822,0.7981688422440397,0.6871021069442733,0.482522713719249,0.239936493651844,0.847638132861733,0.5072416057605885,0.27537778296610016,0.6847932015959369,0.18445980208611584,0.08998126785430773,0.7033379714667997,0.658811035145354,0.7562406972827446,0.7263604144530923,0.5318886989718646,0.21905475443561168,0.6001273763886085,0.7553297908813255,0.817203477141871,0.6674541479509245,0.22641540013910721,0.7767776116965931,0.663719171341933,0.4257486980686255,0.2443243480102048,0.8684986751495922,0.5893627021734753,0.2716329405760252,0.7579547087946977,0.15963581290940349,0.1464031087088504
yen,rest2_vs_type2,0,Rest,Rest2,19,0,609.386932,304693,307193,0.28304836931336297,0.2548331735982874,-0.1806373020875931,-0.028585294785338444,0.009614192772972263,-0.15139363441502063,0.37463427009194916,0.2877765480555361,-0.018862045720133835,-0.0956090820020572,0.9465454557328621,1.2572622139300247,0.6308733695755047,0.37716477814060045,-0.08218065251804374,-0.22359734088799454,0.7201647096675461,1.1476227802214898,0.9784830720779706,0.9264922226572466,0.9620626749881077,0.9588242386515586,0.9678436716665512,0.969206792335532,0.8715360590307046,0.9143456279536186,0.9172845708120433,0.9537109757867317,0.9776426414641791,0.9634343574452656,0.9400035670944098,0.9101222635902553,0.8866470038801875,0.9914822789751576,0.9492791485272271,0.931702092665151,0.9507018196167747,0.9363803020050278,0.9774416960117683,0.9806104594270092,0.9628852411417221,0.9560265868536528,0.9325916936275137,0.9369108794048628,0.9458353715438864,0.9366739536312574,0.9427446520951278,0.9260304764083901,0.9565242514024737,0.958295906669757,0.9765202105324904,0.9368349637906358,0.9146997289651436,0.887837653965133,0.9824358196623217,0.9546739257114656,0.9024667053894834,0.9585924432651978,0.8944105804919366,0.9276601704778007,0.8567414521134595,0.8457494904764848,0.8674217094719456,0.856023387582096,0.7834707889900481,0.8192516794168027,0.7180128325804069,0.7615448710813616,0.7799865700078049,0.6947475365627871,0.7364844373691615,0.9067475100709612,0.8235577523032579,0.7654964903161013,0.7905953866548218,0.9326044015994591,0.8779005320587555,0.8677142002063879,0.8982778833064143,0.8976033139057703,0.8678568004016498,0.7603604770636875,0.7986568138559799,0.8158322279602443,0.8099036184910464,0.6935976096972747,0.5130446577495819,0.7769805663105236,0.719818819744828,0.6844730210283464,0.6818657724569482,0.6551759752328409,0.8983127983793576,0.798389241709729,0.6904104377144348,0.6264753380334015,0.9042130970187725,0.7480843178232196,0.5572322772439744,0.8121039603803287,0.4757658096092817,0.492102412400672,0.7852249938737277,0.6602866941805167,0.6807514904171247,0.6545682569485725,0.5430698973614579,0.3311952496753775,0.7074301241737282,0.731960279004945,0.7143397303796223,0.6678065161728912,0.4966463532873362,0.7962267103486151,0.6466436626436436,0.5191328616570815,0.4276493803346121,0.8641138872711744,0.5957794164843392,0.4953037374800641,0.7053384168906952,0.48375948634244964,0.32542999492178454,0.7328921119261849,0.7238447483552453,0.7728322621070832,0.7016421437229664,0.5566046397172528,0.29516170382005663,0.7282937395116063,0.7422829504307363,0.7675229896730679,0.6703188450052873,0.3623115547055875,0.7901007224244226,0.687718968007575,0.5607043736756383,0.28071430907382444,0.8558163991018918,0.6258417134639847,0.30875347956717997,0.7498002334951013,0.2746257906269011,0.17613597395907277
yen,rest2_vs_type2,0,Rest,Rest2,20,0,614.405442,307203,309703,0.34491108466654197,0.2182971195139256,0.11787937742286081,0.1137886135251529,-0.27745198838015517,-0.18909605620312497,0.5175259009013411,0.13938845524369192,0.1249076907944282,0.40584157949562405,0.5562208802444011,0.5538252606770055,0.8307914866120312,0.20974016832709097,0.23907304940050134,0.007232307156660678,0.22925484022973697,0.6510964641467525,0.9718873091043216,0.8790699708075628,0.8811896935453022,0.9111037634064822,0.9555202255516918,0.9294601507860787,0.8020793699310326,0.7985004115983967,0.8483712045942668,0.9348071375245917,0.9728019132370989,0.9794170174481216,0.860781771000245,0.8282775420825973,0.7563544166848473,0.9006680109069308,0.8594830564080612,0.7563720534716282,0.9263906764809918,0.8048473188869171,0.9262959701984094,0.9658398846692569,0.8862566674436091,0.8968510847053187,0.9136280832137221,0.876155665828582,0.7834346571483476,0.8200861485129275,0.8733956829779556,0.9176246814886062,0.9073375064291578,0.8185127736569588,0.9144518130544274,0.818069612348677,0.7909083604416142,0.6301596044486708,0.9477480120678891,0.9140499172053603,0.7241816514998112,0.9461051909170952,0.7916789609576107,0.8403612636284533,0.8279271192379299,0.8182380134939959,0.8400110478413368,0.8523675354573927,0.8002116043047997,0.7158652446292779,0.6461594553557012,0.7312123359748535,0.8209067378069085,0.8408205201525311,0.7842761673221641,0.9032870712128348,0.7727276124692212,0.6954008386238117,0.537269385793539,0.8908929979744279,0.8017714361166045,0.6144608928588885,0.8725564712005393,0.6871555191195431,0.7566694374733229,0.8254656492308319,0.7955855209492473,0.7915146817578674,0.7584327407461015,0.676080115038792,0.6955754542982842,0.7361782909944623,0.7561004722895843,0.7772088095379001,0.7654386325416553,0.8033021472007611,0.9087674740361595,0.8324079054577609,0.7229031932168184,0.6253171212773868,0.9327858291284982,0.8006486678359271,0.6786808229867216,0.8574904091399611,0.6941751133661822,0.7617936048532898,0.5987725626079032,0.5883209878461639,0.5262796453972215,0.5106897197582003,0.4806317428013233,0.5658913326581535,0.6267513841616679,0.6878648935116818,0.7119921418140001,0.6726142828446724,0.6409109164001077,0.846859534999411,0.717258742469265,0.6169258150616639,0.4642356525498483,0.8545183109937657,0.7309005226652019,0.4856204127420919,0.8310639295437888,0.5099447717009642,0.5090995086552416,0.7494211536021446,0.6894759033072506,0.727024025589637,0.700580816491356,0.642834009288071,0.49282762622994386,0.7115291017488542,0.8116261428328074,0.785784978728572,0.731163074527139,0.5778818562494774,0.8158808434971464,0.733333407114402,0.5862817568728389,0.4587524723406299,0.9129128887015933,0.7274737405589712,0.5516897786143959,0.7751253917809672,0.5720887834132818,0.4531363803875605
yen,rest2_vs_type2,0,Rest,Rest2,21,0,619.435704,309718,312218,0.2214762527231855,0.247294330805107,-0.0895561876287081,-0.27361869904192604,-0.3162990799087462,-0.28041919726075193,0.04653233346729291,0.0894452892521449,-0.17446068252887814,-0.009429197690371538,0.7557169471930778,1.1349409190383275,0.2965013830505949,0.45935666498256467,-0.5566348333659148,0.15326280713880935,0.6862418531935752,0.8584795892703947,0.9865811603603426,0.9531309867727255,0.9435206611313142,0.9307310920664885,0.8975479373893555,0.7845047257065659,0.9176998190575933,0.903984411457101,0.908016596628668,0.9105296693525787,0.7810915913077714,0.9749569871543297,0.9098602044195663,0.8588001055179568,0.8011068714540205,0.9556281837402869,0.8777371722988242,0.7992452088851605,0.8900981448555373,0.7881254649865599,0.8592409727177227,0.8824657004961702,0.902723717967363,0.8729822945537017,0.8647236156918208,0.8632694901002044,0.8467362237475983,0.8005141856988932,0.7499731875530775,0.793718814636407,0.8707230096705326,0.904880684083648,0.8954970408052743,0.8609520002894882,0.8583482045267969,0.8031295965131192,0.9421647942986101,0.8789869742472464,0.7685296312021402,0.9326696439519184,0.80420210166647,0.9034280462412744,0.8821337258653235,0.8430239854382816,0.8847892274849158,0.8715301245393181,0.7590648899346274,0.7814201974392772,0.7884486011516593,0.8190517938318981,0.7916786076087524,0.7111481333881189,0.8097862060723248,0.8859456860858131,0.7861793127089384,0.6505728156233976,0.6402438862395359,0.9178482460472661,0.7230958707820516,0.6941804551486629,0.7913319500670779,0.7572084886921266,0.7244699243202061,0.799747848298104,0.7869681514410932,0.8299231787513449,0.8216517220935514,0.6685608818280744,0.6154651518705817,0.6654480013652107,0.7176140881338656,0.7632084848321776,0.6626497510615881,0.624378173160948,0.8595680059408836,0.8103775816084064,0.6530720331022705,0.4917980233885084,0.9404762399303056,0.7141396100899522,0.5606112678540557,0.7431066156349863,0.5696876994539258,0.4533893507376347,0.6601110129130547,0.674442217853694,0.6937202638231333,0.7000263994294726,0.5081548731954534,0.16953111380792393,0.6751065309150833,0.6768442172925303,0.760871839605141,0.6971059541132617,0.2467314308235484,0.8168799463289863,0.7393151380155571,0.5785635463901757,0.1045180176080221,0.8896720004951053,0.6593427328325276,0.15810958261265626,0.7552462621339214,0.16463605586090302,0.08085895217035993,0.7535414424871092,0.6811483131251278,0.6981630670537387,0.7254845803029947,0.5463845314711292,0.41593798041602514,0.694559966355261,0.8261555893813611,0.8287782330729482,0.6414854461497482,0.4585429538373806,0.7694956404889057,0.6742956624438172,0.47132179385293005,0.4204014470365871,0.8879863259447834,0.6054137830958692,0.5039903027831841,0.7169612493855902,0.45645369390042734,0.17421059258906932
yen,rest2_vs_type2,0,Rest,Rest2,22,0,624.4500019999999,312225,314725,0.02104905224317566,0.41931965509519387,-0.01435753961974795,-0.1448274510644092,-0.2988027923661134,-0.23369709569847563,-0.4149736898409522,-0.05088182587961043,0.22008562316794267,0.16235784567871647,0.4242522141890994,0.667209939776408,-0.2876144294136642,0.3711787375570008,0.04979969806961648,0.15757757454628196,0.39323725586640634,0.7476167500585169,0.7706298325479706,0.9180906190379705,0.9527106667954691,0.8332136936579216,0.6891294622721685,0.1780842064521863,0.6330522749377171,0.7108088868583479,0.7527385700681317,0.8693294116860645,0.47836493794959883,0.9249513302975785,0.7783351641950722,0.5976288806880959,0.0521205042649753,0.8662779036539813,0.6466429845590084,0.09730831523264039,0.8306139122120583,0.24169765954213626,0.4325312356419471,0.7677145166795595,0.7962399522587162,0.843714599689933,0.8284818811924716,0.7301713370909357,0.47942299155252477,0.5097131317635731,0.5782887090530081,0.70149120973598,0.8299916806252746,0.732649062343099,0.9038412109924744,0.7180871687874393,0.5182906635485907,0.20417140947525933,0.8911503657787941,0.6777241385485374,0.3171877732963072,0.8283764023078412,0.4655380435603296,0.7141402485101653,0.8353007663761217,0.7657154995737138,0.8283979329297463,0.7609519012900646,0.6886581157295759,0.5076205065690024,0.5377971637811251,0.656907271352624,0.7655851882576358,0.8061876464665468,0.6415469760161483,0.8412119767351882,0.5953027896102414,0.5280537281252016,0.35105388043628866,0.827063921959676,0.6859321222234477,0.47554640532345854,0.8430299528265933,0.6183406740017923,0.7539409996700626,0.7212613591483897,0.7453500211146779,0.8184152412818755,0.7512512644738586,0.6146868690962668,0.6012777504879736,0.5740202889470962,0.7350652654022062,0.8118007408992514,0.7697106430937173,0.7409992075123348,0.8317351478047497,0.6981796310546659,0.5473638284796111,0.4442887546845568,0.878571825581004,0.692793638231902,0.5861282439687243,0.8348514412583867,0.657721802400953,0.6770476549439686,0.5544719440229003,0.586832203444423,0.6012203578250351,0.6376620253132002,0.48019257185952563,0.38302440213963274,0.5920970345849399,0.672519003175986,0.6672563390312304,0.6355005657347291,0.5864695871668002,0.840214321498841,0.7347304074609895,0.5830628684313012,0.5370977499315396,0.8454115328430527,0.6799423906879112,0.5757997083593648,0.7510599747243544,0.5353887051915462,0.41135084857192983,0.587765108189778,0.6789223175903252,0.709305356383087,0.6651742449825632,0.47732025297333047,0.4559462330572512,0.7003350693196495,0.729536948864932,0.769927111712697,0.5644963513020937,0.4487162584634374,0.8202804733722617,0.7075087385445086,0.5149548869445628,0.43655316310760073,0.8795282638703202,0.6241999098426497,0.41815548169799244,0.7614493674113529,0.41897801137554547,0.23045618163264292
yen,rest2_vs_type2,0,Rest,Rest2,23,0,629.454495,314727,317227,0.24723181560468888,0.15807387977123089,0.0342682362946638,-0.14843522577484247,-0.35021461789286557,-0.2038185149719114,0.18702285382503003,-0.0306021426991121,0.05209362540962914,-0.12716733666022373,0.336685985404797,0.49722434027167584,0.1259242110425456,0.04203215487773626,-0.10617297804751757,-0.21938497803764,-0.07822372536034772,0.5616899142764806,0.9582642341944421,0.9761949677618587,0.9750223289915341,0.9608246095070166,0.9211821539788746,0.7928395668761316,0.9128843559858995,0.9185760480792906,0.9431398450526464,0.9627405807120794,0.8500352832459146,0.9769786418056164,0.9329321256911154,0.8633814626643428,0.7219963261356674,0.9646686037662581,0.9018212470908951,0.7663508678667948,0.9387028609001298,0.803572548246622,0.9023859956596283,0.940876001451425,0.9414915110805416,0.9230154416069045,0.8713754272138622,0.8493278592387925,0.764387134823739,0.8368907231204211,0.8494597104677891,0.8371308815486788,0.8749844484219667,0.8536682928376332,0.9371689679285491,0.8319867390908574,0.7519709962623536,0.6343286608661393,0.9374397657552324,0.847659373672274,0.6765565336552682,0.8896944144598213,0.7002709679902913,0.8462149269226134,0.8484364132206624,0.8386314196109922,0.8336665630360149,0.8311998534834878,0.7492398066956424,0.664951423083365,0.6428264034737012,0.7068728240217353,0.8321263033058677,0.8251225247483848,0.819253510179696,0.8830205778175063,0.7015824808367236,0.5581653289706523,0.4733562052222865,0.8583244745146686,0.6661851931926599,0.5518203748350186,0.8389535056486344,0.7533138734603486,0.865426626600046,0.7115328155659066,0.752659066795077,0.7570841881145831,0.7619972713415368,0.6708420408990072,0.41233354724313526,0.7572933222252918,0.7154213908988629,0.6523150582287109,0.6463579189337763,0.6790723093020529,0.8422387539352006,0.7121454617566197,0.5862530307580912,0.5337629993922264,0.8976416862019727,0.6995481448597374,0.5080767383287921,0.7435827844994578,0.4341104403897094,0.44785014551275143,0.707455516941002,0.749365061491418,0.7357326396172046,0.7333078855258188,0.6071332039936187,0.6460621526705769,0.6407886650378268,0.7004859075113673,0.775038413356016,0.7488204685312356,0.6927830961523659,0.8099089157013165,0.7259884160586434,0.6043651685575409,0.5712957930911424,0.8497368884493256,0.6507097255219897,0.545002171957789,0.7995480803973044,0.5963624529739581,0.6254523296475506,0.7160679795252546,0.7360664355015357,0.6708996716734289,0.6668051442106765,0.5701919499205172,0.5681172172449513,0.6868155913215511,0.7414193189256272,0.7665153549880335,0.6708267261175106,0.59616638311142,0.8290528881119777,0.774337967425685,0.6409339616618971,0.5588635836342555,0.9265781399895712,0.656940794915677,0.5992432721342041,0.7436150463408168,0.6107136210958516,0.4515398698461197
yen,rest2_vs_type2,0,Rest,Rest2,24,0,634.46794,317234,319734,0.16193525764584393,0.17518038798088842,0.2919655998570745,-0.049496190819281694,-0.010746853288587044,-0.39409606323257096,-0.10819111842272111,-0.11711458504580907,0.0939006077485196,-0.04199382040460309,0.1896798700765534,-0.26084217486557737,-0.2449048684445314,-0.11440154522046253,0.3409049053237303,-0.04138230693309053,-0.12074270927124786,-0.4465718199597424,0.9460895371735063,0.9423592844423724,0.9256088299666534,0.9385561071480435,0.9556031093599542,0.9339632868996756,0.8800441000169212,0.8974922413268123,0.9527318706804953,0.9640964828683241,0.9465878370467401,0.9671755515262709,0.9065952361479233,0.9199143211462228,0.8641066796908016,0.9527359656720417,0.9184209469674603,0.8560311164711626,0.9611850439381693,0.9213107279168391,0.9678890524586476,0.9720544627750157,0.8757219695653755,0.8535279601976203,0.7933430929120175,0.8896915954624757,0.8611849816123597,0.849149590414548,0.8373524896230187,0.7755492044376164,0.87697923707343,0.8706657586876337,0.8656330057185309,0.7298529415371249,0.7736924461856036,0.7633908201859811,0.9255590329114051,0.9014148490538442,0.8363962179208683,0.9341713015045761,0.8267276074798177,0.8897407035661523,0.8165732294477118,0.847010836270642,0.7762210504711362,0.782018233597978,0.7707921624891949,0.8039081415609024,0.6391967663977625,0.6537027244512597,0.7371406424747752,0.7988482534528727,0.8448945837403318,0.8703982868395944,0.758838275062322,0.6650159780513069,0.6884166059515825,0.8945037719642179,0.740099501442392,0.7111257364742107,0.8496871169277312,0.7908482673740217,0.9263545627864804,0.7627037302866645,0.8564017640565417,0.8002941230219671,0.8834653195144073,0.8059985905882504,0.7733665045477394,0.7015330189889774,0.6851081585229855,0.8016130018741185,0.817211617011336,0.8431959772926543,0.8559531091845056,0.8876908949615645,0.7756027265994982,0.7392779187255499,0.8731105812549725,0.753317670787479,0.6560865535836145,0.8710735014968222,0.8108819686864821,0.8741606621013851,0.909579930292516,0.8777071478485058,0.8471727922779566,0.8831880991837339,0.8471416834542542,0.8185805565231564,0.866127559039784,0.8166978835324399,0.8740957160419744,0.863255136781683,0.8572966347846378,0.888488171868423,0.8878343106750262,0.7925608798140766,0.7469245195316744,0.938512298613081,0.8512168691967344,0.7516595032352748,0.90865239390546,0.8249576149170847,0.9111362577334492,0.8622566884056728,0.8331297059013882,0.7869413696731258,0.8402063084629793,0.7897206279279039,0.7907889919251548,0.8081408947364301,0.8081007377352468,0.8719706481202553,0.8451425355526146,0.8898827834351434,0.8774120168403562,0.8686175279508125,0.8021014941284481,0.7490772096481293,0.9097390300913536,0.8520678437633746,0.756144075265163,0.8961079901383184,0.8289746167768355,0.8444271629098767
yen,rest2_vs_type2,0,Rest,Rest2,25,0,639.488249,319744,322244,0.10573138316069741,0.11937274662113229,0.38447402469084757,-0.24821126369373125,0.6954435753793762,0.40662413843464495,-0.04887194596824607,-0.01623713072283195,0.44129522505048957,0.46004371389257814,0.8185443700967276,1.0971356512987231,-0.17277262067943777,-0.2307267682530023,0.17075578018221904,0.31541672568737145,0.9544714675603481,1.1918740528246459,0.8958001503966824,0.8669228758540509,0.9136541523191997,0.8690730914502854,0.7654174850779943,0.6854431936294662,0.6550748729653825,0.796656012497189,0.8919267752266253,0.8962931410257051,0.876880032869589,0.9249679833761268,0.7320476192646406,0.535142601810901,0.3961375932922431,0.8859676065560017,0.7187580542534672,0.58868125135862,0.8956970596971794,0.7966146458853389,0.9479681344471499,0.9407909343321456,0.8065101029544761,0.8787829995921751,0.890326716327208,0.8924679321712295,0.7585484275870732,0.6622473461621768,0.8089745684640058,0.8713710939095161,0.9177234793116281,0.8877744814147881,0.8990973337802944,0.8058531263015475,0.6829429470300162,0.4286620293221928,0.9443151287933707,0.845990895000597,0.6183231994109379,0.9254618577374794,0.7416781827259427,0.8673372610835904,0.7559002857621642,0.6665253707439743,0.6663976105624696,0.6869963150094635,0.5971580380397207,0.6101020100441034,0.4522755027346405,0.5668716080730971,0.6370541591153297,0.5940464325275526,0.6092464265048535,0.7695321041232372,0.6665674400212196,0.5125041034533626,0.31960500397576247,0.9180353405613139,0.7793216104520791,0.4533700154704183,0.884142481725031,0.5582133030910255,0.6578413095526491,0.6215862193148898,0.6655216833137109,0.38512880128858057,0.4621104423889972,0.32326310207715686,0.3905950002115145,0.47976629352797046,0.34816551184020067,0.3429292477866594,0.21862862890320253,0.3291565759455752,0.5632751299013855,0.6361236739744968,0.4417784181106782,0.38801081938746984,0.8790864576295581,0.6896787207132562,0.2866896985640088,0.7620153049684313,0.33265729957688756,0.16286235396779422,0.588275931075957,0.5359539081193282,0.02415407745239329,0.18273566874840957,0.15344123834878334,0.4086907606528037,0.5136884118818258,0.12415318938426005,0.27977457541978673,0.13517038825663755,0.3219783929836686,0.2573713309963677,0.3139538715508961,0.17448944097685906,0.3761460858403402,0.8458334840272294,0.5363899275682787,0.03423593074969289,0.6808399709936419,0.09679815093550449,0.044247103723614595,0.5090109329220854,0.6356249329149466,0.19245202103195772,0.35896232953141916,0.3701111005676084,0.27318719160292954,0.523584538616584,0.34520651335620095,0.4184188000972571,0.3521745973059097,0.25787152899939525,0.48041581978839526,0.6019931986558338,0.43621669592451107,0.21602953493931815,0.8622267404566526,0.5916338289437082,0.2051081028785426,0.7598172681258135,0.22186503772358018,0.19617926118064327
yen,rest2_vs_type2,0,Rest,Rest2,26,0,644.5165069999999,322258,324758,0.01709060874421997,-0.02795774678600882,0.052144640060834746,-0.10353530248646381,-0.2234545665109624,-0.6277838309715498,-0.1160155624959529,-0.2857753527653841,-0.3745655751648118,0.1555327421432029,0.29949772515890727,0.5158959135292669,-0.43901663195776397,-0.5770277866600759,-0.3983654160655776,0.08831869112304158,0.4585604905115219,0.7062712829031033,0.9583983891110918,0.9020718873367257,0.9071181328719679,0.9119152859755799,0.9032636690519147,0.8832506090972951,0.8083974898286315,0.8553267853633886,0.8980781954595787,0.9396612478610723,0.9517952665392007,0.9586015410390543,0.8941395380545114,0.8011924991678128,0.7255579870162248,0.9601344128547378,0.881907635608834,0.7981871429228927,0.9510966242823234,0.8772114168827317,0.9541873118130988,0.9091045640319956,0.7286155436549602,0.7688434617043399,0.8417891878960864,0.7919688582230673,0.6406341578795105,0.5550044470843962,0.6130322518317333,0.7387681467685421,0.8326225286295242,0.7961521803109092,0.9001921348175972,0.7176548295155722,0.5617215801586103,0.3976108283088113,0.8811225808243989,0.650824798268281,0.366054364581054,0.7465602966273052,0.4416238472686179,0.7641870429043981,0.6997958794695162,0.6552374651903807,0.6520916505029082,0.6481019119754259,0.6723695119371079,0.46545101270778705,0.30808132072642513,0.35302430522149864,0.3725832639897767,0.5755103138663289,0.8267918013837505,0.8641443107854705,0.7437965747158197,0.5789409902924868,0.12269128099466883,0.9059414323512225,0.6735705402288586,0.21231411480673504,0.7629165685779451,0.2622829126827774,0.5118988762044405,0.6283443635315108,0.6362155145553363,0.4129261336203298,0.49973223286376867,0.4158297978849562,0.4705896135219146,0.48964877392920664,0.36189644924395903,0.4849438068133663,0.44058726159845846,0.6379553360387854,0.6976877122389824,0.6208921993826418,0.5008450578349466,0.45609304490134245,0.7534923759561399,0.5897883404852847,0.4656214665289021,0.835365108750784,0.594824539264762,0.4822475535447031,0.3910504448641915,0.4530831554046342,0.28127641719567875,0.28436476041384284,0.23119336941596272,0.24584520487469208,0.43459916187073955,0.4026269554828439,0.41589610364065355,0.34277625262060835,0.4404047850895182,0.7087293973447895,0.6423403412408053,0.5213689928490107,0.42077931619286785,0.8252168587434937,0.6417497948939362,0.39492025822616955,0.7571383297150753,0.4351876823722867,0.30591726777370803,0.465588054912495,0.44099121881426584,0.24600084711305906,0.3304661351088417,0.32474831219495537,0.2528262385423549,0.39817021603648395,0.2906990381761481,0.3731999577522817,0.3499761351741886,0.3339938409337821,0.6452264218184839,0.6244846515695796,0.45338225939855453,0.33238821807171964,0.8729628061378525,0.5683785124001202,0.41586370455794724,0.6338717025347158,0.41666194220582436,0.22350699349959008
yen,rest2_vs_type2,0,Rest,Rest2,27,0,649.545287,324773,327273,0.050352369066410496,0.07641001111055523,0.32684575636184565,-0.20182636884268268,-0.1209183538724754,-0.36168238195050595,-0.137477482201521,-0.08395204339011109,0.12410093133573641,0.15077982474349616,0.6612790182689494,0.9613008440924973,-0.36065814143670494,-0.3834075546145179,0.48430839751327515,0.47660827252897375,0.6445935001269865,0.7612644592920663,0.9748137374525223,0.9410421792020741,0.9246288243499461,0.8944285741960671,0.9042971430534054,0.924657963234967,0.9033633010175505,0.8702055001458907,0.8437977930131287,0.8779889565932252,0.9189610502097981,0.9549488733497739,0.8877211179318583,0.8867266811042147,0.8761220114984958,0.9582904424017912,0.9490045578805989,0.8871605003592677,0.9497684508820576,0.8628866608765172,0.9376878373644238,0.8862246948208128,0.8663488681993237,0.8512914558116588,0.8187912655473207,0.7494320843987022,0.632769369779345,0.726164394598987,0.7252420085941822,0.7384547462896539,0.853484074816259,0.792811804475858,0.9043051102270018,0.8057090340335686,0.6701205199018558,0.5461207239126225,0.943105224001599,0.7642123674732629,0.5679164133998397,0.7929493996080073,0.5976926259516612,0.8734440702584231,0.6805264644364546,0.8084568559850841,0.7459280773414441,0.71940604457925,0.651413200219321,0.5980310873077961,0.6111575890039719,0.5650615410339134,0.5979156537366211,0.592633829525306,0.6858070134504674,0.8151399727095354,0.7077276581200619,0.6518523573683491,0.47618453763921353,0.9176160456873143,0.7000778085163708,0.4483928345043372,0.749175888264623,0.48994867710302575,0.5781426982352391,0.6662105248216077,0.6344089852815813,0.6048196545902145,0.6814657602402306,0.5446340423007149,0.585077083956344,0.5237257929886829,0.5842188522101112,0.6568098469868671,0.6116420744099303,0.6430183853018405,0.8201234227848364,0.7436146459967279,0.5583928162388201,0.5114745488420734,0.9102423368855711,0.7006608268975164,0.6082790930368002,0.7648017694725978,0.6265309846536121,0.5179010961638498,0.6294687414183119,0.6715661132661612,0.6444567077667254,0.6866044912446018,0.5950662681547861,0.4272267261746842,0.6114020129212299,0.6902876118694908,0.7312325096768021,0.6162250223183632,0.4765985683690768,0.8032566637724828,0.7175628764340523,0.5559122720003827,0.5720534128843705,0.8639967795273032,0.671272891992894,0.5671107937000284,0.7953689706791003,0.5162767704874383,0.29057562711905505,0.3304243538320969,0.5640217058911582,0.4896270017885082,0.46165327280620616,0.35470057173585073,0.19726104402812306,0.45674923641001525,0.5181447909233444,0.5155167738581394,0.45235570987807244,0.3483367155767705,0.7549314831246532,0.6967378638342442,0.4756054114000277,0.30260747515164793,0.8709384064045104,0.6422334916081904,0.3006140767714916,0.7416415734222073,0.27446929899135014,0.11880094111099433
yen,rest2_vs_type2,0,Rest,Rest2,28,0,654.560311,327280,329780,0.09788179473620318,0.05012470769584798,0.22123687941736003,-0.5411508731640775,-0.25331992205723886,-0.47334319823078586,-0.08491883606069539,-0.014063367631066193,0.021907495702226942,0.05049039035133962,0.4368974194027033,1.077839858799961,-0.4211728485435078,-0.28962430906477366,0.20002727690139688,0.013129083501489003,0.4482420882816145,0.6914315589110003,0.9694439800493567,0.937673256085993,0.8952463464798034,0.8654603721594943,0.8880184032296913,0.9082218603676809,0.915155225925713,0.8850531399248998,0.8528774648739885,0.8754889914703475,0.9346411824181131,0.9604686182948059,0.9345506167250085,0.8959134391691608,0.9369917480496253,0.9592162035354943,0.9286604609469136,0.9261152167409693,0.9202167455114337,0.888500113874359,0.8969962877800317,0.9557711796743008,0.8508896532769247,0.8337408316988469,0.8541349158602768,0.8681625073251598,0.8101064718279718,0.8066097297521573,0.7754349451824447,0.8097353314182563,0.866651037794645,0.8375933376176097,0.8744734580094832,0.7970366755621199,0.8381000745079686,0.7934498339968333,0.9124049278512507,0.845477492434986,0.7635877621456285,0.8519165279210201,0.7332931948979899,0.8830107134150869,0.8031055682333833,0.8125450191822438,0.8424242125417828,0.8583468130923388,0.8010825220635394,0.8107861459066383,0.6674529106926741,0.6653972527561355,0.726805684427388,0.8033610472648854,0.7645478001200381,0.9211440318780263,0.7914948629629303,0.6158111498738538,0.6339109838979665,0.8877558127228531,0.7071360678581134,0.6799610633401146,0.8057420388346614,0.7630813430336316,0.8661584964902248,0.5767708263648367,0.7941283181918469,0.6823691490551986,0.6455109839370695,0.553518943496002,0.5174564209043422,0.5495691813011233,0.6265733824597937,0.6224587626922077,0.6063801183408102,0.588155775397263,0.8255834313116985,0.7453653969328071,0.6166872780037171,0.4691021811127729,0.9266806739090491,0.7543984270556815,0.5567702287681303,0.7696642566957755,0.5529761306869913,0.4295467406333847,0.5264680627074992,0.5460111811145808,0.5430424681418369,0.6035996699672171,0.5948131570093682,0.23323237511149839,0.6014118469330659,0.6515018981493498,0.7166231126718416,0.6514092515393094,0.3953541738501131,0.819560847888865,0.6975308141600548,0.5465162843600596,0.41788851155752377,0.840673226235206,0.6411950393781454,0.3621691348728582,0.8125264755111434,0.3497196117455882,0.2493010983377356,0.5179248263261175,0.5887046972377401,0.6245017059699625,0.6088075304469535,0.4551916906089487,0.4029426312417243,0.6017865928018081,0.6850280218606936,0.7200136790686934,0.5789083347024848,0.405149038320321,0.8280649309831297,0.7712511878058286,0.513150761183698,0.28492092690659565,0.9134319141060102,0.6284154330645367,0.331750145445444,0.7377579776763652,0.27847407810133673,0.06607958294557335
yen,rest2_vs_type2,0,Rest,Rest2,29,0,659.5645089999999,329782,332282,0.16078024056474316,0.23123206831307375,0.10185344580892153,-0.31309777024858976,-0.42378769225755386,-0.5790206312587074,-0.03545608852714999,-0.0034256615863919038,-0.12917319476542444,0.012642884458535342,0.7504506838551417,0.8258911694544495,-0.14447860320007688,0.11606967012897407,-0.01573643119112278,0.09281079814070736,0.47597906051530403,0.6632170071524754,0.9207628216158784,0.8570060940186965,0.8606396961370847,0.8372962690753636,0.8057404375006091,0.9229296709204022,0.7625148782749773,0.7761692476167994,0.7881279480382155,0.7858988226128324,0.896858717223747,0.931420646152278,0.875361322891979,0.8302056375677261,0.8186798846487405,0.9766221999646878,0.9350387473090945,0.8252364055513143,0.9716956187236662,0.8075794215549449,0.8082023406214018,0.9180862627936514,0.8894591088891481,0.8758511000803464,0.8721549067308064,0.8390832489424859,0.8365751376413353,0.788999867410257,0.772518599108451,0.8105090380731155,0.808941472891669,0.8245569085377982,0.9098281074553777,0.8290996926962105,0.7716530812339726,0.7717507563991494,0.905050094614385,0.8459257576732025,0.7783952199111924,0.8805799956038863,0.7714013874995197,0.8087389328459009,0.8633754552880342,0.8326676615444918,0.8382421213711082,0.7858207292592763,0.7844736922867128,0.6736578496162868,0.6919952287711666,0.7669383929421492,0.8064019770164225,0.7724718434128826,0.7009935223183267,0.9157789915269995,0.8005410962783256,0.756413697009536,0.578676602453433,0.9221530666930509,0.862340156888351,0.6627740679816266,0.8751237588709024,0.7193003304700987,0.7824666596989182,0.6853976191308253,0.719318543037671,0.7225008424459245,0.7144507163473318,0.6158009679278204,0.5267395831748432,0.6973102762208592,0.7001958461546588,0.7263804472327559,0.6497889797813569,0.7216011284437145,0.8670165957136492,0.7721437213161956,0.6324744078327624,0.6582279791847433,0.9251091807513568,0.7484344696668418,0.626656917046388,0.8046766104989928,0.5977821312428203,0.4786673967133715,0.5781130227498992,0.6379392715163897,0.6326031978266256,0.5758917293971152,0.45495055490929903,0.30057855815855955,0.5244614237680558,0.58315150124732,0.665127020249739,0.5656922944504863,0.2835190811924899,0.8552523796650081,0.695152515745065,0.4373793844011128,0.3308590022321045,0.8168942411663614,0.5322284547592243,0.24972893716645697,0.7144271740917822,0.2107117446449475,0.03488731907182133,0.652776924948134,0.6234392820810087,0.6484038642893726,0.6454422847360769,0.47047502518610196,0.37726558130708976,0.6464217948613703,0.7782754630009637,0.7973144337776459,0.5869916871682126,0.41942491785328584,0.792417823372807,0.6942887861436647,0.4629624922348574,0.32498346518245846,0.8997081236125508,0.5849681133439494,0.367546888399082,0.7012123892348328,0.2858655967820664,0.039326618067305266
yen,rest2_vs_type2,0,Rest,Rest2,30,0,664.5829669999999,332291,334791,0.19639589454720507,0.2689387163110455,0.20025840250888116,-0.1484626474845534,-0.32151020005106146,-0.10681418939750476,0.0990462830721004,0.07499509064989152,0.25405346831553377,0.24977650951059926,1.0237177128284807,1.4995041035517613,0.17631740289302034,0.209667337886712,0.44624775973705244,0.6838514804673612,0.9526077143744098,1.1127263876445639,0.9882995629757939,0.9838556032699741,0.9426151314770729,0.9315594802832434,0.933972458133166,0.9396950157604372,0.9587203549344316,0.9123986726124476,0.9034462200406629,0.9272785514600969,0.9404754882936345,0.9587750046588557,0.9440265665207611,0.9275336303458473,0.9164493990916727,0.9939225570361121,0.9674858138886363,0.8816578306666608,0.9677205471218964,0.8767276144567202,0.9020298890687912,0.9843921024835939,0.9218756405008915,0.8865501481441647,0.8739454926628747,0.7582931750546424,0.776095999312689,0.8914111742848584,0.8783451073362835,0.8759623779750318,0.793613300235288,0.7930270553921892,0.8966280157169881,0.8368683695985321,0.7288447807876712,0.7381844704742357,0.9614190959862505,0.7787029115440322,0.7496566203794318,0.7980209347773874,0.739888440610518,0.8428173940488609,0.8999696626280759,0.8750209724555692,0.8806128059250974,0.8611305536971893,0.7453651373831781,0.7959305867443317,0.7750749804497551,0.7989549348683758,0.8360656189849773,0.8240450482621491,0.8186941631626711,0.9293713042525474,0.858023379224995,0.7185695798085181,0.7338539573338572,0.9155910867333372,0.7394478866555738,0.75338207991651,0.8506434020318995,0.7603510019458146,0.7427237527187981,0.7527159463540547,0.6184677443227676,0.6356468087913802,0.7518884119346734,0.5780027327868258,0.5313068349069932,0.6244734476937904,0.7212330460613056,0.767548458831681,0.6064469954456684,0.5521980707060209,0.723943576816906,0.7154938471833525,0.5167111782960412,0.422055332371099,0.8315279347714924,0.5437203555014971,0.6380982659559591,0.6869853062266446,0.6112853057149237,0.36782162355898407,0.6306463673600636,0.7031850236096527,0.6900509877993368,0.7146958804961971,0.5789503745365103,0.14126981872384117,0.6122112489737717,0.7422890577292344,0.7849966071527005,0.6410930684059437,0.3476890587849284,0.6949688212952383,0.6335924989328262,0.5791923995319477,0.24661338356703086,0.8562193623438444,0.5857296649797885,0.22885303391636988,0.7392482165447426,0.19406215397393622,0.04109527699312532,0.532004467662958,0.5532512150654162,0.5812838134158053,0.6044183090594745,0.528289340366986,0.25807970084961185,0.4927317933274106,0.6481804349468748,0.7131193381610288,0.68272394064805,0.30904507061685244,0.6948860172395752,0.645303119230441,0.5137338614280254,0.27327564019263656,0.8561178070987714,0.6501095647646107,0.33012437020133734,0.8151252548659466,0.3133971881353979,0.1728023434343429
yen,rest2_vs_type2,1,MentalArithmetic,Type2,1,1,669.614086,334807,337307,0.19036250939020238,0.2627343493017298,0.11269775863969889,-0.1327239842264718,-0.44475063700168427,-0.2009819366466603,0.15697712627029148,0.11377725816066686,0.18729771256691619,0.1767309854885175,1.2149761084121704,1.7322089761535429,0.1313503715641069,-0.03772693958476481,-0.07986132019990455,0.22056926624466877,1.5514433748993097,1.6274206492092462,0.9746188580688127,0.8958423039139223,0.9056612709963391,0.9176275647741086,0.9148502645675649,0.9604024736111141,0.8581563291064492,0.8725389841076276,0.8858341937521617,0.895805639960228,0.9562223950816535,0.9954495210187116,0.9857406372923734,0.9721077680565369,0.8548890974322629,0.9916450620017191,0.9848805464419567,0.8654951108779257,0.987588310405296,0.8675678217973944,0.8918970312100962,0.9393285442542598,0.8686108809935403,0.8898780361984847,0.8624909245175387,0.8155127905203544,0.8803159845257876,0.81614612983711,0.8742357187347842,0.8642395941530361,0.8310667441159749,0.9055667334435635,0.8538336200756422,0.7975548812938805,0.7761826789165941,0.7606317697610258,0.9512449784828174,0.8381094429441694,0.8258222932245567,0.8296962800109656,0.8217554841647009,0.8154194014450826,0.7562337433652133,0.84387613833992,0.8347590066839456,0.8325332326886202,0.7363173174065997,0.7000243459205695,0.7496025220501046,0.8383935115218812,0.8160499862356051,0.7192501495828363,0.7270712060170077,0.864103956442164,0.7762695992989654,0.6513599653971397,0.6394096487751817,0.9286991083602224,0.7547524353235008,0.7542859596570873,0.8059792309109992,0.7941158041035793,0.7709076508865434,0.866541934009799,0.8354620860488428,0.8044577565631372,0.8657553816447282,0.7730853851955082,0.6305218631183649,0.8120853282703617,0.7551301055370765,0.8000903307369166,0.765877944159988,0.6485131141094892,0.8335590434098373,0.8374323765594753,0.7476166756912478,0.6459699241001573,0.8705331327496618,0.7205714910540668,0.6250528468340927,0.8191402132769114,0.6701146668497727,0.5656877967134267,0.5421581580719941,0.6163848330804531,0.4486427721246525,0.5488463771046533,0.36526334939742566,0.14381886031355262,0.6507254534467232,0.6695389053088385,0.7726343844983381,0.6170852098949373,0.24313570414708385,0.6438651757698843,0.6456307661742159,0.421510930459475,0.25445515138784963,0.8504616878480333,0.5690316886556377,0.225006689254344,0.7075263105546308,0.19141710046993046,0.17261686744663007,0.6538473637840505,0.5989202580298512,0.516852976500762,0.5891656862837902,0.5385258772472571,0.14011058454171085,0.6031504466009027,0.7085467026100708,0.7507826228787315,0.6703517009253689,0.26013166091660306,0.7201919909354546,0.7150845961692031,0.5450443956151353,0.284917456168751,0.8920398868008003,0.6447387916459532,0.39724456342028663,0.7898878680927724,0.310437540955681,0.20750732206437575
yen,rest2_vs_type2,1,MentalArithmetic,Type2,2,2,679.9452829999999,339973,342473,0.18117900350585803,0.133194921903101,0.13848951616524685,-0.3290145933880346,-0.34481006178881035,-0.3012256290043047,0.2475955209089955,-0.13511902685877075,-0.15888075567962767,0.14559461971327314,0.6114274840756719,1.1970936473003624,0.25317691889201477,-0.17473614973567297,-0.3209612967917481,0.19535756405832982,0.6473198193158036,0.7714056998543679,0.9213248089263497,0.9307742938565765,0.9448360588820952,0.9012586419822288,0.8212040792163671,0.8333674881392364,0.8481784039926957,0.8620743058933839,0.9218120044052897,0.8482272649999908,0.8676127498360324,0.9349958873101294,0.840722032732689,0.7397197388932253,0.764558124756265,0.882681855583377,0.8195175726164174,0.8400259654042396,0.878121804832742,0.8494653515983231,0.8742390100117379,0.8590212160841303,0.875845173029117,0.8582695377694435,0.8060671996618347,0.760359819590018,0.7926790020461775,0.6468472597489424,0.6818535386244398,0.716561223683789,0.7479877019963935,0.8110455655092634,0.8984541727302982,0.7144854497216616,0.6393971266825017,0.630336307626349,0.8830163209988604,0.7632017093652091,0.6939592541031528,0.8311403644092883,0.7093195071511971,0.7957793198227052,0.8562034364994124,0.8299904321798911,0.8566328653862301,0.848386790486927,0.7571630781656795,0.6925486676617341,0.6770119730131003,0.7179532869975794,0.7775558262106803,0.7968324928231065,0.8367188351909136,0.8430399108749018,0.7006774395035827,0.6456629121272925,0.5494482359240493,0.8450459796774673,0.7690530397280338,0.6061476203231226,0.8115847244636907,0.6667847287121598,0.7922305434406777,0.576992212050856,0.7901180746074322,0.7236401099043135,0.7211153533777506,0.5974156732348644,0.4596059697488557,0.5733276305246324,0.6455728241529958,0.7011922077990629,0.7580436840650312,0.5811905639874686,0.827339064343159,0.6538188896970847,0.58126368548271,0.4729534495032324,0.8259425904435376,0.6640609929095292,0.5076044573398648,0.7320853374692583,0.5280047221630441,0.4986751670338336,0.697750619593528,0.6000765750498718,0.7905364513742331,0.7587950554083049,0.6050602838618749,0.47892134615835985,0.5891088439003258,0.7592560577896305,0.8167867685168528,0.7012263267831331,0.4850160746220349,0.7194111231900296,0.6184278925949871,0.45732757255024564,0.4442213653859371,0.8659174449537654,0.6562055514878723,0.4800668069150787,0.7687967116302994,0.4603707866936581,0.23592781784382824,0.6361660181332264,0.6218743684360712,0.6555543537371726,0.6531744729423261,0.5738580657805941,0.2934009365513154,0.6748549198653334,0.752004226615913,0.7714008943875218,0.6673372022730601,0.33501227039122267,0.8260449832157168,0.757288141632771,0.5658290895606205,0.3590564963117382,0.899274545951964,0.6663441526072073,0.31724554074353123,0.7321444093840305,0.2847240541831166,0.02169354088459655
yen,rest2_vs_type2,1,MentalArithmetic,Type2,3,3,689.975842,344988,347488,0.14215867840241625,0.12201868535561289,-0.16341308318142245,-0.1027400590265275,-0.2586640048250093,-0.3191047357361203,-0.050652960774479894,-0.006543646110568346,-0.11394896104975905,0.12837617252614342,0.7066286096734293,1.0453180861573093,-0.025441458180291754,0.1147972064413798,-0.38946840992622,0.43884674908673604,0.5588221819108408,0.9657158045871905,0.9336945098575167,0.8519168506763213,0.8912673149176779,0.8040917438253671,0.7835744568114191,0.8453197803616493,0.8033202095322499,0.8394371106377915,0.8588347395355926,0.8474249342467117,0.9443454846213388,0.8082476891350573,0.6421234292403477,0.6230124533163646,0.7147131212879201,0.8787595451282891,0.8322788943900191,0.8228882659807735,0.9534470680520083,0.8956107519834385,0.921701224929257,0.8791245774839015,0.8278748450603457,0.7838581081917713,0.7455282702272369,0.7553908723230507,0.7809824126290565,0.6369965716376749,0.597793079077809,0.646554413682431,0.7743586868362784,0.8839708061378047,0.9050973474046257,0.7806453363371643,0.6934345379005443,0.5984592000341121,0.9061636658037483,0.7736528520548761,0.5751470791814465,0.8739303575733595,0.6378049136523191,0.790970972942473,0.747754018215335,0.8410409357107202,0.8222361671043311,0.6666473036861207,0.6218284544460608,0.6587202573700502,0.6550637712381265,0.7524503658307427,0.7698607604496573,0.7830196046781365,0.7510056352037577,0.8602481624590791,0.6404063920363455,0.5642688483993564,0.5935475814404706,0.7789122396712292,0.6681315567532574,0.6461073635733853,0.8605557690064495,0.6706909475533629,0.7716330322539626,0.8466803775663336,0.7001178266485185,0.7403652374694153,0.8078901296791191,0.541333829120022,0.6293386141536838,0.5790653669423017,0.6616531030354074,0.7804544583568664,0.5701226687254485,0.6477341161869674,0.8759167223888488,0.7117570925794864,0.5036127673909281,0.5216069388258255,0.8791998962938028,0.5349622544400365,0.5158440877992015,0.6303595328666379,0.5829612038253672,0.4849710330843273,0.6614260328540633,0.6395436361105417,0.758135739640568,0.7211227905184372,0.4938808747778666,0.4248342001310403,0.5103309755371195,0.6119357774188401,0.6739447008416498,0.53486778619087,0.43778057739867277,0.7558502148541667,0.6213568755925598,0.36887725402467075,0.40994448291635366,0.8607482198519498,0.527362224970263,0.37327008127052835,0.6892803473341087,0.2655692143275355,0.06410153714931037,0.7376115374413774,0.6565656906491673,0.760697813944066,0.7547051489350416,0.5321465781369522,0.31817374447602026,0.6513201097813264,0.8181818108600907,0.8328318419573166,0.5926515367799239,0.349494982307929,0.7692719446144988,0.6775284577703459,0.41428093545008277,0.3876320149675113,0.8954630499815625,0.5847793774327668,0.35935493965041126,0.7114689786137071,0.3138419513510253,0.038071037205232715
yen,rest2_vs_type2,1,MentalArithmetic,Type2,4,4,699.841302,349921,352421,0.14446820227663348,0.1611345569120033,-0.052610584627665435,-0.15283919214296704,-0.170891883731906,-0.1779808504574727,0.14384916484045895,0.03567061465807342,-0.2583666656623764,0.15732123901662876,0.5114025029209208,1.340271410927877,0.2899223305256502,0.030120613957599573,-0.5084514838071175,0.38142318500036687,0.6501062644345219,0.935136512251971,0.9507948660968318,0.8997819689863764,0.8936464751863158,0.8994916714888364,0.8904316469076632,0.9044770749807207,0.8194332679255576,0.8259044489225313,0.8592923127893686,0.8932405507410552,0.9612357103772624,0.9692638688641604,0.938312856554447,0.8647954697871518,0.7601788539710701,0.984703370748711,0.9027567546912333,0.7972453342041593,0.9461090936729702,0.841384032257909,0.8967682292197707,0.9330890961237962,0.8861855660868543,0.8790387780831572,0.8779717292789219,0.894314148127033,0.8403497372830293,0.7936665620194342,0.7804414863440113,0.8092618587987879,0.8881103942789308,0.9110461831613564,0.9083173565408792,0.8381964192087971,0.8441799910986134,0.7372078705366922,0.9614134943195609,0.8959469767003687,0.7340412901755408,0.9435586147632449,0.7707064054100503,0.867411224983352,0.8110372308665507,0.8451716834249665,0.8368724342367421,0.7768451622215169,0.6482667426429638,0.70481386111175,0.6432734211266244,0.6426587380630845,0.6200002072961986,0.6375936996390631,0.8662697569670672,0.899878327671196,0.8022182581586959,0.6358493757191529,0.6436451683557364,0.9377457902259003,0.7615285816266002,0.6511804607061599,0.750835098396639,0.6374373959446203,0.7231223443409543,0.7525780888802253,0.8061715667090409,0.8428006850831224,0.8069011219694862,0.49489339589880804,0.370668788012909,0.6805809782185377,0.7717134342089269,0.7912824247491487,0.6078778978455235,0.5245600638455689,0.874051873725377,0.8064973924799173,0.502751104516914,0.33020128642392327,0.9446550136509843,0.5641670562800343,0.43801529188754496,0.5926442479207259,0.4605134652331113,0.25180785367727176,0.6952851932982151,0.6966572873368195,0.7029655053086821,0.6793942100155448,0.5349943145183987,0.4723536932053122,0.6255157391003334,0.7306038814940363,0.8267965300122099,0.717023600410124,0.5287950572643128,0.8299977150727954,0.6879195098260894,0.512096443501022,0.4492848854459975,0.8496330943503709,0.6519124849510577,0.5104504717722317,0.7695389533736431,0.46359891248152507,0.26070593288347027,0.6322221426082227,0.5835228828624528,0.622346412451601,0.6368594748648231,0.465124604207474,0.07417656515225607,0.5367576982421791,0.6435178122080606,0.703402211283972,0.6041943737557316,0.22717167123134863,0.7580905901120861,0.6637549206822325,0.4840537150667592,0.21687589753409875,0.8265672001891963,0.5008143199020344,0.23577315308272584,0.6581667793204138,0.0991071186878097,0.2280069622957303
yen,rest2_vs_type2,1,MentalArithmetic,Type2,5,5,710.942112,355471,357971,0.22878133216255936,0.13067714096845506,0.2157483357170169,0.12728290492550576,-0.23160436564923081,0.050443116988617476,0.1385086011148271,0.02201751403346197,0.0006761313013914361,0.2340252388026074,0.8957586129649999,1.070914604292537,0.3044666191289753,0.18831792277931658,0.2075652401085959,-0.03311506797934749,0.11754954925746341,0.7013035891154717,0.9579377894940909,0.9614415113620715,0.9418553746419408,0.9480402244468111,0.9593278029608538,0.8952076921878234,0.9359886733939515,0.9563165870432077,0.96874672055561,0.9476098402946803,0.9225692077886004,0.9249520950640628,0.9232050759244673,0.9336192260343764,0.9079782199176369,0.990616106975567,0.9101054962124878,0.8585240185892605,0.9349553338340557,0.8832515528537235,0.9346977767605077,0.9407058209574943,0.9209605550735552,0.88736814730203,0.8013012390837826,0.7770720374254748,0.7826723904405994,0.8529866653501847,0.8544534648835376,0.7927566667285944,0.8185214769958346,0.8127615572706328,0.9197644195088109,0.8433134342991979,0.8193330668901075,0.7628016982870593,0.915423050838374,0.8262581508391502,0.7167259349563613,0.8968902372978894,0.7504121046455482,0.8600714966250069,0.8990018017644427,0.7665308310433371,0.8118178960058322,0.8052814757927036,0.782880302254295,0.8079977171439668,0.6899792087357185,0.7543325189894291,0.830059262834243,0.785834775854029,0.8347495295937241,0.8281835784099963,0.7072884251651369,0.7228866825445006,0.6931963494619858,0.8587577248962173,0.828112749461638,0.7099866261917329,0.8673076483029346,0.7283364840416624,0.7656829214856,0.648573452199716,0.64496515426781,0.7171559561174564,0.6262125988126813,0.4612936625588142,0.45348011384988496,0.447859832978525,0.5514966947815382,0.6713908345953659,0.6262691530763432,0.5315162031225095,0.7370760156839572,0.5497399861126087,0.35734026469157276,0.3959887917532156,0.7669271541240895,0.5055413883789313,0.4012668369649475,0.6994552711337748,0.5437519923555485,0.5534076483921615,0.5590251853728593,0.5405629351858188,0.6485563670437031,0.5768845511751646,0.410548814533197,0.20437074684924378,0.4902902908322951,0.6685369066229706,0.7779019582831008,0.6633052607427106,0.3351690100844014,0.6533533441062755,0.5321917504974778,0.2510747820116241,0.1841588170607273,0.8192524053953065,0.5259027608841164,0.24756151282228728,0.7135514298408193,0.28457930023102684,0.1346396299572516,0.7264806517773107,0.6651553496163358,0.7664155766724073,0.7250793785589212,0.5526872590991028,0.36582173650449423,0.6272446187564009,0.8169116223960973,0.8418685458619541,0.6777568509818773,0.3891806391168563,0.7604510592679137,0.6640082517336041,0.4585947833836648,0.3501672408738853,0.9049917397520185,0.669247179336381,0.37821525829464314,0.7956573732483894,0.3700391606093711,0.14150226285702153
yen,rest2_vs_type2,1,MentalArithmetic,Type2,6,6,721.104147,360552,363052,0.13031012052057545,0.1771745572003356,0.07545868727807115,-0.12304774261600349,-0.37065991688221533,-0.26307382380400757,0.097581766318517,0.1221873978340886,0.01683898728951183,0.2062748316330607,0.6708341363875636,0.6968043134961515,-0.007972098380289339,0.03588482565398898,-0.11015047187096716,0.024791576509874957,0.6073364045606584,0.39368472176730185,0.9967480104795141,0.9671395639498219,0.9556971824420591,0.9513511703211794,0.9265208181177392,0.979707139099042,0.9628418302258608,0.9461895627590664,0.9381747427435254,0.9205601431944476,0.978153074905371,0.981840549241436,0.9525748561066952,0.9161489771413037,0.9517886348366834,0.9843990899085194,0.9503194892219364,0.9636277866433371,0.9588012808908644,0.9658832634888618,0.961314882273023,0.9595929245473527,0.9222867557351251,0.8490945408186377,0.84204707862393,0.7947061341925006,0.7980923590588448,0.8945808146216397,0.8472716112524777,0.8521548070200594,0.84421805150104,0.8458108431386185,0.9100122175182359,0.8487921632993264,0.8132040946234885,0.7930024363791347,0.9163609978360528,0.8984378278699666,0.8356047508065185,0.9368976459891544,0.8412538144475709,0.9007259701751296,0.8585399265419063,0.8611699513199015,0.858061916044889,0.7576479462687803,0.677477669503446,0.678945457465325,0.7509868797014938,0.7782177899737182,0.7420090233919723,0.6938184782673867,0.7592720559293707,0.8947167964854914,0.7182643425924271,0.6543499373667643,0.6467451271764643,0.8788754920757903,0.7864233453983,0.672416113177787,0.8637034149897921,0.7085298247568136,0.761945939631773,0.7427452690889589,0.8033146663843435,0.7845642602736548,0.7846240303874293,0.6425317314261476,0.6018447291626575,0.6389117240971063,0.684001114083597,0.7969232466135702,0.7672960675783087,0.8133967231108631,0.8558153085125909,0.7543222829499919,0.5771657421769668,0.5764887310841997,0.8471926161730527,0.713520089946677,0.6149779752733855,0.8044419188794297,0.7307759877932388,0.6660653078069216,0.4827483301376845,0.6541457788939612,0.6535197264727018,0.5533833825586767,0.3307118461710496,0.21420159926354954,0.535717978452837,0.6023408224204403,0.6433171029154349,0.5848755964749676,0.43257854438128723,0.7601534524374409,0.5915472260506325,0.4188130339130389,0.31577022152290185,0.8391626285333029,0.466952111469945,0.39795796888316215,0.6248518954964755,0.27512171471755015,0.16884593636712375,0.7371210963865115,0.6625032347073749,0.6790553521040685,0.6805082792020354,0.569747657428598,0.4157342164873686,0.7145731669916598,0.779207378524982,0.7837521578472026,0.6546799656379463,0.5006917345639074,0.7876795825341136,0.741467128424086,0.5894200626654186,0.36666658067380475,0.8797997874259031,0.6370252343167817,0.5077358507430134,0.7708602031814925,0.45193096155869994,0.2611320679177218
yen,rest2_vs_type2,1,MentalArithmetic,Type2,7,7,731.154042,365577,368077,0.23309600096050964,0.2726308541031104,0.02224994101980604,-0.032105197408703656,-0.49045496276938483,-0.2699510136982828,0.13637684838317288,0.32555467276968075,0.2860201472211541,0.11047727347162883,0.09912910827229116,0.41130221644316967,0.25243045013597865,0.3437659487546778,0.13743424789575087,-0.03470630404418129,0.15965055415643237,0.5689045489327866,0.8964684121691765,0.9109429224635246,0.8478385914885751,0.79962889178872,0.7409742162152511,0.8139584090820532,0.8046081540677925,0.8490819796893548,0.8175745068183493,0.8125076161985527,0.9070028314184454,0.8966789450909383,0.8681484482453214,0.7732913226088171,0.7467207691805939,0.9463676268915305,0.8372361062341622,0.8326468711858993,0.8947778339974131,0.8153749422432589,0.8785144672860897,0.9185662617972911,0.8217155863592214,0.7989077701817687,0.7781682241175344,0.7467310047855235,0.7934617905209198,0.722528621158751,0.7435881271874774,0.7767048029843326,0.8010605043011597,0.8676800564013669,0.8549426496887489,0.7249242388726661,0.6791995506871434,0.6431029034678533,0.916634849143262,0.7814514672112391,0.682731956864838,0.8228679112174462,0.7195042871477186,0.894465938620802,0.7912757374884071,0.8271055278446635,0.7904776248424964,0.792432008692767,0.6272113886885531,0.6212680049113255,0.6496174808899428,0.7358838777907157,0.8413687298111258,0.793763682463271,0.7266332894623894,0.8624520504413776,0.7323184733279414,0.5593219388171375,0.5760450547161764,0.8882233886652194,0.7199610458153185,0.5926814542271284,0.8426545574839138,0.6754995531781057,0.7596866075374812,0.7914629047252955,0.8144501464285528,0.8533947622478631,0.8420307832245254,0.6491922640458876,0.5509427925331605,0.5862940931332425,0.6701377661899598,0.8023939327718917,0.7623829638526581,0.6798493621688603,0.8878079339441608,0.7298195185505216,0.5322967190020715,0.4834491103273935,0.8403523814581436,0.5890079028976802,0.5136545073459523,0.8410044043008051,0.7094899262939603,0.8287896250566801,0.5991173227486858,0.5612282071562189,0.4770933847056579,0.5421405985067302,0.5082558008081,0.38154994368107836,0.655324293145129,0.6707870686749909,0.7577664622164428,0.733523412892499,0.6051904632917239,0.7606338123848144,0.6894376918829312,0.6166264416956051,0.5196611721525316,0.8337471397576498,0.6517457274931865,0.5224473219253041,0.7861794402543326,0.5387441892224208,0.4982963438611404,0.694720639288929,0.6885423357874338,0.6727374553483954,0.7094798992473685,0.5942899240503335,0.46927769769059124,0.6828355368406637,0.7167919502605715,0.6860691680888942,0.6114916410225636,0.5783033675860136,0.824441403276229,0.7578005062777112,0.6140173059661732,0.5029547197060673,0.8669738929654796,0.7025552156274978,0.5317577577425595,0.7514317085286826,0.5110053442601645,0.41586124455835305
yen,rest2_vs_type2,1,MentalArithmetic,Type2,8,8,741.248106,370624,373124,0.25182605650773127,0.23589686365144757,0.09249425635752928,-0.013632445428637396,-0.2955587930055019,-0.19634363117060571,0.15103773086739114,0.12314659243599646,-0.04828836925305602,0.1174329298435266,0.7502336718193772,1.015090390706833,0.34103128142830563,0.1300715542625852,-0.019250262458708978,0.3173145970315794,0.8244822372397711,0.19231250534082633,0.9780953551659649,0.9696730381450057,0.9300402427231235,0.94268185271999,0.9198963512088977,0.9384125778041364,0.9830050070453935,0.9562371376836554,0.9724661859279108,0.9504727219676679,0.970521533149569,0.9755213198182532,0.9836395492605422,0.9483363577323651,0.9563505661768368,0.9897260648110203,0.9672858615189988,0.9670405846732713,0.973151293981971,0.976748642800029,0.9885662621363024,0.9595947112910372,0.922519030748744,0.8566587118941408,0.8263623903425006,0.8628956280762524,0.9233367065300729,0.857230665631618,0.7984856448284431,0.7878082059328828,0.8446407352446451,0.949628417220273,0.8997468874386131,0.8625271809035012,0.8905144388000846,0.8748886214140655,0.9813211291803734,0.9499421984044097,0.8185261886203353,0.962821936132142,0.8125667839207604,0.8853110879057887,0.8301618180861661,0.8079021593427518,0.7843165035007069,0.7774215834093965,0.7311862355599181,0.7929621557544957,0.6884357187769539,0.7053159047884995,0.7953745450425176,0.8257536612174742,0.8404884155405218,0.9381242849336511,0.8284351280361952,0.7722904656794469,0.6788919489576217,0.9145144891250895,0.8038735091437172,0.7101778552580015,0.8794451999859854,0.7887899428298322,0.8433816589018646,0.7768212678422147,0.846148873916343,0.8113402173047487,0.8183930418474652,0.6874263851284201,0.5278800469705475,0.7173071320717335,0.8227725028807313,0.8464081804782784,0.7307963569874374,0.6292600956439167,0.8073067421567244,0.7701403680973891,0.6637446175604691,0.5528738713231818,0.9334569811606385,0.7908528529211205,0.603422987549739,0.8510139140380323,0.5818503305093452,0.55935427263458,0.6891333928142475,0.6024206713064403,0.6689797349333937,0.669541728643625,0.5007279987163598,0.2044914676055187,0.6915901659634216,0.6818511837613604,0.7748863185543153,0.7254588453434414,0.3108202736969126,0.7343194642793326,0.712269326752761,0.6241830770386052,0.16447364463360697,0.8847258208390134,0.65434136631063,0.2762531898648101,0.7702461068352978,0.22904227385073864,0.12259467298590614,0.763517654299547,0.6744607503797422,0.737588947519639,0.7041642749252639,0.5860412711545653,0.4669531722719549,0.6439010970379788,0.780365516948302,0.8352274625241687,0.7668930061375787,0.5582886487119849,0.6800138595054426,0.6391744487522636,0.5744907692392665,0.38788730663937004,0.8921202347940729,0.7054297129690542,0.5092815895683883,0.8255351880464222,0.5045878923729545,0.3891547161312293
yen,rest2_vs_type2,1,MentalArithmetic,Type2,9,9,751.2759179999999,375638,378138,0.153525332595021,0.2053332032445736,0.04137259826215178,-0.2583439541073278,-0.6215271309824253,-0.22652558464344885,-0.03846872763654563,0.06380490248943715,0.04475521900666202,0.17960610502381025,0.9811552983422391,1.7585559998225455,-0.06551837775449076,-0.04526042661734042,0.11357420960319287,0.04934902784266049,0.8880097287698567,1.5052300470146447,0.8861310379926464,0.8607406872196046,0.8794400038716168,0.8650713223688836,0.8564904241519198,0.8360436439538529,0.7310107649484788,0.7667936877464105,0.7650762944131941,0.8416117860361381,0.8470391502938386,0.9273299695808127,0.8583069595171438,0.8131865214970466,0.7129568250313981,0.9529251439072509,0.8810456050139318,0.7434139455857999,0.9034287121045476,0.7640087332355436,0.8332624618127281,0.8759666593228642,0.8125215676151968,0.7421076977922354,0.7241186611829877,0.7253967433364689,0.7053429181787746,0.692380407479615,0.6880320269212941,0.7592408861010551,0.8196174666226252,0.7724556432117816,0.8020251236105798,0.628146732937434,0.660510844903223,0.655977188713745,0.8254065140831821,0.7920189885520006,0.641986908581445,0.8860935004939341,0.6394635716616861,0.7903372202280675,0.8294096800549223,0.880412828168845,0.8940737275240633,0.9031781586451315,0.7592207258451912,0.5876028955371874,0.7760710610786372,0.8121067775016828,0.8337043171162744,0.861060227580505,0.7353165364355018,0.9088790269120396,0.8717147707783673,0.7203029331804305,0.5863988030987548,0.9675410038865698,0.7796766114495884,0.570764915415333,0.8221560115786077,0.5920495818004534,0.7531189118124109,0.7208816185428023,0.7321207203466,0.7290958542405831,0.7017206727742754,0.5732176229755619,0.4628923644734749,0.6397256574711288,0.6289901611444301,0.6893325258515399,0.6714916719300771,0.517466600864501,0.8694953503692385,0.710936090218721,0.5422694483862917,0.422098719476653,0.829950488207316,0.5717665592885407,0.4542987305078848,0.6893803822684245,0.5400735055179334,0.47827181275415764,0.667873408346627,0.5748444003543504,0.5672742394684762,0.6039526141694084,0.41452670676728715,0.2539551792273947,0.5400717123548583,0.706321314244314,0.7364724393274844,0.5850982611896535,0.24892136941943302,0.7861714650738522,0.7077538203375846,0.3883898818026204,0.350730109857117,0.9060202108540072,0.5335492364699227,0.2797886536859286,0.6671819172623108,0.2230756595695851,0.11155279267393803,0.5838867591072495,0.5638302001108426,0.563101808457572,0.537270250664374,0.3659305579451965,0.19956253184240122,0.6189838115858173,0.6379008673324232,0.7039757527351329,0.6091215008311445,0.18885701603491,0.6388293451301786,0.5742843845393618,0.3449230994827038,0.19348160735323794,0.8178295653888971,0.5633626878707662,0.17159208951990945,0.7136245072106837,0.14528062888135204,0.2911224504991234
yen,rest2_vs_type2,1,MentalArithmetic,Type2,10,10,761.070206,380535,383035,0.21404902738129472,0.3095047738053829,0.2196088048738587,-0.1667285494230688,0.042070151711405046,-0.2707939380308524,0.07734602843760374,0.12737228685665603,0.3336024853638495,0.09629473846885972,0.8015775089408397,1.3716699302309552,0.22666440811881294,0.1687477276492011,0.05980335779116963,-0.245901813798171,0.37711627734414277,0.8598856528435324,0.9932141064189516,0.9812313590123145,0.9798411432593234,0.973468533956179,0.9854273945601476,0.9826596657384264,0.9610569782458439,0.9665187527241341,0.9611738637560193,0.9762880593891434,0.9895725063124539,0.9838186436079259,0.9761136075449498,0.980288835910902,0.9551727568657792,0.9951556124748457,0.9918027436772675,0.9638318818237709,0.9960452799501414,0.9670627313842706,0.9806772137838055,0.9117072905466489,0.8772404027687875,0.8609670184073168,0.8008140972901403,0.8319027178443211,0.8210055392153457,0.7841021055748579,0.7642496970376452,0.7936899228775796,0.9035083776701386,0.8887914302208446,0.9258362625440311,0.8304415698798465,0.8029567093885468,0.7396935309919316,0.9149092433838336,0.8564287397645096,0.7321288692780078,0.8995113433539536,0.7728428956419052,0.8863021884149708,0.842604296231086,0.8367728150640388,0.8081668239107404,0.7874243943415931,0.7065295002107119,0.5519553169918178,0.6317827432261166,0.6841463411259713,0.8019941379410823,0.7547163448018923,0.6117564683667605,0.784079683130863,0.6301022820682176,0.6081645024619304,0.5232772613901109,0.8408571409831362,0.7225051463567459,0.5094609215128835,0.8315279855259378,0.5402971753714365,0.6762099350818209,0.7447680457341413,0.8447848594985635,0.800527506723769,0.7483577261462007,0.6548363385985865,0.5318748007547173,0.6929556247901116,0.6777410980402941,0.7469892266005604,0.7878868331391761,0.6632174846551279,0.8923246440112578,0.7560043978172932,0.714608101163468,0.472128073277288,0.8436497122081188,0.7289474265466348,0.43239823545741596,0.8174543869005194,0.4765405626165273,0.4984295336071688,0.6230399283439096,0.5590675425613892,0.6499906177022258,0.6041872088305974,0.5086633157889501,0.24052695611336122,0.6061361621697539,0.7155845625714843,0.7506804583920359,0.7244246652710804,0.3173062620337186,0.737488849200777,0.6239778854923387,0.47126497917943555,0.15647643180858167,0.8671554047726908,0.6454936034630328,0.3010643611198787,0.7685520370979589,0.27036813024233247,0.08831331914631231,0.7037574931459105,0.6845537314612781,0.6638580795467078,0.6569259910048572,0.6000002993829522,0.22476424850897886,0.6862523433168443,0.796658547681114,0.8812722843921199,0.8014361217453142,0.21050576362173942,0.7948814580250314,0.7192409556631776,0.641028072801616,0.1845832846793076,0.8877642872349671,0.7226240232514862,0.24350682183439756,0.8391506677627653,0.23268621953235116,0.07105284143907122
yen,rest2_vs_type2,1,MentalArithmetic,Type2,11,11,770.893121,385447,387947,0.1603329318418396,0.05663725537996189,0.1014484024038369,-0.10368239426814041,0.030768282075454234,-0.17236618683638305,0.09721503819258004,0.12533998618624498,0.26597121004986635,0.26456365602552623,0.7147901170923565,1.1656452661151375,-0.05780722538030769,-0.02580702684336611,0.3642883706889237,0.2421111338714419,0.8275177911604437,0.7018012226081711,0.9731434540474537,0.9483846406974883,0.9145663365044905,0.771238778820924,0.7656264622649763,0.844532474382482,0.9321575202974356,0.9037408088191954,0.774570649098162,0.7904891277872365,0.8429057776608684,0.9209903803780969,0.730430811669926,0.703422071842281,0.7546168045409772,0.8913361283703896,0.8419487805007667,0.833680991143743,0.9562417511689499,0.8712353550242955,0.9208106125420192,0.8658806838229286,0.823090898443491,0.7955100588208652,0.7378130374818742,0.6691667795875644,0.693921909653323,0.6608268862479514,0.6469281507794418,0.6780589951834949,0.701833279552831,0.7789722051454006,0.7640844332869002,0.6095586182089132,0.6240567961482852,0.6429659323906594,0.882446073521796,0.745229618652634,0.5970627994809816,0.7627783657755391,0.5794694793866597,0.747868075795878,0.7316090507541989,0.7064932774296908,0.7547620247285365,0.7678082738752977,0.7240547318810509,0.5681846281989883,0.44565027217263536,0.6091281335200687,0.7469787390666842,0.8380658944356137,0.7632175892285098,0.7443164163372838,0.5653099126932938,0.5034194498162579,0.324935440501232,0.8568407882162227,0.681120222070704,0.4181063903895327,0.7897685632733665,0.5562905075848186,0.803842478791737,0.7058315612794653,0.7528791278199822,0.8050913694917731,0.7700779536928636,0.5695509434335572,0.38016689667598297,0.6200546550988237,0.7083657684311829,0.768793606241496,0.657925829331589,0.5625895277820072,0.8067656045852978,0.7212391366486304,0.5970180666667005,0.39404362577902247,0.8329547298746991,0.5747932628109347,0.4385634433888364,0.7360927241157396,0.4346226771234772,0.38057962076894275,0.7542571536447067,0.6345224182332827,0.7897429855253457,0.7799547134304536,0.6236614266751541,0.3955250839213112,0.6115411895176541,0.7741486599339187,0.8036819321259885,0.6643763611109511,0.44587724525495115,0.6745827757472899,0.596833450670201,0.5181796576229373,0.2002339086252214,0.8896153401248159,0.7052443650022189,0.3815532527887949,0.802457326327961,0.37585854357566817,0.2877602989956004,0.6900842726877602,0.6224498288122606,0.7095439085411784,0.7329626674415006,0.5907104268979985,0.23303214679627385,0.6678019628666368,0.7880088900667546,0.7940841176180133,0.694476438190123,0.3046372790680856,0.775954236947938,0.724329857912569,0.5207081751684753,0.309176977382864,0.8749669715666143,0.6835657875970451,0.30003089890875967,0.7804137833071094,0.281035769826164,0.05061562936158645
yen,rest2_vs_type2,1,MentalArithmetic,Type2,12,12,781.650689,390825,393325,0.1573828551574863,0.1377964424321032,0.16053276169714215,0.1698072059555793,-0.3325066721661605,0.37816432449390147,0.0034028558096830253,-0.004747842117515333,0.26137375415837427,0.31062413351538165,1.3006286065402572,2.3196223264695717,-0.06426706234379154,0.0026148841192217276,-0.13050509194552706,0.1622641438193515,1.2880756104529771,1.9775463372730204,0.9159709062807239,0.8853220753902129,0.9011013723348641,0.9484374225531758,0.901571805903196,0.7685668095989941,0.7967406036143172,0.8328078949715864,0.8945090602092799,0.9632496663734693,0.8990525923341846,0.9655563061515354,0.8963273269171877,0.8019322520126134,0.7000942955852386,0.93803801100429,0.8380706220477564,0.7472583379600347,0.9111329309982277,0.7932697775269655,0.8850091188388018,0.9127216865565873,0.8430450218152367,0.8509691046027413,0.8442040244526472,0.7139782274383485,0.6564895437315208,0.6951165549152252,0.7674012350922956,0.7848315005984629,0.8350828278294006,0.8168775278351731,0.8635509214729118,0.762822651890952,0.5280350758465661,0.49731375035611447,0.9245599530443903,0.6936061186316645,0.6468883672893224,0.7492410832638077,0.6869017063081145,0.8797229138372701,0.7300226888684435,0.7160377547255499,0.7241206058721298,0.6778444803565246,0.6425566400768511,0.4928439400049895,0.47344088746454455,0.5401322128086283,0.58923535260311,0.5412142289464114,0.7025378673589899,0.8223375217460712,0.597761652854487,0.5101735225457167,0.3588948100032799,0.8219683762052533,0.6134901244064983,0.38222387660729845,0.6459988135996781,0.4600787658490889,0.4187268610062362,0.6371765931518325,0.7347354536473824,0.7263846752805613,0.7603054022730741,0.5710019144092005,0.39101918165182903,0.6505831222918793,0.6627018157456875,0.7128906289669398,0.5848320004378655,0.5017237181562072,0.8413921870136261,0.763658586452017,0.5370643476785689,0.3946793824936004,0.8835052071356488,0.6148467016878975,0.4179664399874321,0.7170291067732595,0.3868899139042186,0.20723351301125553,0.5324857951299676,0.5763113468365256,0.5021312307172934,0.525111659971089,0.48549924255060817,0.25793230638670667,0.5156158388032364,0.631708222489209,0.6788154326277345,0.5898054847279233,0.2621326261951488,0.6644512200427283,0.6531556302613593,0.5416193316662186,0.1790219573682325,0.8540415375493902,0.5895756427422195,0.2799382556155587,0.7636343425638722,0.19082247535064434,0.06540162642785247,0.4958060199941781,0.5556688123263899,0.500544823972124,0.5286194396386739,0.3773588329553191,0.1711393089643155,0.5560254236164017,0.6117505679233266,0.6589007562187619,0.5000830399840105,0.22031246435605703,0.7121980110902179,0.7151695394632651,0.5337491649262338,0.1381931500996507,0.884594384049926,0.5783778709974773,0.22766055597032345,0.7069108401986129,0.20623916117176122,0.12405530796160513
yen,rest2_vs_type2,1,MentalArithmetic,Type2,13,13,791.6018349999999,395801,398301,0.12300621926342714,0.17832959201775456,0.1270677614782718,0.09681349507886727,-0.45113748273655485,-0.3423801681473613,0.04160409439876123,-0.07098926398454752,0.08168399492996681,0.29778458387092455,0.7396974256505922,1.3350952303031858,-0.015529303099635072,0.08968614841152611,-0.38601054153023284,0.240251584192837,0.1275855504390191,0.8445413561333432,0.9674020580481953,0.9317067565245976,0.9558973093481249,0.9322425651913229,0.9280776709635272,0.9588412806441708,0.8886506150209553,0.9195556967568399,0.9220519645435518,0.9285409699615695,0.9493912393547345,0.9361109348484375,0.8629695231085484,0.9062367865077768,0.8815788523531964,0.9400972445602795,0.9342095184794913,0.9405606536093529,0.9261146041809719,0.9233200639766689,0.9342193794275544,0.8532319432197194,0.8904863551826757,0.9161730423565072,0.8114608994746798,0.8431391297399426,0.8094247477515211,0.7139184995197192,0.798082874142198,0.7611534917250677,0.7860314335917198,0.7787481214940657,0.9240435065695465,0.7847304377557768,0.8280684825642128,0.7508050783292228,0.9171882023976851,0.9067441654619494,0.8102519571965282,0.870292966740664,0.7378755318690408,0.8867710534668665,0.831378487338634,0.8677212829840345,0.863870606365502,0.8712535399590976,0.7540966916760504,0.6661675713137352,0.7658211433315372,0.7788172174833209,0.7802865970876142,0.8000734873613802,0.750798645981752,0.9124831487921131,0.825996482786988,0.6631498093568724,0.6183785655214905,0.9075917234820898,0.7449504412589918,0.6362656419853422,0.8056189454353239,0.6947702771488249,0.8052949063497039,0.708773871659785,0.736211958608949,0.8016021464905866,0.7886366312480471,0.6862586912541571,0.5049977140469469,0.5180926978953219,0.6598708054727498,0.7129983561484358,0.7029655502660479,0.6156819188504891,0.7951974031962997,0.6365132950937343,0.530190795121289,0.38124214804306567,0.8561665484016936,0.745335842546881,0.5304890744765723,0.8386927313665882,0.6196310973474513,0.5798035532235374,0.32380781628973204,0.36891396068511045,0.40126202522009286,0.5014950907012538,0.3861329677466203,0.29377597795908705,0.4180932170863942,0.5566941975069358,0.7075711216356954,0.6830169966210984,0.5209870147224429,0.7381484909273562,0.6021925162365889,0.42518747814221275,0.3862266372344154,0.8105543781640687,0.607189502678697,0.46558621794258476,0.7827597225678099,0.5036606217741488,0.39907036266854984,0.4959683526335967,0.5694684866425472,0.5496690874150184,0.568795147592577,0.402818248093011,0.38065571248056373,0.5503073725873193,0.6848536137950118,0.7036429866872027,0.6135759923360159,0.48540817645029727,0.7645386721322333,0.6882822067547089,0.48430976315591967,0.3636622075991325,0.852975522719346,0.6105065431485028,0.35064142298063533,0.7388120658096516,0.3142294177869178,0.1463522458813921
yen,rest2_vs_type2,1,MentalArithmetic,Type2,14,14,802.405155,401203,403703,0.17812714395647067,0.30308254650072186,0.07044281721922863,-0.029106447991402717,-0.8593191413116807,-0.6752827547319269,0.08550486410080449,0.3267607164648165,0.11636460865784226,0.3122487234100162,0.693223404768514,1.0861286422361829,0.21008826331845487,0.41007215440732114,0.10104159465235751,0.19695500554740875,0.40328559867596736,0.8121911220294313,0.9405230761917636,0.929933007099874,0.9349998204027917,0.9561484046829849,0.9365838942211354,0.9291278172574676,0.88112099668327,0.8827907776905811,0.9069289537698512,0.9087051531352186,0.8973302447518593,0.9821407747938327,0.8638547752139086,0.8574169103054817,0.8266917568182645,0.8997530062370066,0.8881666261827272,0.8513336565955036,0.9738911039906566,0.9308425642945691,0.9602236286414645,0.9040610418637136,0.8960533666597116,0.8738644851484401,0.8378482947835433,0.8671137010584336,0.8454683848368707,0.7512314608335916,0.7692440625006468,0.7909896215359226,0.8282669396919375,0.9155551237433271,0.913421586192803,0.8215486048844806,0.774085033942883,0.7059313133379246,0.9336880811988152,0.8354450998336683,0.7253580477877156,0.8740598661489234,0.76157684882047,0.8595811484619164,0.8689560776486733,0.8198244120152686,0.8077134532481738,0.806178521869314,0.7855976288754232,0.7268780715620344,0.6849077377549972,0.6820698802392767,0.7440459424076772,0.7677368238564309,0.8080400455021174,0.8433436010922992,0.7572602701707333,0.697710443138466,0.651364763079879,0.8676250284131402,0.7181004776849939,0.583593716172865,0.848321548532117,0.6329714950861517,0.652651551904363,0.6722192799036064,0.7296023207296584,0.7351205703393319,0.7719478185977175,0.5788163507147004,0.4940697289341848,0.547594631446371,0.6351504587491842,0.7355070548489487,0.6469586251208836,0.495045541968118,0.8474858924605624,0.7699224209534442,0.6499797476131688,0.42383219778483466,0.8971861090550061,0.7148683012658139,0.5066939106499959,0.7737263236407655,0.5277434844559774,0.35266227108447223,0.5627384018141754,0.5184447862291014,0.5142033689612375,0.579869645767977,0.3691506913352558,0.27695976087828394,0.6210760251445037,0.6724167969593415,0.6921628478211417,0.47845851778933296,0.37934425546449624,0.7042363854734719,0.6583959534836978,0.5360824852732068,0.4154951304507647,0.851158765886757,0.5455434511909102,0.3900019937389736,0.6820820709724874,0.33489194666772526,0.2692607938762737,0.4484278026513059,0.5679604899138759,0.4984232456711658,0.47851859278635944,0.32310816966472994,0.2550333681478381,0.5057351227451704,0.602416099386795,0.6005771404494828,0.49403015206084405,0.40722382070129703,0.7321432087637788,0.6324494300522133,0.4283097931755204,0.24718629838135375,0.8853961101446991,0.5214370282241007,0.3278628991931592,0.6549206622858387,0.30628143263133445,0.10271099555599186
yen,rest2_vs_type2,1,MentalArithmetic,Type2,15,15,812.287537,406144,408644,0.16894509047922313,0.11169639312842072,0.04084056481095821,-0.09945885825581069,-0.6086257620258411,-0.582327821417544,0.03362649227076542,-0.02020259252339418,-0.15011151413787527,0.29225184115175606,0.8146482392364258,1.0821954961638522,0.11647625945768425,0.1158701833453657,-0.15688544550588235,0.5059103210412119,0.3467008235201239,0.9554527063600977,0.8834580934336009,0.9165425268675508,0.9510119339743488,0.9499157711126193,0.8740741189172563,0.9307893082128489,0.8685672140107398,0.8739529887107144,0.8777214003176845,0.8411138989740972,0.9005100641737327,0.9629758299485713,0.9202424535184568,0.9471807567186572,0.9674500699096794,0.9673510975718886,0.947796549024302,0.951770159829391,0.9284284884438488,0.9336628822328822,0.9545552937607755,0.8984694992117837,0.9049070035744861,0.86040002495222,0.8314742662793656,0.765915863841062,0.776432656977873,0.7939173189472787,0.7985747593475211,0.8579895007627815,0.8542300674359106,0.9200984796849606,0.900429862949895,0.7812264276089499,0.7034322115688164,0.6735134840158474,0.88436418654099,0.7788608727490145,0.6911302126612908,0.8490389638835945,0.783313411089171,0.8273946014366148,0.7611802850628702,0.8469593678707902,0.9008115966886203,0.8312210570102854,0.7043649205367755,0.6786137613462483,0.6026040727739042,0.7263039100363908,0.7452030443808262,0.7492403332378348,0.6716667544948803,0.8609226293175011,0.6735458145926705,0.591148433864847,0.560809356990005,0.868172067746688,0.7546277734839191,0.6780528517759556,0.7591209748949511,0.6723664896156977,0.8561975178686232,0.7239447696556556,0.7503213104324852,0.764258207188194,0.733919691770914,0.6224881697348962,0.6055982648658059,0.5418927564472468,0.6144165468567242,0.6944208376455407,0.7210772668887977,0.5489937465402265,0.8156709344720809,0.7020930856901396,0.5278925553618921,0.5195607731556353,0.8931673267097047,0.6482015011363687,0.5871650565729554,0.7770437053579485,0.5570820400039362,0.43414063712750933,0.5336125592140276,0.554656655043678,0.6218291606312885,0.6312923860775045,0.4911188402437412,0.22847212109577758,0.6053397589065751,0.6244292654118967,0.6911025228464165,0.5882609158978679,0.4276507916027948,0.7662672836440394,0.7089793226081026,0.6159264105211074,0.29188523760821145,0.8754463537358772,0.6824829466262862,0.24091466977309722,0.7801531928148807,0.3154212446373342,0.17639957676557072,0.4684983670829248,0.4533052307670934,0.47949794233377213,0.5059089380320677,0.3980110025424933,0.13046032938635235,0.664542605806788,0.7235478037717548,0.7353802015783617,0.5809303226490262,0.2140692346420359,0.7791352327499634,0.6997722295490745,0.5384048971865035,0.22245152824060055,0.8734789382247733,0.5746744461783527,0.24418386429339625,0.6925262107840974,0.2191306593701141,0.1389289150408838
yen,rest2_vs_type2,1,MentalArithmetic,Type2,16,16,822.634687,411317,413817,0.19633999060067708,0.13892366001295642,-0.03645047521604461,-0.36449626925744605,-0.40188174778479846,-0.750044734640436,0.03092417912572376,0.21340969877439964,-0.0014577860975495405,0.34051802871721293,0.7641587698281849,1.052246994964984,0.25332896062358845,0.1254697144456145,-0.24428251794787625,-0.20198389492307056,0.6586686040927563,1.124893165764643,0.9284835328006689,0.9059954699052916,0.9586262806568395,0.9329477863722261,0.931059138248543,0.7904393542473106,0.8213902845766874,0.8723392381283269,0.8595721950299319,0.9221659641459894,0.8645360026810374,0.9442095237171041,0.8369852721556491,0.8390717893095915,0.7189360868359146,0.9357000375105718,0.9152419190401935,0.755271454824465,0.925107826682596,0.7349666220108612,0.8173057418301809,0.9336186552567207,0.9156452617411217,0.9144576256314852,0.8056854624500983,0.7750560192160987,0.7765761822031497,0.83206854791184,0.8375290435499566,0.7385285095708184,0.7334583912331281,0.7863213450877231,0.9189507053961778,0.7601219002455768,0.7372989117409942,0.7125864494456003,0.8865735620508216,0.8181843169012435,0.7538759073146628,0.835129161947414,0.7069664007445985,0.8657755594418027,0.7166031062959078,0.8339815703343108,0.8437202887441003,0.75761871187337,0.6655107256692641,0.5011426530317784,0.5640218997619616,0.6396138329780521,0.6839218012075073,0.7010229682613336,0.7169810229502421,0.8326241988547093,0.6859662268174529,0.48358499561590224,0.33102727768126855,0.9088733726555439,0.680784720688436,0.48379048815359127,0.7731232358728537,0.5475172939847062,0.6667018680148781,0.744720597505425,0.7284418555179755,0.7659151874102702,0.7343886484747619,0.5550140171525301,0.3355269852965408,0.6702132297388502,0.7258875897511068,0.7446952294563656,0.6565832377490144,0.4525186875641863,0.8299062770855561,0.7418243548044473,0.6724149394130559,0.41613476630480056,0.8782593501022241,0.7029884577964619,0.3727871141761518,0.7795038566425542,0.318252027691695,0.34752578295637065,0.5773883090316848,0.47376870842529845,0.43340071027724864,0.4997441505428145,0.3902383574529205,0.2773508361669138,0.5244231632700115,0.6241811453313431,0.7154939503434106,0.49431961098270566,0.3830716635524172,0.6887068911563645,0.642974610622738,0.34649692157917394,0.32377563444510804,0.8297121236782121,0.44141476499180327,0.3114352067786104,0.6016225024272785,0.34912276134640047,0.11721255770103252,0.6414534545509692,0.6475219135249067,0.5962115763693748,0.5892785768769703,0.36318109372778645,0.27809626342590243,0.6862511283610837,0.7145721171625562,0.7165643703251675,0.524458896038881,0.2969212975262281,0.8135171553873282,0.7727539114178837,0.4701407254130365,0.3428871787357105,0.9008208607534889,0.5353785387784942,0.37649609010573887,0.6283102107260728,0.3275764815010204,0.04098554752771723
yen,rest2_vs_type2,1,MentalArithmetic,Type2,17,17,832.983992,416492,418992,0.13589661368767114,0.10465240721124136,-0.07330827628212955,0.016238886776611672,-0.7590430833242712,-0.6519938830678411,-0.03727716095826494,-0.2035028625678752,-0.1545661649840504,0.3003154056715638,0.7748994330324153,1.270233048635789,-0.09535776665577611,-0.22931774940511307,-0.2536801735025658,0.5817198893065885,0.6567460514371737,1.110002494685744,0.9019182270223283,0.9015169105523966,0.9306345495608337,0.9190169926588553,0.9199500696148505,0.8465251822304702,0.7495191727588689,0.8183186023917333,0.885157317226826,0.9119290269919905,0.8918076945778507,0.9507291226827754,0.85034982855446,0.8381707990705112,0.7155570184225276,0.9376254751671931,0.8787810664421633,0.7460396889794625,0.9212914302949191,0.8139257733801125,0.8904062454393049,0.8746151482238846,0.8796069618034065,0.8532928662819498,0.8579474301389143,0.7200690192831507,0.6224291159260736,0.7364962556747564,0.7216932441191267,0.7387496484598386,0.7279650574522888,0.636898379663208,0.9350805055086155,0.9075307863991414,0.7367402178590529,0.5833268684617433,0.966872208337344,0.7436114677779885,0.5626243257488679,0.7744688876314276,0.567338648540184,0.7472486205959311,0.8552538696787084,0.8620988286450124,0.8826969014217203,0.8776974486804651,0.8217595275260858,0.7595081834930613,0.7188500859690357,0.7425163064816586,0.8158509059243415,0.859750818600755,0.8601969604541648,0.9588567458218249,0.878692224006119,0.7795357684250191,0.7071831056041299,0.9246206162782268,0.8049432010247929,0.7189998309261899,0.8837056043878178,0.7921760558589319,0.8873392009218567,0.7713780826385112,0.8375061032297454,0.8035577886664586,0.6909047691330059,0.521474121343036,0.6310719167034344,0.7577924882615579,0.8055790070459108,0.773857100480322,0.6387008871199404,0.6437970633258364,0.8863413508634821,0.7296222505252028,0.5663089152963857,0.558985470068933,0.8452557086155548,0.6480568920314005,0.5487516541764786,0.7300925145852092,0.5471500448443766,0.4037395029782748,0.3975261224779966,0.4381712490759025,0.4084537177752881,0.37372214834602296,0.19571115833396596,0.3173111747126738,0.5425972078106478,0.6733440331986235,0.6699072045602766,0.5301321693760704,0.3413834926499952,0.6892291518730465,0.5630676801711172,0.24987260274892942,0.41625707199863254,0.7917239800364775,0.4207345376910531,0.4287167407727934,0.6561137953475269,0.29676335534143683,0.07689762755000977,0.556410452186806,0.6312789926754822,0.6051522490029388,0.5811583992392972,0.4084714643349946,0.145294643655792,0.6373912358122258,0.7549428923464877,0.8181752838802797,0.6782078437649587,0.18801527918798216,0.7534737288150645,0.6598977468967675,0.45340677672247726,0.1729003713033443,0.8529638054739463,0.5781119798603557,0.19259907063041953,0.7245779604966158,0.14402893249731408,0.12455583896311834
yen,rest2_vs_type2,1,MentalArithmetic,Type2,18,18,843.0513589999999,421526,424026,0.16338877479223424,0.11315514930039594,0.21160854013336872,-0.025268641520356017,-0.38638873834169063,-0.5171526616650293,0.17474594973549706,-0.13563098075981905,0.41665469589856974,0.582511513510473,0.7340347728374641,1.0383884991152175,0.07102846090766235,-0.02874161507207429,0.2227631772585399,0.304048120969155,1.1721555704962778,1.356269120776619,0.968677973980366,0.9724216573377461,0.9543092796801294,0.9111722875989277,0.886933024589707,0.9568874884989186,0.9114829399305348,0.9047336772867769,0.881493410449665,0.8465367297886464,0.9477920773330578,0.9705566251997143,0.8996594648547729,0.9139864276952397,0.9260895719099123,0.9424345932552981,0.935869748262003,0.9175391012134889,0.899941748211194,0.8590418869690951,0.8934763314375181,0.8716539295937303,0.8788382717484627,0.8345623825282686,0.7623315872057507,0.7591644451377689,0.8377639397843336,0.7616215487945728,0.7973017788038664,0.7914593806638152,0.8618624280358459,0.9466425105531919,0.851053608579134,0.7517033061455004,0.7199754519023511,0.7588831880497077,0.9459901038681722,0.8572758282089218,0.7965547504034654,0.9126276124388826,0.7984618466439001,0.8896476940383911,0.8209753400250343,0.7795921328296503,0.7917294063043169,0.7023968627776215,0.6426353358868161,0.610880578174813,0.7008124200903221,0.7374293746826107,0.7312031742195255,0.7118156121404462,0.6577148733926702,0.7975056639722713,0.5894466947315937,0.5883725102682444,0.5755476061600169,0.8039081305174008,0.7623321652515055,0.6377765062536734,0.8664694885394276,0.7033117457370245,0.8000342101417514,0.68947211364039,0.7351397025028061,0.7932660531963435,0.7649609022179026,0.6107611458849194,0.38117294178167066,0.507173536982222,0.6680329422141347,0.7270424406031624,0.6302167010554607,0.46059330889948324,0.7873027990868315,0.6481564458199284,0.5390836762115934,0.22613811110001683,0.8379597200034785,0.6353553715878709,0.3476542871233037,0.7986279763740232,0.36482225796561024,0.14315649407773537,0.6690005909911496,0.533663251320564,0.6451961064205733,0.6458099992154952,0.47251656240813483,0.34391182780380114,0.551796655969427,0.7305741580892846,0.7255003017570572,0.44998401291208756,0.4478501841964542,0.6776041785296736,0.6003177272175503,0.33751692381382814,0.28252725789581395,0.8739631854100235,0.5388131518363757,0.35894600066626864,0.6542589611792549,0.37489661555919485,0.12222248407551665,0.595404150369975,0.5385940478275066,0.5162460778352357,0.5807492448391185,0.48781669849852277,0.18612354126861788,0.595344129993991,0.7099082354849938,0.7417406241239168,0.5686265056588046,0.2938125371154057,0.7970396309184916,0.7061244996371675,0.45989609359218,0.2899481340848913,0.8744522453405627,0.5752180390275772,0.2509828522389364,0.7325872929383515,0.18315761284043647,0.161494117009839
yen,rest2_vs_type2,1,MentalArithmetic,Type2,19,19,852.8750620000001,426438,428938,0.19496594027131398,0.1673035364411719,-0.10707210330731387,-0.06034121653485469,-0.6785286020149961,-0.5060496981481641,0.07696145738201565,-0.011639424572175372,-0.17310808619341334,0.14282320671913018,0.8774905585431823,1.3003201513398244,0.03488791185814577,0.039239896761706916,-0.39786400548852674,-0.0976847522319928,0.9147199952636171,0.8579600742092102,0.9638419407168699,0.8507652327860781,0.8769531156257048,0.8158031420493798,0.8174283208013247,0.7223456175165136,0.81041343219598,0.8370171032775499,0.8039052809318556,0.8177813367715917,0.7705972138448907,0.936259836010798,0.8759927632605915,0.8547235879085984,0.7492990898934387,0.9385107879810507,0.8840076737733233,0.7540831324126963,0.8868406669403573,0.7749134988526409,0.921209943648948,0.8747076259813233,0.8911191190939225,0.8799425687146797,0.8795642397773932,0.8488356640439324,0.8125910602327296,0.7812048303208337,0.7491026687054506,0.7688084601592061,0.864487776159612,0.8446563312578133,0.8923627382795188,0.8275565843124258,0.805181281368792,0.783858504656009,0.8637708432888335,0.8377018731279025,0.7561568011629504,0.8812493061854132,0.7736421834062557,0.844640461214776,0.9181842580230918,0.7747302128087824,0.8360736055615285,0.8296243546954362,0.6879173933688918,0.7167345665768944,0.6985682755562027,0.7947647691430536,0.8377188523374867,0.7533526192607027,0.7662906861905556,0.8712143586902554,0.7138756785440343,0.5997325191023017,0.5579468576573074,0.873387288510753,0.6992890759304,0.6212602770566136,0.8228518427905981,0.7013151458958496,0.7746784515162921,0.7561491108904386,0.765970899796843,0.7771337843364787,0.7678313577479142,0.6411684041230618,0.4459232752230156,0.624578317344975,0.6398834710149763,0.7064050344826579,0.662518898307028,0.5938246689169866,0.8656293902778629,0.7204569991900797,0.576904758428883,0.48039591096585427,0.8706760223137547,0.6850886543928034,0.4900436463798332,0.7865940005442551,0.5315449372924858,0.4321895528422371,0.5758072117034099,0.5348330979319001,0.5660633540529283,0.5705403857109841,0.42070758649500606,0.17110833624844193,0.5667328423374308,0.6704637716877395,0.7481565424089538,0.6251351685263711,0.3092231027636064,0.769356289052888,0.6108017495569728,0.4772632306628256,0.20609077401906425,0.8286178615813455,0.6222020777127725,0.21982400438719632,0.7817725425144575,0.2012037323977729,0.019296138866810246,0.5863766900176541,0.4973891861345851,0.5284274979124395,0.5357211565338409,0.38396412456562873,0.17533452956292278,0.47992751516606624,0.6112801511702043,0.6765421703619154,0.46310760161608194,0.23047863252246492,0.7275963269190954,0.6471250105929454,0.4247254233651253,0.09313585593402521,0.8817075810746643,0.6043329062432103,0.1074916482749951,0.7137457927323827,0.04768214653160061,0.24082786234298584
yen,rest2_vs_type2,1,MentalArithmetic,Type2,20,20,862.662157,431331,433831,0.27667378303541756,0.08450132995714732,0.047134023910170963,-0.18610846964886596,-0.8414490935792287,-0.3818812831640308,0.3657987473090296,-0.0066051971398177756,-0.10235099851550356,-0.0917256279805132,0.546227595738106,1.2353700047673475,0.6639232073633119,0.06686326835560674,-0.285617558328914,0.1365136715882871,0.9867711741227945,1.1123577225974839,0.9595465567116706,0.827232531925689,0.8759937701932402,0.9250186908215533,0.9058108615246901,0.8824535652976256,0.7776656872967692,0.848541250065772,0.8944618011509944,0.9004675756172528,0.909586619040999,0.942666638806598,0.8501821151137313,0.7965151139725274,0.7323283011835124,0.9413072027671144,0.8736676330263683,0.8019373256869663,0.9513283416872896,0.8838096460235989,0.9536635043382471,0.9360263524603186,0.8674449827307107,0.8207154169702426,0.7843992162988678,0.8056759156856654,0.852229210213919,0.7914103872598058,0.7555976186774092,0.7273499238170884,0.8326036899961995,0.8465327026998075,0.8573899162793147,0.7588771075479352,0.7054796397330566,0.7726954655656653,0.9326821863096625,0.8577902364719445,0.775726434818404,0.8789617520286146,0.734144192294224,0.8202269100374904,0.8438926971057404,0.8154852458876084,0.8746769747161639,0.8472488792640746,0.7179122304846569,0.7538721508204634,0.6473018110657199,0.7582830331984822,0.7600821742891857,0.7537710832678998,0.7732449989239185,0.8548395879121553,0.7327446061418995,0.6495888215989434,0.6740563970105691,0.9282915476052781,0.8253916210784116,0.7445698869147281,0.8472787837079178,0.7237754619205826,0.7251850709514517,0.7398579053037755,0.7464441630487468,0.7519372342382116,0.7460457455270653,0.595700881681642,0.36847979026675765,0.604461200296989,0.6339645116915691,0.6462688573410972,0.6945596002684371,0.32543421848076065,0.9262849162965323,0.744591581116772,0.6180652596024637,0.36519326856600076,0.8399696096970063,0.6843797191797315,0.3065634848600196,0.7382810925000914,0.312605701527991,0.21060923823128921,0.5722964418307681,0.540746937729002,0.57246279192852,0.5835325464163366,0.49178932442115847,0.2980265997594194,0.5770374119650433,0.6162653156931213,0.6579830808104978,0.5313149531146871,0.5058767614716564,0.729793938519019,0.632867519320856,0.3925180427000223,0.3605795233556827,0.8436264137448329,0.5214305510748573,0.3952837216537499,0.6757333411250231,0.3990449864716427,0.20197800468152735,0.6448648202135455,0.5596260498369787,0.5863373934337094,0.5983001206576235,0.4460767223515544,0.23629482851553446,0.7003271683886579,0.7008604563417382,0.7356052445010329,0.5378891149118913,0.23847895194845511,0.7876198585856747,0.6726565399392928,0.38217615882932754,0.2786299203907796,0.8463304955076824,0.551664446392211,0.28964309816502715,0.706525785419087,0.22795903733438186,0.2782542360824076
yen,rest2_vs_type2,1,MentalArithmetic,Type2,21,21,872.49152,436246,438746,0.1585762886980353,0.092286330534467,0.028283698512884925,-0.13372575231576755,-0.5234427842570342,-0.15217525970689483,0.09430523155276926,-0.12907885325838864,0.32392915547675205,0.6106454041939813,0.7563406672089346,0.9772625428019022,0.08429132342051293,-0.1844574472488114,0.20704117030678315,0.28052995356135435,1.1477218443760262,1.1627757208189862,0.9456773725212051,0.9260161712042219,0.8957132891628753,0.8760024971835663,0.8867938384816433,0.7816613922320634,0.8811091269115411,0.8629985782350633,0.8530947507393554,0.904286779413896,0.8011196529078277,0.9175260048340492,0.8608868372345293,0.8637658115363318,0.670820517824717,0.9780502946630493,0.9399104004649242,0.6728077829696341,0.9471498885700981,0.6928563951508956,0.7926816930810281,0.7890703463482124,0.8106413430966736,0.8077493355261571,0.7600363693737734,0.7511376499173039,0.7874669981861553,0.6622308422856094,0.7348454720383816,0.7214760955395575,0.7972707177774087,0.8087441654597579,0.7912688044377532,0.6493484321482895,0.5891863428628719,0.6173489830856194,0.9305990533427015,0.7992415935746747,0.7217118112088097,0.8642646623205139,0.7416261659273065,0.8346988477818257,0.7574241327865524,0.7131978996373729,0.821971589170959,0.7701079952471646,0.7890747901492543,0.6800763781833211,0.44989078776306934,0.6466697205686194,0.782372976776607,0.7944304832507112,0.8284288567980971,0.7616885286808822,0.5647777029440754,0.5100151398416605,0.4563977724149129,0.8533689584041219,0.7512112823216806,0.6175765485654695,0.8323581116293797,0.7143639354235242,0.7848263447492998,0.6315237935547491,0.731552631110787,0.7513995331842237,0.7520848854410719,0.6149811544741257,0.3355678690236974,0.532822971125251,0.6149259466000417,0.7018006850846786,0.6467532759225744,0.48648069868724586,0.8108454594833591,0.6335763306352558,0.4067515960211992,0.3934488953392993,0.7982114749095759,0.5265539619213971,0.42146187430984017,0.7453593422272959,0.4027065328551994,0.3836856596973491,0.512074336119983,0.4059467339057446,0.5938299942259688,0.6276358494179842,0.5024111761127402,0.18720823009448845,0.2647045265196747,0.5812519696724218,0.6671755554151072,0.555035356535542,0.3813105415171822,0.6265348681548539,0.47715276516171834,0.27765497459675814,0.23838244018995594,0.781284890302287,0.5193376652503602,0.34485852500873654,0.666204211767288,0.37185427347465183,0.10477054505292467,0.5521991659331918,0.6185516926383725,0.57831769159585,0.5949402228039077,0.39417800393835556,0.2054354368177506,0.6206863309255131,0.6417394143499214,0.7048340593579545,0.5773577993526581,0.19560707634637975,0.8147388186531196,0.7732217959235529,0.5108876251223788,0.22150351685964267,0.8951318633533235,0.5915352660828326,0.2672909898898849,0.6793471119153789,0.2186325158738663,0.12222266957552093
yen,rest2_vs_type2,1,MentalArithmetic,Type2,22,22,882.228477,441114,443614,0.2259402133816666,0.291411939673206,0.04861893438677489,-0.19482211936601201,-0.7188706932385927,-0.31686790318705826,0.25503952830941756,0.21681735967252802,-0.012213998679707405,0.1452391425907753,0.42083231999381354,1.1275970825493262,0.4900135191363244,0.5527262686599288,-0.26302004186691974,-0.12523080935358522,0.628591537212901,1.026429460265363,0.9489815580433084,0.844523283854211,0.8255601044552591,0.8445147516299606,0.873917732223963,0.918697027886093,0.8166212415710288,0.7929006208303323,0.8152410256448808,0.8533526087686165,0.9334692875160178,0.8815210397536657,0.8069674767644361,0.8047283923752908,0.8149713421370758,0.9471450557299824,0.9150813638474745,0.7762124182127155,0.9795894142313982,0.8159891353115366,0.8457002163146269,0.9570200017780195,0.9205381417489743,0.935406316252074,0.9291156930449616,0.9537203208851445,0.9265347888558391,0.8798410332197826,0.8907138583386865,0.9010962863202361,0.9279972909250532,0.9513711685094683,0.9272537194856985,0.8697891119428444,0.8531904772447418,0.8382100860854894,0.937770385533074,0.9223137678351156,0.8478484751439923,0.9636550874041955,0.8420990419058955,0.8931799901600206,0.8033302386081731,0.8594994726238181,0.8905293710499393,0.8127194181562724,0.7379638237945838,0.6369930334414377,0.7558533876195496,0.8122594057673413,0.7845529073943185,0.7328438553561037,0.7621302220588946,0.9274287968386462,0.8206283437939571,0.7293025914304578,0.5817560442628001,0.9221295222480976,0.8271165704071319,0.6917877799077099,0.8905326034903998,0.7191088143333447,0.7436462012175256,0.743340493121005,0.7537601782899517,0.7595603372162787,0.7843965991304299,0.5720556671105098,0.4495175205145596,0.7296676104475498,0.7744842277662869,0.7558919819397198,0.7324930194676834,0.599083108465267,0.8950516688806106,0.771871027408387,0.6012893470722579,0.49831018210873046,0.8883758956034777,0.6909158071714805,0.49669998921027736,0.7410337807248044,0.45877850800417996,0.4098581437823229,0.44216842618341545,0.6150443641983837,0.5806220561694332,0.5349908051608535,0.31045083996148043,0.3669224110796447,0.5880634010653288,0.6637139854594644,0.7278891023630578,0.5892579522217161,0.3823555970882172,0.7898230878369473,0.6896679440190261,0.47269386183867973,0.2517888646800038,0.8712647340257927,0.6016318043992441,0.28953404377763703,0.7224513763530468,0.32675674570809315,0.14702141786667855,0.5413539803454753,0.5839665816818427,0.5706202654850084,0.6429998911211373,0.5381342682445244,0.2620819157205989,0.5504626974166229,0.6276004690648301,0.679211296682513,0.6830138462280541,0.3026923071791263,0.7877981700525737,0.6988753124590167,0.45644247332170157,0.30779297388267457,0.8507284064109751,0.5868348737351021,0.264953351353184,0.7695272683407758,0.1949844908995128,0.07526195505523209
yen,rest2_vs_type2,1,MentalArithmetic,Type2,23,23,892.6360599999999,446318,448818,0.22475334715871487,0.14929171986385192,-0.08768454174771456,-0.4539830900237618,-0.1706908101879887,-0.6378867472264864,0.22384254892967803,-0.045589426571904124,-0.07978293647394796,0.307682114399662,0.5865300141493366,0.9102833229063623,0.19696629941551613,0.14523894270777093,-0.11930057409539652,-0.04296396510334022,0.7261311450190009,1.3284052126259853,0.8045131591880523,0.7441683681757945,0.8594219253708305,0.8690813777737426,0.8344680678959816,0.8846175738577436,0.6356934752697792,0.716023787691458,0.8104586978320882,0.8319940441644376,0.7845174153541717,0.8531170437631346,0.7090742229391118,0.6258200734900932,0.716454869518074,0.8261608207225015,0.7420434867322732,0.7722982476977873,0.9345686878561323,0.911093617353253,0.8783525154378223,0.9118003132683112,0.8343137887936024,0.8155069094075739,0.7252225009015508,0.8070173065991736,0.7807421678252865,0.7002691570559268,0.7172681597600389,0.7029101940823755,0.8248205996617357,0.8086134335850033,0.8707907618461782,0.6860831546464616,0.6308856529048192,0.5694238327194767,0.8686703720539045,0.7632801089548178,0.5639171893531363,0.8432295331033979,0.6304611040642638,0.7848009624505909,0.7910353248614297,0.8595731572996184,0.8838115755210324,0.8345755888971406,0.8203922550602922,0.7341557187635935,0.6470111142039566,0.7111138731238772,0.7709214522576788,0.8130385383811556,0.7762336127179067,0.8708394276288748,0.770746085295996,0.7298618481797357,0.6375865045233268,0.9060851177189259,0.8186544543025166,0.6616234624605721,0.8758735585011516,0.7206729972799387,0.7572034615165345,0.6610007346413928,0.6403632834079951,0.6281452082254255,0.6646699212702297,0.5882107689957007,0.33364882708365673,0.6253959545391444,0.6711279274779075,0.7292538880316025,0.7560919250165469,0.421288030693602,0.7757495326341938,0.7174556400200336,0.6161937421472502,0.31894788142730773,0.8895491761867811,0.6840742079250859,0.3166265418237042,0.7876151168483385,0.31731182552308884,0.24688184156182477,0.5072623134319273,0.6497901562206364,0.6585020601579157,0.6342629905036731,0.42134481014348263,0.3620788650686724,0.5738148589160014,0.7035002968968894,0.7630578386278446,0.6630181568616773,0.5644345059180194,0.8327820669413553,0.6966939770955951,0.49030888236085796,0.362581639581004,0.8812596658741768,0.6255568016423088,0.45710340218133133,0.7066510855009287,0.45248209658913896,0.24780614504490664,0.6092357450096683,0.672003601029845,0.6077686748313327,0.60145449549174,0.3431080306767505,0.3846710681026393,0.6534154132087717,0.6302745293920726,0.6865525842908706,0.4763485185803218,0.3037290176664161,0.8283945945933169,0.7751284655905206,0.48953069331622434,0.3468438246490157,0.9111078344538761,0.5642393819692082,0.3264231256997009,0.6481238286734964,0.31045259179853524,0.052815811918317544
yen,rest2_vs_type2,1,MentalArithmetic,Type2,24,24,902.804045,451402,453902,0.10465182233637282,0.17048131379919873,0.24311985195717423,-0.1438889041055451,-0.40418937368973706,-0.48488010155150985,0.056858047177890114,-0.1972340092028353,0.279406842355185,0.1268995436628546,0.5757263846516651,0.5693603505642906,-0.13476777660504613,0.1021958810124417,0.3210063418168634,0.3215312142918698,0.6488926108818176,1.0563188249792992,0.9369760603312451,0.9044087450254521,0.8847443114919998,0.820917693818844,0.8895175428682499,0.8502862012207347,0.8045450775028917,0.8009852924307147,0.7558236959555389,0.8971963392596214,0.9070562776074071,0.9006916466994828,0.8379287368236243,0.7780122496922482,0.7089539092219022,0.9745434202161769,0.8563749005084673,0.7792236136289505,0.8345878341095843,0.776631180014551,0.923884828430061,0.8483720173483642,0.7788154268383813,0.8175126561476602,0.7917749022067293,0.7443923107065884,0.7142449897409551,0.6996833538968902,0.6934846121980919,0.7271114969457579,0.8258165550933583,0.850015150799152,0.8448934281964889,0.7618407109535767,0.7271056121252811,0.6749097167861735,0.9111155572802571,0.7676669712729652,0.6861108305670806,0.8526446921790157,0.7715940055984328,0.8695894173545581,0.8583070878429138,0.7305633778719008,0.8692408189131494,0.8416390278333342,0.7991919326413105,0.7103969183882107,0.5687406460918264,0.729618119049467,0.79320966571516,0.7754044724045988,0.7731439255767927,0.8147553525945713,0.6285513590313861,0.6428770413313665,0.5560033264986097,0.8623218074321112,0.8418897868146535,0.7130790428438134,0.8485553573834037,0.7689635981056061,0.8606742992516787,0.663060106448219,0.5802812220022034,0.719571002778347,0.6609219272268719,0.545300751532036,0.4394149221682405,0.4749015465400329,0.6615523250126906,0.7420835645491899,0.7070793101930058,0.6377181120055054,0.7229032259630404,0.559173408374191,0.4497149382093086,0.4627920246760738,0.8659386217644934,0.7225927117897278,0.4997043147697426,0.8268458459825951,0.5785672887621824,0.6581395327710625,0.5721931466533798,0.554560967332002,0.5920460201210407,0.5835090227253336,0.4435337888601593,0.5336452360538813,0.5806811157259101,0.680904686095597,0.79314197957161,0.745949861574357,0.7003956090559557,0.7216689302695202,0.6293633629805816,0.5308841508442647,0.5682479397634927,0.8293301687105723,0.6753853596730552,0.5870043908463024,0.7863231396252582,0.6771456421541381,0.6102394875204775,0.5397585051138495,0.5259155137097588,0.5219002893473401,0.5671404318117566,0.4792812985559675,0.40052186473906687,0.5270026909480898,0.644394579309874,0.7306500084646701,0.6556119712460179,0.6129862863669661,0.7260885490752805,0.6783883878994175,0.4625456212132823,0.4127798119386148,0.8727893318550604,0.607276094830641,0.4368762014170423,0.7573227506029427,0.5070639432303552,0.4730226885616373
yen,rest2_vs_type2,1,MentalArithmetic,Type2,25,25,913.328903,456664,459164,0.17835684155817422,0.15777589212301013,-0.048074404745394705,-0.18958361853125316,-0.5047462853419398,-0.2918148372104761,0.21990915222815755,0.0006573632171882338,-0.26276189745676115,-0.022118047372729155,0.48740951668672405,0.757597345100824,0.030148225352616187,0.07195261672289188,-0.11644683014352131,-0.16981409458911267,0.4016781590416447,0.7318535014366998,0.8767671011527994,0.9413347967105467,0.9625655947833468,0.9336587521361,0.8773240625716954,0.8583361004129013,0.8209939846770977,0.8449326234472042,0.8982930535065426,0.9595966380349408,0.9420914957322889,0.9854251108294376,0.9262428781277738,0.8561276709771752,0.8299768499016911,0.96275070767108,0.8726516159356846,0.8403020557911934,0.9091335994625721,0.86840777448066,0.9701884153066567,0.8744043633423093,0.9256959284330566,0.8816934470611892,0.8170347496787388,0.8245340073489423,0.8012233188553441,0.7501037710270184,0.744921977286358,0.7633650338278726,0.785627974317778,0.8471140305269812,0.9132563340810965,0.7537931135745264,0.7534883097277705,0.7134351976166778,0.8844709714861281,0.8791911926852283,0.7100033000498374,0.8999225340615743,0.6955985300210729,0.77069716895113,0.7270315871434763,0.7220707292669183,0.7774068000801568,0.8049567389911527,0.6114042330285026,0.64683490728709,0.5207654945724993,0.4705403804169165,0.6618632275791122,0.7747547033074272,0.7847781886617778,0.8022231403886765,0.6009087001419078,0.37010708714163304,0.46426531713620844,0.7957973509337227,0.5102121275420142,0.4888808668545413,0.7161775777728626,0.647015526908029,0.7558841784911529,0.7730572815311748,0.7211586777744997,0.7545349498132933,0.775841586675842,0.657190083289968,0.4348056389097074,0.7287427582594036,0.8097749662758429,0.8682042768652798,0.7844374094181529,0.6487779985801306,0.8996710090267983,0.7818538481241604,0.6348704580238468,0.49250528881140165,0.9039497976025485,0.7162548898978189,0.5145917985873238,0.8406654628403131,0.6000548040378314,0.6211650485329712,0.5536740870619252,0.5739158327487479,0.6492645126128744,0.6669715827450239,0.5256207721679879,0.35941503300377264,0.5338486241846174,0.7073829995681697,0.6948158389639231,0.5105883011054578,0.5163880177960188,0.7151046531818166,0.7061584712330711,0.4932645273201248,0.2632095775667045,0.8920944802263598,0.6194433915469505,0.35587766480760974,0.7380480052572593,0.30738041344486083,0.1633797032899218,0.6359061499335164,0.6174419121333641,0.6737990915176397,0.7117558404004996,0.5669806388817564,0.3321997130012297,0.6211188111202021,0.6680306011754649,0.7043851090295559,0.6194275838804713,0.4274172823307838,0.7591332557753355,0.6815664197111632,0.40739489460768374,0.36789299625978134,0.884494158419841,0.6017948647550839,0.37499223992276665,0.7328237388946627,0.3805611460609694,0.25819398550290673
yen,rest2_vs_type2,1,MentalArithmetic,Type2,26,26,923.475481,461738,464238,0.15662884398712684,0.1726727854527903,-0.03565421509226008,-0.1454757437712857,-0.1497464391352472,-0.4894435224266269,0.10777164504925274,0.15694570896704807,-0.16764730548628215,-0.13013680482547452,0.34694076881750746,0.4965735200697994,0.07451913355006656,0.2552118957012883,-0.009208206754931947,0.12397474826088573,0.25624752593688793,0.7165742572778169,0.9605922979542456,0.8889649670541243,0.8278447459795136,0.862958269999306,0.8704054894794215,0.9178440141145403,0.8697547988624161,0.8258483212238953,0.877025784429434,0.9151014838429199,0.9418630146214559,0.856242429938586,0.8666698300744035,0.7908362736754642,0.8539548251902308,0.9369114595069858,0.9138488626155871,0.8350078931850075,0.9287041270606162,0.8751731766108236,0.8926970359476966,0.9279610631563725,0.8099759421117635,0.8137747676369165,0.843361437330332,0.8480455776293818,0.7508272577466788,0.722008287852462,0.7197750181780506,0.809915441650469,0.8819137467381077,0.832393758851924,0.7953890036263535,0.6511486412773982,0.6568442284424785,0.6036946720333458,0.8267101672341167,0.7464050117026597,0.6114643516408725,0.8390786884566762,0.6753030668347277,0.8831973726694745,0.8143699827289729,0.8255682100769448,0.8435551674430464,0.8016942978881817,0.7461117438840635,0.6758807655029269,0.7625263309153953,0.7304915016204737,0.6970740114548721,0.7535028823490789,0.7177942220085556,0.8579257082998524,0.6858009816660505,0.6623521345731417,0.6141134143657411,0.8688284330596328,0.7409953612911324,0.6142300889989672,0.8015099711616095,0.6837601453942895,0.7800704891690763,0.6026867971652626,0.6554616125577974,0.7411561633848701,0.7192614781034951,0.6070864033548876,0.42476422215758775,0.4936344982914438,0.6513168241603108,0.7238665222623298,0.7792764965252654,0.6447307105701154,0.7291785120933584,0.5896301597867832,0.5594671669324113,0.46295179921939866,0.8695148285735288,0.708355595923377,0.6009694755928476,0.8161301595907086,0.6430507524312787,0.6849335055913803,0.6009375869258091,0.5551525848784883,0.592040718703438,0.5802723608680087,0.5300631874534125,0.3751765299914782,0.6229071882006092,0.6526966436892355,0.7569357344326972,0.736184251200777,0.5548590083069507,0.7586883416064064,0.677606071643817,0.6355677121341831,0.328097889108921,0.8139923635756848,0.7002899821170588,0.4454446143506064,0.8488969651539466,0.5220286083397198,0.5291158294183533,0.4724909076040943,0.6482893653773172,0.6522213512730741,0.6497602787074113,0.594681885303183,0.47389179854121305,0.5657492548915828,0.5742830825893613,0.6046931392884479,0.6433130191793501,0.5627412318241202,0.8243908183935614,0.8073011553000284,0.6254023807793918,0.5469593506716326,0.9132845349312781,0.6690007020712718,0.5626581087213497,0.7353569508825664,0.539268150932628,0.4919288324746923
yen,rest2_vs_type2,1,MentalArithmetic,Type2,27,27,933.82854,466914,469414,0.08216816973545438,0.13179854208208308,0.09585694971074465,-0.1517990899650008,-0.1218474688553961,-0.3120519884218744,-0.052982154909942736,0.016578951725593427,-0.20435139559212967,-0.07329335143867732,0.5642035406882764,0.3951473912929435,-0.23185633036182818,0.07168370855435491,-0.32969860623027536,-0.21525446599871856,0.4236561729163393,0.5737308228008855,0.9047482243976754,0.9435530955993544,0.9352062529116323,0.8835636335465451,0.8737109152481305,0.8671602201756463,0.8181473182870305,0.8249211233931988,0.821510911385298,0.8314713654802917,0.85485632529722,0.9573674644329889,0.8599210882835528,0.8540740588534972,0.7994410062089051,0.9339645010958628,0.9193468514069197,0.8457653303476658,0.9864475737432933,0.8980344845090396,0.9200694113763627,0.9302474428424495,0.8952616635269114,0.853286428641462,0.8380051098581043,0.8349177861740841,0.8037242110920326,0.8224969820948302,0.8683320692583267,0.8739249986561675,0.8825630536442811,0.8410021700188045,0.8679806366998574,0.7530292824542726,0.784701431649225,0.7915152674271684,0.9289057814560437,0.8821502442833266,0.7426454399337874,0.9058469514200693,0.7566821161031562,0.8815016225375081,0.7275973443247152,0.8369827580587623,0.8314780467196441,0.7592740247724459,0.6574306695263356,0.6601381916757184,0.6669442733999034,0.7214370358334118,0.750024944030535,0.7046806887120881,0.6625465816334939,0.9248566893034305,0.7926053197816199,0.5808402243685787,0.6049736716607208,0.8766999525966742,0.6669034283417677,0.6192681945773421,0.7900918886111762,0.7118706548340559,0.8112861281878929,0.7132062849373084,0.6570458099875613,0.6481247408963482,0.6938947622325689,0.6200243350491826,0.5420044181044142,0.6469161020176712,0.7320451324748388,0.845172901875512,0.8212293580816046,0.7281452540563428,0.7969591669495513,0.7190054521192856,0.5996575691574584,0.5449319458315458,0.8779648627565729,0.6886428734577236,0.6198086582160743,0.8020295505759808,0.6965069581637938,0.7694419579337369,0.5695749857735204,0.4832663811028654,0.6392236471766292,0.6627478145586441,0.5663979193386633,0.28714624217085455,0.5649025742969738,0.6390033766995726,0.6401586803824257,0.5635374176691808,0.4375071816803743,0.6924444620991371,0.5995822286565468,0.49915709283411097,0.30849335209902445,0.8764145769515417,0.7293129555206049,0.40146488185476387,0.826105732725591,0.43643663767050844,0.531708907177128,0.5215659045824133,0.512161116239903,0.5309647695339712,0.5153987240116371,0.450381598476579,0.3705568772431903,0.5945747291913772,0.6040010952761745,0.6315523427411888,0.5870271761191276,0.5242359352833378,0.7988688628127645,0.7487527647024453,0.5487326205896804,0.4155339254994083,0.8495051527229269,0.6029006246495233,0.4743108606207987,0.7268797457859802,0.4850516562097257,0.5395028700022882
yen,rest2_vs_type2,1,MentalArithmetic,Type2,28,28,943.869856,471935,474435,-0.01995791049651796,0.29723607732209256,-0.07319796139324408,0.13490648388483262,0.018590934439269624,-0.24324602557744068,-0.19460595006724235,0.12310225011353682,-0.09877213052155565,0.19371259643481986,0.5340902441682585,0.7514026533057727,-0.1578240945050302,0.027353124605587364,-0.41460017180647135,-0.027073003583127253,0.34192676036015923,0.7693353918706332,0.8980602669587084,0.9084330525952442,0.9611562640273823,0.8786864024610762,0.7515419583913063,0.6691826952302208,0.7942708589828908,0.887752030249326,0.8650347004389292,0.7853215322632292,0.7981223033276722,0.8845984010467444,0.7557270718715309,0.6849127135588174,0.5465382507585553,0.9344486942850344,0.8232626459853566,0.712951156064688,0.9049345059793109,0.7653452663155151,0.7928078376813037,0.8857843422821797,0.8758143257078832,0.9018129991710897,0.8864533707387885,0.7539001330802594,0.6546581804287849,0.7470768070362003,0.7725023469970499,0.8733502493704962,0.8837467467755877,0.8207740358263061,0.921146058246374,0.8206894158102306,0.6554585541898724,0.5332660973949145,0.9238406913007807,0.7214177483392921,0.5679272633561808,0.8314330202782731,0.6778225284983507,0.8865423679725074,0.8001446725747906,0.7778488861928811,0.8950951961627704,0.8903704567861943,0.8673995991975118,0.5931899496373245,0.6349165025487269,0.7318584188729218,0.7491937739379679,0.8008877150313644,0.7569153074773342,0.873782456922993,0.801687303629771,0.6921754832117024,0.5097669192126518,0.9502070233169274,0.8589040027193463,0.6400143336144597,0.9096615852544582,0.6704026904402358,0.7564856942026528,0.761338376972972,0.6272134468796758,0.7971875501409371,0.7945916291964193,0.7047309881264175,0.462546345893395,0.5760776758093868,0.7491294223784347,0.7933031161463879,0.7260306923688132,0.6309191796482093,0.7590134619395933,0.6562459881584932,0.5871434837518368,0.416700265739812,0.9018556773587458,0.6692816744546076,0.5486698258737819,0.7506279036897432,0.543513674154251,0.5317729826415662,0.7272715383519205,0.7079223440131163,0.8042910410220205,0.7842114522949227,0.6741899096686269,0.4803729518480666,0.5439092544814621,0.7306100156011882,0.7364435398274873,0.7476992004553719,0.540774813141927,0.720519792715274,0.6090302934684249,0.5093093088823849,0.2589754745968962,0.890523245001114,0.7104661861823388,0.43188276330882835,0.8123312105632953,0.4672145132636433,0.4823262189271038,0.6686471513822573,0.6311412047725323,0.7262872628986851,0.7082141850130176,0.5400658259784231,0.4960567271442322,0.5968850001012795,0.6634079687384832,0.6367072722151375,0.5950484560699866,0.548464096341527,0.7507142611528052,0.6427566351278634,0.4834667520049348,0.39763870197731105,0.8730816089753461,0.6279375287857909,0.45400341562495405,0.7306122897327382,0.4305505702440012,0.27918941967120414
yen,rest2_vs_type2,1,MentalArithmetic,Type2,29,29,954.841053,477421,479921,0.14382171471050942,0.1263157177781844,-0.137747359491752,-0.18586690502090786,0.01232067194990849,0.13404315673435852,0.23914239157998995,0.01016422203808709,-0.3877770644052094,0.03999096003633262,0.33937043289713786,0.5451735217391103,0.28488400866543895,0.331818956158612,-0.30712558606154117,-0.1970200100401538,0.33684494782426144,0.4994952024714894,0.9368750390215581,0.9457387048659069,0.8835405130218886,0.9017716641291766,0.9013511502878313,0.9172676228724053,0.864566950736482,0.8259338807257672,0.8708961366698512,0.8344517424362392,0.9617197020419571,0.9399602056467409,0.9279847671975292,0.9465549944320396,0.8775536340330596,0.975496433605046,0.9809195237764274,0.8636386755633183,0.9609000992839246,0.9043475701523255,0.8834362482936551,0.8873602209220648,0.8332802614313036,0.8359838825597556,0.8197538551447182,0.7017145874420012,0.5997573831059635,0.7386139058209841,0.7200991785782861,0.7237891043203636,0.705260082895699,0.6190939236955524,0.8887528362308268,0.7745377649457948,0.6798963398810147,0.5572470155495531,0.9231580348072397,0.7990027950412292,0.6153582047295656,0.8278152929187016,0.6438258538334016,0.7899662260019952,0.7769532370048359,0.7808757781265363,0.8647568599797583,0.8244216361894717,0.7182921443378518,0.6902306179999248,0.5190534256325076,0.727560316395066,0.819175749303645,0.8362642936701703,0.8265727928082872,0.802731888299372,0.63156056184577,0.5381060258123261,0.5033012626774199,0.8749710836821205,0.7806404598337482,0.7088000761816078,0.8615971922808829,0.8049170540524307,0.8970357020861219,0.6710532070792039,0.8234229333316956,0.8341860416708557,0.7821495466800419,0.6896329677050274,0.601138266539089,0.5613618573918977,0.6244881716410424,0.7353949111225407,0.806375053195727,0.7000280631638991,0.8625709083527139,0.7209685758358546,0.5959211957731304,0.543141150992511,0.838958249351082,0.7176117432347642,0.53925461261765,0.8396086022598721,0.6552132981352348,0.6998897780233044,0.7222809943710127,0.6886490857027235,0.7610403532390814,0.7331272409938483,0.5940577345993676,0.5489450094045011,0.4867355707307683,0.6034653956769518,0.7198089224886308,0.6303506280514741,0.6528338176093019,0.7922213647180291,0.5818087660983604,0.43744168134625305,0.42118754656367124,0.8194644675614148,0.6084481402463799,0.5492531669728703,0.7425100164953043,0.5905076920916468,0.5666769317582899,0.702674704000148,0.7315634973921046,0.7917425318708022,0.777377978821461,0.6902219883810389,0.5131104963281483,0.6941951653464414,0.7769020771520182,0.7528971871616729,0.7173723483250443,0.6230847423894357,0.8179395235212201,0.7423898428479871,0.6010567753717803,0.41362317466542076,0.8705304674615114,0.6869776097623094,0.5484067783377923,0.8128680234836617,0.5763670615528838,0.6066944148262269
yen,rest2_vs_type2,1,MentalArithmetic,Type2,30,30,964.820073,482410,484910,0.054574000718838,0.11322256569568179,-0.0027782127554343283,-0.014023859528158766,-0.010277822412124937,0.01333975046097402,-0.22429375659369732,-0.002136629412678559,-0.2897851943720138,-0.10334235074388598,0.37543729911094337,0.5644865090154023,-0.27184953951508994,0.1485005178171166,-0.8289067676747051,-0.020369265992083996,0.3073175265555368,0.2768180074486781,0.9179491665709308,0.9108824560659077,0.8164931111508797,0.7413156544691415,0.7475987954202516,0.7399061922247868,0.8426677573652636,0.7589031970932724,0.710154873285265,0.7918274375250772,0.8375502501020097,0.919894244824606,0.8088966973624468,0.7724359560605543,0.7220619350576263,0.8989799499859844,0.8197165197777397,0.7324490531323113,0.863147528360828,0.7547870410278422,0.9348623736207274,0.8954536088835726,0.893271312635166,0.9067191559709268,0.8561997531589758,0.7954819299705428,0.7772458456972047,0.7567289429328833,0.8387492696542245,0.8308349937221968,0.805326069571887,0.8491156741420977,0.9145060132555617,0.7986957816774367,0.7479957182006585,0.7080574264936164,0.9184768559976499,0.8436225449777651,0.769122127459062,0.8959005321854004,0.7931609436044408,0.9037573946491462,0.7991705862071448,0.7897347351711832,0.8229183286526972,0.7402841224995009,0.7057113943621901,0.6623966279293958,0.5058420074028767,0.607073951414537,0.7417491616790195,0.7617217500934039,0.7870214209795394,0.7724887252306001,0.504769461743931,0.46296324459325155,0.4444440025415919,0.77824553866147,0.7078109933241346,0.49987884452951864,0.9050475371563391,0.6723645750730548,0.7655134491804093,0.7644132507594978,0.7898818030188741,0.8386074578081328,0.8371849309225124,0.651484133504784,0.5499709266265685,0.6527356614216208,0.7291141140720189,0.7025757857674502,0.7241874955827587,0.6810397713593376,0.8884533932404749,0.775807388883704,0.5997538425240204,0.49743700026931786,0.9165529713864633,0.750893958343427,0.5756670182862377,0.8177831294748911,0.5983022378741721,0.7056696893540532,0.7405171214979464,0.7048365970645268,0.89395681840421,0.8330879871439194,0.6463607603073162,0.4802732865294596,0.4944794392783998,0.6836311821117808,0.7166023171598566,0.670879456789166,0.5309512688200542,0.7672324197655574,0.5859038263409264,0.41276728221999925,0.4069178677863614,0.8280283440799738,0.637607534181157,0.4366985020577828,0.7347650099322016,0.4374364061622832,0.4780540056368448,0.7503931624973258,0.7482431377010675,0.8384800424473231,0.7819817151631125,0.5932428998133846,0.5109688147038157,0.5610719217664296,0.6799779323000319,0.7398780152445574,0.6864708294213796,0.5047176803108936,0.8019924566131227,0.6724390942056792,0.48966413662784003,0.39314752600199604,0.8451188838958004,0.6112136194130618,0.4752166693749913,0.7555286446052917,0.5249754902788748,0.5064651046962799
