subject_id,comparison,class_label,class_name,stage,epoch_index,attempt_index,onset_elapsed_s,start_sample,end_sample,BP__FP1__delta,BP__FP1__theta,BP__FP1__alpha,BP__FP1__beta_low,BP__FP1__beta_high,BP__FP1__gamma,BP__FP2__delta,BP__FP2__theta,BP__FP2__alpha,BP__FP2__beta_low,BP__FP2__beta_high,BP__FP2__gamma,BP__F7__delta,BP__F7__theta,BP__F7__alpha,BP__F7__beta_low,BP__F7__beta_high,BP__F7__gamma,BP__F3__delta,BP__F3__theta,BP__F3__alpha,BP__F3__beta_low,BP__F3__beta_high,BP__F3__gamma,BP__Fz__delta,BP__Fz__theta,BP__Fz__alpha,BP__Fz__beta_low,BP__Fz__beta_high,BP__Fz__gamma,BP__F4__delta,BP__F4__theta,BP__F4__alpha,BP__F4__beta_low,BP__F4__beta_high,BP__F4__gamma,BP__F8__delta,BP__F8__theta,BP__F8__alpha,BP__F8__beta_low,BP__F8__beta_high,BP__F8__gamma,COH__FP1__FP2__delta,COH__FP1__FP2__theta,COH__FP1__FP2__alpha,COH__FP1__FP2__beta_low,COH__FP1__FP2__beta_high,COH__FP1__FP2__gamma,COH__FP1__F7__delta,COH__FP1__F7__theta,COH__FP1__F7__alpha,COH__FP1__F7__beta_low,COH__FP1__F7__beta_high,COH__FP1__F7__gamma,COH__FP1__F3__delta,COH__FP1__F3__theta,COH__FP1__F3__alpha,COH__FP1__F3__beta_low,COH__FP1__F3__beta_high,COH__FP1__F3__gamma,COH__FP1__Fz__delta,COH__FP1__Fz__theta,COH__FP1__Fz__alpha,COH__FP1__Fz__beta_low,COH__FP1__Fz__beta_high,COH__FP1__Fz__gamma,COH__FP1__F4__delta,COH__FP1__F4__theta,COH__FP1__F4__alpha,COH__FP1__F4__beta_low,COH__FP1__F4__beta_high,COH__FP1__F4__gamma,COH__FP1__F8__delta,COH__FP1__F8__theta,COH__FP1__F8__alpha,COH__FP1__F8__beta_low,COH__FP1__F8__beta_high,COH__FP1__F8__gamma,COH__FP2__F7__delta,COH__FP2__F7__theta,COH__FP2__F7__alpha,COH__FP2__F7__beta_low,COH__FP2__F7__beta_high,COH__FP2__F7__gamma,COH__FP2__F3__delta,COH__FP2__F3__theta,COH__FP2__F3__alpha,COH__FP2__F3__beta_low,COH__FP2__F3__beta_high,COH__FP2__F3__gamma,COH__FP2__Fz__delta,COH__FP2__Fz__theta,COH__FP2__Fz__alpha,COH__FP2__Fz__beta_low,COH__FP2__Fz__beta_high,COH__FP2__Fz__gamma,COH__FP2__F4__delta,COH__FP2__F4__theta,COH__FP2__F4__alpha,COH__FP2__F4__beta_low,COH__FP2__F4__beta_high,COH__FP2__F4__gamma,COH__FP2__F8__delta,COH__FP2__F8__theta,COH__FP2__F8__alpha,COH__FP2__F8__beta_low,COH__FP2__F8__beta_high,COH__FP2__F8__gamma,COH__F7__F3__delta,COH__F7__F3__theta,COH__F7__F3__alpha,COH__F7__F3__beta_low,COH__F7__F3__beta_high,COH__F7__F3__gamma,COH__F7__Fz__delta,COH__F7__Fz__theta,COH__F7__Fz__alpha,COH__F7__Fz__beta_low,COH__F7__Fz__beta_high,COH__F7__Fz__gamma,COH__F7__F4__delta,COH__F7__F4__theta,COH__F7__F4__alpha,COH__F7__F4__beta_low,COH__F7__F4__beta_high,COH__F7__F4__gamma,COH__F7__F8__delta,COH__F7__F8__theta,COH__F7__F8__alpha,COH__F7__F8__beta_low,COH__F7__F8__beta_high,COH__F7__F8__gamma,COH__F3__Fz__delta,COH__F3__Fz__theta,COH__F3__Fz__alpha,COH__F3__Fz__beta_low,COH__F3__Fz__beta_high,COH__F3__Fz__gamma,COH__F3__F4__delta,COH__F3__F4__theta,COH__F3__F4__alpha,COH__F3__F4__beta_low,COH__F3__F4__beta_high,COH__F3__F4__gamma,COH__F3__F8__delta,COH__F3__F8__theta,COH__F3__F8__alpha,COH__F3__F8__beta_low,COH__F3__F8__beta_high,COH__F3__F8__gamma,COH__Fz__F4__delta,COH__Fz__F4__theta,COH__Fz__F4__alpha,COH__Fz__F4__beta_low,COH__Fz__F4__beta_high,COH__Fz__F4__gamma,COH__Fz__F8__delta,COH__Fz__F8__theta,COH__Fz__F8__alpha,COH__Fz__F8__beta_low,COH__Fz__F8__beta_high,COH__Fz__F8__gamma,COH__F4__F8__delta,COH__F4__F8__theta,COH__F4__F8__alpha,COH__F4__F8__beta_low,COH__F4__F8__beta_high,COH__F4__F8__gamma
irene,rest1_vs_type1,0,Rest,Rest1,1,0,0.0013460000000000002,1,2501,5042.400415112698,3256.4200536944472,146.49962602931555,19.035937073206412,19.553666495287175,15.703643704228831,4400.367824279359,2791.684113845959,133.51488839455115,14.88399624625267,17.74940320408176,12.091477542965276,1116.5165374244996,687.5308850291985,32.713207869175605,13.367767429452979,13.660383883602904,13.804429692255942,687.683735548271,428.83801743855105,31.5022417833899,19.13408760354701,15.114681653321036,11.389471911716443,684.7517626023355,453.81114041665506,42.77809141844658,21.89700513338467,16.062908008111673,12.157658947487572,621.4093289866524,380.2708963213112,42.24459597060725,15.85278879340853,15.740851744393892,12.042601042249549,738.0304947783862,418.02739144337824,45.65594350166512,15.050310001371972,12.87988385114955,12.882858311515669,0.9762561396844146,0.9863451332602662,0.9667314350078356,0.9528656868146903,0.9125803929981211,0.9084444809160584,0.9328976260139612,0.9244901736822158,0.810522295979716,0.8633497157244917,0.7783542883317789,0.8033717252178297,0.9842229607657736,0.9287479544508662,0.8434405698616164,0.6527458294652437,0.6331632680519814,0.7188152263000912,0.9678331527615655,0.9405723381914965,0.7927883399545779,0.6644640809482084,0.6574740708492494,0.7153742895462866,0.9310849692684934,0.9156939580294767,0.7290983659743407,0.6147002107184506,0.5588481268082539,0.6208124941738332,0.7159465110864828,0.8718622561659244,0.6386035491945765,0.5880046224257651,0.5604792762745785,0.6435323014163636,0.895088736130072,0.8736260762230087,0.7132246322361587,0.7949644503118353,0.7685303038405886,0.8194031361924325,0.9525529226900397,0.8939785160159618,0.8214530937648863,0.5980781041827417,0.6474689644590703,0.7504358450902239,0.9167808340210778,0.9237330552316443,0.8216312628785781,0.6367839901554397,0.6915076839895811,0.743031261251766,0.9751092356058487,0.9261654585597432,0.8095968901511876,0.655693113917198,0.6543898148770858,0.7279882779944525,0.702156132173117,0.9086951649019698,0.7079877942579589,0.5869205217233878,0.6106338968108559,0.6583304957702577,0.9627815359190909,0.9623569134665342,0.7252669119935781,0.7890747877070037,0.8095111196545414,0.8739993046202632,0.8670285476538623,0.9217708973894512,0.5711972500589362,0.7219801988146204,0.7767031325333585,0.8220004406635718,0.8451628843740631,0.8574177170830344,0.5084107920591698,0.6501613719244423,0.7114146098626827,0.7663837770099896,0.48414453796809775,0.6836338113413373,0.38066818924920065,0.5174340314110057,0.5560608285162688,0.6752972275246837,0.9585892743751833,0.9763421228448491,0.92126840501167,0.9270568668482492,0.8999271826510158,0.9294049002243595,0.9195352520028569,0.9241803022153153,0.8173400615946737,0.7857996308673018,0.8077893107834486,0.8520169536966454,0.6426839093521257,0.7638861363004104,0.6911131030601798,0.670000344569832,0.6221498130173987,0.701963080598735,0.8773333544317241,0.9755338948787086,0.9070348296619504,0.8791094450143045,0.8472214392752019,0.8536892699693851,0.800483519694243,0.8385936908579524,0.8302011603419631,0.687143114515215,0.7470024381193308,0.7575920822686183,0.6718537597247218,0.8777610651359165,0.8522200960126393,0.6595064574594,0.6963581418527204,0.7516114099735899
irene,rest1_vs_type1,0,Rest,Rest1,2,0,5.028125,2514,5014,7198.018279799648,2145.604199931375,181.57019129426902,39.66802297519229,19.470285695205472,17.371972907746525,6534.672612605051,1906.6103967151453,159.8449190292029,36.38363745535005,19.11219570694916,16.158859116334174,1225.8141209398627,397.7439770120533,35.316738429672434,15.311410803595951,10.153272455337765,9.366962478805986,892.5926687754668,307.43449986823356,34.0519231251555,20.082757818099893,10.21584941727303,7.082444715277806,1015.6231083995997,332.6313521607854,38.33441093901334,20.863547522093736,9.824713547159194,7.559442212284481,947.4917714685658,284.1583497319595,32.67026044278043,19.041723947085753,11.365154167773099,8.535289526849525,1090.253820437375,305.4641999424054,28.231377797392412,13.861502242391245,9.580141571679157,8.618364860132422,0.9991163734454495,0.9974513425347459,0.9804681751858053,0.9454319212168218,0.8315762235074059,0.8983849754826356,0.9913495319446565,0.9862519891840429,0.9118016478493838,0.7855217821857706,0.6721907014569626,0.739541962872607,0.9923912320466969,0.96984088680512,0.8332272044028441,0.7528173755028729,0.5409958470712608,0.6088041065705329,0.9876702573487074,0.9719894751541612,0.8308747508608423,0.7504190723708103,0.49329082518904477,0.6253515595687463,0.9777495531868157,0.973475048732602,0.7917348789189801,0.688527687867538,0.45731597569969384,0.5569325663070478,0.9838069437392744,0.9811229400695114,0.8031887440243795,0.7133770678335348,0.5676631370229901,0.6938936643082594,0.9887312101078524,0.977522111815476,0.872166932017173,0.7084428282863876,0.5926790174200722,0.6800594196741888,0.9929410939962054,0.9665113910625253,0.8261431035104596,0.7128311163989348,0.5791179331354186,0.5909126770471494,0.9906552403110659,0.9728525300474968,0.8460011149708981,0.764122251504244,0.5982632631612461,0.6085348554561537,0.9820422845112277,0.9772889173696716,0.8252192665676026,0.7325699878251347,0.6203384215056235,0.627609374434884,0.9893577093601379,0.9884850876472493,0.8640291452380083,0.7896336191044687,0.7248725303718395,0.8073367861395123,0.9910729202552909,0.9696536693936357,0.8716297317599219,0.8392246504078928,0.6291532640620654,0.6548778947285394,0.981230114606222,0.964857407218726,0.8178095463650417,0.7506600829574356,0.4898473411534627,0.5863451454335997,0.9722820592569544,0.9615320336567801,0.7617003575845215,0.6762156300279759,0.4867164358366572,0.504139089455247,0.9710579172139306,0.9579431815701335,0.7305717749137479,0.6104217509974469,0.5339413295811571,0.626688196921535,0.9971900187047208,0.9950588731416448,0.9435325284344828,0.918473727798812,0.7744083723876252,0.8841133725201006,0.9913457009237203,0.9851724880073319,0.917867726791925,0.8426502813234986,0.6569851406528859,0.7662685895665022,0.9851661737663991,0.9685181128726259,0.8100243794841389,0.7145288370953918,0.5770516855262589,0.6223753923098806,0.9961680299486869,0.9916052790011377,0.9585171066482209,0.9385322883837003,0.8453251613200029,0.8399032187659746,0.9899421742637408,0.9757840934826686,0.866266719240221,0.789787135160811,0.6477637513886153,0.6377341288210449,0.9902476666032363,0.9855304394890485,0.9137604385391402,0.8589814265193939,0.7921840506606795,0.7099005641359495
irene,rest1_vs_type1,0,Rest,Rest1,3,0,10.030595,5015,7515,6632.521484058313,3252.5479091535713,79.62520755334211,26.356263735790318,16.10368305788042,10.945942139354083,6025.99285426943,2899.62584274033,67.09922426761044,22.55215001893064,12.941753703448484,10.13374035016874,1157.797490137393,567.9207370321403,18.62698773558001,14.83815415288875,10.781345986548141,9.072151791027963,805.5874324440118,444.9374841117925,16.903167919587418,14.986163625658145,9.163443311157812,5.907484430479916,911.1744877210778,489.27123147911834,18.128686402570843,15.862492895460866,9.289563794433686,5.874064501480533,828.2352460562245,425.6730428702508,16.18689866575412,12.834793064099323,8.53312333720023,5.796263850846945,967.4475549485326,452.7612521268444,12.944517444562324,8.932025392863972,6.608179364009023,6.811102335396155,0.9981917447499568,0.9984201001034392,0.9685487797001319,0.8960468543514762,0.8760969475608202,0.8980395821818309,0.9884899874570775,0.985779865275636,0.8466521297622807,0.7330399253793577,0.7911511536538777,0.7823244394919598,0.9804995522403587,0.9714650567499636,0.7231854859949488,0.7135940479240972,0.669092120727595,0.5292263856965053,0.9668835557974408,0.9728542905858351,0.7139315779136679,0.7247732214516762,0.6311258854910756,0.5317190301459009,0.9590134844675289,0.9675069779820242,0.6654021650948445,0.6213326970614436,0.5638733544912454,0.4959095760435094,0.9887267735272706,0.9830814048545752,0.7563857414877033,0.655518277406007,0.5994632486012156,0.6247703763373363,0.9809730175880197,0.982598458484024,0.7616526057814276,0.6664417483766122,0.6719744703474694,0.7283653583222983,0.9862107315779074,0.9693700322303289,0.7127258113482295,0.6398333245609102,0.6553650455267559,0.5719087525053659,0.9769231784275649,0.9734146072003362,0.7374796206449689,0.6937940015117724,0.6723562320748886,0.6224896786809246,0.9712079015322796,0.9712834741333917,0.7066275693659356,0.6847442299644221,0.6651202165609518,0.5605630093896437,0.994157498232615,0.9893726309527924,0.8406101839961023,0.7526708529502493,0.7078549378273082,0.7176855685692749,0.9617165092989111,0.9817267492164321,0.8081343918285613,0.7104558328078744,0.6984185467746461,0.5650103316161708,0.9434426098169059,0.975175475762171,0.714900343403295,0.6782729128581002,0.5974645337036404,0.5431444718002307,0.9288899726506542,0.9641245640548274,0.6300172273375089,0.621864843966369,0.5250099581820492,0.49308098329193645,0.9680350946380548,0.9668601368472934,0.5908115592184967,0.569251645121106,0.5087856458747028,0.5985423656649712,0.9954060372268185,0.9938651419052777,0.9424171836909212,0.9302657389245681,0.8507322551178801,0.8434302241054422,0.9904636010330168,0.9868826657868331,0.8597553617029787,0.7896619221151392,0.7151521560534809,0.7076755559852251,0.9908426762264435,0.9674308207898672,0.7179565602996867,0.571943173439635,0.5582537411162184,0.5783204228054295,0.9971910873904307,0.9950408095463814,0.941822850426725,0.8761016190080475,0.8658848444165027,0.7844161491393853,0.9875609426107358,0.9760468096410896,0.8015284755243414,0.6405469868347339,0.5574059110311966,0.6287285260461023,0.9826470394312096,0.9822923872586862,0.8473786156152551,0.716033894229965,0.6585007686260689,0.7043090349110172
irene,rest1_vs_type1,0,Rest,Rest1,4,0,15.045616,7523,10023,6951.65423630217,1833.5457200312167,83.60859410001808,22.638005821896428,13.277122264955805,14.790785150061774,6454.55255303138,1586.958998174376,72.30945503595323,23.15700820254567,11.655018241746921,13.313587880579218,1453.7198971697494,437.4482080886879,38.11649431998878,15.871750449653955,17.548336730579397,27.528989749338503,882.3321736267918,276.9353336014938,38.725128319983625,26.55534212364767,12.831555798186828,15.55867593317189,981.4443490725447,293.7689270839125,33.048031577514735,22.688155405208345,10.292761402358957,10.565614998564367,921.327535421714,236.70550795588886,29.77704780719146,23.37841505423325,10.965099649316674,13.622045817402961,1093.5177174760656,286.22473313636226,26.231934431748545,20.10137968396036,15.740028331812235,27.306428512860194,0.9910655867511357,0.9842732676038013,0.9769294190227917,0.9426496081355331,0.9235152676309824,0.9160495892938164,0.7937251705542767,0.8296370716484518,0.7288036709153658,0.6386348246780938,0.6166181773387795,0.3969787928209914,0.9383134293063033,0.910682702230056,0.7100126734622257,0.5845396167704926,0.5554255930203811,0.5955941390437479,0.9782584932334938,0.9200172415125916,0.7778196383744981,0.6278986072207448,0.6217086920335401,0.6843485339186072,0.9762242026503686,0.8968912537160464,0.7706505271628392,0.569564389201561,0.4853940971325751,0.5730848863298085,0.9277421093829936,0.859515458832311,0.7757329972700819,0.5183835567695425,0.3474583115656485,0.30866305485789886,0.7213312228779273,0.7502792614735583,0.6821378047172503,0.5439383864792565,0.5011654919319914,0.38594966562440475,0.9006121662607742,0.8774567746820259,0.6859907749583551,0.5649311884246953,0.5092872098990541,0.5638471641038983,0.9646926049318633,0.9231311243536334,0.7773461223424867,0.652380061881473,0.6473817691316193,0.68319767066177,0.9775206702830342,0.9273937489031364,0.7934833613866866,0.6397252775073967,0.5804807504486936,0.6494168492073793,0.9467529258087529,0.9220742314291508,0.8262875521371662,0.6525331458340016,0.3967963319865457,0.28984222153070915,0.9304362312317535,0.9002550105411234,0.8841217241155427,0.6764208163817756,0.6223903567297033,0.36567160445514624,0.8436240315649787,0.8038655122561356,0.7979820123675834,0.6307508728605986,0.5442601176589295,0.43796361787433524,0.782707862386419,0.7306098297671406,0.724803626479964,0.5698087450558762,0.4382430287943058,0.42445336656808386,0.7029777190061098,0.6093754015866154,0.6659530058679295,0.4132099295083148,0.2770476669973772,0.32599663487551933,0.9784281429224094,0.9707569844234843,0.9519936446131299,0.9227765470019824,0.7690000282968301,0.800718662788882,0.9475949016441563,0.9189956340390292,0.8844605565806305,0.8175517817594339,0.5544595046218574,0.6393324807418187,0.8956435776698672,0.800046466417564,0.7256766567326005,0.4863373265157626,0.3859113094851737,0.2726940576360601,0.9916233643877929,0.9803132331045775,0.954840678706188,0.9207736576265303,0.8280696935821474,0.8264641037098255,0.9554089152224433,0.8881047047158759,0.7963220416608523,0.5991155950224911,0.4368121863677989,0.23200580220388128,0.9748414806077971,0.9452330049200776,0.8381730763962398,0.6618634186511869,0.3837216458955236,0.16752018772834634
irene,rest1_vs_type1,0,Rest,Rest1,5,0,20.046649,10023,12523,5278.971629177889,1834.5100879255592,73.95698857342086,22.16999524662548,9.086709838976756,8.367358703634086,4868.327512952089,1683.3701442752683,64.61025214486803,22.50576564223395,8.849638343206225,7.5868359192703485,952.0841822773082,359.34722020727645,27.307556281510646,10.464179656475476,5.713870225053924,5.762264967933208,679.2613240042192,281.9127896032095,26.71018284688359,13.555454257880415,7.602560045049522,5.6494756864096205,801.3446492318512,311.3614222188034,26.374048114535153,14.567501791127633,6.563940567653624,6.3653828582139,753.0126537066766,282.67852891421904,20.79789646277812,14.845529042446243,6.984699748892638,5.97723131934815,828.5287148375394,281.6704453516601,16.84585968040609,11.51655450959331,6.238961235516068,5.609064262427007,0.9953705769824435,0.9953367553223706,0.9815278539836718,0.9660016585922717,0.9474826677232974,0.9527983206573402,0.9543198996435852,0.9344159890524995,0.8866302537754189,0.8185630316789094,0.787980206720353,0.7830518680634413,0.9904526864750324,0.9336489415749255,0.8468990976398152,0.6907285500056606,0.7501271615418883,0.6891704260242641,0.9951426416938061,0.9320302347288207,0.8623144027976716,0.6871698764352393,0.800653957030792,0.7252345045454514,0.9929662771553017,0.9294277679525847,0.8541203609495387,0.671195434408907,0.7825818304138215,0.7120546353846785,0.9654738744028695,0.9521869913339013,0.8074206276865133,0.7158082141613312,0.7539150370301531,0.7538404698354192,0.9243902833815921,0.9064705009237437,0.8293433602731447,0.792986725972146,0.711931414470022,0.7617779757473412,0.9793656778338078,0.9273646271017646,0.7999764085486825,0.6790784515799374,0.6801329482829839,0.664478192626452,0.9943592937821997,0.9385570099381478,0.8486994062205676,0.7169447442056537,0.7901965977579584,0.725583617962346,0.9973285416710924,0.9407731424603943,0.8750056395752104,0.7329445067996602,0.8212618147160237,0.730510411956338,0.9848232461659228,0.9688477902981751,0.8687189021498197,0.797279022796139,0.8228726039666034,0.7946357795096444,0.9733848340669095,0.9352027477721263,0.9145709834579456,0.8668325039136361,0.8376052544501265,0.7787090749982699,0.9446725704701301,0.8867011168842482,0.8466175784152845,0.8130096753111337,0.7964672480569946,0.7489050877323272,0.9258678705246597,0.8634602486264922,0.7712159625265527,0.7571368863307487,0.6866163158320902,0.695090509045628,0.8590037164027438,0.8509470211489022,0.6462587044022791,0.6900107050337468,0.5804218385250273,0.7274385450434031,0.9928032335301649,0.9820984581386795,0.9483860358067832,0.9285545941509884,0.8891926764921045,0.876389110623757,0.9833005491680975,0.9624086031499547,0.8632683703589301,0.848119088464563,0.7518604345052078,0.7845270840583464,0.94160584107306,0.9150904752310575,0.6825822058693928,0.7027412444237885,0.6299480455561948,0.6890515664811638,0.9964928720532584,0.9894796445927733,0.9327600150972855,0.936760097281549,0.8569541415639572,0.8792922244475176,0.9720337212887632,0.9489849729588429,0.7738879871416843,0.7704414759931915,0.7220239791991497,0.7557689805648589,0.9831911106438648,0.9618819972032262,0.8964504447448327,0.8394924693789553,0.8694850646538083,0.8127056089319179
irene,rest1_vs_type1,0,Rest,Rest1,6,0,25.077465,12539,15039,3492.9406262281273,873.2497366256531,32.31428930429895,18.674901486310475,9.564347363720481,7.262106589032485,2943.144712749048,794.5892489727759,32.27719325671717,17.116399838683886,8.082905657373518,7.431667131536699,716.2933930536262,198.80710900870443,16.071056582249344,10.492296990550994,6.135550662906023,5.027006889397751,494.9028154433421,125.51041017348825,19.648880769569484,13.409409971439974,7.3113678469436065,5.206590194469105,520.4878653492603,137.36778524949156,22.574716379880442,15.038364740084813,7.581816678462934,5.742211677272806,423.6029208571249,115.25456639536104,17.87500889104636,13.000871970764644,6.814940363727397,5.09495607589234,431.62997228184406,120.24621437064849,13.451625201078654,8.967238405660536,6.3890921362506825,5.007342743356633,0.9984318174324892,0.967382403540303,0.9488195545290801,0.9629030003284577,0.8812074107168654,0.8895903831969292,0.992233617851233,0.9051229583647328,0.7645956270884078,0.8130044270200759,0.6544281958099563,0.6761851603389631,0.9894808299124792,0.8740656352579308,0.7605997832400136,0.7409428379303306,0.5348745436557808,0.49227538387699293,0.9898105756512097,0.8660035465070239,0.7039486733685444,0.7164162478957655,0.5293269115189603,0.47351079860631723,0.9856591344170021,0.8440186161098908,0.687417558533445,0.7008568375680956,0.46029231049148855,0.5732694207830605,0.9806433674187162,0.8487213598680459,0.7704752978525125,0.7484105190896303,0.6067126979939468,0.6970090871545618,0.9859548863013216,0.82495425434876,0.6808810379445449,0.7580463608583649,0.5903356946008588,0.6560306878655051,0.9888303147555645,0.83086709946037,0.7194295570622778,0.7240385826046749,0.502788192039192,0.4877261995351038,0.9920428157888245,0.862751490714246,0.6979369112081584,0.7325129530591791,0.5626854034583769,0.49769002282393165,0.9910745219349116,0.8840038448361784,0.7438557589052814,0.7508872443200857,0.5561284772080706,0.625052682932836,0.9885319053921796,0.9276640645091367,0.8850975012325485,0.8215431722282415,0.7451345115399439,0.7716904197130348,0.9879058068339196,0.911322928569598,0.8126698107024357,0.8047320445007629,0.7414997317525481,0.6260274514077367,0.9802620889649857,0.8091645475330705,0.7006609817039615,0.6865295589722018,0.6355254619739117,0.5799468317621571,0.969818365307885,0.7411762065748322,0.6256850382063034,0.6530878266400789,0.5511077786431968,0.6318589409968787,0.9580976976475291,0.7187553487193103,0.5861079379186499,0.6309081587167256,0.5757604450553491,0.6776804253026457,0.9972145251782351,0.9493854550997214,0.9563093022634346,0.9165540743417033,0.8302255385440371,0.8427016348402222,0.9907279800821195,0.8737429997769172,0.8422091848210964,0.8195889898487715,0.6361760417729923,0.7293800019510478,0.9797824473798605,0.7474732321988571,0.6834831345691817,0.6605759632421088,0.49403219725035685,0.5121015715052513,0.9963546679257146,0.9610455016137218,0.8930891998843888,0.9225433217149916,0.8013000134663273,0.7818134273198667,0.9880570573952908,0.8164679422562733,0.7143173238367342,0.7640811276477388,0.5878148750883324,0.5532749980475875,0.9956427151327797,0.8982289539012136,0.8502090417686639,0.8695124701319513,0.71399074872771,0.7090135645841814
irene,rest1_vs_type1,0,Rest,Rest1,7,0,30.091634,15046,17546,863.7398601215308,425.3878604736708,23.6704687418475,10.937155691240118,7.039875440111515,5.719327386207606,801.274529291656,364.8569562658476,21.184445551519413,9.68083547786109,6.407182630270009,6.227499559696231,149.4079782010357,93.46057744776195,11.593575272350614,7.859835983263613,6.105700584242151,4.692904199914612,113.7916044101411,85.42067208757919,14.929226783761944,10.655107183516126,6.282713884240003,4.636574168431392,126.75347446370405,90.85390863102279,18.25615228248878,11.436318105596127,7.057865724792035,4.432142649683611,119.9635894494127,70.9365682084417,14.802815561218999,8.526779126178411,5.466211432392266,4.495504191517845,138.4403547806159,53.510940537303604,8.63417301559966,7.056702962174977,4.495548953227434,3.801507437790767,0.9964192095071726,0.9917462090630875,0.9168923580466339,0.8586382248080725,0.8143240876422502,0.8585281987230481,0.9794540418798802,0.9375460129547126,0.8184808965114382,0.742513737996705,0.6462663460744451,0.7233829839260508,0.9360166296748039,0.83328084778077,0.7105812229946227,0.7190645795215851,0.6193071120764088,0.5720923455086476,0.9406973635726213,0.8754721517048862,0.6994150791656665,0.7057053580119089,0.5658088640951509,0.5450486540133459,0.9550079199080242,0.8962512359874097,0.6747135005097535,0.6656283439216909,0.5756074020937115,0.5665788582723825,0.9877465993457492,0.943009906475442,0.7899917064444946,0.6559754129517297,0.5464735782097466,0.6401967675416711,0.9722598078422937,0.9045037992571469,0.7030043648178188,0.5834093061108823,0.5618254192649423,0.6677192776787968,0.9191083322354334,0.799524817378159,0.6563515788681461,0.6183656401875559,0.5471692084360569,0.540001866406832,0.9402033371427341,0.8616231970150663,0.7091940516072327,0.6639443674010286,0.5704706238025892,0.5571228450286055,0.9526710950098055,0.9001360853016572,0.7505128760801913,0.7494809980163326,0.665808373656214,0.6507362936982548,0.9888369601936358,0.9611275329140323,0.8567369372890619,0.7065232112925097,0.6695570160023867,0.757537027285283,0.9633154892561354,0.9392845334078717,0.8519641238386411,0.7977908891254704,0.7112390932147243,0.6486004658359203,0.9623039805758586,0.9225293908281345,0.7577941737230856,0.7406057833647263,0.5431375462766834,0.5533958635675646,0.9593743342877197,0.906391194980218,0.6907707062418087,0.6093109023804605,0.513572812379262,0.5437218524859715,0.9545566163639525,0.8507521578984814,0.7104461609648751,0.5207139498006844,0.40932002506771104,0.5608205583443683,0.9749397271893147,0.9682730455090538,0.9012356699047563,0.9108790848002023,0.8133270307579602,0.7584145337551829,0.9665333305738101,0.9010259557276059,0.8049703908791214,0.7418849061745421,0.722692726734026,0.6695265108803965,0.9285359806933173,0.782803152785875,0.699085117857622,0.5439346955611478,0.4837929623683073,0.48289131833212284,0.9864513732647296,0.9560068143405622,0.9060018865552447,0.8483126117987781,0.8296632473061216,0.7988452906481456,0.9409059495929254,0.8677836000244273,0.7730657825821892,0.5845297252714808,0.5264090138092198,0.5524365418524921,0.9630651467211848,0.9276041047760828,0.8563003780455863,0.7336406711486917,0.6712295570514962,0.6730005495253347
irene,rest1_vs_type1,0,Rest,Rest1,8,0,35.10759600000001,17554,20054,3245.21529003306,1160.555750932425,60.393788755882824,15.085573663130898,6.669131485734773,7.644592503402687,2822.8499545787913,1051.112955611776,54.8547336252957,13.547759512077029,6.126227602525173,7.19873966215182,797.2675211947718,251.66208668065846,20.38428313292809,11.198877463333234,5.700613893646407,5.600606282879198,498.08298854972594,176.9670607109573,23.128524469429404,14.710750387828202,5.839233769128632,5.270837669581174,523.0546960892233,181.19779339916022,24.738164624342332,14.923680017045223,6.117551111036637,5.6037931551863265,436.61773042924153,156.17512831820443,19.535533448030044,15.613228397495469,6.253404128358574,5.585289675028071,406.1985351306876,151.72446168221992,16.090234222775425,9.780595519519268,5.11052864458595,5.394911074753513,0.9926073790994688,0.9866913891963799,0.9238297440916673,0.8843857912619041,0.7398327142622374,0.828851872719714,0.9547075017787016,0.9295439243948758,0.7566938826398657,0.7896539842007355,0.726773001853402,0.800740368490663,0.9594947437256609,0.9623031985853114,0.6924211777472097,0.714566072530751,0.5503692175152943,0.6416773229096774,0.9666324028032683,0.9396622069324473,0.6758964931988796,0.6754225527589099,0.5416483307465011,0.5964683154496693,0.9630716774795743,0.9095347381404675,0.577472691682033,0.5960866120668981,0.5565071465177067,0.5878936532653936,0.912157226906479,0.8532433562214125,0.6510545780564448,0.6079681905705724,0.5607290423140653,0.6766204418534489,0.9157924412530911,0.8734523492175992,0.7005805752104622,0.6964215970524511,0.6085578945962887,0.7043803838268459,0.9381338211769524,0.936605934288417,0.6482624070120215,0.6792702801431193,0.5165075310647828,0.6092070741317582,0.9581505588887137,0.9353676350281337,0.6766832619992587,0.7017511348488227,0.614178098785376,0.6156561214838668,0.9711013232954082,0.9306869604051478,0.6592418179657207,0.7037366948193636,0.6596570121701865,0.6652349288974618,0.9485185506464179,0.9082778056324627,0.7759441590525448,0.7622708383082727,0.6882457651973543,0.7714393773906938,0.9688406528068686,0.937911887085149,0.8075349359991353,0.7922581875379298,0.7040390966427718,0.6943086230378707,0.9447262000926123,0.8782141450697551,0.731256287742965,0.6623499658668823,0.5600460613921938,0.6187423752646517,0.9008815758453528,0.8162436059953405,0.5768775385478955,0.5265695199076412,0.4740141807318102,0.5788952674065931,0.7796618130196141,0.7044557775886697,0.5343445527889837,0.4595541567889702,0.4461472518577991,0.6782826647105167,0.9914473842501894,0.9771395189414098,0.9395717114462994,0.8987980148730059,0.7913251205111983,0.8602260010891372,0.9624419593801052,0.9298864612460189,0.7885459892873065,0.7417556264133384,0.5863335457143956,0.7529343327162492,0.8287048169988629,0.7880471741548097,0.6198770451643647,0.5712708287620739,0.42411314634815805,0.6154158784662358,0.9840196891038712,0.9698108634109418,0.9100406604435431,0.8907144261104508,0.7777569902407244,0.8539482524468741,0.8702132253749667,0.8235046908883381,0.6904717905252755,0.6763676242131186,0.4635696028486188,0.6770403125666825,0.9268830700698265,0.8821606312367062,0.7849325306480835,0.8261332148910306,0.6347973408558794,0.7202597065473758
irene,rest1_vs_type1,0,Rest,Rest1,9,0,40.12515500000001,20063,22563,1913.8958921827882,714.3419344539669,48.83237484690168,16.266806728891957,7.831950583496737,5.248321575210594,1700.4722699221536,665.4460798265557,41.2375917263756,15.544142583404524,7.279827200728827,5.126860356426686,401.1630686171022,121.46713059412178,21.603379829050017,10.581767398837615,7.341697021968991,5.01476781609527,335.3956756426936,113.91273182097474,32.491107773256104,14.707705781685307,8.76500236591089,5.348658609005918,364.52552575032377,141.41915248514564,31.753482810128304,15.177032370279573,7.791056979733255,4.710294641713538,306.9998443690778,130.32317224252586,22.64819561673176,12.586195422780497,7.7487530464140315,4.939281035031674,276.7743471782973,115.88599312694559,13.601080151598813,10.00351714554732,6.327417653859144,4.576804610951686,0.9972786445633882,0.9948195324669737,0.9564604612363994,0.9067979683862958,0.8124607103165096,0.7907250310794446,0.9894934427723303,0.9587930971796709,0.8209881295761043,0.7678568835491306,0.7328904190267941,0.7142188008032888,0.9786192927922531,0.83385436583358,0.6582865829194107,0.6667119651329413,0.703567630396027,0.634494268691073,0.9819501339164846,0.8540614865261236,0.6535231691987072,0.6694063521382924,0.6608374219579853,0.579922520642745,0.9736094565232225,0.8892731319198452,0.681076347635539,0.6428235596689297,0.6204252137941169,0.5519396328552896,0.971135451612888,0.938288036783171,0.7248970529158223,0.6279010309956343,0.6479702682436087,0.534739152012509,0.9827402667140733,0.9462426309758298,0.7664836219005486,0.6564172022815026,0.6358830149927567,0.696311486921106,0.9682831052254381,0.8205466996978342,0.614770807789307,0.5982311900886079,0.6198742027472071,0.6272488699801403,0.9791055522411685,0.8483940304271436,0.640754601364957,0.6586174003227063,0.6599283494636398,0.6347854562807227,0.9748109273854194,0.8907083545865738,0.703020688019556,0.6891324736201145,0.6764304299366611,0.6820380305723426,0.9754383032797939,0.9472368014716603,0.7683774292661234,0.7072982348323062,0.6966399911020433,0.6566915718264522,0.989583968803576,0.9105905326399899,0.8421444213667421,0.813015237059391,0.7827458370824044,0.7002754650408035,0.9831101499120942,0.915550536706946,0.776667410557093,0.7308905806767501,0.690465650412301,0.5656221182329361,0.975219263660799,0.9323564257867003,0.7272158347213298,0.6297018410862016,0.623486824975353,0.5862478876948176,0.964816454096208,0.921134672039781,0.6787426475692853,0.590067373956359,0.6452458085245125,0.5936028940915764,0.9921014212797065,0.9797948415089515,0.9075967727203988,0.8882495066535768,0.8301859795549774,0.7860849987582181,0.9797994801598239,0.9521699710940059,0.7594946822172527,0.7604662904712016,0.7340910207284996,0.745972237169613,0.9477127506581259,0.8313533654828135,0.5957941324989733,0.6188630914496152,0.662710530781656,0.5511557690249725,0.9945812763995917,0.975164594886092,0.9095014104055881,0.8697728388287371,0.868869057959954,0.8240267713699657,0.9658008573372155,0.8703558990465825,0.6915573546469079,0.6921261047680353,0.6889241473032485,0.5811875112790632,0.9769470615172066,0.9323774411459632,0.7846668565016819,0.8182873785409598,0.7310400272856958,0.7389120851667119
irene,rest1_vs_type1,0,Rest,Rest1,10,0,45.143356,22572,25072,3063.044655012929,1020.82290235596,53.499710225273674,16.249326661131835,9.429274412175983,8.530591187180605,2729.69922632996,876.6420498161706,46.65123389612295,16.697018200494462,7.41556750646916,7.461581807686574,589.979096046546,206.42324285032626,14.4987839754062,8.307844603865734,6.60051200616715,5.383580269500072,423.5150127343008,168.52958268674476,17.541083280501116,9.85728595436036,7.263691565145325,5.089767229189243,459.02201750213004,160.38223921726936,19.59229288968465,10.860512542901715,6.50723667759177,5.2995055818568755,414.32485133117876,137.7516777438757,18.120269805250334,10.693023933484932,5.696447765819488,5.346546253769756,415.13658272997657,127.63867428697493,12.251790061144993,6.628152499074762,4.096577880656737,5.334982616077528,0.9992314286297536,0.9952350528704261,0.9757075249809486,0.9075190573233666,0.838063726657927,0.8517162501634886,0.9965572790330736,0.9823632129699515,0.8408211029679412,0.7258988617369363,0.6769852689489381,0.7906543204291504,0.9804774979730291,0.9166032704787124,0.633976970354065,0.6738954787641431,0.5392630003239371,0.5900008556698145,0.9813540976518889,0.9303045489717513,0.6211944653546932,0.7008203124654353,0.5183121838113831,0.6657905175225481,0.980912348726803,0.9327520866202044,0.6524722329919683,0.6481393241668607,0.4530049987316568,0.6204716878169053,0.9915462899592606,0.9707753999107878,0.7615011041362161,0.7328691785441495,0.47734678046781986,0.6417786034793593,0.9947245493564584,0.9699061216441457,0.7802974787491591,0.6451783254831873,0.5805035254708539,0.6513001744173608,0.9799374626672982,0.9030938453390522,0.6169268046331587,0.6544648633146074,0.48751031243070314,0.5646959591472189,0.9820174578830762,0.9234924764164829,0.6258227699874683,0.7011096988237908,0.5277865091630327,0.6875005457274546,0.9832636631652626,0.9310931126341161,0.6565356034135869,0.7197935423058881,0.5241238303555253,0.6743395137358821,0.9942422265754459,0.9799114515036017,0.7538716958070346,0.7941191334370098,0.598741507894071,0.7079322756187928,0.9885962324063836,0.9316941326462949,0.7449739426266617,0.7950103680296088,0.7267192638250468,0.6690642962795466,0.9872334990909821,0.9159436180807525,0.624652322211722,0.7632317850494454,0.6274145511902294,0.6435664223866978,0.9828390572033351,0.9150052092003925,0.6217359933502647,0.672255788772195,0.524095849480456,0.5629019883987811,0.9878272753857056,0.9350162836193955,0.6751530115215834,0.6954409735323202,0.4868612274412908,0.5785562217946727,0.9983723984737547,0.9749172387650622,0.9201519593571825,0.869240676635228,0.8304133253715952,0.7887410943295002,0.9933130720229326,0.9490560568709305,0.8613930906969118,0.7653875061881147,0.6648245706776184,0.7229144326753822,0.981676409319581,0.8923426860668019,0.6482072724027808,0.6928753791076151,0.5016555838357738,0.5844003511458192,0.9963314382228531,0.9818892478084408,0.9275845451235483,0.8857273151180418,0.8235988714830234,0.8174953345164411,0.9859157743427139,0.9358270248534848,0.6658778853584246,0.7964412072259837,0.6165087609202148,0.6410699114797703,0.9911582809851236,0.9486583483900969,0.7910236502358428,0.8573072577290066,0.7037288868835827,0.7491836685131923
irene,rest1_vs_type1,0,Rest,Rest1,11,0,50.143571,25072,27572,3631.9619215404423,1200.986846973,130.83776299504933,58.540803722360685,30.02897015744287,14.502213071531276,3291.4437134889295,1062.303783378805,111.0102814110104,53.760605118393855,24.90102947825958,12.678184517970884,686.682003732018,235.68758671857185,36.64703718229177,22.07240114866054,13.316043646833089,5.810936774430627,508.1328593381464,179.1407508744612,36.01542409198792,25.187401244790642,12.866638056239587,5.564269632570964,573.8556467480809,190.76951435926156,36.75161710159954,28.33498650401127,13.451093977260783,5.517565294909392,534.8454124041198,161.71084724788906,32.36710637737288,25.57135932744374,11.031551558260707,5.055730871257897,585.2134937310124,172.67622786321155,24.57207112629523,17.86637744433291,8.466563103786465,4.720892346300834,0.99915773613259,0.9895621073076979,0.9766749174758514,0.9463699785770043,0.8810505974591945,0.8899283770239509,0.9849489700833503,0.9497313505180274,0.823913212364085,0.7852669435869785,0.740737609869458,0.7603996370906312,0.9870012554403456,0.9530338547533723,0.8078273507352641,0.7502392178373396,0.5773371718728745,0.6283804305696015,0.988922746542262,0.9493996272802282,0.7344455351728086,0.7166007209131973,0.5856689062463596,0.6234335188271878,0.9870392969709044,0.9414828755797547,0.6875227580485678,0.6070650112904711,0.5130317562270751,0.6048270643096683,0.9883349869164366,0.929476365292122,0.7603708859284911,0.6778196251605616,0.571124352813746,0.5935091070439017,0.9789822079787873,0.9107413906403071,0.7583907543503319,0.7122670275542439,0.6560937251458934,0.7380060177234339,0.984632892798139,0.9357839592301678,0.77282654357409,0.7466813321304199,0.5419241974463427,0.653314321088822,0.9877859287478111,0.9483282156973498,0.7544594367506564,0.7811695593518623,0.613690323540862,0.6534094690996219,0.9869614136413536,0.9581153080233166,0.7418148973027782,0.7187739487393848,0.6087064027847335,0.6980184615988617,0.9928537352598705,0.962000268888504,0.8288394972164941,0.7978336556770321,0.7144208052953162,0.6553680628990582,0.9921242190575855,0.9518787187663683,0.8742963672505611,0.823356707878575,0.7648740602214404,0.7470404961056111,0.9885264988879193,0.9175136667780179,0.7223726059134488,0.6848722496188692,0.7113176348645289,0.7082883997517808,0.981708845317974,0.8738023697658497,0.64866130197483,0.5386005153312861,0.6089121530784103,0.6472093828359919,0.9584454413914093,0.8220840083326039,0.6696041745767698,0.5553603957101159,0.5557467713912081,0.656187607741163,0.9979551150324656,0.9742322018949799,0.9111458226005155,0.9175621843806613,0.8859067489711517,0.8011669034578717,0.9938302261452563,0.9442231823466771,0.8318561962564999,0.7933262377749127,0.7545843255830106,0.6947476452640584,0.9765916764545511,0.8949678921153325,0.7524600791042892,0.7200571945787564,0.5769329773090945,0.5700810334160559,0.9977858417329225,0.9840354884963902,0.9476206507451451,0.9272102534770672,0.8692284765442857,0.7920613321616442,0.9835256219805486,0.9316657398052485,0.8308580559309411,0.8401490823245695,0.6638405101683449,0.6650544909322309,0.9862029342280779,0.9689580232715558,0.892421829952788,0.9000932008298309,0.779557330774546,0.7257972474602545
irene,rest1_vs_type1,0,Rest,Rest1,12,0,55.154343,27577,30077,3238.676466354699,909.8728399915188,71.80714185110072,26.84259666468333,15.756812421717894,10.659176242231611,2814.2831717181107,813.9080810154078,62.20899569944147,25.982150900972623,16.956670959393723,9.956606551932035,669.6093539164768,169.3578707950008,17.814394912736027,10.463605875895542,8.256209515830719,6.332488857950294,488.51211422842766,152.12659525087645,23.669654322082792,14.910849970437402,9.62485682896461,6.27921501131847,528.6983450925557,176.75629901600317,27.552309735928308,17.244297883577346,10.272071302944793,6.111912898381418,465.4916578792767,138.93616567715836,18.932294625266376,15.8888663863326,9.63680690580657,5.760853048528745,482.2992815958701,131.9806055520256,12.147087574546077,10.134179504611788,8.865705362113456,5.492813201552536,0.9993732831351023,0.9962275995530117,0.9010046132583127,0.9522778034519241,0.8844888446836714,0.8469227843126104,0.9946654014069148,0.9789717628211891,0.787776576938651,0.8108568564483747,0.7836514508321543,0.6622799512701456,0.9826694523133491,0.9156257473536824,0.5516094301711194,0.7542274407267424,0.6510447612926931,0.6080333063385283,0.9491529742476025,0.8842610424014186,0.504037556213877,0.7460397692895875,0.6185822119728901,0.6286481019933435,0.9826224326117652,0.9223221300563048,0.5384820360057432,0.6812245437423927,0.6918521097237426,0.5975826407256609,0.9948675745774332,0.9777507141968586,0.7540114808050424,0.6818323034861962,0.6994153712214924,0.5786321861166249,0.9932953906444292,0.9754603823783867,0.6652019928047634,0.7840392633948529,0.7381343876108649,0.6426480363060176,0.9813322774011253,0.913290381908858,0.5159316621606539,0.7365289446489867,0.6309602224454786,0.6164881803797493,0.9523089530076936,0.883483121361947,0.5335193282007851,0.7906066439855832,0.6690698856674591,0.6649195638503841,0.9848978780135766,0.926074012657935,0.5750895805113393,0.7723503060690666,0.7936145134132964,0.707327133605263,0.9967635068274191,0.9844293277762262,0.7888641096131639,0.7829451200760034,0.8125357412204641,0.7111930478224363,0.9904707759542698,0.9554862226395655,0.7709529573782486,0.8686705528701921,0.7749802851734376,0.7516337250642966,0.9461188750849795,0.9272879874919546,0.6044265330497964,0.7901751639022432,0.6787954614887856,0.7374838238586724,0.9834294977942598,0.9468562503306251,0.6409434033013881,0.6962536860127587,0.6726010320504362,0.633342842989421,0.992193443270855,0.9691067715419506,0.7023953416290772,0.6181841797956956,0.6176727084114269,0.5862813189361006,0.9618072733603169,0.9716870709141648,0.7954066508185794,0.8645266026934163,0.820458246277467,0.7350308477504807,0.9907335908885869,0.9783172802490326,0.786140832360607,0.7542451173918767,0.7024759090906381,0.6522700672699008,0.9844206126211993,0.9318961542493859,0.5679836909649447,0.5933946061644975,0.6234764140565099,0.5829346192804562,0.9770522881891583,0.9716722938284981,0.8839665556049955,0.8730998978840813,0.8425192787371844,0.7804972517843602,0.954819026251216,0.9114183292017759,0.5899999982304696,0.684168896735569,0.7143014172705268,0.6806143366493604,0.9901296566674863,0.9494247656479538,0.7249847355880371,0.8278378839254159,0.8442061013985158,0.8027902483157795
irene,rest1_vs_type1,0,Rest,Rest1,13,0,60.179408,30090,32590,2218.7672768214215,533.1834806979932,30.91072122670593,19.58068517036545,8.252301272668769,7.327813468292424,1882.2213551570821,445.562500170632,27.95156345662852,15.431653189789285,8.516028354680113,7.319506664033461,451.33573715849633,104.19671187800112,15.227757658676339,14.37660101872397,6.892965161465655,6.112696676090749,323.01293425102136,87.97668389562357,19.472341082726928,19.032513104225288,7.580527657569707,6.031743161100712,352.2875334744646,87.59512302271143,18.98768064901397,18.565539460046953,8.579520046870178,6.4857549975394955,297.8664411258146,72.88343159436197,18.220149556294274,15.764457558157732,6.740413548281245,6.633491032151669,298.0222193739561,71.89898736925672,11.73158656543504,8.55767899651647,4.287791362967581,6.752754845972853,0.9992610433334953,0.9907533860956569,0.862465782656112,0.8015823499455055,0.8001055820913139,0.8312403693488506,0.9938419181106344,0.9483583344123322,0.6062464573721814,0.7896474308054492,0.7367837543232821,0.7688527338272422,0.9765891680384232,0.8752542918481422,0.5728056879794311,0.7300117569833185,0.7252493005346324,0.7749648742070483,0.9745876714722718,0.8716054181703081,0.6272216843340807,0.7337724058119629,0.7339661695179769,0.7488371961481342,0.9759282857137301,0.8931408003339646,0.5775591558822603,0.6095267333621806,0.6780214170415133,0.7906806757000174,0.9933922607194753,0.9567698088462187,0.5636227952651647,0.6106479952980822,0.5371990956901006,0.7118392227617105,0.9926431668526301,0.9220520275938712,0.43782519705412826,0.6489229428410965,0.5859306200985906,0.6945020435562593,0.975667599464047,0.8568700956841657,0.43358970861829726,0.6696443204412249,0.6105042281822162,0.6964409668095046,0.9759514837701779,0.8643223111631219,0.6135385035027153,0.7716269685010627,0.6970801109616304,0.8144772859683578,0.978083395444905,0.8971689241033052,0.692363767020922,0.7751115766672934,0.7602532455997875,0.8290100952259681,0.9945853133057209,0.966907429277969,0.7467455331770111,0.7830047734613098,0.6325354136376136,0.793063039687077,0.9885693109308938,0.920164522368687,0.7379190094680518,0.854567768875803,0.721030544026583,0.7870125802995102,0.9832883326939642,0.867219553320016,0.5117569858130586,0.7667442992540464,0.6743473428484669,0.6298861324163522,0.9822784619746286,0.857543944284014,0.3975991281078469,0.5566367480854241,0.6114274977749038,0.6417077467298941,0.9902467081514978,0.8919101937915657,0.330876178016254,0.541602581072104,0.5383387112689257,0.6489004627838327,0.9955579265944792,0.9726234555339376,0.8063319938307174,0.8741886435802477,0.8441500577543692,0.8001024352960316,0.9920032059778415,0.9371856783782702,0.5666856781254983,0.6613703752667605,0.7185097944061207,0.745804143094537,0.9840378802133184,0.8705630618288648,0.36394430887289736,0.5907614042248858,0.5584957497933892,0.6443386698922178,0.9970183098484648,0.9791195312706021,0.8494083779272895,0.8271726322552876,0.7944429904018467,0.8429918445715489,0.9864520640689504,0.8950780224705642,0.6115319604625744,0.7254216612553339,0.5867151457547316,0.7087529501280763,0.990252589197231,0.9382352834656673,0.8452373659989101,0.8347549584513052,0.7497215372129922,0.8083268878169844
irene,rest1_vs_type1,0,Rest,Rest1,14,0,65.20881800000001,32604,35104,4873.284467448728,1114.2213800166853,60.75049768928408,19.347971987253523,13.339332216833165,9.524688771383131,4392.385730319086,1032.6415508675634,46.31628981819317,16.063129336027913,11.50937152801786,8.751191982376367,983.7152418659635,205.7189505040979,19.435674384636897,14.11008212762793,10.256885547739621,7.457748563595463,699.7728062092896,149.6309684753036,19.967737329050973,15.585972888745463,9.543123593740738,6.412511116306399,772.1763395780752,175.92391164816559,16.868432007954006,13.976768019788699,9.54196739541648,6.503273534109899,690.0046387972408,162.00887234161445,13.549460870188648,11.818270909373663,8.354277451211772,6.733869272431748,711.6894163979794,184.2897736722394,11.8510110653655,8.487564893885484,7.245781881874472,6.59554534879671,0.9988027304689088,0.9940404167086176,0.9585592304114602,0.9334954586412303,0.8396239591164791,0.882965833495106,0.9870037196676379,0.9092568629710074,0.8613779167385893,0.7430566516948629,0.7457722330294259,0.7709562338271828,0.983340834495752,0.844835076270766,0.7708674854592578,0.7161856657034436,0.6188677786279397,0.6507030344526984,0.9883818127248398,0.8483509726121787,0.7699597756684451,0.7570671788921292,0.6667151699527987,0.6638667192546027,0.9903683786308456,0.8670818282084045,0.6829117145746959,0.6954516417186178,0.6364552305558396,0.6683213413162953,0.9900361170322207,0.9163075117349966,0.6975194691098127,0.6443293152445069,0.6324542173911378,0.7033831615765965,0.979140533515852,0.8719136541259493,0.7984851569430705,0.6160354766829362,0.5583196777835219,0.7252535031211435,0.9765755037731525,0.8235713880010908,0.7306816383419756,0.6446907804416243,0.47146327386149495,0.6002811058075553,0.9851072869147229,0.8381096054139114,0.7799117890044942,0.7419563340617729,0.6122865409514404,0.6811283341931567,0.9887807709211268,0.8641334654205898,0.7527716070822573,0.7499111833317318,0.7166377141466083,0.7245113391311574,0.9922336275167792,0.9384361858581625,0.7845109933671852,0.7369547408169318,0.7672679276358527,0.8004773164761374,0.9906674908828276,0.9052411043201734,0.9000658114089678,0.8466015417933807,0.74954215320831,0.7402591795336518,0.9837416136991922,0.8533126618681258,0.8388380052940695,0.7408521540818915,0.6499281754847704,0.713672839540132,0.9795579765086454,0.8506099583608444,0.6753563669376991,0.591087876645177,0.5543543132284188,0.6819639455551089,0.9642745026864444,0.7732530587147598,0.5843958538476388,0.4931031506420265,0.48909120602018225,0.6965000897135902,0.9964147503598172,0.9727318684012245,0.9326218499111372,0.9081138308958463,0.7915000527630479,0.8292200371072584,0.9925833638144007,0.9555163648179683,0.782882371985025,0.737448712603505,0.5939030149024933,0.7173742903492407,0.9729215452085652,0.8147910702892364,0.6033894797146537,0.5648423568400409,0.43093121403528184,0.6104567803762759,0.9983663715653005,0.9746742898382748,0.9077764123702321,0.8750329371873082,0.7931440436453113,0.85939891539858,0.9847547097297508,0.8656608263732355,0.690944469388925,0.6931629172177541,0.569889319328726,0.7146715235581752,0.9891824415942493,0.9026376415618914,0.7775136414979645,0.8605243443545938,0.7962153624598908,0.8371952267366997
irene,rest1_vs_type1,0,Rest,Rest1,15,0,70.20913300000001,35105,37605,3849.625871340373,2229.6150240302613,58.274251203336014,18.636235756943588,9.69719446978344,9.916238950381063,3449.240261713847,1951.0839669890406,56.75833914830296,16.714725794383504,8.944342223053297,8.234254652816412,721.7791294710274,425.02708658273343,17.01506609590446,14.814114182201186,7.895487563087639,7.082569841142493,514.8968847638158,307.58518353004763,15.937932050540887,15.479982426824218,8.00816773411897,7.151109972366455,572.2468859600699,322.97321701377473,20.33156070503075,16.293167213099917,6.97717454579254,6.6366904613651085,512.1562942344756,288.9998244006175,21.42338431071991,13.883200219276949,7.387985625849771,6.1620396915170215,653.0512632592021,333.1681276076552,17.000835422362464,10.285622306991883,6.209191278182622,6.595272105534008,0.9972215184308322,0.9948283486382218,0.9405260424129775,0.9142580605129533,0.8078500703314855,0.8361440225490332,0.9392698819804591,0.9289786069951561,0.6443884352863122,0.7401604979320714,0.7390171726861341,0.7952269552418717,0.9779995940552042,0.9242955923476025,0.697922246079107,0.6681423286362994,0.6056594366143987,0.6360732321127074,0.9863089571313313,0.9576544756485115,0.6112143078354322,0.6785135424638751,0.5830117757945502,0.6948799467141313,0.9874996021124668,0.9652840061824881,0.4919267270412722,0.64461250783311,0.49157263462559453,0.6637924449659832,0.9641796869897359,0.9554214937066221,0.5538180582566128,0.6288833746642334,0.5118075721201778,0.6410211860846584,0.9157993166187595,0.8975619937964585,0.5274623513159434,0.6185908810157292,0.634036004001529,0.6981774748222633,0.9671895273132608,0.8985068785793797,0.7025131706649941,0.6357386951855702,0.5598672950113526,0.6335752809210538,0.98099512848153,0.946105780842126,0.6862609513523019,0.7149939777673271,0.5827595748172257,0.6973104776944926,0.9899638841178513,0.9638756741211404,0.6203638097753524,0.7309497791352239,0.6085823620533941,0.7620962949383122,0.9786925980213059,0.9730960486373313,0.6861153836157684,0.7725336657014921,0.7049624049514851,0.7301706039855694,0.9555209174467661,0.9486522899036584,0.5849792274857389,0.7598231882085967,0.7324288823548455,0.7415946084340705,0.9384525163918066,0.9201605138050476,0.3912953553147755,0.641935978856845,0.6197863046615518,0.7681362332961661,0.9110133794620295,0.8970729161059168,0.2346697935141268,0.5392436112954014,0.4854271542746725,0.6528619716504838,0.831555544426708,0.8294871479932833,0.17482669578379678,0.43784394792018994,0.4610324174830184,0.5946898670394793,0.9938242695104565,0.9800819334319817,0.8575607628078202,0.8676238480054345,0.8119016076179235,0.7893499631937039,0.9768376856470528,0.9498128388097266,0.6634289635565478,0.7476190051153937,0.6192876376916531,0.7147522244826506,0.9255284970334751,0.8610301625953671,0.49541250080807686,0.5399794561911241,0.4927842959915364,0.6147306185913883,0.9913749871406948,0.9851490524335113,0.8710349202323954,0.9134471722434766,0.7571859351201506,0.8141423132794329,0.9522667391202081,0.9237379874105127,0.6422547151148917,0.7215428919988255,0.5739161756971358,0.6805600608082016,0.9771985301405369,0.9581973057417162,0.8175881890707789,0.8506214561144111,0.7004371052906437,0.7962481359553675
irene,rest1_vs_type1,0,Rest,Rest1,16,0,75.216172,37608,40108,4053.018915766716,1363.8228589763337,59.582996053101866,24.169320331518403,12.030579563896179,9.58320817568988,3682.1550339880628,1277.0451448668698,47.87928945865435,22.65672723510451,11.98813573608034,8.986151584010148,746.2891791138327,239.42683556157024,24.75900636762353,17.68783724891836,9.25378983036438,7.010727582242124,540.2642273314171,183.8962705797468,20.354608061247887,20.202785702079954,9.772524724627033,5.818166713037856,627.2537785738342,201.8941974760433,20.98878130831655,18.130172757436927,11.38395152464176,6.407394007936199,575.2417964956693,177.61376175938403,19.623247604580055,15.90190706304392,10.393772227902536,6.497088471813983,675.511253584404,234.92761881290411,14.517090434855849,11.2119390973038,8.67574572307672,7.654003042151183,0.997118964018901,0.9936401933903161,0.9439633307335434,0.8886724110835627,0.9196997597939104,0.8843208978633679,0.9758947902374101,0.9263215308892183,0.7758900718581002,0.8382430299975676,0.8540632151031794,0.774772448898281,0.9851683940048899,0.944064987727531,0.6334560471291543,0.7046915521479512,0.7303487230889565,0.6920446043234652,0.9884548063933769,0.9374984727708383,0.5945702381378608,0.6644240292205265,0.7384740943338544,0.6688734354808151,0.9863774741984356,0.9418299530582327,0.5835629948530847,0.5829919576828904,0.6945637422149403,0.6541094360197685,0.9724691731401193,0.9312911955007875,0.6120928685475572,0.5850562704735273,0.6823841094660648,0.6884380961886875,0.9618879002396951,0.8927375244372251,0.6263418221253985,0.701736464489953,0.8341583267648653,0.7079395312471372,0.9773390488431949,0.9294524428364586,0.5853651364396326,0.6412051101323425,0.7334980460801288,0.6928753904008341,0.9871527736264493,0.9304881465762597,0.6419785469105237,0.7247240550829026,0.775872732102426,0.716747502243297,0.9901377502931497,0.9451127708325116,0.6801823908406064,0.7145728551449444,0.7738437256142918,0.7127781172196034,0.9846917962727018,0.9521664281100972,0.7528076244394788,0.7412179798201238,0.776972277813,0.7684041316554266,0.982037499314694,0.9330218958869833,0.7284941766495783,0.8212863581609292,0.7679119069407353,0.7233874818683824,0.9671860725175684,0.8960894145402406,0.53762760395415,0.6970099947937064,0.7429943603038655,0.6514353305367319,0.9458718584628524,0.8677915776689206,0.43915563432593263,0.568065136457906,0.7217382023667086,0.6068216446139629,0.90845759111853,0.8142480798149607,0.28480373418333094,0.4783587667411721,0.6671496234950703,0.676064739664134,0.9941162803714444,0.9890895787749721,0.8374290999734539,0.8352530613725543,0.8753805319629293,0.8010302117883704,0.9806527198957106,0.9702156244622947,0.6989144778612598,0.6757973697650781,0.7521742602987352,0.7453790280929348,0.9412256013428134,0.9057615941512023,0.41881632043946126,0.5479216630555179,0.6197716275865687,0.6611816739857612,0.994669284333289,0.9871388794004874,0.9145513185851563,0.8996009944378818,0.8937124613346054,0.8696822414667538,0.9650369267440944,0.9211755077851067,0.6069937074531503,0.742999738302495,0.7177739986216769,0.7481606155342153,0.9822027582599838,0.9526539299594179,0.732114027784802,0.8281113806551897,0.8370324093171433,0.8138953485986067
irene,rest1_vs_type1,0,Rest,Rest1,17,0,80.230411,40115,42615,4326.96420841854,1281.118091787364,45.98547444428431,15.523536149293172,11.665620709264456,8.82331315527454,3881.3368229596517,1102.910928959517,44.5006797003032,14.0065234238667,9.103830251098287,7.811930535976989,783.7652910963874,263.7152332039564,14.199057792134715,10.584757174555406,8.407416079449092,7.7507404127215045,537.4451475336685,192.0476417682913,19.189680952511907,16.573254590558804,9.0842304770643,6.807104721307425,596.26493986794,207.15409054775418,17.91444412650881,17.44326250884311,8.410095739286655,6.7224796549226875,548.3225180624033,182.60884375282322,15.95664442143836,17.50108879680119,7.869818770840296,7.100655937104896,682.1961789765044,178.11356259976424,13.657226858399197,10.246778615521297,7.376343796777652,7.114380284794304,0.9942913943555522,0.9926918635884453,0.9243964675258811,0.7827903608675318,0.8305429436800219,0.8142329562226827,0.9786189789028997,0.952461859676634,0.7598720499115743,0.7250839474936311,0.7898932973360959,0.7565033673609626,0.9753716096853845,0.9260094350390771,0.7096383051933574,0.6500903910895054,0.6784124268061247,0.7033064189876188,0.9790006995268836,0.9441628988430251,0.7313235479746976,0.6523895714643261,0.8089268153536144,0.7090899061168122,0.9794266034639216,0.9499083013023539,0.6947238206038979,0.5698538332136351,0.6639769322742842,0.6915155268153984,0.9694086118736331,0.9462334537562169,0.643971945376528,0.4944870812813737,0.6670353498621792,0.6950041181123296,0.9557914377928913,0.9198444111112929,0.681686498118862,0.4958728516205225,0.6690236974104162,0.7434218452622322,0.9577116018981461,0.9077881899992405,0.6666055706591387,0.48760984055965995,0.567722978670952,0.6620315196840111,0.9756662066486806,0.934935014605973,0.7688655289138269,0.6026077947101492,0.764606054480245,0.7340996669011806,0.9852221062705601,0.9534563603234276,0.7822814843257858,0.6676212415584052,0.7341350845099899,0.7447077574946506,0.9861296546378885,0.9718739794690728,0.7910417313344771,0.7308959130546365,0.7620900273625241,0.7676369884960621,0.983091106561495,0.9481107744455015,0.659336471873959,0.6820045029713746,0.7610257475987078,0.7319156170885461,0.966812968511726,0.9426186877505188,0.6248647175636155,0.5807595763171381,0.7233268569593927,0.7576712426460719,0.9439600606891579,0.9125115733043041,0.5648109325699282,0.4515474322434919,0.6072981328007846,0.7067905649276995,0.9113663765570816,0.8336260286671582,0.48874181053737387,0.3439378060145247,0.5545071569831563,0.6712297158700644,0.987088847908543,0.985945092381935,0.8651510172962297,0.853231677859481,0.7880094450677639,0.8079810376473767,0.9702843280842647,0.9624209316517177,0.7413160934640507,0.6648598321246005,0.6390946758384531,0.7446373989482963,0.9312687643023887,0.8533056697680294,0.6092327416990186,0.5059090006507463,0.5491967389242646,0.6555556881408828,0.9903103285941942,0.9831422326490319,0.9102885247344983,0.86491908134063,0.8594336676189549,0.8692677299108821,0.9564274931849385,0.8853208617570694,0.7257228299871757,0.647902246818263,0.785207319629438,0.6939382586262616,0.9823585828572731,0.9332269536653713,0.8468715231778017,0.8170729923315643,0.8851374470880782,0.8160716727911999
irene,rest1_vs_type1,0,Rest,Rest1,18,0,85.253685,42627,45127,5257.30474998226,1456.9045260868313,69.77711538109631,11.387794448212592,15.196700510048268,9.68895444596986,4646.646750900811,1275.1453854805914,61.74233661794306,10.465855005190704,13.50698106740238,9.330735221407485,1024.0588327768278,281.31343170666037,25.298117915417674,7.020098154658732,11.385647608900081,7.275065365967004,759.9853070949856,212.93345898924022,33.323832859255674,9.770428123687326,12.783225541385812,7.1491507851880804,842.1372371912938,222.4489034803332,29.83584556149605,11.106777971539813,12.796292839840403,7.006602405273075,700.0951615158426,193.16407134228066,25.724309039423453,10.885287285031499,12.075691528803747,6.391903211373209,736.9649048522314,200.72457523240718,20.793339158652074,6.416099854800715,9.769580003770614,6.556489325158875,0.9992399506907983,0.9972866225038213,0.9558247380233718,0.8161188035240222,0.8795868400591917,0.8528792159610855,0.9985302808982093,0.9900820475142107,0.8273462690868565,0.715351855549157,0.8579277298207513,0.8790524365147353,0.990639078941145,0.9684821250054205,0.7236238483609239,0.5560397050828779,0.7509517661521563,0.6114690932023812,0.9923590020176108,0.9601298386153228,0.7239950609889962,0.6252535299851879,0.8063746028197377,0.6415214572129904,0.991447869761715,0.9485661940491087,0.7337614188581705,0.5474441291694212,0.7612047285287022,0.6501505959475672,0.9923644257583467,0.9617379748105938,0.7776430593635785,0.5855307545757377,0.7691501003908259,0.7201649741339984,0.997300144524039,0.9834978256916327,0.7679951211186644,0.603032736243762,0.7677608218216152,0.8145495838548396,0.9894521511203663,0.9676816326161555,0.6817095388381562,0.5034493026244994,0.7007420305273699,0.6143610945088311,0.9917735374408099,0.9641701939423286,0.7241537928636277,0.6360744684235289,0.7966860709802177,0.6591902166017546,0.9928713933199793,0.9568628281250708,0.7697680782594043,0.6138822366350992,0.8142924647066732,0.7033446936149048,0.9946242160660512,0.9736298782934703,0.8409477302692029,0.7077905112082725,0.8318134433755413,0.8155043836912712,0.9909604518611119,0.9741077075528384,0.8947537844279241,0.7250725127659872,0.7938941213925176,0.7018704099342029,0.9907110237222615,0.9598929084381218,0.8283056985330395,0.6399834968524925,0.7916225800087072,0.6791692426572435,0.9899827580925759,0.9399157638863577,0.7942047985852849,0.5207395064919395,0.716836023432913,0.6904677004862277,0.9892679517364528,0.9370456594669423,0.7802895057979723,0.5118793237304462,0.745207688950115,0.7492561864036288,0.9979847961173091,0.9893104598871452,0.9366178552753274,0.8362888677863947,0.8187848398913038,0.8058473156805946,0.995602902174177,0.9606593068438166,0.8558190480817952,0.6040041831782172,0.7951986900950886,0.7759247769251214,0.9813046198722101,0.9496039626517772,0.7468146336043959,0.5300503208350403,0.6977745875684677,0.665111687009984,0.9967884627490138,0.9818607911391618,0.9501644427166763,0.8286897173869369,0.9078529062983837,0.8872836348417967,0.9864727553128613,0.9535138808726843,0.7953016861252218,0.6768864059891607,0.7823895973083087,0.6898297302882033,0.9882076492498797,0.9656078599935668,0.8881451008088297,0.7394136162684525,0.8599984789301995,0.7923312959555461
irene,rest1_vs_type1,0,Rest,Rest1,19,0,90.262191,45131,47631,2315.1968038244213,795.3271547874868,44.196174806402894,12.835301993053031,10.089205592137343,8.945650333046487,2025.3679203817537,727.2039568784526,37.28542481439528,10.303702405100063,8.341561792642178,8.823030913814678,441.96075099510284,153.59681967112707,15.006546719565238,8.444181781970002,7.141705490641579,7.513134039430407,327.5682113421296,120.29478297507164,20.24854864369454,11.614051776467841,7.6023891283193,7.787436021622531,367.1425678596086,134.49345172231588,20.93115911400588,11.765464422733723,8.682914821946419,7.206315020692057,326.642686210064,112.62136949245061,16.849284662344793,9.909070291291743,7.918285714168046,6.481359903291815,326.5437301366255,107.02750169284606,9.983701056499621,6.002481230418088,5.844344650408652,6.6585490895287185,0.999004077678907,0.9947681041549246,0.9694490528626639,0.896830949451749,0.8649708129325623,0.8703839194114783,0.9962260142012921,0.9545986045830658,0.6436671497611368,0.7625137089114311,0.838302827722657,0.7731625048874695,0.981703479344722,0.8393190967945304,0.6024418329143237,0.6825763876630101,0.6688517213671863,0.6361200673775669,0.9840962048186466,0.8701429619105456,0.6929359625039568,0.7019102592600619,0.6285371043817942,0.6498749995536363,0.991937905727697,0.9089171630218247,0.6961410434529544,0.6344993574712218,0.5391614917439334,0.6611546203594968,0.9894961684147109,0.9753878954157497,0.7534598933404604,0.6252217025601837,0.5683909057078503,0.6131456994158669,0.9931644646996703,0.9420255423312145,0.5774644637993378,0.6581077797126852,0.7014531002070731,0.7443639756556965,0.9748188856700389,0.8258054827627365,0.5509902495607204,0.6099970331157414,0.6347655622655111,0.6022520007324839,0.9784886665684671,0.8596719229002359,0.6648608310445011,0.6920242955882756,0.6485594179364378,0.646509705661018,0.9879956751947431,0.9049158164344713,0.6954927793606229,0.6997861071750586,0.6483802904961365,0.738569679770884,0.9891219632638081,0.9708149777991468,0.7920737791930531,0.755431928611733,0.655990424122516,0.7500487840286189,0.9914082420170991,0.9281627343636628,0.7761443426957715,0.769518517796126,0.706457739421068,0.6749219207531413,0.9906619300626502,0.9255831808641501,0.6595266613175568,0.7115300731957827,0.632544242791092,0.6154371151327002,0.9928830179550042,0.9346462177429103,0.5759213513480356,0.5999608035673482,0.5033278413964247,0.6118378978002261,0.9891496781370788,0.9514048008707846,0.6124884399532448,0.5552870881259045,0.5337436357978085,0.6141668307782221,0.9971304946138315,0.980345717656848,0.8874127706401043,0.8668424078734004,0.7807102694913868,0.7236935178344847,0.9906209630312421,0.950837271908875,0.8031137444285328,0.7506456061408652,0.5932632137636169,0.6947544873953261,0.9756278198504443,0.8797592074518428,0.5707285716058094,0.5152623130707583,0.4940909821307013,0.5853474524366378,0.9948200502935105,0.9730921614175398,0.8960623325407706,0.9082870902962021,0.7832051189768746,0.8275092162527946,0.9811921701543849,0.9067122697729162,0.6341226452333104,0.6023608387101247,0.5371299798132929,0.6477557502179704,0.9855997205218509,0.9491735136766553,0.7676883867363663,0.7366351910406977,0.7157519284756341,0.7963189860123815
irene,rest1_vs_type1,0,Rest,Rest1,20,0,95.281265,47641,50141,4452.62267200506,1348.1630265116912,65.59753744400736,17.658994105464814,10.708999400456799,7.963890305071622,3852.4207933066236,1160.264321207148,54.57276569572428,18.712283747458578,9.345535318895918,7.899719226283472,947.1377287562184,291.2144129817053,30.033931656855618,12.561415866296118,8.16056063180619,7.411180766738124,601.8517532988593,206.3642532096186,43.61764740153165,17.92062142729439,7.801969258143572,6.228427320121655,639.102260904278,230.9719268436741,44.43399104660618,19.97066266383795,7.618045768017934,6.187223929812795,542.7050732443352,203.10261996662817,31.782984298259915,20.455491318721197,7.690700640654781,6.329767896926014,555.2611330758666,167.28958137737865,17.974670768096487,13.52817073273913,6.7148185305547425,6.653399355282214,0.9994449059183657,0.9956362574838964,0.980814444535314,0.9439069074802413,0.929360464331207,0.9199742324031966,0.9916398509024477,0.9667069061611813,0.8766538492095556,0.7919639349804412,0.821614515481181,0.760721683862713,0.9852967047944855,0.9520806887346436,0.7524114708737335,0.5557928024392617,0.6366536796037873,0.5349148006501673,0.986799795197891,0.9515047180859759,0.7613710088287748,0.6958032460910063,0.6952568503201191,0.5694481077282362,0.9893086565284576,0.9547029064291187,0.7693148392097399,0.6411242803456759,0.6426538491610162,0.6030424133057113,0.9909730566231608,0.974247256064944,0.8354687724514566,0.6456760672329322,0.7380718708204772,0.6591733111516336,0.9879844622451462,0.9495390488941963,0.8276313687330127,0.7180929026717481,0.7337036766232176,0.7338916639451117,0.9841359740039964,0.9487581659657782,0.7193461697342245,0.5306575005263341,0.6004470542697325,0.5462781191885402,0.9866773595774229,0.9553092749154217,0.7451573557855071,0.6888499239566288,0.7185382602921317,0.6061156536296449,0.9904902708168547,0.9611643577786844,0.7677975937339229,0.6824021008868535,0.7009596679494928,0.6815841649485371,0.9937673581079697,0.9856679938415251,0.854173152983107,0.7468225516157633,0.7964609148688838,0.7470736926502984,0.9884040682546789,0.9656218891858108,0.8882420776476645,0.816046905713632,0.6757070437801859,0.702967872475048,0.9854734895125778,0.9488585763206665,0.8270875866403167,0.8267716115820181,0.611263204328462,0.6838736529740981,0.9837757850468681,0.9415826329236108,0.791343657407902,0.7209716037185484,0.5375838867072861,0.6486925070584065,0.9779657050575521,0.9324859617598406,0.779595832016799,0.6090448348124292,0.660712480142387,0.6995181092150954,0.9976913255932142,0.9882040678279692,0.9618413458058421,0.8804352026395705,0.7562172911400242,0.7977233822031419,0.9936053335276519,0.9767314547179733,0.9081922645141075,0.780752696680061,0.676278186176047,0.7464102164386971,0.9847829519221379,0.950162733629792,0.7844711815865735,0.5486040839128935,0.6279051454493493,0.6382791057789509,0.9974113716168985,0.9929117063803825,0.9709348025828748,0.9170034207383203,0.8838049386826856,0.846661710388128,0.988732303230746,0.9680079715122192,0.8367480066566962,0.7109218368022917,0.8105962647809288,0.7065835513047277,0.9934866002703472,0.9760736940930492,0.8906141566210527,0.8075112809517605,0.8318905637378744,0.8192971785468958
irene,rest1_vs_type1,0,Rest,Rest1,21,0,100.307744,50154,52654,3163.345773493882,951.1620345410274,31.836517998777666,14.190102972805162,10.549565714911244,6.272044560185212,2850.1909544572873,868.1905665262252,30.93473786480034,13.760007156509541,9.034235980792586,6.118953325605497,596.4348049932564,167.33702604308905,11.481829532116684,9.782844306787071,8.642363992154928,5.94290570552317,460.30907028859224,138.8538682829141,17.536662614459335,14.931322297163929,10.70311308177082,6.580121215512942,502.81479024187377,153.91679538969325,19.108417897310982,13.98251813034789,11.605906323321943,6.116456165268558,471.3003823893192,140.06723897991,14.708483752875804,12.688539501166398,10.20123871147205,6.129655078510627,443.1676104759967,140.32548602530176,9.377089276745918,9.117649813603842,8.024746166026993,5.930312668759036,0.9983714417308646,0.9931281827662338,0.9540292793656444,0.9373579572155357,0.8188185053717689,0.8398536668001116,0.9949390163780477,0.9455216936926721,0.8546322157920837,0.8462023745415722,0.8072020795940791,0.7550693693564805,0.9798131441142529,0.8829155334908263,0.7330354303978657,0.6985500576937331,0.6711470567052096,0.6642075424512404,0.9724705163006971,0.9320882562617612,0.7772184419881341,0.6932992694219957,0.6915541771384734,0.5825819321943687,0.9714699719233977,0.9234545464103121,0.6954537859305796,0.6990401266448695,0.6258822962789521,0.5708873057761147,0.9907114997285439,0.9594606466700142,0.7208534028210117,0.6756526109353812,0.5955894648772748,0.6239188473057543,0.9939789350137348,0.9248063120768752,0.7899326737553091,0.8113716140732831,0.7558026900168018,0.672460174002788,0.983420627552646,0.862591751075644,0.7175219101875204,0.6633127302876913,0.6714164179735388,0.6430508552269141,0.9772037292619445,0.9290236421535913,0.798953759046681,0.7085927478817595,0.6803287013029905,0.6069151459126311,0.9797984854153641,0.9336947370544906,0.7502141588766795,0.7496462019363804,0.6620370517495581,0.6593819222970504,0.9939877442271415,0.9777403499895229,0.7903844530999148,0.7906213033080046,0.7195060858396967,0.6899567611908674,0.9863863028623742,0.9583083852486762,0.8613055698021823,0.8128131001103537,0.7791369500664064,0.7567504807570415,0.9794429364182639,0.9402660181420741,0.8153955016131826,0.820451620386211,0.7722850713605818,0.68016744760865,0.9731281991453455,0.9117749458767817,0.7089077258310498,0.7733350860405547,0.7012178833335571,0.61160111256417,0.9894297865133789,0.9025579952439713,0.7176474245559109,0.7233245446677412,0.6666242763394048,0.6452113086568291,0.9964606150111447,0.9612026707708773,0.9433639937887325,0.9198801564635338,0.8429525572838674,0.7603939278838665,0.9924859992982965,0.9150803067883778,0.873641377329957,0.813647009501925,0.7419220993431794,0.6693354237329946,0.9873301671735232,0.8553788305272196,0.8117188862673353,0.6608685004038612,0.6309094372167922,0.6659234047650641,0.9929550406856015,0.980500390355314,0.9292574430657362,0.884299791569637,0.8568363812557497,0.8277897203284298,0.9831275952797099,0.938826832552454,0.8625431916922418,0.749372400756881,0.7039636101887967,0.7261682039359619,0.9854332644468157,0.9643799894594685,0.8882935901936078,0.8832361295760027,0.7883614832063606,0.8303151117663555
irene,rest1_vs_type1,0,Rest,Rest1,22,0,105.318516,52659,55159,4914.906439482634,989.5603037982581,37.22069708508912,11.909975499009523,8.236750454082541,8.187169225454927,4269.282140830619,842.2959771756921,30.29901577762454,11.590238148594775,6.860905900601256,8.28581788838435,923.933142703571,190.12259446613794,16.355109611819167,9.68473272669002,8.001700961191641,9.052739875705472,673.2409647050207,158.733208897466,20.762412771360093,16.398849001683736,7.363104232216836,6.761483697791049,743.8086316809165,172.65522590595532,18.637885126707133,14.47138264713765,7.4294142841608695,6.293513111377722,651.7709786638593,151.9269182609869,16.110407298877117,12.47309977225386,7.680556958213109,6.288442003356462,638.3897237130262,137.17887345403022,8.636121908881737,6.906339636859751,6.361689910357502,6.333851516432838,0.9984726198196903,0.9949806626625703,0.9280889947037749,0.9411659946662072,0.8988853231722918,0.8747985440857662,0.9926875453686227,0.9679516959195318,0.7091345708569075,0.8270583953208936,0.7647682469193131,0.7061267265587371,0.9784724844768954,0.9429414687869273,0.4828621705323718,0.7289306466746158,0.7362987225041238,0.652935524834184,0.9781763930568497,0.9481598539064441,0.4859006416369689,0.763604713140406,0.7189160060932712,0.6436133134728877,0.9816338928913363,0.9368581048743845,0.510444668361998,0.73806111927697,0.7003626551191167,0.6207621197894224,0.9878998551759195,0.977875810465378,0.6700774471527093,0.6816711826732081,0.6142902959994071,0.6584444509050499,0.9934681642471498,0.9470245296817299,0.5955432656570379,0.7436012754990063,0.7129584993423921,0.6447303186267833,0.9805452964807517,0.9268493161036389,0.41793233669871943,0.6781271915460199,0.7306326463023496,0.6686864135063949,0.9801079486756592,0.9410139353010328,0.4353543831050229,0.7445442061031385,0.8031063726646004,0.7128510806921687,0.985695692383425,0.9333141923008592,0.5100199520694847,0.7402994320292577,0.8295151673896493,0.7306567601038174,0.9907765707437269,0.976329544445234,0.7639506815772426,0.7486695068982476,0.7429229752345158,0.7293287793898756,0.9866579925949979,0.9702441081458145,0.8076845457770059,0.8502003186385709,0.7460264196126677,0.7186005397427796,0.9842853837559642,0.9542455097804673,0.7188039261187397,0.7943307405022152,0.6776494261320156,0.6428624108759586,0.9854470985706053,0.9386536177850482,0.6302923181362676,0.712043170319847,0.6471173041831539,0.572068601619016,0.9800812717739978,0.9539076970147594,0.509416650342479,0.5893740030651645,0.5395823814405635,0.610728200987844,0.9988734052768616,0.9872154677714415,0.9104247411331727,0.8924526393178844,0.8614696418811414,0.7672009567673744,0.9950763275265694,0.9702792468742835,0.7437044661001535,0.817424593303847,0.7433735484014254,0.7060846693045639,0.9756125695743453,0.9489859350736802,0.43602552852018894,0.6063016738663087,0.5325091606784376,0.6685250740337787,0.9953439768182096,0.9875915662666026,0.8854282176922379,0.9265559428381678,0.9039603078529967,0.8757909768637473,0.9757968978097361,0.9618129551720662,0.5507193549991629,0.7078040377548309,0.7027393683519754,0.703086366092371,0.9874208721828718,0.9701257996141932,0.7311426981435597,0.7730531326295133,0.8467828021905698,0.7891599614626021
irene,rest1_vs_type1,0,Rest,Rest1,23,0,110.320205,55160,57660,2972.9397141196123,1260.0731516721314,58.444538858427215,11.114883750768993,9.523670038959661,9.417906575741675,2496.2021187426335,1052.247171840001,50.405799462867606,11.359236434628876,10.121355333621786,9.524280516356521,585.1805606329566,264.647746727074,19.00452321204252,7.86919298385857,9.059531472189928,8.574782525526565,375.5431986208186,193.97548617722467,19.76446318573487,11.993166639820975,10.227168174075603,10.342010859290028,410.7275471509422,203.43457605150758,15.254506443595092,13.227514318062543,10.182555328186687,9.231611333615458,345.5359335650332,174.68044248770357,13.951440395907696,10.39835923067563,9.924152255444348,8.053326239097967,372.58088496916747,163.03796737781158,9.618824717183612,6.228557245372005,7.5600616010478445,7.2749289907706505,0.9993137324264724,0.9937723424288463,0.948694424845504,0.9014923065489561,0.8558681445431663,0.883507219027834,0.992644396343878,0.9538180210560139,0.8177439627562029,0.7374886531403672,0.7589552823688666,0.752434874548096,0.9847973795022268,0.9166628628832105,0.6816074595295718,0.5431785435490796,0.6744416402435578,0.6393797529066343,0.9878728103136245,0.9127666861965134,0.6763912909818782,0.6741771279187219,0.7270904164630514,0.7230811536601732,0.9888488193429047,0.9380781725060667,0.6224233633944366,0.6074819502652972,0.6574895998365327,0.7547265224503218,0.9929735140783311,0.9660688048912218,0.6564342674712759,0.5313175334812987,0.6069869397922127,0.7024652578717175,0.9903972157597312,0.934093064813879,0.7580340678332097,0.6206963464816727,0.7266965668991314,0.7142631321878945,0.9832748584609122,0.895788970124531,0.6709843265801029,0.5105146919797738,0.6622939711615327,0.6305761163176229,0.9883049516475985,0.8981100105688601,0.7265508421254644,0.6835864094307779,0.772625463629716,0.7543702500487701,0.9898672280621245,0.930447846077199,0.7303121599752831,0.6927175433147527,0.7710283431700506,0.8119826966756043,0.9953403078496406,0.976474858515414,0.7820489900406837,0.7125154801835022,0.7395035776189063,0.8069875484414684,0.9959604737540305,0.9558286083807048,0.8954983277510834,0.7546950925530668,0.800528684283017,0.8053314445061731,0.9923999814839443,0.9514956410843208,0.7561067007061533,0.7207720773050416,0.6967513762336428,0.7337997208532647,0.9912567869500402,0.9560986723685313,0.6226793663639917,0.5666686785473519,0.6776018310288595,0.7057164507331655,0.9861629714300909,0.9111147373012094,0.5547292705818169,0.47246795066627,0.6448850891186779,0.6773900556512981,0.99462098998961,0.9760024931084375,0.8666556160675863,0.8687268271777969,0.7577292842200063,0.7716649883045968,0.9916121002191529,0.9652794284196798,0.7246373401233889,0.7209778080374403,0.681114057752979,0.7355877561764319,0.9813607847919267,0.8784304156409121,0.541793509490321,0.5678099314869525,0.5930632700850638,0.6856040114070906,0.9958312841713187,0.9831111624692918,0.9050847923192343,0.8745653275594224,0.884712413979084,0.8809783170621415,0.9885954832909309,0.8837407081165806,0.7351409065363919,0.6795558524479258,0.6963050370699991,0.7527096251367209,0.99337193374173,0.9326253691518815,0.8523490162642228,0.80174142165491,0.8147088274349166,0.8235867242367604
irene,rest1_vs_type1,0,Rest,Rest1,24,0,115.326255,57663,60163,3043.9610551309015,954.0686857593873,35.09812304322893,15.775856260065943,9.72572615904966,9.462750905794794,2759.683233195458,806.6089831616072,26.37982720888158,13.184516150641448,10.043893696252397,10.169823129618132,848.8368507037346,262.1663928681686,21.38421101695122,12.447323341789325,8.839233180293153,9.605310752094539,434.1851304523438,179.7143525269592,27.62800681373105,14.716502712428184,10.713993463659898,8.466254272746257,423.68767800198566,166.23339384740387,29.17657728719783,15.855764796658757,9.815398262233181,9.308052286780738,366.74008622122483,128.7981377375769,25.311405108403864,12.670241723341189,10.814498606683147,8.552675336121284,498.73413808415773,107.2153295316019,11.228542864185894,7.447877836647832,8.432596299879604,9.780800791133904,0.970792254159352,0.9827540150510643,0.9124910646811903,0.9150657693925994,0.8716103101044272,0.8953995934038266,0.895338170158268,0.9373874814172594,0.6940279162315566,0.6200988163578413,0.5876362987458038,0.7439780730860579,0.9727170833548656,0.950153854144889,0.7073511235992012,0.48515945967556634,0.5860977480804509,0.6780156265872006,0.9896857509628795,0.9556701799609535,0.6798360792508801,0.5073715662433782,0.6588899146537488,0.6232318302434866,0.952486236484047,0.9404140175956816,0.6410830419681263,0.5461420178755586,0.5805947665545446,0.6231256373523023,0.6534214737580569,0.8607062904368202,0.6958000562787399,0.7276397619631808,0.5942584438926236,0.6787940918033101,0.7759758773298135,0.8768630639720185,0.4833348665785828,0.491590579456911,0.506059721316865,0.660032347169077,0.898318798872392,0.9141303840466412,0.5624096932433164,0.4253498702597701,0.4875657316376252,0.6556141551400991,0.9668616721558085,0.9424801618481389,0.6000543411669427,0.4659197262587987,0.6219395644793405,0.6386542456707728,0.9856131577548043,0.9511671335295497,0.6209279824829931,0.5322380876285172,0.6121141642943421,0.6609920620272958,0.7751523073132099,0.9231565561408097,0.8006342143300671,0.7617062167633704,0.7311507128373158,0.7150985371218452,0.9581847331947668,0.9433577944051772,0.751875481367706,0.7212225376037223,0.7081088070404833,0.69266047147223,0.8743473003335261,0.8961146596759673,0.6186548749397666,0.5452498005888339,0.6471673027598467,0.6832559054910248,0.7473322790938252,0.8377932039908877,0.5150902403519687,0.47611696802940656,0.5244865576053745,0.6444458721111825,0.37819764509485604,0.6898518334551526,0.3414500298595849,0.4705712702151896,0.4461491391155681,0.668981625009893,0.9722878032075526,0.9816188627483009,0.9315896697488402,0.8220029804667767,0.8071507953504222,0.8416026264042231,0.888486269949991,0.9453642765339187,0.8301843009999995,0.7421334627814401,0.6704046640269038,0.7401341383043136,0.534397884483746,0.8073175004612726,0.5339224771472577,0.5578297121913907,0.46077372751548307,0.6428926532948169,0.9688727217979108,0.9852278590929286,0.9378023061322593,0.86989307121497,0.8596692713300864,0.8486045537732764,0.6751246569318651,0.8774230052786819,0.6415983989401541,0.6214370438003977,0.6318787315284214,0.711681881382176,0.8113805279077785,0.9350732159772424,0.7549686418454316,0.7701471268728147,0.7988745988390272,0.8169697987697887
irene,rest1_vs_type1,0,Rest,Rest1,25,0,120.34767699999999,60174,62674,3623.475385910383,1414.5157956666806,38.8276843604623,15.769734840380936,9.492692262975199,10.510747378988968,3243.2597082775383,1248.8694718512668,31.835160921400654,12.820509064446577,8.647646709586446,9.489580833868294,655.7647872471554,263.3628640365971,15.54726594601619,11.202109985184974,8.489295363786903,9.403885941167427,499.11345864501266,209.70445344972012,29.994296679487064,13.766614092022216,9.447467815646286,9.518333473103858,557.4839397397308,241.25663128357087,31.293883594680747,14.366774312753334,9.72591458349967,8.930226892303265,508.5282111391773,197.54474679904,26.705969300371244,12.926138094691483,9.008768993628454,8.380268747445012,529.540980945819,179.12382869801579,14.45158756727682,8.540346095214842,7.973462576999253,7.603235335790768,0.9987998675827362,0.9960360150925375,0.9371639206208308,0.9365078128675928,0.7930031117031666,0.88931642834455,0.9951303584134751,0.9816127074667865,0.7177716635164187,0.8054609955679926,0.7519447228484998,0.834529739063816,0.9906734978857279,0.9614395738796522,0.5704821744012705,0.7369062489425293,0.6589673932047303,0.7753749848837498,0.9840024900093925,0.9653058166760067,0.6138116875912891,0.7428907033497255,0.6852016332313247,0.7795972895794685,0.9798989665401715,0.939807416913969,0.6115451282252938,0.6440124290732923,0.6338003514366997,0.7589910159284253,0.9872407240695747,0.972267659192208,0.6467894649603039,0.6870970013439346,0.5773267483590298,0.783959076929131,0.991150318661202,0.9770611539462754,0.5878220658257579,0.7558410445563195,0.600049707482048,0.7512724049989493,0.9928806489031333,0.9594894394161682,0.4918492591616408,0.7213051702706144,0.5449883690451375,0.6935355448614497,0.9889025115627508,0.9699061094042851,0.5748251345571797,0.7248695282849678,0.6487013706537696,0.7641056615088022,0.9863895884408777,0.9540500319256717,0.6297527845510574,0.6747422636363893,0.6940669283698556,0.7927152125202618,0.9922690168211208,0.9818264503619827,0.7443270136274702,0.7399913278239248,0.7178157060988191,0.8411125703706123,0.9835605953748779,0.974734631705242,0.8393485680419916,0.7818160464366095,0.6991921431440666,0.8047840632597353,0.9734326041465953,0.9712127162400954,0.751956826651836,0.7402590215547062,0.6014508231672286,0.7547291463874196,0.9695858001002094,0.9435702993493603,0.6538738549723687,0.615279830345653,0.6123821390636839,0.7129760644607134,0.9752890605022783,0.9612600889802705,0.5530498681150569,0.6764747878889045,0.5773461781266012,0.7485148551725754,0.9972497023828835,0.9843932701389397,0.9194271652101221,0.9287503759024679,0.7818912555321547,0.8585833900426139,0.9839383872562902,0.9563064100357259,0.7926964588445994,0.8438553849895404,0.674519345508933,0.7861054322319972,0.9876957457226841,0.9542994880195138,0.5835348988739435,0.7420753327716731,0.5057181887253076,0.7524439560198979,0.9900061354446152,0.9813561822956357,0.9149602956566417,0.9123516648256914,0.8314055302149634,0.9183171641122146,0.9903259985898881,0.9753184349683189,0.6954402782631435,0.7415198262344812,0.6517354854915787,0.8289120567149749,0.9937119167986633,0.9759199247794779,0.8081387826127517,0.7657134593034627,0.7930959420960574,0.8747896201733169
irene,rest1_vs_type1,0,Rest,Rest1,26,0,125.369952,62685,65185,9784.80883357555,1693.483696097567,70.19395447306542,16.330091343896736,14.835236147733445,16.107944792260902,8658.621277763326,1476.6845965711689,51.30605148134275,15.242955699776662,13.296091231951461,15.436806303451725,1794.191614211554,324.97484089695973,23.73012185952416,12.0195697179832,13.652720051625025,19.979881149140603,1245.8046338617205,252.32194711327142,25.472056787183316,16.437902790149828,16.458103103823554,13.682759942711234,1399.5677159710626,279.1840383610051,23.561465096219692,15.270217476638951,15.467692996283418,12.971405244506247,1238.7832124511347,242.11251808320335,20.65645628392437,14.021990866869821,16.0002256272725,12.668667806333124,1428.7914561226287,242.95579011211285,14.477050340329097,9.717483355140185,13.727526121572247,13.565998404292076,0.9961176389665739,0.992232706797521,0.9654858441054959,0.9268660748971501,0.9466114403163635,0.9310529128868356,0.9769107028561707,0.9604063026135532,0.8104153492345862,0.778542581857384,0.7969808889703387,0.6834538009794375,0.990656270699164,0.950686364251193,0.7282753816209733,0.7294233496325822,0.7143572841613097,0.7222203778550816,0.9896201786391187,0.9487775422974002,0.6401275649419197,0.7490298867634021,0.7736335065078348,0.7924227948275621,0.9797322304138475,0.9274358037009676,0.5594789331575578,0.6836210989353197,0.7186022753597114,0.7380536992742356,0.9565072035277981,0.9401208475258385,0.6549092839968239,0.5977242294517403,0.6193220914019286,0.5744626952983809,0.9589910648371154,0.9324212833802548,0.7420313344533771,0.6746223656817758,0.7226116960579971,0.6018232912645358,0.9868576686149021,0.9422064800168977,0.6889884547331635,0.6606838873480996,0.6550500625150212,0.7055596462232876,0.9925407753553532,0.9560142774081019,0.6646763855360371,0.720178187981312,0.7518218246032398,0.8072872446675209,0.9881890272785339,0.9466203023255555,0.6046351269426525,0.7274266647381445,0.729972119706935,0.7946621133916566,0.9745353830796314,0.9676599987155114,0.7342816936488993,0.6722610280748121,0.6440730197438274,0.63533876669556,0.9802089229814124,0.9648232835091415,0.8558854101953839,0.8475300386897715,0.8240924296440278,0.6494635387520498,0.9625308829518985,0.9261919697216101,0.7159431238549435,0.7867641782967423,0.7760649900477714,0.6708857590721814,0.9426884948908335,0.892392558961958,0.580222792650777,0.660911303744563,0.7042871107742158,0.6391424635995968,0.9066103057203376,0.8720562394403154,0.5601228225063759,0.5214278278578768,0.6256029921952273,0.4546048031223267,0.9958621732377998,0.9820813552225909,0.8679560725308215,0.9401186644847659,0.9083605123830221,0.8813450721416025,0.9869215923967385,0.9588515880091637,0.7121812487877693,0.8359837535843264,0.8089835869276143,0.7964423398783322,0.9618261910914296,0.9176457634173071,0.6281135532191782,0.6166421827904782,0.6395946359203024,0.6300973407773193,0.9958671910826483,0.9835753291627549,0.9224309160135056,0.9075483382392954,0.9267944915419715,0.9215452514885734,0.9781762724148063,0.9491901134644254,0.7563711248368442,0.6848927142143658,0.6837166209711156,0.6439383291638728,0.9886373137749747,0.9684877710000066,0.7984482532644528,0.7509206297163779,0.7250591887142953,0.5807838773590894
irene,rest1_vs_type1,0,Rest,Rest1,27,0,130.379197,65190,67690,6240.728900359676,1641.2329150175788,68.55034422008832,23.60156516181631,18.84829204166995,13.619675997865816,5999.915606857325,1484.7461175288374,53.09405778557528,22.522740685813833,15.318047430257518,11.83109633515525,1364.2712701353034,342.38680733812936,31.20925441954021,20.02205578176992,19.02296039672711,13.693634592374096,819.8178944075848,227.81821311077587,24.234788619727535,18.072263065336386,15.288774880035055,11.084137743845414,924.7409907071382,249.5976836945556,25.49884093404537,17.596212117602573,13.73422267430305,9.815660480223329,807.2450391314753,217.21798297274233,23.204024827042797,17.596063362771986,11.712606794924703,10.352926186307396,1009.5154802711556,228.46961700437103,14.38020537168655,15.985657081548815,11.90043382241101,11.539545433480647,0.991707538185663,0.9879611408453015,0.9407680725140486,0.9210151059101594,0.9002930906859661,0.8656720130909616,0.8756290040908142,0.8497676682860974,0.8379923224330842,0.8305061540018583,0.7848304246154806,0.805160912877121,0.9666100271356554,0.9319275369557803,0.8348808981395042,0.7901420946138253,0.7090479847623948,0.6701049768891901,0.9823863551802119,0.913986360416102,0.8017226090367771,0.7529896654205441,0.6805551162185008,0.675657233577584,0.9678332812275824,0.8815874177463044,0.7556454865818185,0.6784394033059168,0.6615373006801996,0.6071077106856956,0.936127273267983,0.876552532442373,0.6379315360107748,0.7280949524816969,0.5756632367734894,0.5896515524538974,0.8185732515952181,0.7754973964785027,0.7439964455783034,0.7421837227312617,0.7070912903649507,0.6790861119564774,0.9353805059423087,0.9059738230360863,0.8264365177338997,0.7623385150710743,0.6457303877967664,0.6350763551847488,0.9751268365151732,0.9187900727180105,0.8696924086858135,0.7950031947203641,0.6592165079117305,0.670880822752668,0.9720232218368139,0.8990603059134933,0.8679557454754452,0.783395134511662,0.6664852572584143,0.6663761574797252,0.9618232826460541,0.918571830329802,0.753556612423312,0.840194979968288,0.6448381766707509,0.6761422388552851,0.9434171247125063,0.8737833733628761,0.8275421081344156,0.8647188904706061,0.7703318103012898,0.7496075206196442,0.8596101567648224,0.7653451735008749,0.6858780630642058,0.7175646546731199,0.6403633706097316,0.68401355324772,0.8300081976084198,0.7012233737035307,0.6171505288521522,0.6256990347776533,0.60511797135287,0.5959904357472666,0.7447295918054478,0.6320432549719459,0.5505589305173212,0.6878838081553242,0.5651128190348251,0.5333441056730341,0.9758382103154556,0.964677847338234,0.9108246730348537,0.8957547711104124,0.8811531004232123,0.8798470547217946,0.946805524079403,0.9242880298703908,0.8036418632104881,0.8116800338200488,0.7896890717664136,0.7472802194204874,0.8845532703435075,0.8498737281772134,0.6964817882122134,0.7163559570519185,0.5731342842457311,0.5518132030411179,0.9773795252063455,0.9850560443014992,0.9381355471088595,0.9430258040342332,0.8600332172760785,0.8743531905690474,0.9461477834959683,0.9307325805831276,0.7884113325120052,0.7520756851950913,0.588217258805794,0.5947347665744045,0.9766562784633651,0.9553005950241037,0.8611383168379229,0.79160056979132,0.6812699877676319,0.7147874882792571
irene,rest1_vs_type1,0,Rest,Rest1,28,0,135.388351,67694,70194,6484.998800211812,2809.776807873849,87.17209209416689,42.46389251408105,22.41776769349675,21.24786515755588,5875.111343369144,2433.134719244246,76.38195343085454,36.45223639980803,19.508638206216254,21.595762046794945,1238.8445097712597,561.2772537547352,23.60617224189244,20.938237622424687,12.418108480671538,13.665664667820735,854.2192659270393,381.8782932759843,26.809206987459213,23.10534580179659,12.29013865581218,13.075073136811723,942.4392145250202,400.711871748675,27.934067459734006,20.052079577493355,11.197092351502233,13.095478898097774,838.6421842709505,344.16981530865485,22.96408052320975,17.031027583733955,10.74353656172076,12.327110052154653,883.5304056902596,344.8696665625616,15.445753290502548,12.032249432236235,9.422301331283672,12.339989026398303,0.999244896023206,0.9971062049568332,0.9744712975949078,0.9501436639529937,0.9306271471706454,0.9407249371075405,0.991121000895495,0.969903249484992,0.8319914926826432,0.8286887862645527,0.8022370868192141,0.8329906503129708,0.9856293833095174,0.9569391556193154,0.6843627714554126,0.7434382325945152,0.7077959670758834,0.7725484214304049,0.9923394195008667,0.9544342111825013,0.7419968516946109,0.7675355275224645,0.6708835029466564,0.7457734941013984,0.983585205459383,0.956292004900821,0.7055318600831336,0.7524956162098757,0.5660664315029371,0.7015240675306308,0.9846697805573513,0.9661349545864534,0.7993050057556387,0.7387314213125551,0.5526744242570014,0.6803692490858086,0.9880057069766047,0.9593131035405987,0.7635222694632188,0.7201322797621935,0.7719184985370094,0.7720270750335022,0.9855613267691109,0.9524517415445596,0.6357504887231492,0.6986633085084616,0.7001590159748681,0.7417827438925708,0.9930504873637692,0.9561438141541482,0.7213556885897713,0.7680724013960563,0.7054827564594915,0.7393072507745078,0.9863559647948684,0.9622969996169186,0.7153310959468129,0.798052263156051,0.6320309822048917,0.7366198146253619,0.9883708973662996,0.9763355340733502,0.8358865513225904,0.8069493526655386,0.6482676836894029,0.7525256933689819,0.9887434728562104,0.9743607036771614,0.8452281728427046,0.8938868067714721,0.8244167831252167,0.8284461630522622,0.9891197454835677,0.9562308593320454,0.7966388914598882,0.8450351415880997,0.6669426630676913,0.790161296264862,0.9759090236737465,0.9347436283776636,0.7195508492856929,0.7421724191438132,0.6035320319620113,0.7519560179794339,0.9647597977689385,0.9115761815128075,0.6493833220876353,0.6714332585811917,0.5598975179608231,0.7328787328089539,0.9957604271159118,0.9902854546926207,0.9249934038016228,0.945166116791952,0.8520263491791031,0.9171148649745249,0.988671155267623,0.9749481096977293,0.8495075603352962,0.8524570045638595,0.7590251538193946,0.8629971034442746,0.9703597346526592,0.9400095860759587,0.6821805899088016,0.7355911883387216,0.5746884011963884,0.7519544737316889,0.9952476230720313,0.9899777873509273,0.9525243863917447,0.9299099121116271,0.8818869612564951,0.9254490639425792,0.9852766240748397,0.9578443013485026,0.8237095446544881,0.8209015830934244,0.6501575795165511,0.7980172841077008,0.9889572908242185,0.9783682444345058,0.861199734875089,0.8794826495025686,0.7659203995680188,0.8829085014566791
irene,rest1_vs_type1,0,Rest,Rest1,29,0,140.407253,70204,72704,7230.201674972313,1879.8806817145078,132.97253867153518,22.64050517690893,14.077739052734398,10.436903377184002,6552.4858733084675,1644.3017226601357,106.2231122675409,20.98898473072266,13.186157721971156,11.063198266933448,1397.5917915219736,376.2133481939062,37.203420572464935,12.043784032367423,10.95806626902874,8.617984025786264,953.4444989639511,269.02943608126645,34.258776545974584,14.584613516837116,13.22629024077606,7.5048100905745505,1053.8271549229985,291.779649361715,38.435062536160956,16.591425176062735,12.473167790731134,7.303601068425318,935.8804746850086,277.63536106586525,29.435901063061007,14.872183157659196,13.498884378656351,7.39767580167546,1090.0769393157566,261.2760505823227,21.452843779774916,11.834650492284132,10.96772478899105,10.051672421402188,0.9989240115510049,0.9915517472837075,0.9624425187810294,0.9458501675707548,0.9196051949104603,0.8777680754024169,0.9919389889959908,0.9229441125586202,0.7767728559342831,0.7418017474032367,0.6495787444225721,0.661813584341079,0.9943329327363405,0.9487987504335234,0.6616965391012253,0.6756061632147665,0.6320375270945162,0.637806515681913,0.9960443686668286,0.9703798975690183,0.6879287191827668,0.7158435836219689,0.6634305960244575,0.7085404318375637,0.9904603619407552,0.9376479346356348,0.7360729253673695,0.6830995836767499,0.6468731222115434,0.6590861944690557,0.9873280124823077,0.9421123241593123,0.8152842200881845,0.6771818068494662,0.7213823889725473,0.5704030068829309,0.9866225325795902,0.8781228651814491,0.6917032377613936,0.6641093924984964,0.5832493958504363,0.5396187856658426,0.9909633176652863,0.9237267648603935,0.647215917654757,0.6464554622199724,0.591573786252935,0.5554031848181363,0.9946030778328748,0.9636540306148148,0.6886195397392648,0.731210866938169,0.6578782841274147,0.6775136097980891,0.9925759231649226,0.9394802281584747,0.7543804329613106,0.7429281616307882,0.6536992623082638,0.6843394998757433,0.9920462796450421,0.9708379507236071,0.9002737271497944,0.7831526880149242,0.7997156183679689,0.6394315450711026,0.9939629048448455,0.9548785840257029,0.8131737299942638,0.778450785542911,0.76928013645743,0.665972323534673,0.9902144889707462,0.9124570873478193,0.7686826602846282,0.6822993507406567,0.7289431207062806,0.6771319169951828,0.9789144812059746,0.8562675373164251,0.7345457857029009,0.5753422505894553,0.6567555973972588,0.5887812536573037,0.9635822341005729,0.7842614062372318,0.5986231624274727,0.5108503934343266,0.6432242433655013,0.5063295246908667,0.9982078500847867,0.9803504763041565,0.9253425337706123,0.8816196468851011,0.8924503712664723,0.8202079435723973,0.9872973345928205,0.942308850250229,0.885643760144388,0.719080626866791,0.7869803673898056,0.6929337721701762,0.9763445953460966,0.8673225983613668,0.6359976486008467,0.6336309933117302,0.6493925916509227,0.532748746254368,0.9921897814496704,0.9757563607706836,0.9310175125592997,0.864254731219817,0.8950201862424816,0.8595519235886369,0.984787055309412,0.9311780191441371,0.698610066389924,0.7705132153946269,0.74770252391078,0.5992447518734901,0.9868555438190266,0.9363868954554544,0.7807820861107333,0.7997742506377332,0.7804871728788065,0.6870544663810462
irene,rest1_vs_type1,0,Rest,Rest1,30,0,145.418853,72709,75209,1821.7906019887141,810.8526591369805,83.27266898397787,23.287248931417718,14.920655091524324,8.795188174082798,1721.2814740631288,762.6021950287512,82.21781357241098,19.237212903387633,13.043388482193654,8.634123132840145,343.30845687874046,157.85899423497895,27.592110837810587,14.649091696686446,11.372899732010257,6.324315475329381,242.16109812658956,111.84793972071559,27.22534658038207,18.85869782691995,12.489645014615244,6.104621336565563,268.1369816466431,120.24755098164069,30.336976991311452,19.460121703929634,13.575227419892062,7.743616502373984,238.92585780075794,102.12644835251494,26.265766073985485,17.62408179432708,12.71024059769742,7.708416018578524,302.6453892480517,120.4342022186116,20.193294067268113,11.624244210638874,8.305262131731734,7.631337138308915,0.9948613691467337,0.9908484497935341,0.984635445898315,0.9584215083193206,0.9076386562625292,0.9147212957200659,0.9604090955188198,0.8713720185868581,0.8259219942784501,0.7212632807483506,0.671040028933408,0.6937164869339775,0.9697685258410603,0.8967385917494106,0.6863970388207028,0.6128466887147729,0.606999363570887,0.5962310983307301,0.9827060457722615,0.9368028241106745,0.7634036346920097,0.7134357689766971,0.6217131362329756,0.6547751237807733,0.9830398354451697,0.9088344784582465,0.7463393083296509,0.6651381457117432,0.5881356838974551,0.6278958874108738,0.9460724092321282,0.8744816661259576,0.8460564437411933,0.7241647783299138,0.6682912513452024,0.726662873262663,0.9303474709878685,0.8122910461521335,0.7923136364128676,0.649673116094613,0.5760552274753623,0.6184742173713899,0.9479853095013165,0.8533795335842133,0.6840234535288114,0.588796177879882,0.5265903778793976,0.5392603874071175,0.9710936003979254,0.9208842008446031,0.7729483026084617,0.7234320740430987,0.5768562261518763,0.6392934489561218,0.979998129308465,0.91542038989105,0.7781194714964921,0.7150186760899733,0.5766161669324164,0.6510542845453416,0.9708529538414474,0.9176637665261123,0.8938067065625045,0.784451334339311,0.7418839312715176,0.7960596452943665,0.9839282385424154,0.9264392038005489,0.8211008634075074,0.8157646272086211,0.8539641029365919,0.7486167122019667,0.9659808192089638,0.8654429996812968,0.8110214855748206,0.7662975362736869,0.7955460522517851,0.7463224852989178,0.9443029292805737,0.773376389354505,0.7716504312554617,0.6559320914692547,0.7426084601035804,0.7034832594568986,0.83125838456058,0.6112946357772876,0.6671527268386009,0.5721438063752202,0.62963678742425,0.679599803804905,0.9922394907312336,0.9536499720049891,0.9288752767010824,0.9029429817775115,0.8708569940185041,0.8727353564359286,0.9759905277663056,0.8843729416885023,0.8684791530414904,0.8002281124168532,0.7712742620475714,0.7773538282544131,0.874902640170109,0.7181802931879036,0.6862116885428664,0.657951829366093,0.6440928893414968,0.6222640717250454,0.9932451591692981,0.9691175060709674,0.95985925115833,0.9161543113998707,0.8767520632653774,0.8804663311148831,0.9182261811049427,0.8422722694151836,0.793853613242083,0.7795664897181095,0.6689167123662024,0.7084669704910237,0.9452069044919992,0.909997511517308,0.8433818469376735,0.891057543144691,0.7350797361998912,0.7735159049745408
irene,rest1_vs_type1,1,MentalArithmetic,Type1,1,1,150.42440900000003,75212,77712,864.109155392911,260.715324016337,35.986343896852375,25.686326865027635,14.748463239480357,14.246426924245227,759.7788493889184,231.34163216897707,34.885841693865096,25.334455224960248,14.763218255951502,11.821740911562701,255.41068257578632,103.13838945739546,21.81417726296543,12.172985491717824,8.46802665692712,10.042332212435884,166.33112383430412,76.73612180378313,18.453873689429887,13.258450816040767,9.884113318122413,7.62889284502458,176.24222999105467,80.91432572413056,21.712729293275316,14.955706952986512,9.715792283605511,8.033498846493323,160.59202505824877,69.00320079424047,23.196973826339,13.834241253370617,8.171975987869995,7.385584695507692,167.2988942979087,61.594431469454,16.950352239532226,11.354809956587832,6.113433254321671,6.835459378426838,0.9935525040084855,0.9660681815964594,0.8856063309599481,0.9097825544058523,0.856929401718498,0.8833087741888546,0.8999604017687718,0.8507369683377812,0.8549905153262962,0.7285401815519089,0.7659401436345739,0.8096762993678135,0.9234077597129629,0.8677946029870391,0.8278040802242627,0.6739988727520536,0.7230390164241116,0.6471707919926799,0.9231584738178432,0.8214377275384203,0.7627346264426207,0.6403522726617197,0.7044460332493381,0.6561010326950608,0.9044103362745651,0.792308729952705,0.6638488825000166,0.5186745578410131,0.6072469234980089,0.6143879640003184,0.9156897584632899,0.6304677024923332,0.5528212645289272,0.5337443470187668,0.4922503469735881,0.6203514292232054,0.8794196193322907,0.7419852616233338,0.6844317346938154,0.560442610597758,0.6452911657667396,0.721404483059711,0.9064643232115818,0.8322451008922046,0.7647567353920228,0.6300692654798873,0.628567190250421,0.6117267228114172,0.9201293019262091,0.8316193575155947,0.7784187403860353,0.6591002664905901,0.7006799034325094,0.7188740105506806,0.9146859408147631,0.8474800798365972,0.7780047379384255,0.5935913504841593,0.6469719425415377,0.7150618344873452,0.9384599481667637,0.7659682106775016,0.7681244784635248,0.7082253476325431,0.5940870670949382,0.7295237182221628,0.9696516659546165,0.8825842458767651,0.8274282422332657,0.7083049343253164,0.7345902881031772,0.7328808664580464,0.9526768018720025,0.7476067490883459,0.6968341852879694,0.5424984320696927,0.6256271878579761,0.6855537143498078,0.9239893061902081,0.6939481303339279,0.5864968738384824,0.4404744396835768,0.546870033633563,0.6359379927878545,0.8663925992303786,0.4141218777387785,0.4704148881342108,0.3367169112948673,0.4724323485211633,0.6190989553717834,0.9887487694708473,0.9432902069087437,0.9358324918224932,0.891093820206632,0.8288559636176144,0.8420575130188053,0.9448570278656208,0.8858967820290481,0.8282347659982102,0.7877572306232252,0.6799247209402195,0.7322292103571627,0.9181738437581185,0.6091991966718359,0.6129159082884899,0.5747616522025252,0.5001459370747865,0.5879407701009214,0.9764288930454007,0.944801562713957,0.9145074454680516,0.9031948782412148,0.8528191978983344,0.8880799995522252,0.9520481784534196,0.7067798580910488,0.6742421382446333,0.6699009134625786,0.6291115485649059,0.7482383159293442,0.9638752690467821,0.8051177572936643,0.8002839176469628,0.7226312535407268,0.7152767189067173,0.8120838672050392
irene,rest1_vs_type1,1,MentalArithmetic,Type1,2,2,160.84412700000001,80422,82922,2069.3996633041434,787.4636678749837,42.53235572875782,13.89064276223539,7.202254537318862,8.053691619471133,1782.3999796774888,657.9556121114776,31.08750542668878,12.806065757604857,7.280540579297803,7.785035674932801,427.46199013459125,213.4478345821872,24.36405418673724,11.677001995833297,6.900718095597408,7.031499261468428,272.80973173751426,140.21904059383257,15.31508171840398,11.61397568873809,6.729555200841538,6.080095860339009,307.5705160730597,134.8259485935764,15.445766592226914,11.98356152604801,7.074442116233373,6.750787615619998,268.4452009535566,108.46416126972917,11.373990874397855,10.557194624465835,6.744156464884972,6.570103682974072,293.7743290616178,106.9925519543047,9.556633720780749,7.8104692327448655,6.3321128559401005,5.415256966312626,0.9968802738985394,0.9823683856155746,0.8907539049133222,0.8746904005470697,0.8346086848949825,0.8780741597457413,0.9601503350975843,0.8760258959968797,0.7733176699859053,0.7219661696361245,0.7889237812174562,0.7939396402605582,0.9666908311480716,0.9136110476748911,0.7303961745486789,0.7340451601054058,0.580997073850007,0.7492350722953035,0.9880512568875766,0.91565285359538,0.7050162353445659,0.7190354066756622,0.6537012973959626,0.7401072277824542,0.9784354959382008,0.8974395121538798,0.585951985964806,0.6465825847765909,0.59586907400238,0.7073250867402019,0.966463127036782,0.8495448964087245,0.47353927591616135,0.5223735622336428,0.5675736891392316,0.6912257179818851,0.9409924122449489,0.7968725824756036,0.5718936719172815,0.5455055522422186,0.6674962232791934,0.7574285046291528,0.9515302077996429,0.866532377319051,0.6445907713565833,0.6212770676472713,0.4801041672289931,0.7308330806953801,0.9848788376924379,0.889240337879393,0.7169715255304772,0.6813515377672446,0.6292711417891289,0.7405064694779661,0.9837226714848498,0.9204148364537673,0.7153538060529414,0.7148662024500855,0.6524992629263471,0.7409410958133994,0.9803576221078251,0.9167171859521734,0.6584702093002814,0.6862383348452974,0.7152662390709807,0.77223227656021,0.9925939047962592,0.9304152537868396,0.8109915309669622,0.7855820000578916,0.7215811831989107,0.7958683360808272,0.9690458209783134,0.881562266141191,0.6735018712935626,0.6591764262381842,0.6260688431558048,0.7304091065181719,0.9361587510908276,0.769084713721068,0.4789677713637074,0.500794500916192,0.5546910971598821,0.6906906404277166,0.8813454196130078,0.6299394949593631,0.27189354038979724,0.2658627515749995,0.4794951405877198,0.6507723213748419,0.9832028649417507,0.9720140921955432,0.8887660466200892,0.8668174233805972,0.7999780796603548,0.8861336143532963,0.9586174159400741,0.8848757221099304,0.7227023171696182,0.7350786725611533,0.6596854873511492,0.7975363643360002,0.9038702626972003,0.7472187189077795,0.44818047597459004,0.42831087066053053,0.5195050689142402,0.6309979645879861,0.9910511701727164,0.9364341492349859,0.886136935042296,0.9119961665089898,0.796752364363698,0.8735439301366102,0.9554413339557044,0.8076798638376637,0.582977644001362,0.5454769905382579,0.6280917359188218,0.653758625947353,0.9750641095834709,0.9191256009726223,0.7782920251886307,0.7099371275728755,0.8307094503687814,0.741927299272787
irene,rest1_vs_type1,1,MentalArithmetic,Type1,3,3,171.73224199999999,85866,88366,2103.066507383618,836.5617718725678,49.86290872850232,23.54937830042419,10.111513373643,11.659087058295846,1717.811126953474,634.8934047082855,39.611944672505935,21.721363930003815,9.136178754063287,10.143336395448333,520.2863081888589,236.39274787120553,20.837667586885843,14.424358456420489,10.471530726080355,12.032901964168333,299.3087636078158,145.64355140680195,22.7789664940409,14.805338789223732,10.470236749051745,9.89908266805392,300.09711001755613,143.87162813931852,23.069463983149586,13.950650943470158,10.016511663093626,8.635039196492453,256.6289650500943,123.57423180569124,20.842072215406695,13.104671276314564,8.991663023740038,7.740249817283134,279.83648161995075,105.26337040923053,12.702565116665014,11.192251981712507,7.610962600674676,7.20783616868674,0.9911447495864013,0.9695740366725062,0.9669894533881005,0.9477401393919707,0.9364966886131258,0.938751791548982,0.969546345861909,0.865383598245439,0.9219451666753018,0.755701751293148,0.7005645127091438,0.7807735449293418,0.9866773345413863,0.8848541587295069,0.8017451849990762,0.6186090033177108,0.6269709048266475,0.7432653565343276,0.988859118643493,0.8685923164392544,0.7373334015232704,0.6643323827444743,0.6316758246638968,0.7730184958818749,0.9694672040474371,0.8400584339139672,0.6857629953306745,0.6612838750734819,0.6204514918216475,0.7612583000680553,0.9063297589141115,0.8358421918726465,0.8125644828476837,0.7395178412874641,0.742766754214359,0.7884246437927211,0.9348514046394426,0.7859346997673936,0.8746131008928039,0.668615110779414,0.6772256125008407,0.7237467723850858,0.9638244521302006,0.8400080177976312,0.815808547712314,0.5802199132416297,0.6022564304445157,0.7042767857416316,0.9787679101877762,0.8802132810928779,0.7856022033345266,0.6569601252845931,0.6418364147500866,0.7441205878787444,0.9804468718677753,0.9040599281400877,0.7663494550701201,0.6849888127195555,0.6743361748902338,0.7724903889348982,0.9486985247688801,0.9153909963593361,0.8961932320640178,0.827764614179808,0.7945270870633186,0.8328006920193112,0.9879259752940076,0.9263908598898958,0.8701930707949448,0.8352413484295095,0.8614622490902132,0.8153701631331715,0.9689824168201469,0.8060298449132,0.790059105514413,0.7349625800202207,0.7983738626455757,0.7779339433480985,0.9203592158929057,0.7032868332158171,0.7149893001051181,0.6475738462283405,0.7560414195562628,0.742448007650515,0.805033105292804,0.6860858756469028,0.753812308760938,0.5938044527931968,0.7180798285377723,0.7180296234377924,0.9903516740627422,0.9372951225425773,0.9540417323598703,0.8999375826802671,0.8933520479891326,0.9088228187484078,0.9535950807067222,0.8438647928248378,0.8786594552393387,0.7639240747387647,0.8291179973990124,0.8527144892947172,0.8553225030800077,0.7795010246317857,0.8111707685513154,0.6229486236080178,0.728566785099855,0.7696238843207106,0.9774666377614919,0.9549047800021723,0.9554842006214621,0.8952220756957551,0.9020009989755217,0.9135094910994405,0.8937875404093759,0.8588569123505626,0.8429932610929342,0.7409090087012605,0.7667700395980963,0.807798070443601,0.9478520553181529,0.9336386649880669,0.8726113922768771,0.8414267013383105,0.8472392955489042,0.8769569434956722
irene,rest1_vs_type1,1,MentalArithmetic,Type1,4,4,182.116575,91058,93558,3582.5641701473824,1011.8578248798991,43.217695788124836,21.131827387025183,8.153245211941504,7.774940612899106,3098.741514236153,841.9133041672427,36.86239679204892,17.654886101843744,7.441210316786495,6.387196666445162,772.7897599698914,216.47861067609162,16.939444981315983,17.65033258859703,8.839594053958079,8.596186693099492,487.6872460420834,143.03322310449786,16.290664110712488,17.078356968177868,6.701624147803455,7.2460070646763235,541.0101421272041,160.6217795488119,16.456618931911386,16.421272194410005,6.935884302562054,6.52346138794878,482.26633323221,148.99923246213842,15.241834775545001,14.56646384333118,6.72409906620508,7.1008435338986615,510.9954620487488,137.92463333278522,10.202540200000989,10.683397147450867,5.030279270697918,5.824634269006143,0.9933571036323517,0.9899641461585891,0.8065857710717295,0.8645035597421297,0.7396077812951299,0.787575794852614,0.9553524087270473,0.9527256353406959,0.6943116212373307,0.8273488979246039,0.6654376017305512,0.792672876128992,0.9467740451427419,0.8942379829013349,0.5186376289360891,0.7529673984275194,0.4845725681200525,0.6955697522269345,0.9541186301518968,0.9270952989794933,0.5591825206450695,0.706745921248598,0.44075955801112177,0.6775473038729439,0.9385344690679832,0.9181671832034073,0.5160299617171317,0.6299914176926651,0.4550046908815865,0.6288358542671378,0.938059459501369,0.8968706153304916,0.3975513545335482,0.6335530446594804,0.496345452820389,0.649138073367496,0.9209395598025686,0.9185150694438959,0.4741955053238457,0.6406620699639655,0.49490513434870814,0.592480727622425,0.943697465698281,0.8618922234768753,0.3977472073210424,0.651023530685137,0.4661536381756405,0.612817281777683,0.9550914686990062,0.9106964293706367,0.5107628033443676,0.694398419398597,0.41837415935793115,0.6818589083731095,0.9528078283934169,0.9295441406793186,0.5756543610006208,0.672095784399544,0.5475855018454172,0.6689998864940623,0.9640053968081729,0.932735991607883,0.5884813034413021,0.7918568873790665,0.7027667066136493,0.7619325278644415,0.9174260241581931,0.9333621710288462,0.6394715762412913,0.8102706369391273,0.6461699370788516,0.7687996024939542,0.9064976963607866,0.9357038818537942,0.5207768848157359,0.6965659367747088,0.4492295583139848,0.6533560232466605,0.8620007364081056,0.8928790100803368,0.3779836671669502,0.6094715160108964,0.389387419571048,0.6187596258167721,0.8250127182449484,0.7942259994965987,0.2024931003425175,0.4986864897732657,0.37016962202975756,0.5519265143433859,0.9931286687371313,0.9730580511572413,0.8715952904452517,0.8441675727149274,0.8032482287884024,0.8447029924596375,0.9796765142192534,0.9048324480885499,0.6972622789434767,0.724376016969598,0.6871312984115356,0.776706028509773,0.9212363539870169,0.7797997381743962,0.3067949108907836,0.6075752077292084,0.4476902573405452,0.6103427275783743,0.9880154642951794,0.9622518647071026,0.8938957967702305,0.8956074970907026,0.7679991626109408,0.8516421508803685,0.9441334580671308,0.858740007822461,0.507110258596039,0.7085853093031979,0.507238962023924,0.6841464733606824,0.9682315888465055,0.9329149083382455,0.6650680819594716,0.7943666869901322,0.734730434203241,0.7538098313119469
irene,rest1_vs_type1,1,MentalArithmetic,Type1,5,5,196.422038,98211,100711,1895.7920409614594,663.393553294119,40.81006648972586,18.13759347052328,10.550558984735238,8.193979560022601,1598.1047655821437,546.4537972021122,33.268503141796415,15.750304460083166,10.706059287455775,7.8139063897343,395.1744873208416,177.50831188347635,17.641580396185567,17.939209303339055,12.117630126443522,9.321096721657813,244.52549127770575,98.19254977297263,14.641784557241312,15.871553189336638,9.0173031899474,7.186225633835515,266.9523507627551,99.32508692035918,17.2758870839029,16.322182969759183,8.120571975714164,7.146960944239351,247.04891878986533,80.01163892685472,14.87888414336525,14.847302584370011,8.034838536047141,7.756300657355414,274.6498439338926,89.64413505357568,13.225405449603487,10.330735848834756,8.794212772095223,8.470113862654067,0.9968317507912382,0.9872848502806277,0.8986974169719882,0.9013407034337664,0.8419296419762539,0.8687452296473632,0.97767387541495,0.9267341620137127,0.6551953363970625,0.7886618683208454,0.8204942016699789,0.7551723921037989,0.9846636558058713,0.907396646272565,0.5528362534018012,0.7885672846169894,0.7808607017851905,0.6862433295935677,0.9850639465793084,0.9243125649795941,0.5575919428792095,0.7953718933333519,0.7800137038687243,0.6934308362629025,0.9742424048622057,0.8714575012329406,0.4840857673963739,0.7158802731671807,0.6896693034413348,0.6950763727990317,0.9534030396309982,0.8763487628576676,0.47711103458017623,0.5968972710835777,0.605973930782362,0.6837320079734325,0.9656830814661759,0.8786580095855131,0.521732485343767,0.675477200171993,0.700141135622496,0.7172939207477709,0.9795465087631383,0.8870009104605046,0.46432902354525857,0.7442453149350011,0.7150712918531894,0.6746013157679882,0.9847192154835783,0.92844742645023,0.5159007420333116,0.8368139599607941,0.7717338292438924,0.7115776811489292,0.9817464829590464,0.897542546981788,0.5407848016210415,0.8218566605741702,0.7832631011603426,0.7357257165713097,0.9708482970916448,0.9299505555339789,0.6267799070792618,0.7590730158105375,0.7834203737883972,0.7434322153437242,0.9818713527655981,0.9414620600863457,0.7412814276764397,0.8301799655120166,0.8461703585657299,0.7458339990972469,0.9725083045909421,0.9009439682646657,0.5791285302236255,0.7424706960352581,0.7824598214845707,0.6747648944431106,0.9513591976926584,0.8211116092497788,0.4044876740306436,0.6355527310685406,0.6624325318684146,0.6512179175641427,0.8967512661940629,0.7292612556758601,0.2952718298203033,0.43916954940211966,0.5246987654405764,0.6363792662188369,0.995515742163661,0.9658577847892774,0.9002628718184426,0.9139618421203893,0.9110425734254461,0.8506261491120082,0.9809760487297052,0.910118689300042,0.688594277608001,0.7594804867338103,0.7672928290836081,0.8021906874614341,0.9296493893697443,0.7955822275739989,0.4641293036920649,0.5751722921742971,0.5678457081692433,0.6510140420200377,0.9920194111949167,0.9700629882398426,0.8476502590690191,0.8848637636645992,0.8726780659352897,0.9017500544482171,0.9503762104149284,0.8805898503848678,0.561955045359735,0.6961645747189353,0.6375081823308342,0.6788978813743215,0.9708818637161921,0.9094605606083083,0.7331994923815917,0.8006345695387678,0.7725058994946338,0.7866456031669566
irene,rest1_vs_type1,1,MentalArithmetic,Type1,6,6,206.50377799999998,103252,105752,5869.991510046202,1603.310385012209,162.178693761244,24.827201754979935,16.654537966355807,13.457131068726556,5398.829661394685,1384.5152616282833,125.27623247821411,26.33550773728181,15.906685827176023,12.121164121370404,1120.279678783252,379.607072182545,59.5789067922594,14.80907007445307,12.250958343219153,11.761103115114752,817.7405542669437,277.1459862966682,39.30693275750451,13.433831595243042,11.69457682076886,9.584886445173495,910.7025583371742,288.10464706647133,36.38348403530224,14.237334310332328,11.556993751895606,8.859839544101542,794.724823476622,250.1933326327369,29.635594188796492,13.324321093882372,11.084458187530268,8.217994070284536,915.4498392592244,257.06309148582403,28.34768573477381,12.616557770617137,12.245787671744354,8.077207145530302,0.9919576437621275,0.9886440582237371,0.9706070378901754,0.9440148132145392,0.9138140500318123,0.8777894976834364,0.9345479669319543,0.937344557779858,0.7388299945539385,0.7012335415913286,0.7681301047186833,0.7736255159113691,0.9803168452101114,0.9419115295894351,0.7690382798248434,0.7207607465125097,0.6662584317178795,0.6897046159033934,0.9852735371410862,0.9203435485733488,0.7404234355364835,0.710976952325738,0.6838452008603271,0.6555561417050314,0.9675358501519368,0.9034398463830362,0.7212341235366113,0.6821833061570477,0.6913511445127833,0.5960055775210897,0.898731869410048,0.8394204418603478,0.7084835567956635,0.7783612497603272,0.7188076580144445,0.6786471066252677,0.892076184263637,0.8980977715318241,0.6499008387849425,0.638073659440377,0.6506398725437541,0.6940284528395929,0.9615805089131452,0.9440165691069553,0.7076566865998825,0.6849105139321205,0.5972344041352935,0.6609937778000641,0.986175842622318,0.9404565463025568,0.7254941789560554,0.7262417619418794,0.6771769620562915,0.68370530259765,0.9868764621777246,0.9379360586206746,0.7491175321194117,0.7314138882589604,0.7349906537163557,0.6876761581759195,0.9406189081959732,0.8950301877492614,0.7929133902146647,0.8421092039703887,0.7933740606188692,0.7889275774489057,0.967890656976513,0.9312675676404001,0.8112585825735421,0.7699314863904665,0.7751468996201731,0.7978474172860627,0.9204222520700025,0.8745489643663791,0.7005745510760129,0.6688405061079911,0.7047734380538463,0.7406835879280237,0.8605218248558559,0.8330453925787238,0.6357802106968128,0.6227471126892787,0.6444485046667497,0.6389246628430408,0.7598014567577079,0.7525140241180668,0.5496756003763175,0.5755655129643424,0.5935638748672032,0.6202243988061364,0.9855845207947537,0.986468800601606,0.8970855790969242,0.9225222031500885,0.8953576473972144,0.8937670899426955,0.9497225690195826,0.9615213583151802,0.7813220069356553,0.8416526248669333,0.7846430493816657,0.8008683428730734,0.8717962899399061,0.8969209674305002,0.6186255788137076,0.661699597580257,0.6452382268076038,0.6646703140405125,0.9872300982842028,0.9861503753706817,0.9228992707228745,0.9169495871371943,0.9006376515086526,0.8897113107897177,0.9323345014696933,0.9349441073284058,0.7026001617128236,0.7171673964403752,0.69311090067977,0.7439465505776011,0.9731835662613243,0.9681910619692771,0.8230399167400654,0.8038175528891481,0.7904263661408704,0.7825666780084877
irene,rest1_vs_type1,1,MentalArithmetic,Type1,7,7,216.69437599999998,108347,110847,4680.996959176765,2409.586628773645,88.07162534096867,16.195615221009426,13.718975130074966,9.718272466844924,4191.922666337513,2052.507328742232,77.09591531958681,14.762373727511148,11.484667103025123,9.611997624830403,1007.2131737838573,506.11092902224385,36.5580173056804,9.35125749249091,13.42288283094934,10.076594485140555,669.2058238100951,346.989750438595,27.444386843428013,12.910165975909239,11.767269251153548,8.753485476982073,731.1572688691679,383.3479304229282,23.50767174639322,11.910488431019221,12.319238600218538,8.456519279285276,645.2552966559794,331.1348754908627,16.222911318319973,10.351840070981433,10.755770312238575,7.9718439903034035,695.1349366008442,331.1676279992752,17.012627106072056,9.446063752961841,8.89496371612475,7.8723022231153035,0.9963604128178042,0.9867466578263384,0.8133101209668094,0.9071120740182496,0.893024569093393,0.8554847227129234,0.9713185439006625,0.957667680988196,0.6497726188461768,0.783874370678806,0.834618979402278,0.8275114003932933,0.9759599246452053,0.9636470113275395,0.6816612399394704,0.6938936673011346,0.7776384487444188,0.7451188600031756,0.9717273987833727,0.9558841563821077,0.6681025247784464,0.7663554939711609,0.769080804661186,0.7194701236961941,0.9614285085564261,0.899762590039557,0.5386027262428928,0.7474691007789037,0.755558832935338,0.6802681274259215,0.9370224111746405,0.856807023834032,0.5539995914494273,0.6874173428308689,0.7072405081447202,0.6734512571493901,0.9624759002274427,0.908087691725789,0.3859899403091075,0.6310194488774075,0.7033132447519372,0.7598506102559669,0.9792910659327023,0.9430450229576327,0.5485788432822899,0.5803808063543784,0.6946665499698885,0.692172131388202,0.9812117916175587,0.9587626722061033,0.6733623370232156,0.7306446213380274,0.7406651389870166,0.7332806345076802,0.975702400991497,0.9367622618734465,0.6632954213292339,0.7825938559739453,0.7587396390824528,0.7369803977845018,0.9598381031777564,0.9125735458775263,0.7825645758231375,0.7852315712340917,0.7681433587695097,0.776191311596607,0.972322021034393,0.9543155019078673,0.6853890537921972,0.8119248826816357,0.867895909896277,0.8230235092363799,0.9512434097619457,0.9083817270860788,0.5308967277409182,0.7279284514544759,0.8050194397565388,0.7638323206691227,0.9299057003714303,0.8147211966165224,0.39419710072140834,0.6293106550965836,0.7480625200350827,0.7140227311972441,0.9080796238102531,0.7453467771093927,0.28110019117159446,0.5079813928922425,0.664574694334206,0.6815592508605322,0.9928166177304405,0.9793239170744567,0.8924877663348887,0.876378446497285,0.9242733116715091,0.8971771448076679,0.97529827168274,0.9132978245382161,0.6658383526099151,0.6751513538224059,0.8526671607690739,0.8111811634224008,0.9508056849455498,0.8481484759731759,0.4385872203909388,0.4568656785235934,0.6824603519755403,0.6788003470846811,0.9885331013319673,0.9656666371774736,0.8618371557567281,0.8483783937230287,0.912336936546604,0.9173108493025853,0.9693938156244676,0.9131838919433091,0.6073140034265965,0.6128743829703145,0.7169720130040536,0.7871200716501456,0.9830298919840988,0.9692037997386684,0.7281031525676755,0.8306033594872747,0.830248785212747,0.8115205153807872
irene,rest1_vs_type1,1,MentalArithmetic,Type1,8,8,227.03820199999998,113519,116019,4806.827295042034,1562.7075295123045,85.38024110624889,21.108737747036947,10.897872718392582,11.297872577674806,4088.123385330925,1310.5368850520522,67.1792478847875,19.890667011807366,11.371359858385688,10.715908737471617,898.8335277457752,364.3404409662191,27.688771093713413,15.219633925301268,12.31766611142459,11.423271106757227,587.9268456945493,253.9373736823601,22.317073469400665,15.045541908539185,10.664472935993782,9.776634650370717,652.0345046589287,260.77290834849055,18.776168653348087,14.82447507031681,10.47706157071264,9.566791028274425,560.8807774532656,219.27880509488747,16.37006792081788,13.156555506353788,10.269255447319926,8.23582631241128,641.3900404755183,204.83540025352843,17.70981057880192,9.790870596032681,9.32456433249514,8.754625428265772,0.9974811016464414,0.9917816884486091,0.9205334409064662,0.8427052948528718,0.8474434890042598,0.856576535782808,0.9706125373667779,0.9319456352681931,0.6075934480502548,0.7594019904098219,0.7275398335260569,0.8555431528278598,0.9705517493370025,0.8987901592528018,0.5758299832329459,0.6938774717339202,0.7132316859017025,0.7412804011083352,0.9680992761185739,0.8947354551490634,0.5231604726816194,0.6532331571004024,0.6995353522991499,0.7424270732218564,0.9532967059149474,0.8688362802960078,0.5363680565124372,0.5737584825640185,0.6817567219107619,0.7577937688793112,0.9441993909360535,0.8758156532771806,0.5174317096690215,0.5801481343458802,0.6329950966139911,0.7397990593930787,0.9654258874048143,0.8965214083734233,0.46903423219632157,0.6178652670651733,0.6078616562913381,0.7367451497787727,0.9758352792732223,0.8730413055625745,0.5152286435612498,0.5975211399635747,0.6042598058767077,0.6881178200122076,0.9769511095362103,0.8846830301154625,0.5286886471067654,0.6622766763940187,0.6398973354208776,0.7257806286781189,0.9654975917172802,0.8716222637176184,0.6086215890611628,0.6421454150673986,0.6972377903528645,0.7772434515425762,0.9603208982083927,0.9088659464218951,0.6780418922143391,0.7030790293616921,0.7797640640619783,0.810971900739082,0.9841816791981398,0.9318550749854185,0.7346215617755727,0.7503823846110357,0.8044397009327158,0.8287113438935764,0.9721071118461208,0.8910254605063209,0.5361395912369773,0.6469939802525063,0.6941540773711268,0.7589970126546514,0.9633619365400232,0.8465205739533832,0.46124015298559806,0.549156485471467,0.66081224137994,0.7349451932953138,0.9396495755254151,0.7749162120382317,0.3362463676739117,0.4521208771957529,0.5447417169897324,0.6557342265537116,0.9964769393635868,0.9825463754294965,0.8696880304007056,0.8962251676182076,0.8958347076115167,0.9007915687347157,0.989588327952906,0.950688453442118,0.7153524954827156,0.7654968402503931,0.7763282202508162,0.8386596369120211,0.9745899021227832,0.8227305337075996,0.3978000834018025,0.5939196309384552,0.540444859343583,0.6754128557332614,0.9945451928515002,0.9848673035402382,0.8808185043935008,0.8983706029834942,0.8937952228204548,0.9173084556192062,0.9856950756036174,0.8656488702551406,0.5204529678374916,0.6994871939037312,0.6199534877848599,0.7275722802083592,0.9933065378896316,0.9015768871467155,0.7231938785067588,0.8134295100402398,0.750343052893548,0.8224401618232208
irene,rest1_vs_type1,1,MentalArithmetic,Type1,9,9,237.117543,118559,121059,4670.269918841743,1567.322040008054,117.76280233996718,30.377853204239813,16.503462863855887,11.593735880743306,4177.542264381628,1339.0453706298863,110.94790849412911,24.967295897400234,14.314156384305123,9.814557362865278,1111.1842649232242,458.73728408856283,37.25288580865635,23.08728613250139,15.624883320290726,11.344508305599419,753.8908176512392,294.2289353521376,27.882769658480047,18.86769034418626,15.124455468239036,9.415070192884226,790.7822808575886,294.73377146941203,31.791505764010413,18.545322502983865,13.933174031179497,7.97004723062208,711.0502716863214,256.1252500785915,32.51477579303755,16.43011345184779,11.743359627491499,7.643824312720181,853.0572933152013,272.2409241675814,30.782948333611305,11.100438041811596,9.475766792725759,7.7885497607641625,0.9982752594720538,0.9944438978510319,0.961256394893342,0.9681191400731137,0.9430668053788522,0.9371485518839004,0.9484520983235859,0.9271650084302343,0.916407535164969,0.8527759550585507,0.7651056441204869,0.739694811639333,0.9511930427761337,0.9246258634300195,0.8328084328497255,0.843391467197499,0.7206026436773121,0.7352601043302318,0.9429440324101596,0.9298722997804989,0.8283627351246408,0.8303442880399304,0.7514453085264494,0.751999101617343,0.9345108929967371,0.921876047146953,0.7928067767907312,0.8013638439993178,0.7349433357376798,0.7210755358103934,0.9124196549797577,0.9423593090832936,0.8000452571110829,0.8242199673106706,0.7333254955195713,0.7360775022047511,0.9493316016263643,0.9016812818524016,0.824731618581974,0.7865592584245009,0.6990749902871908,0.6801041177650068,0.9586345260469509,0.9123107233712964,0.7923769552215537,0.8252643202690378,0.6772839085422382,0.7103223534467544,0.9539863805826528,0.9290800498380396,0.8325660503347796,0.8478546870915605,0.7553368943199855,0.7593098636264678,0.947138701117141,0.930521368404742,0.853286389406436,0.8433793564437987,0.7715364902716114,0.7415050469363911,0.9284740554015075,0.9596296519816174,0.8978311701053123,0.8734426591497696,0.8136742701291487,0.792577239467568,0.9850469668522007,0.9754182036922937,0.856066189998675,0.891323420541332,0.840118209379971,0.7887882161140437,0.9645973468769119,0.9528451661130024,0.7818218949609833,0.7784284778385341,0.7972552304492594,0.7315674716622557,0.962610955221772,0.9232510805667588,0.7022083563536514,0.704656346578074,0.7487604708099022,0.7136518175071204,0.9543873476074922,0.8972810513548126,0.6576123196588795,0.677774734467904,0.6587440931532749,0.6749894529338226,0.9941834811313651,0.9885923782581219,0.961790755673164,0.9234014431412066,0.9308751753976626,0.9112036653041365,0.992648361278048,0.9639246820373153,0.8747333951841656,0.838413516197403,0.8464355514487766,0.8629263243698129,0.9844718430902901,0.932070139653135,0.7408570021888535,0.7297600733352281,0.7001933635433348,0.7159397826086217,0.9979266922838618,0.9859399522122612,0.9445831629926218,0.9502603944558166,0.9281910993071076,0.9450683108688906,0.9902837905589165,0.9592448552251369,0.8159665058790999,0.8011239426032268,0.7870325907821301,0.7796951443987421,0.9930120459696345,0.9775775817223793,0.9238644885492135,0.8485645136686069,0.8544408584784493,0.8077865693502241
irene,rest1_vs_type1,1,MentalArithmetic,Type1,10,10,248.363394,124182,126682,1762.4242969869638,911.4454046185017,61.45627300984495,14.245904001459015,9.123051052181681,7.539585071790397,1391.3602905766804,766.0861944345422,59.2455562642782,14.208662175877025,8.617552952643182,7.882465229082785,457.4634003725976,301.7282783667286,26.685473387665887,11.119970032684007,9.587713340869383,8.3872671401192,275.4363663099108,202.27727529620262,24.04717204362515,12.80919349375399,9.182089408320017,6.255790385403048,274.88891330148033,206.33558996773866,23.766213156451215,13.85421869894359,9.753098923042707,5.70762666485288,220.98931367330826,176.07282904308138,22.77805041981355,13.055426920106987,8.68701958159162,6.156390012813271,190.94464600151906,158.75697563094403,25.251923403900182,9.000686031130176,7.83449137378772,6.475377504357711,0.9853824219640513,0.9786889240168102,0.9094864596307379,0.7619493187895042,0.7711661952542289,0.8200994851513081,0.9206402594071537,0.8799750124318522,0.7903649109432938,0.8402783896344319,0.7559927817076664,0.806627578604226,0.9267027761939616,0.8923272326779397,0.7947045015910399,0.7636348242910206,0.7296623236546254,0.7251848749154655,0.9300503504155054,0.8595632611552784,0.7887438750081746,0.6940900001006197,0.691869131500248,0.6675088856522713,0.8747300887150485,0.8464495759821524,0.7927589441323274,0.6407484980688519,0.6204535761428331,0.6297668973736003,0.7860552997574527,0.7782497056022135,0.8133163945976435,0.5310852115099233,0.593633447740195,0.6789935075578342,0.8705392999459395,0.8008861145091868,0.6096749618859014,0.5979719592974005,0.5675027466800905,0.7081793281899732,0.919976425667675,0.8535930658803237,0.6675352862355419,0.7040856567787924,0.7182691828818044,0.6438659036872507,0.9213094063906652,0.850186259314292,0.7068744374125592,0.7149721588852008,0.7801431520613693,0.6569028949555441,0.9002466159561987,0.864876134879602,0.7652962295832213,0.7629967489107707,0.7631734506298666,0.7104992651340631,0.8586298306769798,0.8572544105419986,0.8791505336807592,0.7132850562742917,0.7874791385373054,0.7661495502580155,0.9311144260467401,0.8933460500034156,0.8213194987306831,0.6857394620711085,0.7331773133407351,0.801450276839666,0.9407341250687332,0.817343349109517,0.7233780042945537,0.5782559307145797,0.6278527648697164,0.6743972480819226,0.8606174244534041,0.746305745187956,0.6284611561605876,0.519845533871277,0.5044040505938522,0.6190409498777478,0.6912507994047988,0.5789943112579896,0.5354284349147063,0.4545476999697004,0.4586581768841418,0.6240388290787221,0.9895677283503356,0.9701215423623746,0.9442115134961069,0.9207067562882741,0.8634969244809467,0.8312604703122608,0.9589419370191336,0.9308730627391668,0.8390357931911445,0.7873117924600513,0.6915568882773069,0.7106912042925131,0.8347379177395942,0.7436551761871946,0.6291040136266218,0.5738518702950021,0.581667676525061,0.6402785031010988,0.9616022346872777,0.9748895681300183,0.9336469824461735,0.8801640329034729,0.8286211130339467,0.8437666718573452,0.8328650820745328,0.7958978381720201,0.6735293650901337,0.6582402237942792,0.6816923616899808,0.6603952256051511,0.9195138312538358,0.8672802225898181,0.7834725371114855,0.7955661170580159,0.7789137039288062,0.7487851386753543
irene,rest1_vs_type1,1,MentalArithmetic,Type1,11,11,258.92476800000003,129462,131962,3159.1549525394803,1566.6751707906128,68.97704230956391,11.79143372255169,10.84665957661294,9.391786054466744,2635.290573037955,1319.6839545659984,65.78224347345784,10.938519731962547,10.652726870560429,8.913971766351924,816.1848108862731,384.01368783407156,31.083867583535884,10.236348764061196,9.754003275917418,9.513642320518713,464.6057544077547,265.4438517775849,24.389001736869805,11.501964432130636,9.772388187270817,7.38456500362447,466.40717879970737,270.902421941567,25.840527846372375,12.905549158632631,10.344242792470858,7.273476046571329,399.66326240918914,226.84974637842308,25.156944637920652,10.399410190154134,9.187926641445749,7.114605581046262,477.2480562752738,228.62235445281055,21.741840828517542,6.748620669029772,6.688240724350271,7.260602587908229,0.990059060555507,0.9605705317359292,0.8906127412554408,0.7232318276657536,0.7795376497661227,0.8298302959790246,0.8971556266573288,0.8992594671973724,0.6728332210929097,0.6935758354658285,0.6484248094765237,0.837046767766758,0.9406059857873812,0.900403616727521,0.7130466296581514,0.6128460259870881,0.6457470647523139,0.7402789970312019,0.9453795653870275,0.8335813437450054,0.6797729540168842,0.5847580804665061,0.6194520150517646,0.7039233114203,0.9191750319844525,0.7776042296983265,0.6638857183517362,0.4584901327521553,0.6374368196163696,0.6641897841658594,0.889531870329617,0.7243572554590579,0.7039231506716932,0.38261639087346905,0.6179327500178304,0.6386752512358965,0.8752749548932423,0.7871863548754893,0.48682874555210587,0.4230679996857162,0.5185085255085597,0.730189843639558,0.9356543679124961,0.8783276890478651,0.5835981679276295,0.5182008167958565,0.6201306014303022,0.686776523787501,0.9575118694915771,0.8738064424506633,0.5756641146786509,0.6214970925898555,0.6536330148114362,0.6991019364524921,0.9416650831702885,0.8617503109570985,0.6254728328056157,0.6701580179698627,0.6810962611121474,0.7265460715476467,0.9285576041936318,0.8482091300781954,0.7682572147995443,0.6651834130880827,0.7710968099456355,0.785491723950201,0.9744009709573228,0.8687108253339086,0.7196377527778297,0.5932490133971365,0.6311375121946072,0.7612722021390745,0.9200518972896955,0.743948271229,0.5999634029980214,0.4312966955593752,0.5343296103860615,0.6843390019770939,0.9061786370818149,0.6676462537689956,0.5339578648722039,0.3280586172768977,0.4767594115202984,0.627111362089794,0.8573715039103446,0.5913444832213064,0.39379590692934385,0.2510498823799329,0.43263825029070635,0.5922862797200172,0.9796788440929297,0.9514656268391316,0.9080385250710901,0.8258513439136552,0.8233801639771704,0.857437454856633,0.9678355804923777,0.8892411027902252,0.8302811408767619,0.6025211694081465,0.7473311478788266,0.7540137979282232,0.9232425376288037,0.7657320267296278,0.5746252178658624,0.3524576489131227,0.5689199181159441,0.6041456421643127,0.9848952932492048,0.9686381212616137,0.9011850374984991,0.7965377653448608,0.875780694878958,0.8521655399374118,0.9533587630546738,0.8516735496341208,0.6042777264848589,0.425650163488446,0.5997808612574054,0.6665664163966016,0.9800611147841436,0.9271268531522289,0.7275647752524768,0.6694587466721634,0.6747380537822604,0.7325993702249558
irene,rest1_vs_type1,1,MentalArithmetic,Type1,12,12,269.551109,134776,137276,2239.8949919276843,1378.5633651495593,148.29900976243337,19.93738936656098,11.496101128238154,11.775595243296936,1919.2012729605087,1112.4379350610127,113.46354493934874,18.47481569775042,10.438266571627322,10.29646209627668,532.1702571421733,284.51511465858545,47.47112934085722,11.089687563901462,11.053920851446325,12.255337066665478,295.62033133727357,177.76490400135802,33.01221120595365,9.824815799522543,8.415516004121997,10.189131581009596,312.7879891465813,179.4273870181042,30.944697514096184,10.6198593088455,7.405778025615524,9.557359937896704,272.82652611925755,159.30353182157972,23.13162758078861,10.275246776076912,7.6800456603959475,8.155527248465265,320.9224753163481,167.66530327606688,20.50735115452698,9.367560363552014,6.244192058705116,6.963699988654213,0.9935325025694134,0.9803108849454669,0.9181328602462863,0.8360302679037999,0.7967511788088932,0.792275950858009,0.9284918625474178,0.8414316079223629,0.6922454780974285,0.7251356364606851,0.837860310363396,0.7630306152047547,0.9466811522112245,0.8415715786481056,0.7988111677807186,0.6176490817369619,0.7687030106245758,0.7993972690888764,0.9559656058252561,0.8759390954907046,0.8329136978144674,0.6854038410170007,0.6986695939749029,0.7579457713881701,0.9382949803628663,0.9011738441495336,0.748086142968641,0.6409694261693379,0.6164820732227868,0.7213358184351633,0.9374948477284956,0.8542698364056768,0.6694259465853543,0.6154947008436616,0.6082690235737134,0.6364779573883704,0.8999642213294753,0.757087346532803,0.517479130952886,0.5819640133187814,0.6761245259155648,0.5723446656690038,0.9343146052152385,0.7827337983741688,0.6415492305754662,0.540454809467706,0.6604925103793582,0.651729730103936,0.9581852629922665,0.8426629659151171,0.76559405422357,0.6879124976225536,0.7001305641649573,0.6767969515834728,0.9475069181330351,0.9074724348407189,0.8046127560438829,0.6852324036748333,0.6489188762355597,0.7418541489400561,0.9612186302133171,0.9052911135230839,0.8033027330255322,0.7526782935621176,0.6596839792219484,0.7724878988942128,0.970617329361667,0.9080715112097621,0.8261250266513246,0.6769544010349102,0.8173516858889348,0.807625379468823,0.9343225087918872,0.8501808319717741,0.6354909389553918,0.5552580026518041,0.6549649900842023,0.6941068476270998,0.9117868821136789,0.7662764084331101,0.5036445201908588,0.4756741589607706,0.565697832532521,0.6164789139248108,0.8620991078424339,0.6118220783922288,0.41061153224408387,0.419768860745414,0.48945367983481197,0.49226756219493845,0.9876976838647861,0.9715824118818619,0.8799022207328411,0.8135165150419387,0.8479476325139996,0.8657165433044955,0.9756983885088228,0.8924589182071235,0.694460438590325,0.6323140075275163,0.7031118402342094,0.7717020650967578,0.930941181883924,0.6568406189523343,0.5059197572227484,0.4533954676378937,0.49058232798808576,0.5508746419834252,0.9940474945311379,0.9488821845111264,0.8681517167668662,0.8416544865312492,0.8442393226630951,0.8683406082895814,0.968132726856095,0.7259523591356531,0.6368296986541434,0.672100307768727,0.5963895740188043,0.5700146406124749,0.9801196639845854,0.8530958282958454,0.8161443176583891,0.7962129157972099,0.6751026458036604,0.7010071790054959
irene,rest1_vs_type1,1,MentalArithmetic,Type1,13,13,280.83017899999993,140415,142915,3606.462424939749,1125.4650143215981,60.53692392549804,19.953932520958684,14.54297617825987,8.43440908363855,3292.10143324286,1000.8669307477318,51.68855675600608,17.119675033060364,13.591765632722728,7.493152422347822,658.3140986996904,222.09903376400257,19.651218448726407,13.862849797871242,12.056485686005535,8.607813200214602,470.56621760743644,184.6105860691198,17.791765978785456,15.234688814545285,13.485775206241893,7.3699422126161345,511.14045380090505,208.06229668096134,20.547037488294148,15.168563154067167,12.314221048103736,6.533049293436704,438.81220971969293,175.8050340318486,14.488328537068707,12.809162100555291,11.753680803688708,5.914477113431746,529.6749850992269,169.2158143601937,12.529275170680767,8.582312262730301,8.774062225788807,4.585830997199967,0.9961536328417587,0.9947483611189929,0.9481147630364368,0.8540371172667506,0.8428860634899656,0.7416454505718604,0.8750124363445272,0.9503486198250283,0.7880609544253458,0.6820536816534599,0.820189288756904,0.8030588774025799,0.8346266837648146,0.8625042925766576,0.7671284733339416,0.6847860311803794,0.7383128501826131,0.6648051536134314,0.8905350343908879,0.8594556466371903,0.718833554762441,0.68167071832251,0.7233329214706192,0.6699328559003869,0.9089379326825834,0.8465697159309042,0.6368346883978974,0.6564342838770575,0.714364542384463,0.6358501923623827,0.9372705418906291,0.9261919762054899,0.6848310029324747,0.6035439330691902,0.7085191121750335,0.5940607621965294,0.8518703564890604,0.9343097865124301,0.6645673880588449,0.566871340741985,0.7299855225781721,0.6076875140286663,0.8199432819737796,0.8536367719079715,0.6745658429678538,0.6340744376783981,0.7271765183971012,0.5282526764852544,0.8763770878124436,0.8591715842935463,0.6896778942390688,0.7460983151847574,0.7408632545013714,0.5992089060427931,0.8951322178509914,0.8574585747827518,0.721218562363555,0.7665139932723254,0.787445529592091,0.6858524513450786,0.9387450846025002,0.9454724632440867,0.809039671726018,0.7416699404876884,0.8115067924181684,0.7551219069441949,0.9641646588238256,0.9274098648726786,0.7760008999982252,0.6850925928688614,0.813392824978077,0.7812571111591243,0.9652111644536855,0.8917852727345711,0.641260412373526,0.5520866700865394,0.7163836537010166,0.7260729381742466,0.966468371590234,0.8634488448874877,0.46452747648959364,0.44958476126244207,0.6674921510211296,0.6990807590756398,0.9199874452291201,0.8957125832744384,0.4753220887670139,0.44140033947575497,0.660949735215135,0.5189862912431813,0.987764689424273,0.9770470706069951,0.8950272036120239,0.8525173765005274,0.8811400874158701,0.8595704945724955,0.971152218147512,0.9519625489342346,0.6870802417983122,0.7213392852972754,0.7946583364905221,0.7657163619768865,0.9009462138549672,0.8934574952561484,0.553874458882415,0.5666506378277226,0.6470264924631236,0.5093093622169992,0.9929870357485854,0.9866420050114302,0.8483652708720488,0.9038505974188275,0.879734834597248,0.8266825319905889,0.9377120955921833,0.916678155276989,0.6613550570937257,0.6801012913439705,0.7043678871042146,0.5956204106334408,0.9558568081631357,0.9330152049584913,0.8304966219026599,0.7588650322341088,0.7760967187756029,0.7378398976508084
irene,rest1_vs_type1,1,MentalArithmetic,Type1,14,14,291.733478,145867,148367,3947.8145031415256,2192.458336516579,144.85837970358304,38.79472841529417,24.718977868554934,15.50014441048103,3797.5961563720393,2011.3459384889704,119.4273383836765,38.07508815834498,20.553568121330176,13.678389516609082,715.3108268996582,444.49658432704933,39.86491977831734,14.825650298118022,14.795835469545699,10.976243888059592,526.4840371846874,346.7053732932252,36.433140689661656,16.301217923950208,12.059137573982287,8.154013911286853,614.8826458566633,387.6869708488558,38.097660612787834,20.177419082415106,12.891660248430671,8.079895169979382,583.7656495647144,352.8795882008856,31.76455374705229,21.093571213129728,12.15896269353564,7.784910798061998,731.7996926462076,376.7504727635114,27.54905228097507,18.194875444600903,10.544576428226604,8.2172857642718,0.9981894300360669,0.9960862230160462,0.9651434497127817,0.9595559141971152,0.8669772672002358,0.8678060220476586,0.9769220951078551,0.9607977994339382,0.8210880490310812,0.7321807197799343,0.780713248912449,0.6822413364506075,0.9841929108684653,0.9607634502420752,0.7809262696894921,0.7260245776908565,0.8139969386740006,0.6975916233029326,0.9860535878876,0.9698889571297372,0.7765157475176097,0.7680881833135419,0.7891224334851215,0.7038415046802974,0.981157331269079,0.9635213625575861,0.7317256951324241,0.7173170484515142,0.7338775152937127,0.6846448439639554,0.9729611243808313,0.9665745395621855,0.7583036997899777,0.7362075781358163,0.6389908978879619,0.5638142284248343,0.9682777251839848,0.9456298427637864,0.7294451149612377,0.6717319636414387,0.6267540263018818,0.5686371630399587,0.9797792780015696,0.9494955696294498,0.7302870937337655,0.7131477215322156,0.698902942494821,0.6040049987672236,0.9868841339780431,0.9650301879246796,0.7679871479289749,0.7918414661154021,0.7452968032024909,0.674379628546132,0.9864084596501681,0.9669644460612374,0.7582312118334624,0.7801883505283286,0.7555407909292082,0.7216362740308614,0.9824284069978461,0.9780773156079738,0.8362482639405078,0.8174569426098574,0.7696633411989662,0.6842252898611461,0.9928974691992215,0.9792941460089579,0.9042034330972003,0.8283977512456124,0.8588295095319396,0.803483742027919,0.9764824097647966,0.9663869188496044,0.8243947187744993,0.7189510978251679,0.7405877755523288,0.7221431247066629,0.9609550134861521,0.9517638285434185,0.7478788487858342,0.6325327794185626,0.6628294485046851,0.6527338439004975,0.9371917682646408,0.9282645487050871,0.664768086812866,0.643385297249511,0.5067760277607921,0.4934503136606398,0.9935430350262037,0.9914993680229832,0.9424115821390051,0.9180286451559813,0.8939502200507057,0.8963437623397329,0.98340959804833,0.9770887578830123,0.8764499523575374,0.8261927147100717,0.7779617750457775,0.8049400637926588,0.9618148678238493,0.9416327143792114,0.7495658254680707,0.7341467077935955,0.5844544686326483,0.5682061786247924,0.9960115927062789,0.9898992030634474,0.9637920523947937,0.934104235614444,0.9041943868090498,0.8880320002826154,0.9792664129537602,0.964019666119047,0.8446500932010235,0.8158540757128836,0.6928919571279603,0.6720228522113751,0.9895025022659656,0.9817368738346441,0.8936399979071684,0.892785367897661,0.8073775456622372,0.7696345596793696
irene,rest1_vs_type1,1,MentalArithmetic,Type1,15,15,301.918461,150959,153459,2583.783800508547,1273.7740876935168,88.1089317848728,21.76385172876182,11.440476992208675,11.213754100818791,2168.3184309710073,1105.1620390092648,75.28357224069573,21.91643749828436,9.544400938200505,10.123330722249259,594.9183808436886,289.61957155867634,33.603191630962485,14.159006512754006,11.57170093458371,11.06637881389722,414.2389260552448,187.02800851593756,28.432013133687057,14.260177594447944,11.344258785945343,9.793349148860296,454.5905347919452,212.65801218410365,26.916583942191572,15.657910410633596,9.603465152083206,9.643573867217896,415.8623893302502,194.3212101878466,22.39114845899076,18.534503076708138,8.064802580726537,8.659331084508052,413.2015348398323,215.20051087246537,17.739807451591542,15.538584401410308,7.521938837471722,8.357854589083676,0.9979074779852097,0.9885486478388201,0.9365478008136083,0.895188565733255,0.8606552038249653,0.8262244885921111,0.965861643062864,0.9567399012654418,0.8159110337492187,0.7959602322605269,0.7970610589803091,0.7711657037997579,0.9534446598328272,0.8949777462401987,0.7338744299209873,0.7556260014585671,0.7019380459464445,0.7569305753050379,0.9509449449893718,0.887324118300417,0.7263030027747417,0.7525996712696329,0.7058982504100051,0.7266020479826972,0.9475359789470429,0.8570209556916244,0.6313718058334731,0.6752594698870029,0.6513970815010927,0.6790801836895485,0.9310064862811803,0.8316166486600064,0.6843307569932099,0.6184999859725548,0.6542139081107302,0.6725585620167054,0.9650562995602123,0.9514676570881072,0.7142486371231854,0.6429477962874595,0.6384061632481206,0.635580558712683,0.9550526586716748,0.9027052671784106,0.6742773031586795,0.6804413814341913,0.6512503121432859,0.626864645289951,0.9565932581991451,0.9044598574183959,0.7089711769459146,0.7694585388071722,0.7189154728483718,0.6297899408673948,0.954292474727661,0.8963788711211225,0.6504727869577889,0.7674156617951391,0.726939203713332,0.6679848356209835,0.945166280614551,0.8911069805890673,0.7713130706527567,0.767670042703769,0.7414217524513967,0.7022290753669347,0.9802815273850841,0.9524093966023282,0.8189165178206357,0.822557070733034,0.6997354428654858,0.711094271687567,0.965920914645948,0.9312124912653479,0.73038388630241,0.7017462633055603,0.6339981276236836,0.6199451312842039,0.9768554024874111,0.892691698466982,0.6137691306184851,0.5781883673939646,0.5713956104472094,0.5469324878582719,0.9524952079191872,0.8285036401408328,0.5723353135298019,0.422730402682357,0.5374570904897087,0.5396162930062334,0.9938031994242443,0.9844257296654877,0.9394732723792991,0.9050014548994314,0.8964400786332198,0.8756630227950197,0.9910207126582681,0.9404127691461636,0.7992116499056978,0.753308255106097,0.7742016140680585,0.7793552019147408,0.9549576359946758,0.8354496167501946,0.591547752323732,0.5815803725622716,0.6230196570990787,0.5932079156413527,0.990751506955311,0.971314017094282,0.9069977456172037,0.9010207483393157,0.8949762167105997,0.8752458354716454,0.9633164581971481,0.8704322483994236,0.6912825626941201,0.7300143900765033,0.7062243273946589,0.6576254429094553,0.9789769504486664,0.928557340053576,0.7438136269104435,0.8489567250228877,0.7788391408426388,0.7507714460353354
irene,rest1_vs_type1,1,MentalArithmetic,Type1,16,16,312.861247,156431,158931,4077.1772132553897,1615.5295029808292,62.9329613836106,22.53125429625164,16.499555441591806,11.418568070061498,3495.0256465176208,1433.1517250052925,50.1086831621204,20.952481396068475,12.830535433410885,9.644617405976215,969.7687975586202,317.900985452544,25.69849701555805,12.367511615089679,15.973586382569717,14.155324448448594,627.1186153503699,242.79114240153467,17.81201262049779,14.022146483349916,13.299173276373818,9.39741788620767,644.5755942789327,268.59751965939023,20.73062387713686,17.963642552428347,12.333212696964624,8.264149984176766,564.6771360557201,237.55401340300253,14.046761393379743,16.226102345757074,11.217540907785816,7.647843432029836,689.177421860539,255.00800688105736,16.996970857304074,13.322756905145377,7.520220842751786,7.902411546652498,0.9959259796367785,0.9935127615799589,0.9117567876875501,0.8931934939331129,0.8333374069535395,0.8681343517550509,0.9560019217367771,0.9465090261106027,0.6926348549367504,0.8271540364786653,0.831481696107185,0.8567151236594339,0.9628880536939528,0.9361029344911719,0.6605806836658827,0.7912921815284395,0.7195465263268692,0.7728317228218653,0.968188071992222,0.937666826539358,0.6459302603099797,0.7678956162030415,0.7386488030280292,0.714670062936177,0.95753522710387,0.9215464356569187,0.55941822490002,0.6554305554643373,0.6722451146025724,0.6020673942267528,0.9734481445526401,0.9151682696630888,0.4730107660204933,0.6112403998038627,0.5880548393247673,0.6070902025035355,0.9345771552916048,0.9176666964877669,0.5651392002173641,0.6612879714072365,0.7683386665775027,0.7369480072565843,0.9454686784421078,0.9156877615718843,0.5427925533148852,0.7271248387257386,0.7610172694360406,0.7176109220287297,0.9556611361718167,0.9347399021541888,0.6085286770339342,0.7949779720312715,0.7973893155388119,0.7268144144830403,0.94775487783579,0.9324802965182881,0.5965181151394792,0.7600050565654917,0.7904615096678055,0.6582996635092627,0.9800181029915208,0.9460758461021347,0.6305216298608676,0.7655727895798499,0.7362939236504283,0.6935314757877183,0.9825667067395317,0.9584634571843484,0.8341065619199872,0.8170675013169513,0.7920231979867052,0.7781717358170083,0.9746117140149252,0.91287483962227,0.6721555223182455,0.6979940730125503,0.7445983999233656,0.6745721594217625,0.9564452642887633,0.8719606503920964,0.5211246811260483,0.5359927380789943,0.6323343740937926,0.5553964964216586,0.9333063188653883,0.8145608080597242,0.3152256147851609,0.4329784812907462,0.6193149725292525,0.544349167364505,0.9961834025978362,0.9714186744620451,0.883434688892023,0.9275571660790948,0.9037215073991384,0.9103178877714557,0.9794066872627797,0.9349300410531584,0.6729780216709296,0.7728713923132295,0.758029217506751,0.7735952896940148,0.9464688723453606,0.8565882985116964,0.3398243352879017,0.5880021670880952,0.6277771785166062,0.5585244787776212,0.9908831569575103,0.980590850028683,0.8680136417010432,0.8960351471472043,0.9090780417738668,0.8537997380839923,0.9621298135593511,0.9079331103159414,0.5001149197526247,0.6909556090583827,0.6871594491118876,0.5954050530134918,0.9673880982343239,0.9438490683129643,0.6768409722019743,0.7769325009779583,0.7395037033205366,0.6301654305711509
irene,rest1_vs_type1,1,MentalArithmetic,Type1,17,17,324.819871,162410,164910,2053.3306650839904,1199.3953436498969,83.5974738649414,12.216863932019681,10.842350807231266,8.37015078865528,1820.1631433902553,1040.0736619452987,68.81667987183164,11.009130978179615,8.576936789512411,7.736658029368552,448.7605283531679,254.19611144865715,24.341802845159027,8.344808078223764,11.13345955700616,8.079818647567425,320.85461109761064,178.30074411510583,19.703154629029754,9.923724999871474,9.904892179056077,6.341934152718552,340.9010166861524,188.08381375617384,18.918597658214445,10.69094938185885,8.69888181673996,5.736457797463148,307.7301834295845,157.6223801186879,17.601107331897047,10.495815106262208,7.561801929442295,6.113629718005201,351.2424979193829,170.77575330943515,14.320472758450121,8.671528288885929,6.241497270029066,5.9872143466508385,0.9966652312153882,0.9926975908785647,0.9782431963493066,0.9702935482914129,0.947561387148852,0.9495379778374032,0.9520092148209695,0.9467147508422502,0.8769204620294522,0.8259835328153533,0.8060810531257309,0.7918032701151765,0.9648207594749572,0.9478374888595302,0.8003836247213952,0.7165411028514942,0.7052815246357771,0.6887527075649538,0.9698304183154699,0.9473937826847744,0.7870611355119495,0.7411962500310226,0.703995038752903,0.7092665572780522,0.956670563413986,0.9472844673879182,0.8025979862915174,0.6796849760078525,0.6630983350606277,0.6891603220895334,0.9507935727156331,0.9308001751136668,0.8330597326824952,0.7363867632332232,0.7466721530661857,0.7366002077131869,0.9351287278528896,0.9171406207378658,0.8036806965604226,0.7576153312650941,0.7200502641109063,0.7386390271252645,0.9575512493578074,0.9325111982701193,0.7447271822870937,0.6993103236794963,0.6651273514135789,0.6674156456849211,0.9716232446455974,0.9447915018528272,0.7648734127956367,0.7568654574892069,0.7101353318040473,0.7168912731000724,0.9635682366838608,0.9569402395388087,0.819231244167951,0.7441825979173916,0.7007035033159126,0.7110913549558704,0.9664981236690439,0.9577622486363628,0.8871338974157146,0.8131054251916027,0.7932202540562292,0.782799140344933,0.9800277270037651,0.9409602606156334,0.8797480855716848,0.791823904734448,0.8295742569633798,0.8547895249647063,0.9525909094139401,0.900849334343448,0.7848856839728288,0.7109474368224455,0.7484477340070264,0.7729614781807953,0.9358402562393037,0.870588918142541,0.7250373159045926,0.6057309161785316,0.6407011677640919,0.7010544166211683,0.8980920612415245,0.8194616996634458,0.6627232226836891,0.6033811879226222,0.6710490939391756,0.712160614799068,0.9905157850292557,0.9808204620593401,0.9375749353426567,0.9180165490483817,0.8986650394591289,0.8862476912209798,0.9797553295922706,0.9495880297824728,0.8478249183163612,0.7782695897764141,0.760959390160831,0.8123783631760145,0.9487179368940574,0.8832502803091353,0.709002742604053,0.6628013892944506,0.6317579639816127,0.6975048187370579,0.9956461134245274,0.9821465915878514,0.9418837032671515,0.8944948150400788,0.8738203536741229,0.8794955089868979,0.9751982078175324,0.9182181077934065,0.8112240527028483,0.7408530387105765,0.7209770161874662,0.7438371431145369,0.9813917836240377,0.9492410860626621,0.9136908253265312,0.8578542015092487,0.8342010388854307,0.8285552896921975
irene,rest1_vs_type1,1,MentalArithmetic,Type1,18,18,336.029947,168015,170515,3296.981568770596,1212.5541939023153,48.81548054375797,14.638520546738455,9.448514553222104,10.780132031138377,3049.7092277365136,1050.3507758125768,40.6658464765657,14.761526632826495,8.70467983470272,8.986785612146821,578.6162462169507,296.1390561985834,29.231429150807198,13.036551863853315,14.043907797697404,15.832920513385861,390.61687649382986,235.25555830503077,25.07750162410939,14.227888839065155,12.466829618642278,10.818358297815182,457.87086685217093,223.98473891832114,26.0621677927052,15.926177017616345,11.389514387899808,9.440220911094464,438.8758712183954,187.54428382281304,24.57891586603508,13.469361489700422,9.95034054465397,9.855332049228224,594.6921853226446,165.9608540772047,20.56621125178182,9.232484491191757,11.906705246586199,10.572071583473216,0.9974135295807177,0.990816251905765,0.9597699262122082,0.9313342395198189,0.9116615282751137,0.9229311640510905,0.9691193232602698,0.9388259247190098,0.7722922247808872,0.7782296070912296,0.598339586450919,0.7534111727146056,0.9673290878103159,0.9067005806605771,0.6509869763551577,0.7044894499039601,0.6311289053924434,0.7095246087120419,0.976875693218739,0.9193291313218073,0.685073519546209,0.7017253319661771,0.6331103872626568,0.7481891232286213,0.9576250241620533,0.9341303826093678,0.6957941260102443,0.5712199104182292,0.5986774751892011,0.689519543497667,0.9379984053177539,0.8974612525080017,0.7576261859723671,0.5653599993929169,0.5132626268446474,0.5456442436486363,0.9594592735348634,0.8970825564946232,0.6918023599509227,0.6876486025999647,0.4834191374834835,0.6852898699132953,0.9612336002370357,0.88221688267427,0.6300512409567377,0.6570824751499248,0.5596641333581516,0.6344775105814264,0.97736400199515,0.912251402414618,0.6934418805924893,0.6990061492360908,0.5891575160991164,0.7129445754806691,0.9635925308531813,0.9401626507401198,0.7580288970294807,0.624430493978603,0.6198222014540797,0.713266160824116,0.9541390879510616,0.9312405841274399,0.8467356498103558,0.7044924098502964,0.5991416228156744,0.6192233777037902,0.984581299192883,0.9529502014260249,0.7831503440465832,0.8197425670735384,0.6193314543413648,0.6781633391066042,0.976861628558995,0.9220112071350692,0.7098997381816132,0.7302687594305498,0.5676314240987979,0.7554565083479537,0.9583189560815634,0.8927066594877641,0.6228053528163755,0.5674038981769182,0.46543783589512494,0.6899336736503974,0.9178218462071294,0.7830258102600417,0.5842795024791563,0.47305120661697314,0.3637832604746708,0.537626387322716,0.9934711636793234,0.9781982886480594,0.9452964981342623,0.9228746548280248,0.8256452897452892,0.845809484827109,0.9760793907243959,0.9457508068748295,0.8177940764352268,0.775292920204558,0.6915799594226184,0.7530181009658306,0.9295649640360479,0.8038641252447154,0.7017776637678425,0.5994019787832634,0.5189071944628425,0.5121550371920988,0.9882451942348824,0.9803763356797373,0.926484180883764,0.9109913240757083,0.8676732038859853,0.9003711222873646,0.9603707530053138,0.8642931213457876,0.7875509087767412,0.7534733587247197,0.5730341414965114,0.5923659707315534,0.9736937610006605,0.9159873444614637,0.890657001368327,0.8290893914955483,0.7142380469824409,0.7124378224387092
irene,rest1_vs_type1,1,MentalArithmetic,Type1,19,19,346.43602999999996,173218,175718,4347.826565706187,1376.0451722042533,65.35368518937725,21.237281641498807,10.13212275269887,8.67127729096051,3506.3438154962637,1132.7510959541357,70.92456094418426,17.092111509651293,8.943884483647253,7.942200260229112,1178.5562234001238,333.8436870270909,17.881856376082574,17.011225330106686,9.75482006679197,8.64712512795015,676.3593293953677,197.78144818677129,19.17218774425614,17.528159735081125,8.834019941328757,8.094572692584778,638.6221947579729,193.50247195174478,21.97419383885193,16.122663867427118,9.391193730040742,7.392752732468889,525.7519294064504,156.97595754501893,21.312706812370585,13.919887229929566,8.497973467631386,6.9351373729463,547.1497186630971,165.63496751736926,21.18233437150426,7.785972166128815,6.635334767134845,6.306305843973371,0.9949234363679905,0.9901008387128631,0.8800144521894497,0.8492882713850036,0.8026463734900444,0.7994439597460697,0.9833031220883784,0.9372204498799044,0.8169184375613071,0.7960881791315504,0.8762468665431152,0.8410547237393867,0.990150824429175,0.9309394607285014,0.7797025014408322,0.667571219127388,0.6575154625381877,0.6983566987530078,0.9881997160459702,0.9026446051213131,0.7266265368598559,0.6069659114151539,0.5405234429576018,0.6702217819266202,0.9745278783538817,0.9130139757552149,0.6682014700160477,0.4771713658898888,0.47331242792953604,0.5742517916871361,0.9414397946277894,0.8654855546893854,0.5859811888044111,0.23316198258433138,0.37601811294100734,0.42872345801497436,0.9658488019930983,0.8933872203083567,0.6070983030811643,0.6129546748308871,0.690411238848524,0.7297020380161608,0.9836182888449705,0.9069728059776304,0.6561032463116145,0.6065568085913124,0.6662254788061281,0.6563188286284086,0.9911630156915163,0.8960699622221381,0.664055076255816,0.6468211828365117,0.6377228695216928,0.6714554922550418,0.9866069854409732,0.9206971181475038,0.6879141949464129,0.6265689659120508,0.6807613927728171,0.660193911152217,0.9666200371666394,0.9112522275116601,0.802611222839188,0.46694321985607157,0.6232936863895644,0.6647579054177799,0.9877984351587717,0.9138586097898213,0.8283898118411773,0.779797749284527,0.6820828720622243,0.7238692987416262,0.9687216441697605,0.842004657354432,0.7176924171232085,0.6551804397274152,0.5309797650118097,0.6582285251730615,0.9434675645429502,0.8403987748750208,0.5948904771837006,0.47110547130148833,0.452900904421918,0.5697151456139833,0.8921964443925502,0.7336856947822704,0.42934844408623557,0.19720458651964842,0.3249856745393195,0.41545411186369147,0.9938808370742201,0.9744088000871274,0.9304540315514613,0.9086677197931105,0.8728402465634983,0.9070704654106229,0.977509195142973,0.9351586113950104,0.8160311737808751,0.7041020357854691,0.7188834420563621,0.7746406709627488,0.9391495826548489,0.7928673093001818,0.5385448350003896,0.29246670437154176,0.3878757012944833,0.4927684289753706,0.9931828431537572,0.9655239532697588,0.9340032417422949,0.8766734238253494,0.8529328899551363,0.8515753677801136,0.9669703844696427,0.8281725596772392,0.6176267835265966,0.40905497350877734,0.4294216473074261,0.5558438171044143,0.9848714141144136,0.8966797344025774,0.7414283616691605,0.577326377734633,0.6256516230701805,0.7059189872048033
irene,rest1_vs_type1,1,MentalArithmetic,Type1,20,20,356.551734,178276,180776,4666.468643396173,2345.963120037522,95.58932678788057,21.296693022169567,11.88022165567282,10.639172724687292,3489.944523977086,1861.0675946236863,73.35056630169623,21.130969760364806,11.085524555994324,8.999394680416472,1465.179877119527,659.7739411036644,31.709912748535945,15.94097133094749,11.27775220239525,10.146564833370437,818.2724553477279,391.29967412452453,23.099295297245334,17.33652936576251,9.917116891190433,6.822969796730807,766.0507807095961,365.31472746667436,22.67062598353886,18.099502422701686,10.023140948722016,6.599193025034425,600.2821761183844,306.76268451742294,16.741764241931307,14.789844621221212,9.326054297792487,5.914855786456766,539.7229286208006,285.35026276249044,14.175716271288339,9.473830876277729,7.810176898330251,6.596279741609479,0.9933950885694321,0.9822068876636292,0.9548311641786343,0.9290391135942573,0.8501162500188851,0.8402117213402728,0.9728426473617605,0.9575384179789508,0.6823247913545639,0.7784999904072414,0.7530061362272025,0.8063947833666437,0.9806257054524089,0.9294211644031649,0.6879229673774466,0.7735469401965103,0.6522275563867674,0.6753520959407794,0.978469744203227,0.8886133822105093,0.6788863115727276,0.6524463651817356,0.6556096555239207,0.5878639097387428,0.957183496704638,0.8445840703203341,0.671170143541896,0.564523136059855,0.5616542613962221,0.5563258366713377,0.8877771335199037,0.7832550196450604,0.6372613646262462,0.6030848365933698,0.4842572472287303,0.5244291096349193,0.949956308649282,0.916029395685315,0.5789982526186093,0.70692106666695,0.7183310450808144,0.681939048050702,0.969207128184879,0.9262160812190441,0.6346460370329372,0.7347930489821266,0.6673926861037336,0.5449249214279308,0.9761783418010239,0.9084399508766241,0.6715118840588796,0.687575222968308,0.7563682585066968,0.5390884741443371,0.9699599659703021,0.8942780521466168,0.7015445576907651,0.6713463749159116,0.7274637133772339,0.542950329076725,0.9270300762845478,0.8666123126080438,0.750633361494635,0.7459570196670882,0.6425131439959446,0.5999951911436885,0.9902722923154238,0.9407457990499768,0.7625335013802212,0.8750887306957987,0.757202073764228,0.7851525698726997,0.9771183276747927,0.8793725125057327,0.6388543127649994,0.6800397621858307,0.6932540010950657,0.6346441382739716,0.942084935098983,0.8099941280383717,0.5916140411028092,0.5947204809728406,0.6223798293139695,0.579799196771224,0.8372445925839099,0.7189317303506398,0.4180697643392276,0.565849313292681,0.4862422969780026,0.5043902069552696,0.9960107537080406,0.9801071111414494,0.9258002452257669,0.8662100986800045,0.8918457483834328,0.8588450330781138,0.974494354053204,0.9291292104551074,0.8449227477641388,0.736191745905946,0.7637704041676268,0.7642137066929158,0.8845738651756613,0.8240656024242021,0.5415773081777899,0.5914484352042253,0.5038385895373102,0.5068699602491927,0.9891007133461883,0.9745061901849913,0.9502744111048754,0.9096592515361566,0.8607719009809978,0.8536864709872339,0.9152508635935052,0.8724637936992583,0.6461125535747876,0.6314915554527235,0.5866528953296474,0.605438285454078,0.9579107589765746,0.9358915398872512,0.7557815335476128,0.7898445593832308,0.7314468489411333,0.6999009881720497
irene,rest1_vs_type1,1,MentalArithmetic,Type1,21,21,366.481992,183241,185741,3445.54861729441,1897.178332601582,78.88070793505982,16.51643063803799,10.771196043208155,7.84153992964385,3085.035467401797,1708.2357806522593,70.36013265262811,15.148412722747857,8.229056793980302,7.21716686093217,608.1402531998312,362.3172120071692,30.88460991832751,11.425470508324603,9.766317149542681,9.209956193700396,410.7740250186846,279.8907645985936,17.91790420278913,14.218541618787711,7.478032797187387,6.1651668663198755,449.4530638475554,290.5101521558518,21.74593099164806,13.947483445693067,6.745920395839663,5.72977593262896,402.14907583442607,251.1345795695302,17.74965117461179,10.363459842921904,6.71705101430792,5.607532432530465,523.0165039776114,274.21514187376107,14.635397713164558,7.922382843415405,4.922471338372887,4.885419101286838,0.9967054345780412,0.9797670815353471,0.8879162974932079,0.8705062614131192,0.7863819104799987,0.8315116207840373,0.9786068266363793,0.9479184548336279,0.5251117170162167,0.7474874737625754,0.7575000876279268,0.7483419963627941,0.9816032933785364,0.8946923488719833,0.6068161102180797,0.5676371748519252,0.645340564748658,0.6739345399385688,0.9805724101878077,0.8690148527916034,0.6453407836494286,0.6119234804768207,0.5716751407267278,0.631283187595405,0.9697842513851932,0.8922065190437127,0.6667406473706892,0.5377550948234613,0.5308440503644702,0.5623039080204912,0.960363948223125,0.8844893881464981,0.7292687511177381,0.5705701732689408,0.5654438554731314,0.5630449115087702,0.9634067050100866,0.8898087582321409,0.3579868673277343,0.5939997048617294,0.5987151563286077,0.6305040924471647,0.9767126365037678,0.8719538682264256,0.4688174682476863,0.4711306643361675,0.5481690858165242,0.6102018923396528,0.985376393323112,0.8733520907970522,0.6441262068920286,0.5572617426974914,0.62278043106782,0.6067823640993861,0.9811447113796858,0.9196082900733331,0.7281932297747615,0.5584898014306857,0.6501303781716823,0.6258043133970178,0.9761156272108208,0.9442048160360128,0.7949278496021528,0.712986953915777,0.6994639315375591,0.6682489490767118,0.9774315669015049,0.9255690828070948,0.5967793560260344,0.7168013169826305,0.7476425655561303,0.7763950670827082,0.9534213366617821,0.8680432475965167,0.33664202535859694,0.6428246520319191,0.5761410650454402,0.6516202422239364,0.9288847876432653,0.8454538917829104,0.2865710341130884,0.5347401347193238,0.5093784581626615,0.5327300585077703,0.9010724959011229,0.7757490411748637,0.29055002832243965,0.3988606362061363,0.44861058433843237,0.47272049117656256,0.9861135133159786,0.9782322363933156,0.8221883796471999,0.9074575060222442,0.8337740803880986,0.8656902307604533,0.9695292613073218,0.9342776952746468,0.6773278647783356,0.7866302948375348,0.6769347191309308,0.7214001506658363,0.9423582743781788,0.7988162491600359,0.4766502859935574,0.5077342406225086,0.44856714693642286,0.5583947537591708,0.9922274866410851,0.9684123114774499,0.9053687242748809,0.8852324902283232,0.8217524600718431,0.8494270786385963,0.968075289723494,0.83314581270385,0.6618549470736937,0.5940265957481222,0.5426890157586843,0.6353334240879678,0.9798848661093157,0.9087599335122866,0.8237135402576683,0.681474562336189,0.7326480404049933,0.7112082489735287
irene,rest1_vs_type1,1,MentalArithmetic,Type1,22,22,377.90701599999994,188954,191454,3187.27296322104,615.6500987479627,40.05995324852754,14.936740375418955,10.563127426086334,8.660731904275915,2767.3025039804083,518.7843886086116,32.514122528476484,16.771681646948633,10.090094361936808,7.171415844871652,677.6944772243455,151.00749023206717,19.67673570443223,12.055511966373619,9.770810626301126,8.571617432323931,441.3792877718549,100.88388948020254,21.095035126234745,14.76081010896754,8.622672324275735,5.879709465792369,461.5285687090246,99.15261121690045,17.54607893726422,14.857216578922259,7.575859682283396,5.68952372774825,402.1875524948637,85.55682889908235,14.204983237151197,15.300595840527318,7.04155368425996,5.100938072680102,463.5244603061975,77.75075327540766,9.993546605047278,11.280898378983723,6.701706846118123,5.84107087518561,0.9957111307644965,0.9566054782973148,0.916027231199649,0.8838958626922212,0.7756381519452179,0.7774845046984578,0.9759459507912593,0.8980208662139133,0.7672276374556555,0.7477305718391716,0.7567235291052371,0.7908189806619537,0.9680358067254854,0.7654134422917439,0.6641247822407385,0.7176882397589751,0.708524277152401,0.7386418546696039,0.9723514300095001,0.7569945274755246,0.6469708131636206,0.7313683134324357,0.666051978714604,0.7224518358869523,0.9762433238083302,0.7422603622708523,0.5525599306187142,0.6424000696977956,0.6278489473369485,0.6736479862660573,0.9602854746817463,0.6928616824351603,0.5451349439578698,0.637947457367268,0.5927238487742095,0.6325967347074907,0.9624947783506098,0.7948952703867386,0.6595331200842567,0.5961657061326892,0.5617610688993041,0.6497023984251183,0.957563114023031,0.7528780837671698,0.5756425339047393,0.6424937969405263,0.5977324245148927,0.6334661164987069,0.9658077801847993,0.7992140699778988,0.5979506996909097,0.7336386069883669,0.6906864396298424,0.6663225744415329,0.9760149167624275,0.8066948740720781,0.5983606278690677,0.7675431113594,0.6912590582887808,0.6409787764419205,0.9770868877597115,0.7880625937451013,0.6460986196578753,0.7994988914837149,0.6609116449574872,0.661658699283485,0.9836590917052668,0.7825646365541734,0.8175399447516419,0.7831161402417725,0.7303528443408933,0.764540607700056,0.9742006782957077,0.6912981904155114,0.7080845879099626,0.664993355097181,0.6295809203882852,0.6953818741900436,0.9746335780406956,0.6780826527015965,0.5280670072504482,0.4924720095648792,0.5656082043463468,0.5973169026107732,0.9204689692466363,0.6219285589070959,0.36521028063559624,0.42137207847772873,0.45652895732715065,0.49132221251892993,0.9950072705333844,0.9365328682939285,0.9363173887820964,0.9104353324288231,0.8345885645673142,0.8936253081978124,0.9868113913792946,0.8654407786087494,0.7535710938620601,0.7092819305657734,0.6616675842509254,0.7966568312928164,0.9332733048462423,0.758018169912939,0.5333159558331756,0.6017506117130164,0.5211207983489161,0.6016155862558867,0.9914985068137111,0.9580521098947421,0.8726535281583102,0.8756198822846875,0.827136551682373,0.8578686603093927,0.9542098497756631,0.8449197176652581,0.6342981357633014,0.757168765787838,0.6017955217787366,0.6678132367517039,0.9662087208477551,0.9108794932288615,0.7912339709174334,0.8832539584630138,0.6919150324254744,0.7698683300711532
irene,rest1_vs_type1,1,MentalArithmetic,Type1,23,23,388.838198,194419,196919,5296.021582279575,1400.346355870794,95.99593741320102,17.88400687162628,7.903199732387674,7.75799792841779,4501.744723782427,1130.6548225223555,88.88346178046402,12.254355329297391,8.365739656393211,7.249245888813176,1176.8598916595013,349.817921550382,25.232259112280303,12.592131901234385,7.856648908509396,8.730731986460677,791.7365814847618,190.40326867751315,22.57724391184556,11.781533859823329,8.088214880785836,6.979351205581613,856.1867603556765,186.38134057144248,22.486065888071813,10.960723613404463,8.094703412225313,6.166992779122793,733.4470175338448,155.62664469968564,17.32759187867978,9.960435135415967,7.856087700677522,5.758801983026352,785.1380583248749,171.61743150445054,16.712442729623003,6.2486403392124465,7.166845276777186,5.531258808812748,0.9972934693409651,0.9695057218210298,0.939203139742502,0.9005136744812517,0.8286391187554989,0.8209895151703261,0.9685076494545823,0.9118708462415184,0.8003967587706307,0.7402211060000246,0.7596435125359036,0.7627593590995879,0.9875392281859333,0.891767520111299,0.6147637693209586,0.5882217664313693,0.5874449406664314,0.6421855374043232,0.9893759649778767,0.8554591672560721,0.5006760629948683,0.554839147502473,0.4713262444708447,0.640190166282947,0.9791142060861273,0.8198003099341493,0.5132129142742996,0.5399731117469503,0.42241189410970614,0.5767764844210237,0.9530086892051174,0.7303370091259771,0.5890903512651163,0.4891260615260681,0.4330729313865397,0.4977438540984492,0.9550052197686162,0.8107388990247695,0.6767944687860086,0.5852665026994419,0.637816793968664,0.6234939759303919,0.9805081048806211,0.8478665366264125,0.6023864922364663,0.48764774349611395,0.5762497339085103,0.5824429260898616,0.9870066030738628,0.8551928635340724,0.5614583092214047,0.5180599977371427,0.5214404925301285,0.6284770508321811,0.9841790154029718,0.8554799651769214,0.575847248577212,0.5230459648341975,0.5623260014291158,0.6315547070815504,0.9687139673693079,0.842090802064716,0.7077323872997238,0.606292385004067,0.6360502223168347,0.6350819093368211,0.9800395657361175,0.8961403507889183,0.7107399475442062,0.6820429168702518,0.7268957081369233,0.7749330666202436,0.9705810120207393,0.8039182077401246,0.5197545866901365,0.5759489988385542,0.5652911080332783,0.683136301345743,0.9347712421483672,0.7235653384282968,0.4965858240059444,0.46552682657161004,0.4681021104116416,0.6136557971173336,0.8859057711996446,0.5390642770993458,0.4144859483910821,0.3384327990654667,0.3528698871861099,0.4945911312255504,0.9959857075226569,0.9694589615091531,0.8480817860450509,0.8574595764278788,0.8814259855997749,0.8585622545916348,0.9801687638562194,0.9113141239173148,0.7222399104954252,0.7203126031553851,0.6957529636216728,0.7173827704004652,0.9334507433566867,0.6778006798591516,0.46763673316391063,0.41843590996151925,0.41048076548877727,0.5376940617630249,0.9899831417536719,0.9734738933622251,0.9037875097466618,0.8421420483999432,0.8199739156341395,0.7916430738666677,0.9556325531179901,0.7508304538727827,0.5778559498927508,0.5552608601963571,0.4540455792059056,0.559202783669211,0.976467023540125,0.8329381202979768,0.7085751402125635,0.7056383204679303,0.6788513148033678,0.7042001064504176
irene,rest1_vs_type1,1,MentalArithmetic,Type1,24,24,400.59009999999995,200295,202795,5137.473620889651,2353.328361706455,88.39681510408082,24.58924205972771,14.126583948219112,11.714635040443026,4794.144566156203,2150.9306344586253,83.72744628734279,22.690863044882285,12.041327329845613,9.210315464544452,917.52756794879,462.77119159174316,29.75308409072331,13.911639146898718,16.075668855863665,10.228901793915133,655.7700389791579,356.31775087691767,18.672940696264728,15.289887287464676,11.856074691240988,8.610970995629586,735.6293900413182,403.3594299908404,19.527585724061264,14.720653416591519,12.258248226455011,8.016941007105036,662.4215747856575,356.51357615842915,17.28675296276733,15.12663634504983,11.093514390547046,7.02333681098445,778.3511061117187,363.365296796954,18.322446367451466,14.727578374145569,8.335371422499113,5.724689499709905,0.995730344645418,0.9907390924673877,0.9790574072122011,0.9774011636680662,0.9522137450860356,0.964498411635457,0.972354582979981,0.9084229025583209,0.8012939816829967,0.8091399448425831,0.720484481744539,0.7952592899347514,0.9738272893323586,0.9087428481967742,0.6640150297747286,0.6230831118430651,0.6642323218734135,0.7464130019061159,0.9795007530534124,0.9029907926506526,0.7374999946537284,0.6694595995526686,0.7076533447884578,0.7627549407470453,0.9671023290186455,0.8861298138367721,0.7224384870312709,0.6108557803707962,0.6434700667607072,0.7825938108330396,0.9546720870737251,0.8452499448302865,0.794570657122231,0.7477844147373957,0.7276889770511217,0.7768058761828162,0.9565758704258873,0.8836913100275106,0.7410435420419579,0.7597043844854852,0.6388606202468137,0.747507575888167,0.9660895332111452,0.9106619400199003,0.6468840959807507,0.6158185012729065,0.6161772099612881,0.7205671654777073,0.977742249619708,0.9148111274050817,0.7477732426199021,0.7041957402807031,0.6702783912668367,0.7530373078693304,0.9742451595266831,0.9084984881997,0.7659662703650112,0.6687656281753085,0.6544180610644552,0.7812876396720656,0.9723349835809215,0.8942751462694586,0.8574969487128282,0.7948633971748126,0.7767047317516778,0.8163714849890762,0.9875916332391297,0.934320023148939,0.7288110049374775,0.7184775013411749,0.8401943103207538,0.8809709302325661,0.9762721936362944,0.8808919809708893,0.6969609643288036,0.6436505043374409,0.7550044864981855,0.8362246617437543,0.9521174501801534,0.8344714708014482,0.6510580159541812,0.5787491028176651,0.6441829228241301,0.7933400978599822,0.9215921997278252,0.758342480106036,0.6194924122335157,0.7069275295123181,0.6068405391484724,0.6988980979943311,0.9958017703201344,0.9844764676115405,0.9132005066707745,0.9048158665705802,0.8965389086683399,0.9374515984829882,0.981463082334677,0.9560125413862645,0.8086037567383361,0.8138668519204268,0.7718110433440818,0.8900042139774134,0.9544647195703195,0.873958388453781,0.648621186284382,0.7104651021183913,0.6596467588073748,0.7547866767013633,0.9922361080240356,0.9878752827218663,0.9312993971166742,0.9458877353861289,0.8874022075360296,0.9401376587871358,0.9719444314435147,0.9086085987964299,0.7643213720533458,0.802497747365565,0.7252824645001262,0.7811919814504359,0.9875212916473011,0.9436100717990588,0.8714210654669374,0.8150748936324392,0.7841803792739628,0.8220558469220921
irene,rest1_vs_type1,1,MentalArithmetic,Type1,25,25,411.040244,205520,208020,4390.208301788208,1445.954627826508,91.32164165491483,21.93268418819413,12.834594389833148,13.128679451831061,3886.0118509884096,1275.8178014474236,72.56200860003449,17.021753970163335,11.635301139552901,9.997179448631684,851.6747701511431,299.2447292565423,35.800802367354294,16.476882133305985,13.61986376554917,14.614272350038863,559.7362287418915,238.33426665027457,28.234885602663887,16.183244200389872,12.041223381960814,10.459017367862241,603.0121375128518,248.16417712373416,26.833167751042616,13.905428653407665,12.77770474092258,8.913762144444396,504.6858613227526,211.2255193275825,20.619432974089136,11.287350306406926,12.26142215458891,8.306055265982868,569.9591118404633,206.25720510564736,14.844698165779928,8.155577220489354,9.849128920353273,7.996801667251651,0.9975945543276445,0.9853271118140754,0.9532851136608705,0.9410189805399539,0.908152745648867,0.895635506016374,0.9813245803805994,0.9191829778187757,0.7886789750081122,0.8049030225608479,0.8473833471043533,0.8080600201728764,0.980853406259769,0.9013297627168282,0.7050368921947174,0.7402952090110764,0.7069483870962465,0.768263865520435,0.9813440478745443,0.904743613853566,0.6915601997600875,0.7372374523433806,0.723376360178668,0.7629523006755475,0.9673201743177567,0.913591027375831,0.6660076925701987,0.7063365575382295,0.6957447720251084,0.7152462268095047,0.9456604840288344,0.8892054497158723,0.6878391986370184,0.593855103943933,0.6476068377672973,0.6888342054221279,0.9732363079951168,0.8665343018139816,0.6568845128344303,0.7092065179283252,0.7586680789874329,0.7212960932714849,0.9791876809976373,0.8657623941899399,0.6044734888966511,0.6707592278034429,0.6676381921952228,0.7294360407286913,0.9841271143244291,0.884322307574665,0.6357490816793172,0.7384030299556473,0.725075702435706,0.7777342981935882,0.9731143772295372,0.9237087849824821,0.6614400806583264,0.7461399268330772,0.7639782995223696,0.7873213977203655,0.9608321784221631,0.9426796838033141,0.775635086892908,0.6834067618461698,0.7591002717709041,0.8051887016811381,0.9922487865992732,0.9512832406565206,0.7679278229143586,0.8272895684869876,0.8140565431591996,0.815522995177107,0.9829905285807842,0.9114415450968596,0.645127421700511,0.7234037935253941,0.7632180810347504,0.7526932904297443,0.9727445040407513,0.8539852947095895,0.5674022446115008,0.6437393422630258,0.675374257919405,0.6654278682177824,0.9334285784567724,0.7667391062418865,0.48455063394426945,0.49089055695478007,0.5889700954542316,0.61165342579995,0.9964579861023769,0.9701613568723149,0.9260640393829253,0.9081405668604642,0.9238518697195046,0.912805851486841,0.9890005210099151,0.9170881659514544,0.8118234858373757,0.7816769452423645,0.7703473607222615,0.8185758931742699,0.9616569213365196,0.7817255064478883,0.5763423035720112,0.5783410104049255,0.5690507059043265,0.6935647620502122,0.9947064971452481,0.965153914361043,0.9417998925449439,0.9159321315576767,0.8870369805363744,0.8889058053541891,0.9776568818747956,0.8182163940358381,0.6945852953719482,0.71342075555315,0.6501500508990665,0.7575096847110102,0.9852446174685126,0.8876491427604054,0.8095842304716939,0.8291349122259504,0.7901745854994238,0.8606215945730427
irene,rest1_vs_type1,1,MentalArithmetic,Type1,26,26,421.44323699999995,210722,213222,4796.961202380575,1650.3472892185555,95.57067636295723,18.819013580620837,13.461405892731639,13.097194962634688,4373.140427405387,1515.1371995876348,77.43757599781527,17.76676125173605,12.878880001485541,11.570308282063676,1101.6813163284794,349.5955249808824,34.59830923670488,15.89808209941449,14.710930091447077,16.529540976662524,767.3701427337938,259.32788271180567,29.184264075803693,15.646115524558079,13.651187968576284,11.51627966459814,834.8660449820042,286.70062973853464,27.443947498212644,16.296777958420087,12.478373670509981,10.849705133187301,732.8673379708688,260.21092072881964,21.194214502582597,14.90802242535208,12.028792398240702,9.856002894589604,820.4425604147215,285.2430210385482,20.96175578349932,10.829615538947731,10.230826155650359,10.20254954433139,0.9987874188178928,0.994464650266838,0.9448364637335889,0.9158823500964143,0.8630905566173146,0.8302651809061046,0.9783803638855639,0.954307677314038,0.7576428683590859,0.7539038384344521,0.8248878692979142,0.8148548817784125,0.9777846364594757,0.9360101099649295,0.7675486565397166,0.6928410801813015,0.7802829807096642,0.7512164208748939,0.9837462784459451,0.9482806049638595,0.8021927784559979,0.7141148828137643,0.7244831579150632,0.7760962153238151,0.9864791845687719,0.9505177251458123,0.791150772690137,0.6689584922861391,0.6511861337566109,0.7007855475841225,0.9885851352168077,0.9406197895550745,0.7306312354420699,0.6668110696480675,0.6584005853518353,0.6394298882366416,0.9731640031150449,0.9356987997649289,0.6472170334047511,0.671303887233541,0.6805515622531102,0.6935626339598854,0.9735318394300455,0.9307103208520513,0.7058586930969175,0.648906005097102,0.7128174037683115,0.7167605451331857,0.9811336062866038,0.9522932119151186,0.8142935549389027,0.7261537752704432,0.7245961840893334,0.7650768684690249,0.984305419104126,0.9612742855248309,0.8625955875872691,0.7613094847862107,0.6931695030271202,0.7914174405032862,0.9906763276764977,0.9609780732093057,0.8575315980949597,0.7849223200447507,0.7851737959841334,0.7502976160881738,0.9935071799015757,0.9638941641819873,0.8435596257444333,0.8395343857737679,0.8018082697166452,0.7066539030923322,0.9896167675133473,0.9504020782675768,0.6936139524208641,0.7958103628461437,0.7018297594331261,0.7092314372013733,0.9847297064796813,0.9349539550620152,0.6214383344845243,0.6694651885221132,0.6114060501474475,0.6017312841055124,0.9778712090668783,0.9015154497559761,0.4976026685199136,0.5098677205787897,0.543579731709146,0.5237339174252751,0.9982394622652939,0.9893070158032764,0.9048552456654539,0.9168315299932527,0.8894405470356723,0.8685661006083624,0.9928269315359359,0.9744196565366738,0.812898354445252,0.807042972992727,0.7565030433322086,0.7701348489282174,0.9812495838571871,0.9429469126330127,0.6197979402521915,0.603798358582828,0.6312234444484479,0.6706829102860878,0.9960585256008545,0.9911020358462425,0.9447846231529567,0.9104495903662357,0.8733562813131878,0.8832827915880178,0.9865108767970123,0.9682401942386523,0.7655212010479977,0.6925047287712021,0.7032163230749711,0.7050056009841921,0.9867493592749838,0.9846596535037044,0.8805726858896017,0.8140550499786819,0.7578916618773673,0.8071894124110378
irene,rest1_vs_type1,1,MentalArithmetic,Type1,27,27,431.55514099999994,215778,218278,5321.989844718095,2724.403959047706,223.29481660437307,45.08825363246787,22.906782417508254,20.002205280995508,4799.2439867649055,2531.5392735889263,198.80310933513888,43.34204727884542,20.114527707682463,17.94436970736627,1118.640587732895,505.9238256964517,52.494748639001635,19.4156891834228,13.918728098011105,13.638901546876902,725.3307941017893,331.3302759237942,35.63184787776149,18.019800978221014,12.263854896655864,10.317326578891503,772.1491662270868,382.0733756260182,41.35043935131013,19.03326640621561,12.845976098742582,9.942644031172046,699.7327465528533,354.79368996795216,38.12040353905121,15.501306061645446,10.825608760520456,8.974524055887915,821.4865603322795,402.2092674088996,43.920183915422655,16.398227913969297,9.308195258102975,8.629559426847784,0.9977356266441478,0.9908617143051726,0.9641308106845472,0.9569035386346273,0.9103372545050036,0.9045915611884842,0.9915410534737553,0.9295509596177648,0.880499250845363,0.8318739598090376,0.812909953439604,0.8099639838426232,0.9798751121785841,0.926302062457984,0.7982111825162377,0.7696080107149867,0.7488579956782134,0.6946794332529174,0.9753339273281565,0.928468877631649,0.7550618712835505,0.7931735252810155,0.7077103849718224,0.6819732699979703,0.9598123162003365,0.9130626272730367,0.7039269402781193,0.7106184414948716,0.6658975666936227,0.6485777800736025,0.9498005938840176,0.9009590134236638,0.6811512691652668,0.6999515073724095,0.7400863658549389,0.6574113747851424,0.9830862567325523,0.891013987549195,0.8014193983465054,0.7684350702941586,0.6673399887745493,0.7377046182607555,0.9816494435867112,0.907135600648757,0.7859800780600011,0.7664512801704577,0.6732321471753783,0.6348978060454552,0.980342929376458,0.9231175228335854,0.7955393451643327,0.8076169097873471,0.6971282474886114,0.6526505620813207,0.9693725830925755,0.9192017409520062,0.7984842111559908,0.7686115420972135,0.7147956193214361,0.6694875209868525,0.9640843811377087,0.9378446043556753,0.7983843304689435,0.7891242461785936,0.8286256154237126,0.7205302426408946,0.9788558215569628,0.9591577552013753,0.8574776028436375,0.8492784057690229,0.844152136294445,0.8126152114138459,0.9688598471783879,0.9237647094531616,0.7290499284502764,0.8045734086754542,0.7192391987748205,0.7306965956600792,0.9486144681746916,0.8875337604989499,0.6201410485365064,0.6754522669273718,0.6219018496469013,0.6931424655491141,0.9293491071745777,0.7834808699599246,0.5707501995481741,0.5708802470369768,0.6061650633905988,0.6680443622054305,0.9975657770870784,0.9854492093182461,0.942088803036371,0.9365751848587424,0.8922372767509265,0.9094878664332512,0.9907878300955807,0.9498711851717179,0.806155574244562,0.8172268995351283,0.7647168777332352,0.8142029264514198,0.9709664496252571,0.8468048750325774,0.6925999313904956,0.6603360746474093,0.6832348843000621,0.6841838499500799,0.9960837640205439,0.9782324053256469,0.9177600026573322,0.9170073081563922,0.9100181939160576,0.859451630712819,0.9787598822995692,0.8933739842433526,0.7760206210832615,0.737785267718131,0.75958182808471,0.7160144013934712,0.9873071559851354,0.9382036585440539,0.9117540382175766,0.865233824450238,0.8514481274984889,0.7984891341176984
irene,rest1_vs_type1,1,MentalArithmetic,Type1,28,28,441.943261,220972,223472,5937.723799018549,1621.6634338812398,81.24218841043619,11.436402337393952,10.827795338696022,10.668120040483695,5224.417929517691,1465.7390361050204,72.82437712032969,12.098693103285745,11.310180015355831,9.592112632263722,1117.1601742704265,293.06822548678815,23.34434099249563,10.064442754462279,9.73246486404326,10.980948862971632,771.9497140723016,217.9995541234998,17.869822764436115,10.828380905871201,11.437952829749053,9.39682748165448,854.719250103446,242.73710734993767,19.075685539083867,9.972994694131824,10.903203549482361,9.035040731638817,748.9956299880273,226.5525761661823,20.498632374552766,10.671404280238912,10.413288472985991,7.909872692873202,839.8870801471015,241.43133330618232,21.12577175403497,9.404253926205048,8.867253494863114,7.808209369348585,0.9970884083965372,0.9856136371728821,0.9694346655840322,0.918716396399477,0.9365535030055596,0.8847035992675596,0.9771550836902811,0.9330196966348168,0.8918455170472687,0.7299032086461859,0.7304893547057677,0.7556128601066308,0.9848436116531744,0.9636672231087811,0.8334510487279599,0.7318798075067022,0.6270634664094017,0.7425172849141165,0.9884589378434997,0.959954408299169,0.8354402693959626,0.7126581641212325,0.6370100110052329,0.6610928750181336,0.9869943067728949,0.9454204090517038,0.803367285144231,0.5917652463679933,0.6548520276078397,0.6828838930334645,0.9848728258106932,0.8991810564526519,0.7609273254634058,0.5930495084947742,0.7157366920579591,0.718112580521575,0.9631287073411293,0.8736177409272207,0.788686085493995,0.5789958519103365,0.6884219251378283,0.6860288443351338,0.979842769270745,0.941783080715128,0.7761772772078472,0.6685471826151014,0.5743082393299938,0.7063069066515645,0.9883355893468041,0.959600589062686,0.8309625778044136,0.7196297066104086,0.6248448860860946,0.6796411604321844,0.988631578557316,0.9693787340891347,0.8483266697918822,0.6906269900286335,0.6740826149513279,0.730862978692065,0.9938768246019788,0.9508433853045175,0.8561678417467433,0.7374214355254098,0.756561087412193,0.7588396080692397,0.9828695879038621,0.9481946280644824,0.883629888298684,0.8261437606582114,0.802884005147852,0.8732771192475561,0.9691232416015759,0.8955512081284004,0.8181694204179364,0.728948161443377,0.7390114321848678,0.7803149993923567,0.965499893674942,0.8335214313195577,0.7055039779094068,0.5477479370597577,0.655729401256149,0.7672358054697475,0.9389571105260116,0.7366184618593729,0.5539221245414231,0.43955108398560966,0.664998515380839,0.7758701670110921,0.9957071433526012,0.982370660639727,0.9511836372000273,0.902447601107255,0.8965193721407282,0.9171573728838129,0.9942547326225212,0.9458280486091364,0.8417660102206181,0.7404875356083284,0.7689803005680836,0.8789101946264264,0.9698674635056378,0.867374923182525,0.6617669314939839,0.5461549687649919,0.6201863497060918,0.8004740463515956,0.9988306620890853,0.9827048021707745,0.9408435497099333,0.8717716189378555,0.9053918624474765,0.9268280686254226,0.9832449786417441,0.9160559643264348,0.7835596885253592,0.6922035752922335,0.7137453672035745,0.7878675153374559,0.9867883759614541,0.9671716475677199,0.9028251073218522,0.8206618541160747,0.8054650367679864,0.843657238943772
irene,rest1_vs_type1,1,MentalArithmetic,Type1,29,29,453.21677099999994,226608,229108,4289.711051808153,1205.178268754575,48.25286278398879,16.593572314924522,8.506176040857197,8.033928362085343,3509.189110276532,990.7766935996248,32.017323812681845,14.720620887345227,7.480984552341288,7.267113197927093,993.8230198441181,295.44853476529687,22.813038982376234,14.124659131497507,8.054536747750706,7.894221299510273,592.0743450413718,175.90112639029584,15.897748165978328,14.811776778943782,8.48090012353572,6.803331944930275,606.721639280568,177.9828976069624,12.685750223024847,12.60618641302186,7.721297044730689,6.858419021797681,529.0033991365043,140.9275193161055,8.833633044080353,12.518516173672873,7.237110392824813,6.360227917748891,545.5345142590556,145.86882986835812,6.71953403531445,8.068098119009097,5.874793519984309,5.101181512143592,0.9958511777321585,0.9848662147309373,0.9076939657547755,0.8128503955453593,0.7688522146643199,0.8011782691047504,0.9895169527530666,0.9469665266609097,0.7985546926871814,0.8605233420804018,0.7277790075078163,0.761637951822592,0.9918732640889104,0.9084857005998951,0.7193157059284567,0.785192254326457,0.6761746744446449,0.7612658018629737,0.9929702017327381,0.8793735328264163,0.7334990651245205,0.7630805692257494,0.5850195665584002,0.7359270735401058,0.9758433169988648,0.8643075654178907,0.6191318852810506,0.6174164853676959,0.5666723932327443,0.682066029866529,0.9468631165187732,0.8746845051168537,0.4368712235548509,0.5990018441767996,0.625127477033468,0.5994296566406475,0.9735738231682177,0.8991055436286819,0.6254447707344231,0.7058479421408315,0.6253866283927656,0.663878312493802,0.9828776305909662,0.9055872375742224,0.5663220615149493,0.6235952165868446,0.6456525647968107,0.6714854051275149,0.9938856351502531,0.8953573070689328,0.636733245368575,0.6919393902134577,0.6436529902004733,0.6839441255718662,0.9878184171337335,0.9032840827676828,0.6408306277004624,0.7103592638626574,0.6913264234013689,0.7065383322092529,0.9705550262958761,0.9312984466570997,0.563346112741372,0.765935528704241,0.7503795696799714,0.723025251513192,0.9928965494656795,0.9036019953486161,0.8313495437425544,0.7928080286940347,0.7022267390836638,0.8529451311122376,0.9777395981259297,0.8452796773596696,0.7498773452948826,0.7219258996013638,0.5350810039025612,0.7494351370439556,0.9457378832864102,0.7979121877638834,0.5545764488239635,0.5544064254699536,0.490537786778409,0.6462363399818288,0.8975257155298634,0.7655427048890956,0.2678993453376996,0.49961602309135994,0.5047352369750243,0.5825633492965817,0.991206598488788,0.977025654220967,0.9185390182007769,0.8623853153968144,0.8209436025356641,0.8876299968310911,0.9678883369338628,0.9351017703717646,0.7002825795057521,0.6834208281441321,0.7258321794221703,0.7888068841289708,0.9232217269334217,0.8915564043567474,0.30159943808958134,0.607141153149948,0.5932944937368415,0.6452121100113337,0.9906390061923517,0.9706301331794607,0.8227367929442462,0.8476847749926254,0.8166104450691714,0.8536268953448242,0.9590713669139973,0.9248868498033069,0.37295078696872835,0.6644135451637371,0.6308374748405795,0.6839143497889736,0.9833952123831867,0.9648373666673326,0.5561187666001544,0.8032748839805336,0.7620164752374288,0.742105129304075
irene,rest1_vs_type1,1,MentalArithmetic,Type1,30,30,463.611899,231806,234306,5528.577998427177,1633.2348740863613,49.14578599047367,17.95712464582202,10.47103021133189,9.902884038507105,4903.40430419575,1405.1740950158596,48.056597967486354,13.371791293646563,8.623326335229635,9.620084116718788,1107.144724014167,369.8579277256178,15.877133917118122,10.961277358162208,9.52799656250266,9.708335798541654,737.9984997508762,252.68403020072302,18.96388843580859,13.455300777713997,10.295129558103987,7.726922174162015,816.8716054872575,279.68589968804093,20.04797731545599,13.319517880410826,10.126183352093024,7.131076518930081,726.6096074521541,241.76937803878397,16.516699553379837,12.155148097289802,8.85882872250525,6.8075952271071465,780.5681049086161,213.24124519433087,15.339947736206705,8.727362389908881,6.448010461721282,7.351649002804603,0.9982158198808943,0.9906531673228343,0.9575789402116615,0.9403134758619871,0.8861715022907137,0.8783376110171273,0.9759599989704649,0.9527449126781878,0.7970503604021844,0.6972313462293517,0.724024114301358,0.7852616595727927,0.988003609964292,0.9459549751792241,0.7249857684418405,0.6684666423887451,0.6990638954624079,0.7069143098618424,0.9938017858199428,0.9458533998041725,0.7891525116369187,0.7104951315775713,0.7296807553989163,0.7413420867283558,0.9938519284319902,0.9200370419180014,0.7926329032083232,0.7259969611462843,0.7344146471292108,0.7623252800354299,0.9853352507484825,0.9112292560110868,0.7424285250565643,0.7564611051612032,0.6876352777759828,0.7427661819082035,0.9647385746290666,0.9154858844320497,0.6803452906057629,0.5732297961672413,0.5789841859531422,0.6659744977200581,0.9815357051041307,0.9244471080110993,0.6522997223980923,0.5721407356885267,0.6238118452508634,0.6169866289325315,0.9911922702949356,0.9434867800844509,0.7538132887779698,0.660203382349111,0.7264921488359855,0.6716722263907288,0.9942536186760657,0.9328030144017092,0.8281721954268522,0.7250427453350972,0.7580774871939786,0.7457389152642404,0.9919935722583139,0.9411249794433362,0.8502240349604777,0.8118092129299622,0.7967956547234902,0.800797091786753,0.9909801063022717,0.9378624468074521,0.8297595896611749,0.82441938036643,0.8264957698210038,0.8292069682961392,0.9820752821389119,0.9052945240497983,0.731198373866313,0.6902767232487355,0.7430697466643592,0.7979840725659497,0.9705191946929158,0.8660085814440328,0.6182893733832445,0.6186963262741261,0.6600529119781191,0.7913202686845923,0.9363980691684038,0.8132210559129749,0.49808315717086316,0.4824379916621133,0.48895276701104784,0.6951067838177786,0.9963592383521765,0.9725242211969536,0.9180546895275296,0.8989496525195567,0.8880406782895944,0.8729272747407142,0.9880911148545205,0.9414028195177512,0.7836586524420907,0.8060643859207038,0.7896845527175086,0.8046236350496621,0.9625152888057499,0.8816625014873234,0.6070274167269211,0.6112994966376764,0.5593481938499438,0.6295355523230469,0.9964382870394152,0.9874748379766471,0.929609299882024,0.9185400212538454,0.9121961576404839,0.9032855197489382,0.9793077592206596,0.9388466967310889,0.72151084639108,0.7476677103747509,0.6980179668994342,0.7258730854672536,0.989918315926762,0.9565859428960911,0.8553920640260868,0.8604433129100387,0.7958262171280813,0.8129588708012906
irene,rest2_vs_type2,0,Rest,Rest2,1,0,473.897907,236949,239449,863.4228182766899,388.3446881566602,34.47908514409077,9.914110681017897,10.630446100739247,8.061223077856026,755.9609176874865,315.7714334393006,28.798673125816524,8.66782229874549,7.701888524444272,7.661590919260569,185.2826125483702,82.56897783167882,13.959378663175173,10.10357501475291,10.34260879286892,8.610051617442714,124.41362396265474,66.30387402670098,15.07614102056116,11.136963274760022,10.089718201978231,6.843814165432866,141.0934411009503,68.38601014335526,12.695483969491168,11.600054862123933,8.103267928948776,6.72108822081729,117.59042829537145,59.50918743392412,10.718520384532505,10.2156798351296,6.568115135067346,6.222386992501116,126.98286566685165,48.190023924512325,7.852564299944905,6.101719537947094,6.017404143518827,6.136051210296472,0.9978549874787978,0.9831098229462389,0.9153544285545635,0.8444710113759262,0.7961886764923087,0.7799149832863911,0.9854497489682567,0.9503365740740759,0.6986653131666959,0.7495859157835503,0.8278028000784884,0.8326467635494559,0.9737169638958646,0.8113864146114633,0.608169706192562,0.7873394697813662,0.7705967868505612,0.762007909925797,0.9833137175591137,0.748100591161896,0.6862591497001336,0.794663773728205,0.7222764429617052,0.7235245166218711,0.9668835071597345,0.7056728953213165,0.5680045703463653,0.6703303905628754,0.7560856179897959,0.6874294657563567,0.9829125359722353,0.8973358793362034,0.5270783755166641,0.6559483161984313,0.6484611525955517,0.6844556588584024,0.978915593669778,0.9438029098467793,0.5996137214930852,0.5900319924989438,0.6785892782823625,0.7340023334143069,0.9635117728569588,0.8371308042247732,0.5046181211786037,0.6711082726994448,0.6984781756043207,0.6910694867832551,0.978428042993715,0.7855458420247206,0.6107078659880919,0.7525753754717535,0.7475387719889649,0.6865415751058201,0.9673585030351127,0.7663654765868739,0.6029623000693599,0.7248891400395383,0.8506496281218544,0.6955324086199767,0.9859921319738209,0.9410330252616809,0.6470361136682786,0.7234514939305867,0.7530581155639133,0.7421036665074704,0.9862623479691616,0.87906636954624,0.8018079905431721,0.7623995478771654,0.8387417411603474,0.8324813775057537,0.9850845273273129,0.7855175775298067,0.6931235107111957,0.6151204257918429,0.7170619116122918,0.7358487460073139,0.9584940696025969,0.7524373423723267,0.5642188358940502,0.4420651666514651,0.6804735174755286,0.7101234031813681,0.9629191805913463,0.8939502435248728,0.46092235319494834,0.543068824232547,0.5833439634555833,0.6967300021792345,0.9878716566603285,0.9632173520633986,0.7759857423483465,0.8926427582904076,0.8804061163941214,0.8933716362125336,0.9513146846902275,0.9320550280616823,0.6219863860797094,0.7230110770158766,0.7759330277728119,0.8329488941677251,0.9438822762045952,0.8872190661489062,0.4498877028278562,0.6668018838021409,0.5650352759031072,0.7185757575791758,0.9832131052438039,0.9665930561205822,0.7859773475811297,0.8535307199654383,0.8255881987959363,0.8825583004357718,0.9734610322855968,0.8623055486504194,0.5544403297335362,0.6813078212600694,0.5821205849870263,0.6966803714884003,0.9759181984229496,0.8802881417381865,0.7570795095554985,0.7651511267361817,0.7639261924878515,0.8066280495259088
irene,rest2_vs_type2,0,Rest,Rest2,2,0,478.90574799999996,239453,241953,9731.733704004175,2311.880516949452,89.75549636984329,21.754252327767567,15.556495896919055,12.707444827684958,8707.638320281196,2118.841348254535,80.08296455070567,21.672937419096534,14.660590888192617,11.8668712703899,1947.06777688807,459.1702665773809,22.811958130544916,8.81217342157766,12.540506924801631,11.952381770462505,1363.409696744887,334.8648388339856,21.015329679048836,10.44683049733285,11.39924281325616,8.930842697919074,1457.3225231377603,370.96843003595944,17.789068251213482,11.059068242958825,11.967397342894579,8.686570949533476,1252.1946795329357,319.57685499032107,14.853060075242706,10.112105170599456,11.72550823228922,9.985463536656152,1355.2368795055233,341.2564480176242,12.794724219166515,10.50790888590887,9.024814568416854,9.089842198631372,0.9994582856345176,0.9960099796503344,0.9659968602519549,0.8693990218985957,0.8589758281163542,0.8355142622205941,0.9908688001353858,0.9775233880641432,0.8243582903920276,0.6871691051940886,0.7658227130693082,0.7738132676879185,0.9945805807586255,0.9662882027338715,0.6535667768947808,0.6219041089474889,0.6727214644504989,0.7490855747165813,0.9944471907853867,0.9710723153332197,0.700212349061632,0.6067001536132745,0.6553150640981033,0.6888575193324389,0.9961335384455935,0.9691917213303441,0.627127161798362,0.522628924814297,0.5356804794165706,0.6183693934586638,0.9937642748563578,0.9722805096699536,0.6369451888089472,0.5446907714290904,0.5162749374653692,0.6281514833281681,0.9895143953281451,0.9628976086258247,0.7609942310054114,0.5542805747303896,0.6381982729470699,0.6646603109634212,0.9927492727001348,0.9622473147270421,0.6047029571044615,0.5392544461390678,0.665020441026263,0.7056337569606809,0.993589980943113,0.9722797362411557,0.6961264503501694,0.5958110474154443,0.7250388780185173,0.705405429464715,0.9967243385468123,0.9762526424944193,0.6730288543485379,0.5897240000216133,0.672428051700009,0.7042155248294804,0.9957175612640784,0.9858211033934423,0.7341663650844755,0.6565269832348702,0.6153918013966494,0.7098562276373654,0.9934089521296637,0.981357028421261,0.8347095691798051,0.7681696471060854,0.7391244772569172,0.844295485361306,0.9895168586960222,0.96919234067538,0.801646880030242,0.6883525346182902,0.6535920380259513,0.7342745038958697,0.9894802028567735,0.9533671223262234,0.6213164862966211,0.5948858040205549,0.5085901021722586,0.6298638297991137,0.9826534789829985,0.9346911708178776,0.48475172600237604,0.5402785250001964,0.47086828122268454,0.6438522001285987,0.9989393749870734,0.9926782340692181,0.9112909342375263,0.910163109573069,0.8947646825579207,0.8790583669831251,0.9959190321562224,0.9790573786737063,0.7068004704763344,0.7413664367664389,0.7290553809098163,0.7808250105291713,0.9875275646228099,0.9513780435631121,0.4228485205499183,0.5172527686761758,0.605084856516121,0.6827809022896478,0.9978457497724037,0.9907458026934495,0.8700091209263882,0.8481769825041502,0.8467284900289199,0.8790343199818756,0.9908784896515939,0.9684558737984863,0.5927533772789364,0.6223377542897737,0.6241095945515637,0.6901903471310369,0.9961290822480873,0.9817913165500114,0.746496960880479,0.8071379999862069,0.6610378784546717,0.6904947634059442
irene,rest2_vs_type2,0,Rest,Rest2,3,0,483.906278,241953,244453,5067.122379009548,1920.220251469459,97.35891346849971,19.53940262648975,14.314603317118449,11.3659025779591,4601.736438026676,1758.044055755935,90.97398389179423,20.650143442842293,12.08208684375323,11.047073081005633,1052.9781242932634,367.6538356935759,37.44394496544705,11.460121380102887,11.190462117291101,13.96213915667952,720.7914462316594,278.7304767174853,46.0566297134446,14.769619099728619,9.137734225299178,9.061807537953646,759.1577595612841,301.7657217134015,43.35892481543109,16.126653093825684,9.087305705507,9.154142242789874,662.7534995590621,258.8255722066043,36.81926032785704,14.989688114208528,8.313472628707263,10.01307594278704,714.4927676571867,254.63793568364105,26.693217839027554,10.75444151161577,6.84099088398871,12.667997186424854,0.9986025089411997,0.9967570689043379,0.9682103576978515,0.9558237656352084,0.8811934467538425,0.8793512827836094,0.9942145382194824,0.9881572528132057,0.8050447788155349,0.8549852621227786,0.8221408793920745,0.7785139134205591,0.9910474370312575,0.9769386590616247,0.6767578668095886,0.7923086358967133,0.7224956248040714,0.7465592961493723,0.9915984606946545,0.9706448035694023,0.6780809058231889,0.8166901524230161,0.656231738215767,0.7117681161953388,0.9873413010695891,0.9681467706652493,0.6586871664450323,0.7951577061308327,0.5457672281197361,0.6529915873152891,0.978490673744183,0.9645526117767536,0.7272076233474419,0.6805820460786608,0.5590121688719031,0.6269383744862388,0.9893343920462357,0.9844656880373335,0.739780322870663,0.7840343278808141,0.7244845756591699,0.6998502568422599,0.9870172542551993,0.9743513512988284,0.6540379838690635,0.747996266651622,0.6024428554908912,0.7131576393136435,0.9913368613947031,0.9722031417997407,0.6696225617166611,0.7993171422214514,0.5855874178031243,0.752728428750949,0.9903279261817749,0.9741091568613202,0.6772134030546834,0.8229219666484361,0.5712491797008413,0.7129415729829914,0.9866177032685517,0.9750561276561809,0.800738412318457,0.7508122077014316,0.6710283162170512,0.6585880532534656,0.993956662799185,0.9849392282292775,0.8795460421767187,0.885960463202229,0.7655405948075733,0.8252662759794376,0.9896517619222038,0.971854120651005,0.8333021855617752,0.8265155055429855,0.6495755273402654,0.7201894044158744,0.9794606198409777,0.9625177591681895,0.7623625814922607,0.7473826643687616,0.569717420678162,0.6424939669457469,0.9617826852380218,0.9458170927301666,0.6399004542461143,0.5927932910632344,0.5360870302246302,0.5827191264705013,0.9963140547278209,0.9892838424500535,0.9615657829025095,0.9293908784703478,0.8636627769358698,0.8841567617382748,0.9877051067946447,0.9772149700870615,0.8873106517378642,0.8337792520662083,0.6606218058968819,0.7851713917308151,0.9673988340701776,0.9445682966591088,0.6766040328406635,0.6089736192614934,0.43815095483028027,0.6109136376631242,0.9963769636989227,0.9898769818862495,0.938422954526699,0.9033587645916501,0.8317506593618523,0.8899988231740963,0.9825375061281051,0.9515082693559958,0.7080626239921031,0.6963454530223132,0.5253381813702465,0.6778213068612584,0.9916690658047366,0.9738407587534078,0.8270199127691367,0.8001492917737135,0.6247634886004836,0.6936743832872411
irene,rest2_vs_type2,0,Rest,Rest2,4,0,488.93056199999995,244465,246965,4047.6575170959877,1942.8217925849176,93.42825162641957,13.36217745327458,11.432891565057544,9.047648409254837,3575.923142704743,1761.0553140092604,88.71665045157222,14.178048990335796,11.054086297653386,9.65678080894325,894.2334437055077,402.93604548158294,21.08490153470384,9.317684548618736,12.871557496778681,9.630734200983278,617.4402740124672,273.28656406265685,19.289292763197903,11.160327231511634,11.29045594537183,8.863037214709657,668.1661117113189,298.0490605975371,21.72527202116955,12.817107459651535,10.97802944193909,8.182943985388484,604.1961584443108,258.5514262972276,19.173233896370242,12.249778632761089,11.741078871404234,7.823536956749505,588.0573996932286,252.95424897675235,17.8226293048901,10.30844280791767,8.641323566998087,7.782220590110108,0.9986140600503829,0.995057881207374,0.9880717769141694,0.9636584721542946,0.9282495138564745,0.948497904471557,0.9877590512349569,0.9738301533598742,0.9551134874641114,0.8087729587305474,0.7351151140168795,0.6903230287884781,0.9899926544752718,0.9114600066810173,0.8924001919429368,0.7313996939711939,0.741725193247887,0.7034494404433561,0.9929886269409871,0.9246759510650215,0.9074625189146748,0.7510859170742751,0.7752720123336043,0.7369584931001463,0.9856594703122404,0.938037623885285,0.9059889858932889,0.711549455467218,0.7319128057628672,0.7353409423006861,0.978356279315361,0.9556115057203927,0.9044423041138409,0.6521461555327842,0.7448174733720576,0.6864997940969191,0.9823410866089239,0.9531872503034651,0.9229682308117472,0.7480424323492468,0.657346919055992,0.654318512916574,0.9864548430484411,0.889089272050503,0.8580109727695848,0.6927722236644882,0.6659732401272065,0.7001007301557448,0.9908894744422985,0.9141002279008223,0.8984672038553807,0.7459889870617448,0.7575052084768347,0.7444005698217346,0.9877179712605302,0.9408297458265114,0.9193737767431477,0.7429941948207297,0.749223146428608,0.7739324839717868,0.9863272320891331,0.9717623638957901,0.9390211739906844,0.6977491024984609,0.7932541860041937,0.7313511780557531,0.9957909068797596,0.9458876988839342,0.9359667248472959,0.8817087804704922,0.8362874581324193,0.7668058048987392,0.9911065274925758,0.9248478364483981,0.8984962083280326,0.809318945785026,0.7432127740224665,0.7583183382563533,0.9770054508894209,0.9021087939354796,0.8774884334954345,0.7514691653964,0.6659247261024774,0.7044688736214706,0.9530227492573613,0.8857365831173902,0.8355808270405563,0.6639697153013259,0.623974155665955,0.6493547072575361,0.9973614593542997,0.9802104435016907,0.9566451726572293,0.9386356822089071,0.8834244653884629,0.9237881392884852,0.9883764210865534,0.9295559488188243,0.9124401737303985,0.8500849192626444,0.7846038314348984,0.8325765896165589,0.9641409101062743,0.8539389594173971,0.7694706885470404,0.6929683848573712,0.6419801185717722,0.7280360222994354,0.9944658936305087,0.9738539533696886,0.9719469433952244,0.9395991044707441,0.9213905035425405,0.9007336353925939,0.9745624265710823,0.9048534947837588,0.8381270802724622,0.7910584950718026,0.767194491898972,0.7566847128504599,0.9868927006995274,0.9543189301842409,0.8866728208476765,0.877731656919517,0.8686650434994938,0.7996412767884987
irene,rest2_vs_type2,0,Rest,Rest2,5,0,493.937777,246969,249469,1895.9853819355867,706.0309125249537,55.78560756483255,11.774936226419245,8.514273019703124,8.529050546770083,1774.935861980343,624.500867875533,44.95991090384804,10.776401106407768,6.59947702558123,7.615303299549377,380.7196091083826,173.68802952855236,24.41577304309973,8.26503831603717,5.987251366725535,6.662615536150624,262.42805355116707,137.0811319170971,26.58980673001004,9.751965654505453,6.7460766575542275,6.081340279269674,299.95178848950803,147.0907910751743,25.409464139981456,11.35922685122994,7.3012132179631415,6.356695631084172,284.44915423446975,124.7096160454924,21.074000767731157,8.873764998452778,6.712640057910684,5.779846095738613,317.155896973455,114.23509144009688,11.129019659199107,5.738209791635931,4.771590734369726,5.367601975346172,0.9971568931156466,0.9895244385209807,0.9515097426432565,0.8773675303677267,0.7838438270505447,0.7931198497728914,0.939343734449669,0.9209834221045159,0.881377226703252,0.7569646442345428,0.8294291714169146,0.8092988420048205,0.9136260098940715,0.9130831906003832,0.7195529488219605,0.7007893190552045,0.7396951098810716,0.7611355661279193,0.9455912876923428,0.934385781828177,0.6851602339781745,0.6756184424911565,0.6722823026068513,0.7427433210064291,0.9648472555399885,0.9263540649435682,0.6392156727906224,0.538528339955579,0.5992590277500132,0.7082087752461681,0.9733987964124152,0.9021989892055491,0.5955454018777608,0.4969917604628712,0.5372692563856056,0.7058168720414819,0.920465579000482,0.8723511027320812,0.8210265997982058,0.7258610214469107,0.6520227023219582,0.7394909370307875,0.9004260954622731,0.8786462605177934,0.7168985978120755,0.7778959689529926,0.6516589016087594,0.7197360270816385,0.9376863542797446,0.9249368781554707,0.6885310561932149,0.8009040300858683,0.6910993768269014,0.7573753586950739,0.9645118508120928,0.9288509921379362,0.6740875653259124,0.7031297518785988,0.7040389599810066,0.754912779833225,0.9841711186895115,0.9398376394782051,0.6933735857722031,0.6308230461883554,0.6709699071181519,0.7190839650772552,0.9486061161634446,0.9635340694662518,0.7629806746706844,0.7502235886503812,0.7829987948345877,0.8027790340994334,0.9424480798032845,0.9137543256139959,0.6953577574451678,0.6067341851368878,0.6349053312850538,0.7317807135691048,0.9295198167899289,0.8828831848884122,0.6125719478501374,0.4798017091655566,0.5904864610903091,0.6936496972421211,0.8591118440951777,0.7556890878247506,0.513837191597035,0.48987113940229504,0.5799284970988903,0.646530197000196,0.991233209895347,0.971263690645923,0.9393744026508981,0.9053997263809715,0.87878223180307,0.880466213546209,0.9662623609687918,0.9427633920506411,0.8448655504285554,0.7566914031039644,0.7509558383407933,0.8076141578605224,0.8595269951406341,0.8197508000559524,0.69803542640938,0.6160116616934364,0.5960765809922408,0.6836957021896701,0.9888395595925105,0.9854571312646827,0.9311726552333436,0.8635836601658783,0.8631149203935129,0.9071745647439915,0.9106775432490392,0.9044822494442472,0.7336427777271994,0.6402859873782049,0.6579871563904331,0.7308299675485301,0.9541175219780827,0.94093249373675,0.8071836392890581,0.730744233376651,0.8136206671627239,0.7701269412333136
irene,rest2_vs_type2,0,Rest,Rest2,6,0,498.955521,249478,251978,5127.323594183489,1189.4186707135125,67.92014832386529,24.006645222921456,9.15053125030225,10.218932213368587,4305.511135935191,1109.0601070712535,56.81605986281286,21.8593050482553,8.618169007413075,9.262404305825374,1160.9198641746837,247.73705933787167,34.17427377371379,17.953106942986036,7.323343039124936,7.988055425455689,723.526741283829,171.76862279295008,30.55080971293254,19.202745526885735,7.794479261948889,6.739150934874013,765.4986293686667,185.01582479517023,26.891765832531487,18.93948707222144,7.408328272564407,6.875264868623376,637.0868708469883,178.58085998553014,19.49748171506852,16.807649635338453,7.217390429761659,6.589915117914731,603.2795220311014,196.27806552344896,14.012147412028352,11.634661204688362,7.099146976700809,6.455722397702005,0.9977156968047373,0.9789395505278434,0.9293846044211278,0.8832093292085156,0.812276248529631,0.8463445678817119,0.9848878049582693,0.8212000108405435,0.7407452157823476,0.8241425249688105,0.661469822280535,0.8128703837106327,0.988614292168851,0.8960899430665814,0.8168262174065457,0.7049871465680021,0.5545708600363366,0.6882748778476299,0.986738423593926,0.9024038464227184,0.8404829040781042,0.7469775925570817,0.5586085841108146,0.6718273142951936,0.9822374390990896,0.9061480354880207,0.7447559630291105,0.6987084053337391,0.5534042403777755,0.6586702270982895,0.9844650346239686,0.8762500309370849,0.6160746159345173,0.6095187871968927,0.45234433821581266,0.6742546736726892,0.9723513719613868,0.7233171892434946,0.6092795508412581,0.6681560691921031,0.5962620164991842,0.6806066983585118,0.9847076577332822,0.8350525117879173,0.7439849345661799,0.6205758325812767,0.46938997811105754,0.571891136850407,0.9867686028418935,0.8727473082381467,0.860658844823123,0.7513125242903994,0.591953405221336,0.6111149982232666,0.9862287879393152,0.9043681721532368,0.8593199488842771,0.7659660705298289,0.6546065575006468,0.6248971308933036,0.9911097451451937,0.9367775261513245,0.7316364965123772,0.7482269010093098,0.6520005582556976,0.7123491831531242,0.9831904127041278,0.9148160374804071,0.775102139827499,0.7537867512841963,0.7404429540024231,0.7356133190750583,0.9712514110015057,0.8180913116504567,0.6650987399645139,0.6744339997836276,0.615745743803973,0.6535005116562081,0.9569115339550752,0.7580106644820508,0.4819733088711904,0.6305119067279789,0.5549405539204473,0.598648017333139,0.9464644544141221,0.5864219288120672,0.3344791397710708,0.46448598551274717,0.47555502413450795,0.6397395646710315,0.9971569610764055,0.9701981279345909,0.9189587066794772,0.8954227622305344,0.8345233937449917,0.862322388929249,0.9904650667907124,0.9198379703238623,0.7019208534183397,0.7528976566641529,0.6842382304785137,0.7923679770645478,0.9722675671089331,0.7577632031938712,0.5141416165936448,0.5482438211856521,0.4938441613073878,0.6050217344987743,0.9966720242377897,0.9758308000851502,0.8864261542008182,0.8899126674168393,0.8336542332161343,0.8938018299477284,0.9801427168347976,0.8462185325066203,0.6717434541171882,0.721399757117054,0.5747843442644982,0.6533368579314669,0.9866840612328392,0.9149961144080082,0.8248314336548596,0.8445520057387406,0.7717198200340778,0.7455409926466139
irene,rest2_vs_type2,0,Rest,Rest2,7,0,503.969571,251985,254485,6604.744810750712,1628.0917252599731,52.40280605372153,23.274369371802145,8.52580946276729,7.030447308838635,6026.222929604866,1536.149192343804,41.88116211822015,22.09008998934617,8.405325921429734,7.828904281992688,1162.3609092301729,309.03684480553216,26.292881174759604,15.742148234546555,6.961906278303638,6.126578655613805,806.0634479045319,241.98114837712296,35.36798763102757,20.725676556086004,7.443635890722011,5.475827381940634,901.353476041189,271.77795838223176,35.555241336310594,21.447684407966793,8.081684204565544,5.902585773791679,815.5194172374919,234.94359116029082,29.649560081374577,19.661535579087946,8.32146816667326,5.836075197930354,976.9284664506689,254.84407306878995,12.431830741926413,12.939657530549564,6.533873772746729,4.640800428150983,0.9974354260349187,0.9946540132247997,0.9454051022484047,0.9187122271285955,0.8798212357100409,0.8731889512716982,0.9838851454011245,0.9663964161938898,0.8651084884849178,0.890200356333475,0.7829043870177763,0.782064717790741,0.9936490170901505,0.936555607974028,0.7147633521116572,0.873555318181553,0.7380708023696436,0.7541294938457199,0.9956310415584454,0.95530562055307,0.6217331340664345,0.8166961608441861,0.7824768613391004,0.768056406791899,0.9896464587082058,0.9484672664666901,0.5229727472241675,0.6353450817142022,0.7285894201486778,0.6834899204530835,0.9863186466530602,0.9567353173890907,0.5582092451161624,0.6767324256499394,0.7074723167253699,0.659720822995947,0.9709421894362985,0.9471317801499592,0.8485602113738002,0.7881588695637183,0.6781538769771972,0.744134691503124,0.9877267614613695,0.9226878781638401,0.7566283780344311,0.7897432263456678,0.6809233538783357,0.7247895033658444,0.9938729154015186,0.9502319177155851,0.7001046193949607,0.8207744345818284,0.7570332367653119,0.799258622370178,0.9936247173349023,0.9510702764210268,0.6377937411152251,0.7341394811224624,0.7566589233747898,0.7518408485683952,0.9946498850875539,0.9627238402276367,0.6919017297463015,0.7926203702346134,0.816094507338051,0.7037713325051266,0.9904374712469433,0.9700382071828331,0.851422015771993,0.9042679730733827,0.778464269598037,0.8333452156626573,0.9804779321644351,0.9544706301685931,0.7053154273530232,0.80922763197552,0.7211818607513755,0.751291273163924,0.9657548982399908,0.9347108972107069,0.5891809866968638,0.6341799466651715,0.650804268286611,0.7234047084129489,0.9500441454971303,0.9132405426716027,0.5591181546349004,0.6745908566320231,0.5545143658953725,0.7002201568573825,0.9971672864294129,0.9828741747006358,0.9307809821637386,0.9125949587533996,0.872020814065154,0.8871970312111707,0.9886131630764323,0.9650983644300943,0.8400641738716252,0.6884050460175937,0.762254853047728,0.7847362701229017,0.9750119411961616,0.9313920792154071,0.6355155324774314,0.7139876921512807,0.6443997101322078,0.6782529975831427,0.9937930459005416,0.988350478550584,0.9462425522527473,0.842531672832702,0.9053485669833787,0.8703447468172149,0.9844736125759269,0.9524327048993906,0.7434807384216795,0.8113209901926072,0.741037749194537,0.731323267052258,0.9935931814392428,0.9654513203779094,0.814192484985836,0.8947559456210374,0.8041370733991509,0.8202068871221829
irene,rest2_vs_type2,0,Rest,Rest2,8,0,508.995685,254498,256998,1386.5226760172168,457.67854056693335,47.32642022612932,13.431859482089296,8.737113538316725,9.48949690919282,1791.425177606189,579.4963186937613,39.09561277491265,11.980794114563853,8.32984451137196,9.237592887387995,296.6565122141273,92.81862807864928,35.017739040293996,12.216489038554036,8.00607212832087,8.063094410521936,142.94519060154943,58.12230875805889,43.42679401651774,14.590920073728164,9.576306122161698,7.197739932511522,202.37763821926166,77.22819457495744,45.11581408075563,16.198700295900437,9.658862345771484,7.487843280141834,262.877026465802,95.58850459295434,37.86820086114093,16.92575890422451,9.230985564205747,7.289439699747525,555.5909858098898,167.10229612143823,19.90689208120437,10.581250679094882,6.363776826122532,6.83388384947262,0.9533556962935519,0.9691386867697609,0.932418626037699,0.9125338892936383,0.8901159424777839,0.8723758360844353,0.7451013593411027,0.5727523595560147,0.601266281083914,0.6455383938113528,0.5817147903869231,0.7277388292736368,0.902685526319928,0.8884782329742285,0.7208130785665482,0.6624643773667912,0.5795630045198692,0.7491374077647366,0.9265217911581898,0.9128508537379835,0.7441933823163891,0.6777775971385155,0.6219096545328195,0.7417966756518287,0.8232640631599746,0.8957641551687363,0.7708322892961637,0.6967883962350456,0.6689688362543037,0.6957714331148572,0.7413283203029409,0.8575039672200032,0.8310744542713921,0.7968665347839549,0.7620972323836511,0.7605240071752661,0.6580763063306456,0.4418086148365138,0.5275499891282487,0.44732472931777284,0.45245428954425665,0.5914434089114011,0.8309696051480507,0.8249117791018153,0.6308130771998531,0.5350293091074325,0.5326732740718774,0.6706004260146928,0.9438470108499141,0.9151037616973019,0.6656550847691476,0.6299743523432605,0.615477920022816,0.7186948649112562,0.9336072719164199,0.9374639031122987,0.7981169651291388,0.7163166259286247,0.730498614671846,0.7455466404700637,0.8642805645389036,0.9448489948114578,0.9423708706207234,0.8714305458696318,0.8441466281609028,0.8275279449498677,0.8612783054069606,0.7143737233459612,0.8229948314025703,0.8349941880736724,0.734464938335454,0.8036878569658215,0.7106804688860437,0.5452981564892985,0.5444746079734895,0.6657597757485906,0.5683135300245475,0.7100190289315736,0.5993380153135237,0.4719973096723759,0.5543400549525979,0.5728643684895127,0.5297843091544339,0.660746821727642,0.6090822697866173,0.35149596280799245,0.5399188578800597,0.46087246949809757,0.40178637984288035,0.6166268326566873,0.9228240387772028,0.9231175073000663,0.777290544807704,0.8829123599532441,0.8240434775004516,0.8820390348371024,0.7734052007358286,0.8522178227653138,0.6792111401931422,0.7784459366914717,0.7213043700635212,0.8355936007846333,0.6473347275462171,0.7271880572424051,0.6111431177837172,0.592375794720705,0.5366912492477685,0.7116084569050126,0.933227706800166,0.963764765217094,0.7668735738918538,0.9190395047032756,0.863248628547771,0.8997251784242164,0.7817697182714771,0.8683402235800328,0.6353342744782746,0.7164002273542868,0.6569421470599477,0.7655365850433663,0.9135879885126427,0.9378010036601021,0.8405066932375286,0.8391884351306863,0.8015213135010724,0.8464690865916962
irene,rest2_vs_type2,0,Rest,Rest2,9,0,514.008636,257004,259504,1865.442230152889,666.3509604603291,60.74807278323174,12.780456245078826,10.273729021056475,10.868333605481094,1436.8365706994803,559.5179736132472,57.180998557377315,12.864576792616845,10.280018593433027,9.065585808769432,619.4014871423922,177.54762520998293,39.11153480113478,8.713862283114555,8.574996638195277,10.196875096393974,284.1428433134379,91.56142132651695,55.52950463642477,11.625752480361815,11.265802416740705,9.45831389497553,261.4460721869543,93.02025478355803,48.74466251646427,14.769284992348423,11.748520147586067,9.245601879400764,189.27039933718862,83.9404124565434,32.95873758930929,15.293325781198824,11.40795568635406,8.648445457247272,196.17410843217692,75.21775801298367,17.570683806989795,9.80386634493218,7.7443369325761555,8.475397433371933,0.9850163246107201,0.9813143553243584,0.9414331270095234,0.9027367109950614,0.8753613511431368,0.8871253940089172,0.9433332645825826,0.9410027268269324,0.9134016065904609,0.8459980631776073,0.854515963687196,0.8924093662922011,0.9734143650814194,0.9333753976209767,0.7771321392722115,0.8078828547056351,0.7961455556504599,0.8698139097087341,0.9808929727670406,0.9185247587017321,0.7711548989327757,0.7903279588062871,0.7395202449971919,0.8076638973913607,0.9634565337241842,0.8797261472889228,0.6671005883758208,0.7429178329869147,0.7044995092594222,0.7537733935465293,0.7801895049530367,0.7177340315545859,0.617731682783327,0.612819903494063,0.6101408441520928,0.6989908375611841,0.8892188047111059,0.8751981714824518,0.8349763460601372,0.7687682950324615,0.7485813694189999,0.8118681083350914,0.9458428857687836,0.8988562303742764,0.783307059644853,0.7647093252185442,0.7112782039154956,0.802326790722969,0.9781093938819989,0.9184990533239762,0.8308456076356366,0.7752150840407931,0.7358226907003929,0.783712163368222,0.9888628177213351,0.9128256091975278,0.7680356077641072,0.7879501461640616,0.7667206860346509,0.800602071511524,0.8617958476888417,0.8118131815426888,0.7339010889458212,0.6806461686390265,0.6943312443462881,0.7689377938470277,0.9729774825482584,0.9370088973875781,0.8338857611689633,0.8119969295624484,0.8443545517429605,0.8860061620688462,0.9234337299602385,0.8663643054801426,0.7672116273862096,0.7100556326578714,0.7654959689526897,0.8113977626822473,0.8611157952031022,0.7790987151485984,0.6585082711729875,0.6273336735814724,0.7258653925899223,0.7472342653661049,0.6634562772963974,0.5486892443359599,0.5647220001952931,0.46133011953259623,0.6561308624005635,0.7030497462355757,0.9796747275588708,0.9605568894194305,0.9388981228736808,0.9227381998826232,0.8993585272416033,0.9300309168267369,0.925475858017311,0.9013688181130366,0.8379622584505769,0.7861361082201445,0.8003403925640757,0.8573012881158102,0.7494372303948986,0.676731638650576,0.6420008013087022,0.5615704782347751,0.6366979112183786,0.7666094335151973,0.969748730450385,0.9632744383107976,0.9303189737531999,0.8621587586668085,0.9041610739123792,0.9118965081074109,0.8120559794799572,0.762884985529543,0.754424369584362,0.6679532897633654,0.6968370055457618,0.8085402298309147,0.8886331420649222,0.8696112635670507,0.8233885796897189,0.797364301849826,0.7924975459283597,0.878614101999311
irene,rest2_vs_type2,0,Rest,Rest2,10,0,519.0223179999999,259511,262011,2627.7877967927247,926.5583623992874,49.568524025737645,21.74373549133141,11.570992985531763,11.743200376901337,2432.5831645444837,842.9860196082902,37.88870946755101,18.001093402552563,10.617172043666043,10.963765091659345,459.6142357687331,179.7953769294281,19.011695708085522,15.128239783769283,11.55300074649899,10.078967894143455,337.46632852603284,140.34739938645757,23.671649741039104,19.461015771662982,11.465278841918936,10.734494949392365,382.35785019060677,147.78479519635053,24.38286122980264,19.966986414699768,9.785772553901438,11.171713431917343,330.5110792128646,123.5450886548361,21.131714236678327,15.486699332689316,10.217745197216074,9.969789840592387,364.8517721306212,133.14314952925182,13.234971338136333,8.876955400266157,8.653877026215296,9.494521221591153,0.9985125167252499,0.9864266177974018,0.9072871901291257,0.9207393701348312,0.8625771775776256,0.8316694449612648,0.970161324603497,0.8469104319616414,0.8056327140354377,0.8636749739647549,0.8689283177437442,0.8641427427161145,0.97705327461346,0.8521647671456037,0.8101920600434932,0.8434877895248617,0.7886788827240337,0.7696400903440883,0.9839904365727463,0.8790742341188517,0.7963688543903877,0.8265892376187242,0.7576729248734982,0.7602841263371989,0.985798413163495,0.8218494781401964,0.7068312643618071,0.7766598196405494,0.698993515973793,0.7294733687556448,0.9752821819443712,0.8319381524878543,0.5198665627412762,0.7503589735431834,0.7147864087041927,0.7435330951872999,0.9611250433830008,0.7887332845982387,0.659508449768576,0.8068040860974254,0.7785689067584957,0.8002361839796037,0.9718475002354774,0.8481520648560464,0.7232841798519544,0.8107308635500046,0.7787228021163791,0.7682669134092772,0.98186554421672,0.9058784732966876,0.8236248095520867,0.8137328337987677,0.7995473016036263,0.7835764730302323,0.9859740346195992,0.873447312407566,0.7839561933590644,0.811326590742749,0.8110286972109787,0.7897052267950855,0.9831867534736483,0.8948914578082439,0.6761511586902611,0.8208824686957795,0.8310190984655176,0.8543956443148669,0.9864117027580145,0.8463970191514987,0.8262110844107324,0.8645940238316074,0.8163807137218022,0.8356243567983606,0.9775861255388117,0.7649212868141668,0.7181421485229602,0.786522620458314,0.731041144906189,0.7912743109000372,0.9699107965914108,0.6787361770887039,0.6142335698792095,0.7193769278059134,0.6716462227476188,0.7311751741138214,0.9109663804349113,0.6171674952487822,0.35310773674341295,0.6505242043324272,0.6699210407470193,0.7496664386649587,0.9964573275890007,0.946437526863289,0.8713464213404967,0.9262439500008772,0.9064781665072934,0.9296635058184591,0.9915512544428334,0.8532379721242723,0.7686784987610101,0.8700491343367928,0.7978325061090089,0.8708473639220766,0.9323940869917203,0.7320080650109939,0.5018979046349067,0.7351294023298676,0.6587695355158609,0.7881488875423427,0.9968641370769179,0.9567319150653142,0.9055966505098818,0.9441084257715031,0.8865500319615179,0.9153618617336757,0.9527378780617194,0.8517927144223014,0.6427352897387083,0.8015552761936545,0.7085215835487677,0.8153360726842175,0.965607751828295,0.9145062758363326,0.7881429734700234,0.8697223146134592,0.8138218737126344,0.8347831274930061
irene,rest2_vs_type2,0,Rest,Rest2,11,0,524.028447,262014,264514,4351.731937353806,1197.8898858372734,50.83081241246555,13.983411613913413,12.973652887884505,10.714589861043084,3870.0247878974815,1107.886095241135,46.290342431647,12.570280542009998,11.883518556189856,10.084915986614506,812.235732240034,227.7252308792461,27.914243567033544,10.193144418678909,12.382608700747793,10.143561661862627,575.7768738702292,161.71941349037704,35.49158367687383,15.529563494383144,13.131491473617215,10.446105177567143,630.7359160809123,187.09389566845942,34.251455690368225,16.863450964217336,13.63529301951244,10.058047323292351,532.0248913631748,158.35690118200216,27.54438388125494,14.980988361537252,12.144462833293481,9.825810239703362,617.3871695943103,162.80529939669202,19.795884242466016,10.07318795237388,12.050869329088902,10.054860333026152,0.9993540940381377,0.9955723765246339,0.9702499755752167,0.872230058660422,0.8730638769372474,0.8908530796608358,0.996646547452107,0.981918762476039,0.9033205959209909,0.7687828513888961,0.7798083891295817,0.8923675453514293,0.9931610751918954,0.9568541636656032,0.8569870123280608,0.6632130940775905,0.7739433374049187,0.8278914955199216,0.9928921261014515,0.9479909159559488,0.8570868602137086,0.6911337965089851,0.7830126556412486,0.8120643919721972,0.9910716919029313,0.9397000952957316,0.829289787195816,0.6066657494475259,0.7174476426410226,0.7897384444186524,0.9948435110776944,0.9595063675225873,0.8081933333547651,0.5491038553295776,0.6514624680983878,0.7834353162655228,0.9939733128886807,0.9714124734469752,0.8785337549368535,0.6580030165635574,0.7074816820162967,0.8513553749161217,0.9908940900545735,0.9506159214176358,0.849124697210377,0.6137949784062914,0.7628087072834756,0.7893428496991948,0.9931056372269224,0.9533816900028798,0.8636743028357502,0.7098276897924161,0.8108042438426979,0.8072531692368121,0.9917522012131513,0.9534218654075897,0.8588885817587508,0.683945424424644,0.8080413501487917,0.8197859928461029,0.9961906990522991,0.9730836872134925,0.8490785688427909,0.7275050617278113,0.7766873782181968,0.8249912378111078,0.995713302841474,0.956459862499949,0.9356694348682847,0.7942985948087254,0.8325252457529153,0.8672665447925092,0.9903054908883981,0.9387402736028827,0.8844157095890042,0.6777176969911815,0.7313578171691042,0.8449396327618757,0.9885871166944621,0.9282237632419079,0.8642503519645548,0.5779967675359796,0.6795485601327961,0.8348092414742091,0.9900988020051638,0.9387731183849101,0.8488428234478,0.48649770184840807,0.6367051811765211,0.8226456246347927,0.9964582900389258,0.9812231426685825,0.9623556943130179,0.9054848392473465,0.9007764262868635,0.9204547262136243,0.9944481313173363,0.9530189604698478,0.9203473298288974,0.7895478437970718,0.8053434550639332,0.887126880296842,0.988650828156134,0.9128944308700502,0.8644130127760044,0.6027550523920959,0.6906782664070783,0.8192849322458853,0.9982147422464013,0.9842277675157661,0.9623918524567898,0.9138392006703603,0.9267434963474699,0.927898473893349,0.9913892601129596,0.9365484624189528,0.8751353315865661,0.7004588320706279,0.7705323818232611,0.8375882630490619,0.9919433216306647,0.9655595254271674,0.9355945891387674,0.7927194938152289,0.8445643091710243,0.871320176995284
irene,rest2_vs_type2,0,Rest,Rest2,12,0,529.0511799999999,264526,267026,3339.2279124239176,863.6161478361256,36.39835905127515,17.820074798767877,14.25168219658143,12.368710677859518,2942.6945473457995,737.8631482167788,37.88254331603973,13.495816573363031,13.889240657101709,12.930364426413473,665.3907543563888,188.19908224274855,13.207415288301455,12.281788836480642,12.92289685428803,11.208506112046607,473.5872609313636,125.38430218635949,16.215641239632617,13.474220855219299,13.642447438584824,10.446551277623792,513.1480990022706,124.04469651178448,17.505908641276157,12.733021764683132,14.603672757438186,11.902977877840389,436.814686594743,101.76895674699482,14.175912333163161,10.99902581879143,13.424294971419881,11.365082955709141,476.7750720148475,112.13007958113685,13.32804371333904,5.675647193293122,9.047561708188452,10.615505528512426,0.9989546235724743,0.9894885428922191,0.9618348971413745,0.8169661507279332,0.8299988642900594,0.8556285432171359,0.9880598336383032,0.9595249575577063,0.7872047833678216,0.7873932907330418,0.8564608253914766,0.854558438993457,0.9930323121765783,0.9055964036184475,0.6464084138374349,0.7050244045853306,0.7466311749182547,0.799970706265006,0.9948179378605526,0.8761061173212351,0.6812392626662661,0.6584775259291844,0.7174948830331774,0.7987623773213202,0.9894854215346571,0.8513933625009141,0.6397471414251964,0.605848702816249,0.6650316946129542,0.764085539400958,0.9737222301302365,0.9167399529162721,0.726352312340888,0.5505995622336265,0.6126148890841999,0.780606967055338,0.982268274367112,0.9281569844817094,0.7036380269652411,0.6600695202462499,0.7263638913518647,0.819350307277661,0.9899492105618842,0.8933173632978895,0.641640606584582,0.5841380301181684,0.7223365443945111,0.788737710767485,0.993906129098248,0.8831187839015171,0.7046603833369154,0.6520314955278862,0.7484881472456852,0.8373363640788598,0.9911187336278706,0.8720406856644086,0.7094561460548887,0.6905507670407988,0.7717035936607011,0.8534218745023302,0.9790817741835145,0.9472702779764959,0.8070679983878893,0.6967428788786725,0.7305965495158313,0.853740676807648,0.9929050777466943,0.9075094427796189,0.7588307872021829,0.8276401839943618,0.8146070369468582,0.8991610082104979,0.9861720823485275,0.8478707950018896,0.6645295644827047,0.6753464792240212,0.7213782751608269,0.8582534731894848,0.9721206165397333,0.7928360345974876,0.580122979913561,0.5744281680739799,0.6759452189002769,0.8018870484592467,0.9402791768846749,0.8244459944597681,0.5884300135631426,0.46348487931441246,0.6389748619857716,0.8101256743036654,0.9977495053571879,0.968687736982621,0.929534784680896,0.8633162882706232,0.905026951486871,0.9171887948006926,0.9903649335608958,0.9266305128269116,0.8315527119403441,0.6842635945936685,0.8026792808981495,0.8566834970377725,0.9653361048345929,0.8777828744787044,0.7600663331476233,0.44673822154968124,0.6989467535363227,0.7899457467392746,0.9960222069742057,0.9708819460050058,0.9176901751149515,0.8779086101587509,0.8852590299242115,0.9207508286267488,0.9767806851310009,0.8987988909044636,0.8238805110228918,0.5728331953752398,0.7372255927505436,0.8533983495662734,0.9892158179213658,0.9325078474339892,0.8862740420275275,0.7244595018644976,0.8357534326265649,0.8874237630431038
irene,rest2_vs_type2,0,Rest,Rest2,13,0,534.054632,267027,269527,5656.583733828372,1157.2997907276642,121.49936579467395,19.24445708676923,13.155441892523452,12.278463789782652,4996.243882347892,1000.312570240581,107.48656487250362,18.586240567850936,12.141468507687433,10.751323964060445,1108.9190039558332,261.2476367778022,39.910540324313594,13.283551084249074,10.309315400703564,9.470517858401289,748.1524532738871,198.9477244680965,47.31182824644662,20.786518865355394,11.129542685180754,8.831324521251533,815.0797075279365,207.07218570300728,44.920058354811644,19.01119980124737,12.191060058990129,9.387393731973695,715.5195539431045,165.33332829878617,36.45292038099065,16.527443218751316,11.532409237932622,8.384405622621076,790.9288888210875,147.4013074859142,26.29800719335512,10.084457706715108,9.639600144050863,9.056352623574737,0.9976491194500351,0.9933637735417062,0.966030862220099,0.9314605828093547,0.875311411457762,0.887981223237361,0.989738415544124,0.9745827641143309,0.8582824528594069,0.7568325816216935,0.8047023691814295,0.8296032073825449,0.9946336817034723,0.9345387442933792,0.7700659456291498,0.6119590123439517,0.7468843070732223,0.7443447706397561,0.9947112455441967,0.9238029401225272,0.7885689244819979,0.6346328806967431,0.7231157887712899,0.7187988784544753,0.9903730278817934,0.9182210524356751,0.7013969099039554,0.6185800989208311,0.6404673288848681,0.686037063377594,0.9831334765549942,0.931314630557162,0.7269901398039099,0.5514920187820146,0.6749242952158037,0.720054903544464,0.9794750358920576,0.9488856600042053,0.776994974161656,0.7086840836189551,0.6891810479281545,0.7988957862223752,0.9911992808605968,0.9144066253931211,0.7545076038505624,0.5834035481584073,0.7004481883845084,0.7257703870223049,0.9958193216261274,0.9197231729389705,0.8111011600685492,0.6142689274587602,0.7418837029620364,0.7141277447893077,0.9950855397984683,0.9268864620804406,0.7576324342443772,0.6498504744394439,0.7397256764338525,0.7440430636424102,0.9923458479931707,0.9548024936453615,0.8107640768244018,0.6595010940900164,0.7714121545566832,0.8029459924248794,0.9920065643863517,0.9614085133412046,0.8540408426434226,0.7424046838946846,0.7958721411341997,0.7948980668661995,0.9816847080800438,0.9245039311117877,0.7824708661588714,0.7064179616221633,0.7116085378891265,0.7569421110925025,0.9703912044311561,0.9001671909327746,0.6422787352756003,0.6711298260047942,0.6126101508261768,0.7306380758933266,0.95322380598096,0.8724092775151164,0.5906169025656186,0.6158893193361391,0.6381914983745056,0.8104186552958592,0.9964064826001219,0.9813011764442146,0.9474593060914286,0.9306125257083696,0.9041121619801158,0.9205915016634041,0.9897960586465814,0.948722472792713,0.8468877812594486,0.8364703804821972,0.7948221369874493,0.8462965575450707,0.9738951459859758,0.8874134522383738,0.6771663409210663,0.6189412738931015,0.6645066594980011,0.7481595810149352,0.9975310424308558,0.9815161555702925,0.9416326623045916,0.9291669367291152,0.9085111696401524,0.9122769765282813,0.9865386691826833,0.9264254458517298,0.7483512784491583,0.6594303862459425,0.7258715135011743,0.7851989372499617,0.992046750604545,0.9593880627987225,0.8140917368681686,0.7890097813072797,0.8062912178669522,0.816695402665724
irene,rest2_vs_type2,0,Rest,Rest2,14,0,539.081547,269541,272041,7799.903174046211,2401.904581170548,135.4341388979601,36.17446428748223,19.337601344918912,16.268368119499616,7620.2338062311155,2252.558821455684,127.63647509385727,32.27455584274106,18.800600773842476,17.19992858035549,1373.102252901288,422.87671495712317,29.921180776948557,15.206667952692912,13.457648155330952,12.860661503476084,1043.6640480798565,330.49309067925844,23.064890157606385,15.778425973822905,14.602616375108664,11.508789403426166,1205.8131009738195,376.63101730152414,24.564340136196584,16.496803197558865,13.983439685039716,10.218225822772187,1108.486455039709,313.16169162605905,21.433878095518352,15.732012487726328,14.525946841569507,11.24472798866385,1315.006765055953,325.94637706554255,21.530140773520447,12.063986535790429,13.581867236396748,17.979267536496863,0.9943035021674357,0.9961577783321812,0.9855489197223427,0.9741727565045205,0.9591876925606535,0.9533299508874652,0.9548883490822518,0.9787556376145259,0.9365459562257815,0.8820804096827585,0.7509494327621766,0.7450635723100337,0.9907383802668575,0.9765536927293925,0.9302762833604513,0.8269900896802918,0.6884186047043789,0.7147061743184691,0.9902947005399226,0.9711857209195356,0.897771669929646,0.8109771291687851,0.7299055481900437,0.761601657929081,0.9803272890053648,0.9664841493615947,0.8790095840178511,0.7676344928222498,0.7260651655506202,0.6894942236459419,0.9685748934584644,0.967681829997482,0.8508319258964516,0.7990649609035412,0.6368308436025073,0.5203380543613355,0.9202803872541715,0.9620018075277958,0.8963536425597998,0.8265568171039313,0.6831057302532684,0.7089449679031643,0.9791256283067419,0.9664111409155968,0.9286008292360665,0.7868583552054993,0.6415431416645119,0.6827839463632223,0.9871677277162676,0.971752073321606,0.9234048658086766,0.7962509090596583,0.7107153815562988,0.7600788809270508,0.9898903451208788,0.9732833131021543,0.9254291272442963,0.788611891358621,0.7644965529913372,0.7180285317210274,0.9880351186746682,0.9819459868316518,0.9052217440069448,0.8334819803105024,0.6819724080026198,0.5938275225290749,0.9683369339619837,0.9849814425823771,0.9135880475778289,0.907638260724947,0.8592621202976766,0.7427121608210807,0.9460137929003904,0.9607947704442391,0.8616440192191298,0.8358537128728686,0.8467456733880454,0.7525335856678801,0.9027383536577657,0.9438330047074768,0.8008626079731839,0.7468740985001918,0.7695087829782947,0.6609542520993273,0.8641666048410371,0.9178993230789176,0.762227762061665,0.6664776191777139,0.5987039527462873,0.4579066437563121,0.9959639238582931,0.9877102443728059,0.967131035758209,0.9439656023889164,0.9285300950443593,0.9088120744265432,0.9788793153470806,0.9708458984859312,0.9173391930501106,0.8260516546254904,0.7833673131026934,0.7741514580194462,0.9505628255692556,0.9370297640280703,0.8525718376999254,0.71126799319715,0.5413785367004798,0.5028486454598765,0.9920923573191996,0.9932074736446431,0.9667754826369942,0.9237625596778215,0.8907197604414963,0.8731235643466808,0.969452502119242,0.9589649839287527,0.8933971335378169,0.7770847689259212,0.6080487589291796,0.5264795568442882,0.9875383405827406,0.9713635294064671,0.929628838636274,0.8322437047619013,0.6986190931114306,0.5068533793083034
irene,rest2_vs_type2,0,Rest,Rest2,15,0,544.0830209999999,272042,274542,3098.4155091157913,1413.1080764302474,128.05328364075348,52.69072172698602,20.18858430889765,17.393804393940822,2928.639470199921,1330.3338531764196,116.3943159679587,45.51977583920599,17.203219727952167,16.479396137522592,601.068397398395,264.1841832013427,33.034696696444065,18.10815448275469,10.299848105784417,10.60358976899881,428.6389693057807,187.59360287001803,32.262242241738726,20.000361090487818,10.56190891705346,8.763297360953677,481.7432560365942,215.98120417031444,32.40264583555334,22.940252333603812,10.258067412362253,8.674641986270432,441.98959409234897,199.71122876686795,24.997080626387707,17.691374381839562,8.203650041402147,7.87330842935014,526.0365910107757,209.72877177613083,18.80007444119966,11.606577645708352,7.244789072452654,7.891849419938191,0.9969545654500364,0.9876216391752584,0.9806081544245581,0.9617582542905677,0.9307757298129136,0.9297282534061814,0.9730007198009026,0.9033036507267191,0.7995206928099746,0.8004782117965598,0.7196066848208874,0.7828057213942609,0.9733130808547209,0.8975241277326825,0.7378152971979284,0.7555490493642393,0.6371755157946792,0.6580678196407056,0.9827936822419723,0.8796386316708261,0.7730603352179607,0.7357514257149889,0.6348371914576074,0.6381219128396378,0.9874188665072644,0.8668992022185726,0.7539343872094041,0.6841669872412887,0.631021684798257,0.6345242270509627,0.981589472291866,0.888960464437513,0.8127420280730415,0.7417422420972632,0.6326019316179398,0.7311504794602163,0.955649536968927,0.8438943209976795,0.7240053666671957,0.7484801935376996,0.6740097023244045,0.7467130380459039,0.958468272439068,0.8794488067574819,0.7065744087483721,0.7624184776210178,0.6123265424258356,0.6295711987020165,0.9738594562285323,0.8946833839262297,0.7749605876206064,0.7665541108872743,0.6542503677605204,0.6181433899330046,0.9828553354903705,0.896233747616674,0.779012774271285,0.7384602531285002,0.6694814718914823,0.6425945405058067,0.9888808809742563,0.9356215952256396,0.8464737346757785,0.7867901510505574,0.7022242346079247,0.7586514117151796,0.9883116936753127,0.9035116033192079,0.8833816835504894,0.8418307152841606,0.7530558828025294,0.7903239344425855,0.9837375212940488,0.8032582090622923,0.8085321698522854,0.7532875334873398,0.6626350411056792,0.6973205759394768,0.9735868124390121,0.7485695112103691,0.7115705333104736,0.7127418053017412,0.6421002322270566,0.6958876898988464,0.924901781274568,0.6932714618163915,0.6580537254509347,0.7024524598850038,0.6732841628725499,0.7442001116526238,0.9948167518965834,0.9582515730898632,0.9429905278918339,0.9335256436060879,0.8635212951575273,0.9139846393383446,0.9867725942314677,0.911069254201391,0.8778783983825186,0.8532535091279357,0.7709155715570414,0.872282791089071,0.9357878580407468,0.8159832788059497,0.763656117611714,0.7400938444688029,0.6102446038949366,0.7326657694983427,0.995654051621473,0.9828433704739022,0.9523244650212472,0.9266850173051229,0.8875114359059839,0.915459536185901,0.9544834719182079,0.8835466594468796,0.8340013311742018,0.7502561853542329,0.6967152154807259,0.7520484546953087,0.9697481600649844,0.9230410933349361,0.8962904921340206,0.8509365635389982,0.7982015157367169,0.8091149148155518
irene,rest2_vs_type2,0,Rest,Rest2,16,0,549.090022,274545,277045,4975.8549738366755,1188.2194565368663,60.607856147899085,17.89727579160195,11.422657744403384,9.465934386821592,4407.962699824797,1016.1991045644249,52.16598079307146,16.187429325849497,9.560228643255412,9.489934873251382,958.4449625829188,273.2010690144219,23.673534746755344,10.479338490631136,10.047769327597436,7.7502089600153985,671.1584137775685,203.26517473321053,22.0734808291075,16.074159936515766,9.903733540573965,7.731269216888181,706.5171372901688,209.1593035183987,22.51556711539487,16.30763434484527,10.154365229104563,8.392535646559432,594.7478609136948,176.1254292608602,20.53096973746587,13.507446753592328,8.320887458900742,9.204840096436826,675.954494684829,150.37030398762695,14.848011087375852,9.524669222471942,7.339947498958626,8.34704847023575,0.9988107043153973,0.9951375896434831,0.9467974854520532,0.921483191818178,0.8390472842852279,0.895960299794538,0.9934118633806045,0.9799471358739328,0.8638416342627853,0.7580397437714278,0.8176864541682123,0.8436523287027476,0.9938978913534279,0.9467360123675972,0.7188602424942757,0.7496198512142634,0.7479276689827814,0.7557962917669054,0.9956930951328192,0.9401007706082871,0.7523836734431004,0.7451046826071736,0.7077771318001703,0.7265436902506277,0.9928942377121373,0.9345676832356614,0.6571636846482481,0.6605169865083228,0.6431889230293153,0.6897583831512921,0.9926211187727424,0.9621488992744718,0.7163525152591095,0.6613476047852714,0.6116219722933909,0.711698627632485,0.9893829454053543,0.9662143965861318,0.7682478715028986,0.6983287646429492,0.6432630295693837,0.7818031688799942,0.9930701874309399,0.9388105177943871,0.6876189166192869,0.7444163468560163,0.6706721646093377,0.7258828856935675,0.9955564753506128,0.9407180581884123,0.7893751964818521,0.7681742181105743,0.7304897255208955,0.7582917821967737,0.9943278698485966,0.9411121030062727,0.7524623593277477,0.7448807480720443,0.7503138060932286,0.7630262991471316,0.9959916609565532,0.9776399443652286,0.8408764983615639,0.7651350673667393,0.6753679581102877,0.7808385470944882,0.9962892627100289,0.9726398323770344,0.8590228880423705,0.8303376090943385,0.8057317276634294,0.8490684961370144,0.9917059336369348,0.9556062914437264,0.7600774608288263,0.7425485908963906,0.6900206943796204,0.7704574053362273,0.9875184082467124,0.9439170823030174,0.6010492754410243,0.6718580427635121,0.5898419573136866,0.7550179008699369,0.9814285212999817,0.937475263258654,0.6004060026401821,0.6341077909012954,0.6010230223713364,0.7486592135765237,0.9969663379121805,0.9899022082477268,0.9052385432306647,0.9226898492452128,0.8821561514868913,0.9058737297590231,0.9954227568615573,0.9741167014859837,0.7279654764986936,0.8181751923017175,0.7079304022571279,0.8283535263875393,0.9888507300575481,0.9366209173359347,0.6456432538326841,0.7289800551474181,0.6309476069299021,0.7443000433132926,0.9972945283394906,0.9918646153111195,0.8937027298037004,0.9025571100554757,0.8457643189484478,0.9033607972823592,0.9926597791122517,0.9547924352847545,0.8036986609050112,0.7942870341657583,0.6639929074825197,0.766010806058956,0.9947015435820972,0.9685198578213935,0.8986585958017272,0.9102696089562279,0.7539217801798671,0.8544718276806421
irene,rest2_vs_type2,0,Rest,Rest2,17,0,554.119786,277060,279560,1185.350220398921,403.1152418680925,26.64613388229598,16.251910483324757,15.628522841546229,11.681743383215283,1194.3102501866683,362.0955724307669,24.701781717787796,12.832039039573214,14.521046062987152,11.746555135523186,218.9738507812426,102.96561120773625,16.31508983857489,14.046416429564493,12.42741182614742,9.000493009475278,150.4731088057289,90.62891113098664,20.846632926602645,14.9553399810878,13.159968970406496,8.448208424411115,189.61884816332602,99.74299163966843,24.93999641127322,12.776613202857321,12.65905009758959,8.995932305659025,216.802939486758,84.59150214096456,21.57775863296461,10.45563948352121,11.30466585218945,8.575615999999178,264.74320228140516,73.6096847162087,12.85103401425905,6.165242110343319,9.676654151481863,7.753518517551276,0.9857402426151021,0.9487107355444537,0.8638111524110537,0.8754367725945756,0.8010141976256884,0.8740991938096213,0.7854573103300705,0.7245581598685359,0.6748872068712899,0.765537398105489,0.8580657202464076,0.8398280248581638,0.9454702908869187,0.7592673798904617,0.6684000095520981,0.7398726563567427,0.7531498934590705,0.7476759157533593,0.9543807338246498,0.7797256189749884,0.6100752973147217,0.7262133721671207,0.6770153219115291,0.7177785274792436,0.9388326837487116,0.7666746541504521,0.5128781665276468,0.635452436599968,0.6431046452596034,0.7273056200970408,0.9108468370014803,0.7481820009482217,0.5694520653132502,0.5561807817706511,0.6707251318570261,0.7960933419314429,0.6893538674144395,0.5769363541997825,0.4640370453513266,0.6182834127426023,0.7353202773563925,0.78579917235628,0.9246103520042093,0.7050909494405324,0.6050285172492409,0.6342329853558664,0.7141694720225195,0.7113414632428232,0.9657683729163122,0.772802131923125,0.6527399546784665,0.7043909197045684,0.7434105375216895,0.7105357505381922,0.9759850287881914,0.8168596803502917,0.660775720535751,0.7085786894405368,0.7424736014714274,0.7785096928253231,0.9629512488847926,0.8870616900051796,0.7165538061561889,0.68499647049127,0.8231754941953492,0.8594671609133301,0.8115714764055234,0.7234997823174063,0.6869922882139136,0.781692907746227,0.7791878001318594,0.8188774481315062,0.6969916148241387,0.6039048930289009,0.5572678230019837,0.6583409164915703,0.6367678239870063,0.7344027198229789,0.5978705885013375,0.46745920606411634,0.4224535831188819,0.48542342974187236,0.5985688375914209,0.7043715581907005,0.5379623694991214,0.34785341796415237,0.43128214940730525,0.31283077898399964,0.640090153548841,0.7822100544025515,0.9695748284158512,0.9452792859026009,0.9329483000251397,0.9015090036055311,0.8693990198019257,0.9066045242956046,0.9001498221858347,0.8327444546455439,0.799628807534442,0.7155776303229852,0.7785627450253234,0.8213636027061736,0.8528894605659181,0.6040285948770522,0.6754899890877721,0.410190120574918,0.6991802634543036,0.7381319376929659,0.970256623078143,0.9280009856840211,0.9165049241279558,0.8515148027178763,0.896920295287946,0.8744920919025728,0.9357588423599715,0.7093979975913284,0.731201473113421,0.5417454569509854,0.7385711470720782,0.7432101622990293,0.9847597504959076,0.8210493583551688,0.8180937114086951,0.7567797325293222,0.7596404734074305,0.773341620341054
irene,rest2_vs_type2,0,Rest,Rest2,18,0,559.140278,279570,282070,2659.356115951539,1082.9755500784586,28.01304853198742,12.633524878393356,9.864513056126281,9.540470739208102,2700.9247273774586,1061.1813070468102,26.33762211328963,10.109992540813584,9.826011786354853,8.853207331481277,402.4869669734126,182.59804042892767,15.551050848612501,9.038656431289867,8.746573843936824,8.653244602485621,302.0148169698971,147.6168860429326,15.701532739892253,10.907340066356145,10.611585035668055,8.800614513947545,371.7194779556968,173.72760083933244,14.978781046882872,11.328843140742634,11.706546792577912,9.16219988310989,359.77355781149805,156.26138372490604,15.262739804672847,8.898655443387515,9.062987989699431,9.117334519040408,487.6300865545753,191.5865504225278,7.8859527249260015,6.197156812412146,7.854826057780314,8.608022274208729,0.9951698445961688,0.9893766586945458,0.9064998413355573,0.8925474448346435,0.8319915053761701,0.8672620021867374,0.9063792520677486,0.9015340996204507,0.6663389016307822,0.7413932390312276,0.6937821132382296,0.8031392840982586,0.984556133286441,0.8703673594195676,0.6623617907153134,0.5194523141716799,0.6498433243007089,0.7130610588958616,0.9851355251179088,0.8926777824248908,0.7856663035811291,0.5183466904262628,0.6757074387589767,0.699961551826857,0.9763156066049351,0.8848134719174386,0.7641856958658706,0.45703540728489417,0.629272588910374,0.703759848732549,0.9770309147581177,0.9327684829653055,0.6144948838427158,0.43935596866792415,0.6065943097710551,0.7731294269373655,0.865783746490065,0.8510623470940037,0.4750483191971977,0.6419286584490335,0.6589340668828155,0.7171622359699594,0.9699354932502445,0.8470222389726911,0.5051270799083996,0.48141406280429727,0.6719409785870061,0.6506840578075063,0.98449287483448,0.8909866887759255,0.7130828761689203,0.5389094125574215,0.7238408964668372,0.6820165248840249,0.9817653643709529,0.9011640928881328,0.804704816535686,0.5310859540532987,0.7190599622074253,0.7338837293183567,0.9891324645264064,0.967601651254341,0.7549366453058142,0.5349614779207288,0.7001597168510457,0.8084187221989985,0.9351042207458935,0.9107316811506554,0.7976287976603568,0.6993721710149876,0.7880776334085013,0.812979782023921,0.8763122733578715,0.8733896985253049,0.6519156025520558,0.5790813635124082,0.7265801498573901,0.7786103383089193,0.8484271817434029,0.8105087551627017,0.5307109076199967,0.4930781454194038,0.6766140998286863,0.7516015847377144,0.8228669874324511,0.7415249839858957,0.30281031055539753,0.43139099819813825,0.560993492747332,0.7336953018736782,0.9866086237218387,0.9686229225999137,0.8645037418471654,0.9171329466760376,0.8858964773929227,0.9203405948474721,0.972266440828934,0.9244311674847767,0.6717709268059024,0.7760274870186228,0.7670550455450199,0.866086041855087,0.9513115201367626,0.7922510380660415,0.4143184417431668,0.5579662620769221,0.6639114604876054,0.7245988348258747,0.992792525087005,0.9706575547771186,0.8916693380015588,0.8825622847267639,0.8956850324989702,0.9069232715790754,0.9760447792609185,0.8628259945257137,0.6167204815276166,0.6605735760796729,0.7454207336797757,0.7634612429185613,0.9836207890120057,0.9009892089738629,0.7932466458316072,0.8120364995289184,0.8086852488325329,0.8186145002974959
irene,rest2_vs_type2,0,Rest,Rest2,19,0,564.149245,282075,284575,5054.426808695652,2066.5530904087454,68.96550243435648,14.904663942953452,12.40671220809718,9.999122494241316,4591.50285208338,1814.9542891485314,61.118959115383156,13.569193176574498,10.673228546426591,9.90574121245048,1054.0140232324454,450.3696462773657,24.017792403703893,8.642947807439198,10.407129673931715,8.588711808920467,731.8104760670832,306.17170082942573,26.388064634021344,12.96805954319542,10.591806309699841,7.322566758433575,791.9351089682466,326.7484748362025,27.06705009296858,15.091333020669353,9.713291723333288,7.901623991573328,702.2430934784373,281.54740236104016,23.402009460774206,14.256086891540845,9.492560727198386,7.40355525551538,748.1315076728832,275.96417545071694,17.514810207665064,8.968421443614098,7.61244480117784,7.378230886435864,0.9993583161197819,0.9965276786916107,0.9687991345728832,0.900313802372926,0.8722631970069763,0.9165248924561261,0.992664814213391,0.9751510994237247,0.8455475509188533,0.7417281369543282,0.7326129431052236,0.819308694296124,0.9921462239448187,0.9626369221966734,0.7065048096607314,0.5997353760934682,0.6152338999479212,0.717848663254296,0.9905408674824366,0.9722715668016663,0.7404485318649142,0.5723217675280052,0.6633233866287377,0.6716863468351141,0.9889600447325694,0.971732667658582,0.749943131224384,0.5898884134815698,0.6204167968978883,0.6286287603854427,0.9943133416022901,0.9688438096225224,0.7736291921894476,0.7032442770458588,0.6113852930492045,0.672445468314137,0.9890517035731898,0.963256788115959,0.8018209825660172,0.6455131847740155,0.5765816652006872,0.7933201109132697,0.9907458560152275,0.9484755921874982,0.6775726032921636,0.549896787212407,0.5185826247762004,0.7282989335570608,0.9911975608741871,0.9677319204637104,0.7392705714359407,0.5750175196256385,0.6437910129617082,0.6961433080530668,0.9913292071012458,0.9774541688136262,0.7854581365922575,0.6435068943619952,0.6659580705803562,0.6969187558927218,0.9967651101480728,0.981040731114968,0.851905055410108,0.8269418324135274,0.6773246124657195,0.7298920033375326,0.993617116265949,0.975018459840961,0.8503543154792739,0.8108533076168057,0.7468350315719903,0.8151144969750451,0.9854071494827835,0.9613550632451879,0.8091421942417435,0.6815804862042864,0.6266525686427873,0.7238511831573623,0.9787601037200838,0.9478954465284768,0.7641173076927477,0.6277236073577116,0.5596691658945664,0.674589474999688,0.979125509865472,0.9253946932472003,0.6840061799152867,0.5704721254514032,0.5396746590680397,0.6928563693201089,0.9970375607089005,0.9874644050878986,0.93917807184469,0.8793941980278399,0.8554729756716156,0.9020400122170955,0.9927260785973555,0.9593073928312561,0.8446084359664157,0.7722942838832829,0.6939954471536857,0.8266803143932097,0.9835835390523217,0.916443558524997,0.6477448014224225,0.5339090056794112,0.6137649809014305,0.685600300683062,0.9980796607611983,0.9838256433871658,0.939089794915876,0.9027170403419742,0.869060663679037,0.9045270142350816,0.9872144309103289,0.9479516069991779,0.7475409428545239,0.5955618844974847,0.7442838422982934,0.7209204108567817,0.990204779127359,0.9804984669526251,0.8658789588519987,0.7487476823365882,0.8297280307385982,0.810150799447729
irene,rest2_vs_type2,0,Rest,Rest2,20,0,569.173285,284587,287087,6341.726752972988,1611.9594752751545,65.52765186516959,27.128637584668,16.021970630680947,12.800500849697475,5560.2847987106115,1384.7760553129574,60.33589631656543,20.154767528338148,14.547446940705617,10.75648572255064,1358.7872758882636,342.34410207285333,25.726460452744625,15.759059975205389,11.32135180967971,10.126346288724381,905.5326217125,243.88697258962083,25.79942443533569,22.942905031207264,10.69924983807329,8.889362835420256,943.8708345990598,277.6843918751351,24.396043458279767,21.794259256274664,9.992567887544894,9.020047348950984,810.5294332538709,223.72300453083784,21.723988888402317,15.887679690075812,8.861841265833059,7.782126294401185,819.2465797646665,203.1259184273886,18.505592851406938,11.375700783240672,7.664435516318816,7.601012450059644,0.9996791727987534,0.9970747362331307,0.9312541932238286,0.9157129331841615,0.8808108174710407,0.9040335434647757,0.9967126563588281,0.988641833654198,0.8347588344831157,0.7938825689379158,0.8244375614789294,0.8348694167544812,0.995092018613148,0.921902341268078,0.6928325021442074,0.6937612710001935,0.7786109829989504,0.7532633605489508,0.9947893192937478,0.9033264942347132,0.7694309175255517,0.7025928793791076,0.7432582179540606,0.7412451092375946,0.9953615621635241,0.8946714769321733,0.7042548140115539,0.6683122214928604,0.6528059719578148,0.7465863276084058,0.9944202837862735,0.9517038482874931,0.685687059218796,0.670908330155406,0.6442870642172072,0.7908800144834509,0.9959604834681265,0.9813541342116354,0.726904480728934,0.7274447241190506,0.7095108028612251,0.8159537169127165,0.9947341172072308,0.9304580833470615,0.5871780697545976,0.6459994150922304,0.706291881489598,0.7514963041708012,0.9952737345565524,0.9178215118950929,0.7158119150887885,0.7117083235163734,0.7800100141569913,0.7440007598367759,0.9963862689243751,0.9116948508036558,0.7305553104897781,0.7527896613776454,0.7810160494698309,0.7654609513332394,0.9955215371394476,0.962508598753862,0.8026477713637314,0.7934681070142703,0.78310989056995,0.8170290731794653,0.9971378120725564,0.9244587116079124,0.7969636657011792,0.8773713414714833,0.8350778628454691,0.876998928128794,0.995214604213286,0.894894472070988,0.7619786855965638,0.8293461517446045,0.7142539269559272,0.8228045777340928,0.9942050262285119,0.8797465785206076,0.6629191811104462,0.739136017216879,0.5838042424269032,0.818506599909734,0.9903733884485709,0.9222973972738544,0.5789681159581093,0.5965056398736966,0.5509452743637993,0.829730883447654,0.9986473198001473,0.9839345836393636,0.9275589213708144,0.9406021476571808,0.8648486939091118,0.9325489568101409,0.9967197156364764,0.9706812867549655,0.7873891156479141,0.818503441213266,0.6903573563360926,0.8890483673060445,0.9916824666099178,0.9470753154604195,0.5666323176049273,0.5593685066743813,0.5842117917451446,0.7832667933684783,0.9979145492210888,0.9938906143231668,0.918642227985169,0.9078574754693917,0.8451011969138763,0.9065997208227144,0.9934136517871804,0.9504737195202656,0.6906131508167308,0.6381689199311046,0.662837918996537,0.763662682223891,0.9967778431114146,0.9591585168977446,0.8107407526370005,0.7794092003610047,0.81392882572696,0.8593010541101628
irene,rest2_vs_type2,0,Rest,Rest2,21,0,574.187316,287094,289594,4291.591768727663,1775.7719652740632,78.12375847638165,17.747633632454342,12.111753860979313,9.126031155040288,4057.15009599453,1591.1491771716717,64.356884868131,15.509549402351453,10.993670979524586,9.020916494568876,797.4830553437854,350.0181505194098,24.490002909764822,13.697543121919946,8.461434301671348,7.99370139645443,550.5213591741945,267.7035817358699,31.89072659461893,15.151702996821617,10.181396866522105,8.008575934002062,613.7438047450906,285.7121996926719,29.383368031211976,14.975922424099213,10.559015211882183,7.805629041196311,551.021109209521,246.6266623023319,20.995072889679818,12.711117833720849,10.670223310956152,7.2489347771356885,657.3076251826003,259.05281125395567,14.401272883241393,8.656452029724274,8.699841163857302,7.106649755903947,0.9976046923120453,0.9962050634944983,0.9850224195813547,0.9567166470129995,0.9162865047241832,0.9341494753839927,0.966762138197271,0.9755687810606452,0.8943871903806275,0.7951734090760371,0.8138292383142085,0.8427821418966006,0.9434735955498943,0.9309130142877584,0.7563783523458057,0.7594121398670669,0.7894662295689142,0.834897307592892,0.9635921980197913,0.9452727752757949,0.778939855435377,0.7943755326053248,0.7976040393341522,0.8214486892998859,0.9613558550306348,0.9301439569150046,0.8009006759878051,0.7394860001678173,0.6998356638991116,0.7923082382696179,0.9718400028337596,0.9585085738285027,0.8581961680356287,0.7733529243245313,0.7270608876472867,0.7845395610707198,0.9537889772459058,0.9654088103081294,0.8498003902192897,0.7271983371357515,0.7364463615017971,0.8190494995564548,0.9307572534843266,0.9220027561740147,0.7239614739835598,0.6902038058044461,0.7327656990988511,0.8098901421510141,0.9558477157283711,0.941467921870236,0.7609498219905059,0.7601983487856564,0.7942555051875622,0.8123356532966852,0.9541279609729999,0.9378407143453922,0.809363179325939,0.772585875751752,0.7407142893429745,0.8289771723637471,0.9810836375926342,0.9750531333183414,0.8962673078809731,0.827699777552404,0.792819023149609,0.8307744784656361,0.9836923966495066,0.9625190493395993,0.8920773808402446,0.9035495515347561,0.8694437138187358,0.9027526998195037,0.9868622506140384,0.9580618368154505,0.8742818502290465,0.843264403059757,0.7843122277368352,0.8611715316558822,0.9789492042104251,0.9323759649842317,0.8596720038042609,0.7384259812978714,0.676546275183409,0.8295697821665351,0.9013225306286335,0.9198904959367714,0.7727096925278708,0.7381021399983979,0.7064174600908785,0.8091438591776658,0.9937730977096452,0.9885379277778951,0.963784616724214,0.9294217210317975,0.905677682239339,0.9284041419675969,0.9903116056807231,0.9631096355279052,0.8575489285395597,0.8011571709907844,0.7873372473829875,0.8997546544900812,0.894355473234485,0.9038772249963832,0.6998449655856535,0.7345713622555247,0.7601560105431039,0.8168881007372132,0.9970112798867515,0.9857278531875803,0.9180812312857272,0.9072956673136964,0.8945124026727218,0.9184088702050835,0.9255404964766208,0.9282462156993574,0.762282979404399,0.8187279645768443,0.8489012808017403,0.8113070203025337,0.9306254886741181,0.9429772013886346,0.8983176385467804,0.8810799279585907,0.889474407366323,0.8780808216559259
irene,rest2_vs_type2,0,Rest,Rest2,22,0,579.213882,289607,292107,6546.572357933158,2753.750773856666,75.86625421991975,40.954255966782036,15.481989380975795,15.420772974886045,5936.55437941413,2481.783402522066,73.09693761572262,34.896779352007115,13.412046824142399,13.82735168967638,1264.2024986460974,523.9065516730295,19.266316970772703,16.629510398006808,9.365558286079708,10.819216773525772,896.9220999969945,364.6177764803713,20.34222798588457,19.725033863162682,9.613954464774588,10.28307312784326,998.41236298646,405.8982216468628,21.965237924102837,21.131867524632636,8.83178804285207,10.242114562633827,909.1742210412859,354.39398675306546,21.36366287855898,16.808727696099876,8.074300896091062,10.091503831213325,984.6266160782897,362.7964781483144,17.01831867509759,11.384763323091926,6.860942059378145,8.666422334483581,0.9994574929738064,0.9936427035203625,0.9616357602310325,0.9439195077436835,0.9180713373455405,0.93282432895509,0.9950005378878458,0.9754323970329974,0.8380431522241804,0.8061851917831352,0.8174908011041987,0.8128353728342815,0.9903184677624118,0.9712073122664208,0.682302189765972,0.7136693742439313,0.7347798616664292,0.7705226994689641,0.989986176041613,0.9666936620819131,0.7243849248405626,0.6889580250781896,0.6920046884965577,0.7771480827038513,0.991035284154926,0.9562998980006923,0.7756315856283472,0.6493596576712519,0.6518452362775486,0.7379346757538283,0.9946371880725439,0.9543434875919605,0.7797620940043416,0.7200857803608768,0.6764531585861268,0.7460995514668208,0.9928750443045761,0.9526888946912724,0.7643181983363513,0.7084433206283559,0.7797008881244542,0.7958248354507701,0.9875315539455428,0.9650263133854646,0.6215306216167034,0.6493776249869038,0.6814039309555622,0.7474644841040975,0.9878075447798175,0.9740840469508665,0.7163447544327746,0.68969067033247,0.6870928369323255,0.7732526586142698,0.9896757097263044,0.9716006566419042,0.7904815081460026,0.72114366067067,0.6973599178189556,0.7543535798581222,0.9959276263212504,0.9764011168465629,0.8433683609524459,0.8074084236780807,0.7355794839975242,0.7965749445482704,0.9931508662807739,0.9595910713169286,0.8193241416049174,0.8493135170519353,0.8679738497104126,0.9048526801843142,0.9895187071379498,0.9278525029201987,0.7707567697439066,0.7146025564008545,0.7807391571034156,0.8504365386549407,0.9868137191524317,0.9094482121873626,0.7620919986270598,0.6217786388746059,0.7203324008284169,0.8516217385723955,0.9857716740603854,0.8897015779710112,0.6404145523923834,0.5816561287991213,0.7463367619260723,0.8094818910697837,0.9985843863277966,0.9871686811487818,0.9253889840586659,0.9023193922839351,0.8796734135108096,0.9219803488744642,0.9947051382821043,0.9670337405159409,0.8319535561194442,0.7572288036858483,0.7518556184848912,0.8753018089910524,0.9828925798159244,0.9402551843466704,0.6224134021266783,0.6146238499088109,0.7138444057930406,0.7712033380413444,0.9978290090371457,0.9894409696652412,0.9494820744437178,0.9054539695981366,0.8805561822426233,0.9186945652471411,0.9846124848969425,0.9721880088151567,0.7642448389756934,0.7238215563432399,0.7939443422776409,0.8293772013109433,0.9900337976385787,0.9841978920431547,0.8590442244187058,0.8680288018109675,0.844242762079882,0.8477099499453647
irene,rest2_vs_type2,0,Rest,Rest2,23,0,584.243034,292122,294622,1692.7250447057272,299.17584135711,27.381941541026748,16.320273155566195,11.115500947679715,7.471000915079604,1535.9198652804464,291.1174242452172,25.822894676402626,12.646225016263644,9.630176719294075,8.74837347674226,327.4793119848566,52.380890145393046,12.953035551930817,13.103977944719015,9.60155766949755,7.608156541656654,233.70084160196606,56.580876670446145,19.659216277170298,18.714346466235046,10.247111106215876,7.328647159974285,270.7300565352036,64.1294436468013,20.054844606329794,16.083294952681698,10.30021435405609,7.267803209339792,248.6930684057246,55.31930825558367,17.096685250189147,14.015359733733082,9.00686111405841,7.658296279951131,265.4141324477021,56.05382267134144,12.509900614317402,9.081166408954195,7.299124071055025,7.336805569964153,0.9976027519598835,0.9908629152174365,0.9798001268993726,0.948816951304531,0.9044106920798403,0.9067314224325109,0.9945850998080585,0.9809552622316285,0.8021478179851191,0.8333707191382613,0.6593706612372716,0.7246718580054188,0.9765724796326914,0.9053840398026118,0.6734122125716563,0.7348986466988066,0.7054800726472266,0.702119009205433,0.9763048496042109,0.9010341255162603,0.6726007312464122,0.7442759886089184,0.7690569488430847,0.7035933488995058,0.9775490538827704,0.8915894866267394,0.6770894381722246,0.7053064706669551,0.7639383253384777,0.714030051689226,0.9888619372987191,0.9316740104953518,0.8224381000947887,0.7292478477559922,0.6623608765166491,0.6839270712495279,0.9891397560969543,0.9689108941354412,0.7864866773834512,0.7524965279388748,0.5865662902570715,0.7258317318520571,0.9713104501820401,0.8912209236427696,0.6623397008189105,0.6644993210638942,0.6280818827206004,0.6822929295830106,0.9740757803572704,0.9006830645057482,0.6732484285743314,0.7309013088530333,0.7132544195103554,0.7425976366711515,0.9803203997004771,0.9108777504051371,0.695715455521285,0.7503908360419729,0.749210969888647,0.7793967858577106,0.9883859078724049,0.9578831976176968,0.8519216614371536,0.8021191635726505,0.7059418424793422,0.7688432381976917,0.9834181462792507,0.9147647865432912,0.8756637937980111,0.9186151153289578,0.8399922073887,0.9036645127350478,0.9764181916546176,0.9031740059912423,0.8259253588203761,0.8333780306597937,0.7264967055073869,0.8326288585954836,0.9742583972594999,0.8847064509745612,0.758941254917975,0.7271938858528924,0.6655024037723342,0.8035982251977799,0.9875187953916473,0.9182199035699009,0.7367382106779531,0.6735107887117848,0.6096073096626703,0.7468761108415028,0.9948473287839747,0.9741566782849418,0.9484683644577778,0.9105944990547764,0.8934140276394584,0.8813001285642401,0.9856035673784334,0.9431600893512893,0.8497353156055795,0.7621611317533448,0.792476506115288,0.8336920875315206,0.9819818768051669,0.8674992030473125,0.7085985230604559,0.6321338609105088,0.6688825522491382,0.735267932942837,0.9931324405059826,0.9673116901710611,0.9193476074693303,0.9028622503963818,0.8933894237646735,0.8936856372435279,0.9835170504230226,0.8885844723037261,0.733410026723541,0.7444371580128389,0.7313490503967965,0.8025157323704292,0.9897660169219814,0.9337672372405637,0.8187267904461413,0.8785324898699081,0.8137304079558432,0.8854487491838359
irene,rest2_vs_type2,0,Rest,Rest2,24,0,589.267831,294634,297134,8791.958432372207,1798.3142581420195,66.6134523253452,23.99609523483304,15.113405793348843,16.631326456521666,7693.9055808300145,1643.7178345537557,52.60440132624816,20.117185800365696,13.291972812380687,15.100301296468064,1870.6502354062166,391.12626455740235,28.730067966855042,14.710465449643038,12.51592892914138,14.924103572710878,1197.438075127608,317.6710985656388,28.819841919965167,18.87212944983898,12.857917631589093,12.925278947070362,1260.4129594092594,321.47125873930355,26.595829026058993,19.363447739161327,12.370850254221452,12.70351049260869,1018.9483117989122,274.722084660574,20.69798880673427,16.786102796321337,10.806868944093239,13.574435471372395,1090.0090322589328,239.88141186531905,14.054739928290255,12.120658851330566,11.360932565686953,13.459403963918806,0.9965969053598446,0.9938102208377403,0.974018513240005,0.962541886315873,0.9220243525849776,0.9173550887924439,0.9851084508346354,0.9638169217937775,0.8222057722768408,0.7744478681021113,0.660920587893579,0.7799316745544006,0.9899407612761918,0.9372730986776346,0.7190553418674549,0.7229435874269654,0.6591310651026248,0.7475666473732634,0.9890351135481148,0.9357009368260863,0.7650442546415895,0.7674586455035138,0.6578302738234175,0.7631811377378089,0.9812770798963188,0.9268473102089386,0.776411884221678,0.7581380635780116,0.6492797080164241,0.7029357128326834,0.9271177515515697,0.9431917062807775,0.7688116447834972,0.7548802027522965,0.6523866063389909,0.614869446906391,0.970887650802005,0.9363041875956115,0.7386315699053485,0.7123424014436645,0.5745244366861487,0.7637018177235423,0.9830942078016749,0.9249680543514225,0.6638782836051587,0.6709241970370651,0.572257663416014,0.7299282953847789,0.9888574500655313,0.9343261084159137,0.7399758687352955,0.7337234507301031,0.6108531278583371,0.7796207835805815,0.98906389127403,0.9325319174383546,0.7834371732989915,0.7720150690519011,0.6440797216085148,0.7469256551417304,0.9507856269732938,0.9623523881880498,0.8177371651036897,0.7811103655021038,0.7084933645986069,0.6672202530423202,0.9936104658490601,0.9556293420023501,0.9163053765728424,0.8884001254121451,0.8129286245502134,0.8640091387715242,0.9808368230599017,0.9242290614825028,0.8743203692866454,0.8529843244409995,0.7229537483247535,0.8400154397825186,0.9600286222528078,0.901841094210236,0.7931859157614962,0.7614188719386276,0.6522660630871447,0.7938890655963297,0.8810282362865293,0.8792013519949973,0.6493349247782534,0.7329298797519187,0.5565376425593942,0.635034677316317,0.9958428848196584,0.9872986648704497,0.9588621405679941,0.9542394136172462,0.919073887781346,0.9177790090071266,0.9821476721698549,0.9700820074616032,0.8668957268109979,0.8597776954861835,0.7949796670491395,0.8499737076007676,0.9165151568047628,0.9100940022891761,0.6753288262030794,0.7772693018684624,0.6374064195463587,0.6735243733176178,0.993887803930466,0.991926460219794,0.9415414271367778,0.9417461249472946,0.884066630416833,0.9304946000409529,0.9420315242819962,0.930761366391918,0.7694349440869052,0.8689812923407325,0.7114236997016714,0.6919613921654165,0.9702282934604608,0.9471879098087561,0.8567987384831584,0.9235878954754594,0.7994799997528419,0.7508297390995191
irene,rest2_vs_type2,0,Rest,Rest2,25,0,594.285136,297143,299643,6782.1265422793485,2504.6737359468734,126.8033425248927,38.95200521207478,22.903264696965184,20.293569017065206,6886.081819856515,2436.114945665839,115.34879912998117,35.291175716147144,21.0653294994102,20.26050886895203,1111.5372281294062,445.1570257548942,52.258359907241754,30.190195031008408,29.31794532378562,28.00088974508554,808.023799169676,346.6171553577067,36.34606445017289,24.34102390620006,19.93215301694276,16.817316328860244,967.0462400347068,400.0583879585211,39.893200118049876,22.745239756986074,15.134687195211683,11.050511892334821,960.6376275453574,365.14138426970834,30.03174732394442,20.001838447623356,15.877492001253119,14.319590940160206,1247.5705881921672,415.6058651217473,27.70407434296038,17.047841902402798,14.862272499085593,18.494367397536596,0.9909208674100732,0.9875094879933739,0.9479587037642835,0.9210979848230655,0.9023181194119596,0.8908330173917847,0.8615707188803686,0.8328966459858272,0.6793909338224964,0.6252889078938753,0.4309681247315513,0.5415478006376783,0.9871024673101099,0.9504308971805402,0.793961156753158,0.5737177413639429,0.5731123731283764,0.5201617796380779,0.9884489807183506,0.9532600333025426,0.8060507451564775,0.6631761752419297,0.7139661105405455,0.651647969784771,0.9764465891061521,0.9184272942759373,0.7542052971066059,0.6630168154371668,0.6717683466588371,0.5082667264242317,0.9435982096573795,0.8325491226772902,0.525815339896343,0.6139231152131245,0.6795035003433498,0.57679040830295,0.7918052634306253,0.7530711639135272,0.5311589664154164,0.5660463022779194,0.3169376174714755,0.5130051754338923,0.9609606550111058,0.9204171636251461,0.7367264852562267,0.5252892857595237,0.4740711631107374,0.43079831932257723,0.987231527984772,0.9593118796404736,0.7923843648101039,0.6577124274212488,0.6705817946371945,0.6604998599972313,0.991817606729983,0.9480799844929322,0.7940750605408056,0.7262333052522054,0.675459540451085,0.6108897295797772,0.977096660973543,0.8947989484300312,0.6023043563751478,0.666042910477986,0.7316850731838767,0.6536357695554946,0.91419049366024,0.882785086038699,0.7481285607814071,0.46821215412886935,0.3214406260621191,0.4100755795920024,0.824300598999017,0.7615802527037878,0.598417746084686,0.5479496159496987,0.4091136122338755,0.3909867297850039,0.7587387854655031,0.6653919589318856,0.5175579133073417,0.6114949502822137,0.49347116350584386,0.40162723890988444,0.6752613624785617,0.5179010420366554,0.29630944982887886,0.44098763600386043,0.5023058166346333,0.46356356512728075,0.9802492965224986,0.9622760969761706,0.9091580509416849,0.8916062176327489,0.757530450534875,0.6772831301061519,0.9504539461943368,0.8961610410154355,0.8167344372797622,0.6617175522833183,0.632723884470202,0.4427131039005143,0.8912582203525447,0.7651066278820507,0.5394560058562977,0.6155492008486387,0.42499857530048574,0.4271874960800224,0.9907944750119319,0.9748693210187824,0.9482301150847574,0.8542472177122775,0.8853795422229501,0.7617159963820637,0.9504278248623647,0.8832338164184204,0.6157811094833537,0.6679990457854391,0.6464653039842622,0.5574456677645174,0.9792717945108952,0.9329750640007017,0.6431574792681175,0.6474747862089949,0.7555004499221665,0.6224399633898638
irene,rest2_vs_type2,0,Rest,Rest2,26,0,599.309875,299655,302155,6545.462696405824,2310.8932969766147,86.64140572303131,15.429922095084622,14.540123073931934,11.627850472893629,6054.592123761948,2132.451754580615,69.93509471644073,16.448474544388194,12.235889141456926,12.006466145773702,1181.1807454701386,403.82541354392407,20.219240622051046,8.482882948465376,10.512849369088666,9.910202936187371,804.4171408654229,314.50256547966677,20.47690841561434,11.647959801908264,11.196322273947995,8.644072134388793,909.0986053396324,354.7810470315045,18.17837883124841,11.823339285794312,11.868536311720211,8.765496902324658,837.3504565311482,306.44440689466387,15.266985269265703,13.230146027618739,10.263323350716078,8.368289287075669,974.4844574559029,313.88730355290556,11.787103152521734,9.900397063335035,9.016562828746526,9.37329068042278,0.9987634069244752,0.9966803987942099,0.9748634927687547,0.9443149568544705,0.9379715129220318,0.8922224131588519,0.9841438855333551,0.9805756687297178,0.8230932956039396,0.7752349398408824,0.6918108548395214,0.7155523759253001,0.9908062365093028,0.98244505581331,0.7383379257917808,0.6346204779843762,0.6428659176423384,0.6703935169239801,0.9933739332607493,0.9779847235580233,0.7653669372327627,0.6263922672332516,0.6370135347891224,0.7070149058699176,0.9875944346275739,0.969129626436917,0.7368571375662594,0.4916649888689636,0.6381077620988952,0.6341397452768484,0.9890095744575684,0.9761741374946716,0.8030969780453188,0.6342346219341142,0.7055934599324583,0.6831453318428662,0.9756775773119245,0.9654182716312737,0.7534898126077627,0.7115127597032671,0.5924175283662331,0.6603791405909473,0.9868284805333328,0.9778988498122143,0.6885068784396972,0.6271487646586732,0.5856615312467454,0.6392978587049291,0.9929694329374438,0.9788960361427006,0.7484916863220332,0.6615908691399011,0.6108197930293888,0.7286089484656271,0.9886580373595978,0.978396061583658,0.785676992469628,0.545952738878513,0.6461900956701585,0.6726804821262501,0.9934770360308196,0.9886216395948038,0.874968631281744,0.7119318277886248,0.7370674046575344,0.7451482370007186,0.9916309334836503,0.9758430451278073,0.8642773049645461,0.7799568840648837,0.8430666380416764,0.844071213488146,0.9813223611673753,0.9560788593967163,0.7584100903057022,0.7037311896111297,0.7520566046749948,0.7637515200354373,0.9731072627132932,0.931445815356062,0.618643075889878,0.5655616275005527,0.6813862951622681,0.6886967213745172,0.9594900099129746,0.9301291600821078,0.6063001255301915,0.5400312949903644,0.640228540010787,0.6844928617259313,0.9966674372742927,0.9928346726551386,0.9087662362020211,0.9073361280368133,0.9031174771485746,0.9156559209439806,0.9928883987016389,0.9775731682873028,0.7190076230066428,0.7019391425956532,0.7879702393371693,0.8273133671103476,0.9807788955463375,0.9598674374972931,0.556846737114305,0.6192342170172516,0.6687633265202331,0.726990024731743,0.9982598695173448,0.9878077750153672,0.8866183879828867,0.8774098434913853,0.8860305959230301,0.8837110675734454,0.991886886554453,0.9652636394942616,0.6545810904778963,0.7762421636460743,0.7201353087375929,0.7887586641145161,0.9932807839962363,0.9824570790679311,0.8128609665637724,0.8085670458739341,0.8141306936921655,0.8479293188499463
irene,rest2_vs_type2,0,Rest,Rest2,27,0,604.3328859999999,302166,304666,4051.61532382339,894.2058830016349,61.334615299990595,22.21851874366323,12.357125188222438,10.967515831067542,3822.698330223254,882.8520663608207,64.60200114634874,21.143244624835184,13.69590161050818,12.523513503927067,1016.0686098472329,178.76112669851796,25.343975773503086,15.32851611805992,9.643284367603314,8.987138748151517,615.8890759115853,146.01385894216537,39.166574441725984,18.54047104175833,9.98230604187154,8.91302795582912,642.8385511455084,173.9640609313819,46.03026758341071,20.967542757872508,10.040236067026953,9.01522003429324,546.660351896584,161.35298765983956,49.705016517782646,18.40048371194089,9.577157815515573,8.422697472865387,618.2309700523772,176.86131780777015,25.826026974532454,11.530923271146937,6.795339666352525,9.899546943816834,0.9777232573055047,0.9738808266195639,0.9367829874247363,0.8722741730175138,0.7994956833820026,0.8648654892322267,0.9322126212889664,0.8835798263878962,0.7475433099023064,0.7891094537205855,0.7770406801102763,0.8677922702958015,0.9836898338213889,0.8970997653454181,0.7334793610495909,0.7854472179601688,0.7633155905561655,0.8078453961585541,0.9882761546547578,0.9128482660067638,0.7599309382370739,0.7647495844688799,0.7334224195675952,0.8178253160660783,0.9634123408020844,0.8706747856821104,0.696623201963891,0.5720797961236788,0.6984017811350951,0.7513348422453413,0.8042652482342415,0.8417252053969404,0.7591547030756112,0.6269148663268208,0.6438524800976694,0.766431366088877,0.8505726217645089,0.7777789183855305,0.6384605229117444,0.6249385978460886,0.6562540118330498,0.7867182320881482,0.9409110615871256,0.8454293811776521,0.662688419971832,0.6451362542356202,0.6690543967059072,0.7583259212421035,0.9764423263197904,0.8946264590706424,0.7451597439614748,0.7238214263198847,0.7161182564686148,0.7925279232571055,0.9877482178622771,0.8980018110629143,0.7467116955247917,0.6687566466648974,0.7786354445672252,0.7921332296493938,0.8874434913166347,0.9284374767374615,0.8472630355995026,0.740195519537986,0.7932290526542045,0.8473712295037625,0.959250500199797,0.8859793562131633,0.7827933407373477,0.8233311860439914,0.7833157253516734,0.8113621393923972,0.9089311420871535,0.8127938566744631,0.6697531952615188,0.6101689296833283,0.6673517226019904,0.7547185941492051,0.8235537154865821,0.7035807002554493,0.5956266328907868,0.3904968632526891,0.6358395805934072,0.7104606737660891,0.5929067409281631,0.5753085855041331,0.5378756142583054,0.4615087337131069,0.5925131981399283,0.7225739561615172,0.986292294817217,0.9531299554353411,0.9252408551835725,0.8571158519835601,0.860187432914517,0.9169600215993791,0.9354388444173941,0.8734771356158756,0.8323770338086309,0.6226933954814218,0.7763609204644345,0.8376419020452462,0.7280506750584185,0.7264104615286148,0.719631875725225,0.523593898082574,0.6254016601524592,0.7368087014642153,0.9767745562302372,0.9570415219956192,0.9485313482191943,0.7988338802368794,0.8355321301490358,0.8982364480741245,0.811530758501179,0.8249991166962081,0.8216389616013137,0.6182283959554756,0.6583670964059734,0.7780927140018871,0.9075848422055127,0.8877039249020802,0.8781807054438173,0.7982145171530907,0.7672515475887774,0.843342346657963
irene,rest2_vs_type2,0,Rest,Rest2,28,0,609.3462069999999,304673,307173,6265.030365167749,1994.0833307930088,68.97540655229952,18.256737823080034,8.522784449245506,10.960067231432154,5777.618907713249,1875.6573330969686,63.18838285704472,15.198113923778333,9.023759534059597,10.106269818480534,1189.1862633379235,387.5017321452101,16.507878244790565,10.263332708066423,7.764169555763711,11.295835483826673,903.536445160661,269.22766688903914,19.837527549299548,13.64829112225776,8.987651959233343,11.319424455016335,1016.3180151889081,311.36462569656925,15.77274062650624,12.787275618000793,9.134405928313177,10.813867801607941,882.2145254199672,280.61958299583415,13.464522927773551,10.721553069780803,9.3237087585269,10.477872218157437,940.0415470579777,284.33189686439283,10.565311651211182,6.558552668956448,7.715632414958869,9.10451896277443,0.9996021178815417,0.9974202475810028,0.9599575537436259,0.9191182245171351,0.8899656984704649,0.9033506745404589,0.9983111329018787,0.9787475046409042,0.7203412548117656,0.7382539601119692,0.7766076721253465,0.7906069152589235,0.9967891116005451,0.9440191405443643,0.599226389003154,0.6481077890042659,0.7049846216425901,0.7683056911497975,0.9967033631331129,0.9498380303982743,0.5951681288146012,0.6989930053201425,0.6899650461187822,0.7781511205350181,0.996494859123595,0.9644550294605106,0.6291936594109483,0.6636143235811813,0.6470991314058406,0.7360553932339671,0.996639867209245,0.9861157358207415,0.7997123636466155,0.6799838469768557,0.6256891891922061,0.7577900248593438,0.997253476661299,0.9707007321048596,0.6066071041130405,0.6020708714860304,0.7182081347802562,0.7462530410417716,0.9960458851042673,0.9378387866431616,0.5102992393731817,0.5809776605785192,0.6425331933292575,0.7296252358448445,0.9963255106496126,0.948290844683218,0.547633898441776,0.7024190691696283,0.7185451915965573,0.7645939464019272,0.9969130602186377,0.9678170566253532,0.6241335728853887,0.7315833854754957,0.6948324786279308,0.7804559240490471,0.9979429686966886,0.9924103203046195,0.8636993629410485,0.800325024440687,0.6897880906201536,0.8086477794606086,0.9984097210166945,0.9659878218485927,0.8252654535659403,0.7739485850171549,0.8345091700982799,0.8082464916334048,0.997614048841112,0.9482044395024469,0.7098652188825065,0.6814312515060975,0.7708409505750994,0.7945114663759987,0.9959603460418052,0.9497802616765006,0.6381682247876812,0.5803726812766695,0.6849442832352617,0.7773379282442003,0.9942882678414539,0.9550265117860927,0.5501831880984714,0.5418547611290053,0.6941891218729814,0.7587441607794205,0.9993605279307786,0.9826576318659443,0.8964556762018002,0.8938973197782863,0.8565321478618827,0.9028570214108524,0.9976642058718168,0.9688002742879349,0.7284003999175291,0.7473662083260351,0.7494292693440899,0.8581559359712553,0.9940824181388913,0.9365955188165815,0.5104711866002665,0.5931740166405456,0.6446994932043015,0.7971097111674673,0.9987391762034287,0.9905394210166276,0.9016272612959945,0.9022275989364469,0.8827341557518761,0.9240237035097464,0.9948976736826425,0.9523864248366833,0.6178330147299806,0.7599409075991711,0.7408301970473097,0.8133860900527139,0.9965633113657569,0.9774615376465414,0.7698298387094404,0.8571465568093946,0.8279843810934086,0.8726450712936227
irene,rest2_vs_type2,0,Rest,Rest2,29,0,614.37386,307187,309687,8044.0130112889,2529.149729124941,101.826837990224,34.6140100901584,22.312995951865073,25.748324812126654,7348.84061075618,2268.943434561225,82.6834394216917,30.469492874953065,18.315936421089887,24.15731866007975,1776.409220446374,492.95563278552663,40.02057116891367,20.801986898362774,17.32428247071234,25.234317391749485,1185.0625839862867,350.52068377793216,33.02780677717553,18.018325570253808,14.16888180641619,18.717975426288305,1293.4703906009736,380.4400743693972,22.420601469276054,16.124178039655153,14.449198560292396,17.199128795191147,1134.7873138126988,326.4029240291428,20.393394535817492,14.073452755252761,14.77166615775816,19.198759305888114,1221.436587515326,324.64514864781734,15.78315393868901,13.912557335379848,21.110501310238845,27.40245264431724,0.9991266662010152,0.997066422511478,0.8869996657807618,0.909555946551116,0.8775113490892344,0.8876891485000671,0.9895928047970828,0.9714308639828213,0.727516808248281,0.7659940842099432,0.7834929236950172,0.738543537414016,0.9863312006304256,0.9633839879004249,0.6638550517438511,0.7460188610956698,0.6300344359007645,0.7857465319976318,0.9867614720917132,0.9644744513794256,0.6797067494541741,0.7088344526724409,0.6413380253896178,0.7950309717226147,0.9837305996359232,0.9548326454457059,0.4193541854486387,0.556246715855701,0.4856148060735349,0.6955355741519686,0.9837154066138813,0.9517376295875302,0.43824634678734986,0.4637885199975584,0.43245354139540837,0.5298377033752742,0.9855563867687773,0.9592693643065807,0.5103187497171998,0.6746736712462724,0.6744181240238308,0.6653497552168276,0.9850485462767136,0.957364470546076,0.46062281507452124,0.6928079386263403,0.5344484843533577,0.7409173125465734,0.9873102699650401,0.9640640453113392,0.5581128764722769,0.7455535499678854,0.6141995352524481,0.7953889021727512,0.9855810881043411,0.9614953054227282,0.5201373154218321,0.6922342039927205,0.5830838534869834,0.7620129378761735,0.9873585287772412,0.9681420146789212,0.6248903953054292,0.6497627947566161,0.5609281869943914,0.5778452635817584,0.9886323991280513,0.9764434092223931,0.8610959749483564,0.8038681231641182,0.6912640900021266,0.6878258611934271,0.9833788030482036,0.9593734303591203,0.650847481887715,0.731092232533732,0.6092342659277403,0.6903123934473003,0.978090477527049,0.9373594586983595,0.32934601292959115,0.5431821715440994,0.4241768536588938,0.5995655278163567,0.9769545959717986,0.9018303436490658,0.3903953974927477,0.44203812824804345,0.40008926429161706,0.5793495645716469,0.9980133837732613,0.9920891394853055,0.8299550122920776,0.9022522414651173,0.8318143824328942,0.8940499737007737,0.9948160091814918,0.9743999761674444,0.44487686897437817,0.6616374874158373,0.6412087491152303,0.7830361700019149,0.9800653283798657,0.916850693685434,0.38667582342778734,0.4476243397284068,0.4209008647124294,0.5631682634762879,0.9970796515896575,0.9881240964853139,0.666797987060112,0.812169600170095,0.7611169566529927,0.8845024685149405,0.9820333430757673,0.9372259581750955,0.40077309695071806,0.5633850459059969,0.523124235127834,0.5975062805831433,0.9872269253439572,0.9614617704721388,0.5971246888390576,0.6859330114007217,0.5208959316182754,0.5485591989082071
irene,rest2_vs_type2,0,Rest,Rest2,30,0,619.395557,309698,312198,5099.203465794773,1125.0189090614729,71.52431508010902,23.042882580859803,13.66947228969586,11.650345228207197,4726.460138859375,1207.0505679909957,68.16648651734471,22.890610751591023,12.520637501919246,12.559853262772794,1089.3708973539328,168.57003451394866,23.85243162621158,11.563439829551063,12.049163346010111,10.516944075217964,691.8871898108517,142.54801043395258,28.454859278563454,16.83547900467663,11.540275317136999,10.000268891633086,756.2387393231364,184.56320311884423,28.92155313354356,18.471022666463472,12.14547230885807,9.664531329411725,654.864161798764,186.08032854990861,24.560179310412373,18.710174125864263,11.479257924840262,10.471227507229399,770.3113562150893,237.94689260594862,14.315682040501011,12.033301422942287,9.458956055509146,11.17750982113675,0.9722952122558612,0.9736949672911557,0.9492367721506557,0.9133070322010849,0.8756081402956509,0.8648288095948079,0.7877737430254451,0.7276325299218351,0.5875861615664868,0.6188794741039635,0.6330704615885548,0.7132913651374577,0.9719882648453603,0.8874512199608592,0.6698316133217499,0.7290298448329053,0.7165470793028506,0.7347902764406579,0.9781563611174334,0.9372041173374001,0.7646818240222595,0.7747122243415722,0.7067987497981806,0.7793797130173395,0.9478429206691167,0.9368612136103142,0.741565087203844,0.6995488428072975,0.6646837179013086,0.7570131507088571,0.8571005035329943,0.8557688867443,0.7987645890604949,0.7272298081294659,0.7036832625884792,0.7024083084908591,0.6640496243334315,0.59716096374292,0.4422267156545384,0.4907359485380652,0.5328722053813478,0.6338458939370583,0.9052725991747589,0.8110102566524503,0.5644080786540908,0.6440047843171771,0.6535968311688258,0.6728964146314894,0.9699627621499484,0.8957496421534117,0.7172363118209109,0.7282210212113497,0.693347298484519,0.7526436023485998,0.9849764460059437,0.9507444507990128,0.7366477303078212,0.7193696601049081,0.7060821991129795,0.7825097884417873,0.9441989510065909,0.9385807033456518,0.8567282575892273,0.8110955376935008,0.7707170879250272,0.7993901884963456,0.8737820772141053,0.8391438221954911,0.8417605050220782,0.7827442822043075,0.7623625606327037,0.7877690796952251,0.7364327375659333,0.7342910300286847,0.6983436718125948,0.6668470057170364,0.6303440430081874,0.7083837482405574,0.6340626830008292,0.6093877684116219,0.5715404070397312,0.502174843123726,0.5197280751306886,0.6525614751019705,0.5037778147608029,0.4206252811327342,0.44294347342682405,0.4642286974289155,0.49145876369018177,0.5821958493805092,0.9565813090799503,0.9608550122849027,0.8987557398870901,0.9188143902202467,0.8691828108226505,0.9050774183845386,0.8962026354713274,0.8732294544964926,0.7777377504542949,0.7741162847601483,0.758289574100926,0.8296902732969708,0.7477610863293406,0.6838050267689121,0.5501708437414762,0.6829490857079163,0.6592782333514274,0.6960983399225769,0.9721842357067615,0.9552369592759073,0.9270645667276728,0.8925810971712513,0.8734933349762148,0.9111594952591451,0.8616473945058019,0.8005023954532555,0.740443854980095,0.7706460228648669,0.7723250278104963,0.7663280460856917,0.9323952111592515,0.9164605760369963,0.848570912450531,0.8760510963459973,0.8678560386646528,0.8513015879869112
irene,rest2_vs_type2,1,MentalArithmetic,Type2,1,1,624.410258,312205,314705,2804.9094101068235,877.4477994182032,64.70677635080023,20.19484251949945,11.624485229394217,12.869136674138112,2593.1334503732382,751.4802835191979,59.211633035014096,19.26064348840599,11.375374009449832,11.553519434554289,547.4747113920623,179.94696915735426,18.835475989842447,13.222691182253238,11.06633393137204,13.134994817701749,435.32840540896666,135.96865627385398,17.95268461283473,15.563163925418879,10.956948476865861,12.33258319540938,488.63985946264194,129.48312114657398,19.1140000965964,17.506872116386123,9.791046812790228,11.070269387511194,439.3934160050078,115.72537529418922,15.787271116247927,15.375965691495438,9.26792870841437,10.673115976616188,436.44690289378184,108.10178889587142,14.454254520084737,9.177182880957941,8.79597157851204,9.905466693080747,0.9657773247195912,0.9945280724561405,0.9703385926414956,0.9054417184746594,0.8015043159465046,0.8295021304622465,0.8570027498980832,0.9762568838393508,0.8346593734062118,0.8464618460691612,0.7687127863670484,0.8612819452566783,0.8558329069174361,0.942213173284038,0.7167424948166801,0.8236211311071682,0.6983398235485213,0.8325736756188182,0.8642381711723014,0.9294311070786253,0.7582529527343562,0.8046846371209329,0.7134601199342896,0.8083610321855021,0.8535567842138856,0.9069791033485703,0.7299561024023203,0.6635915247424938,0.6785961771729554,0.7790336449814445,0.7446259351765679,0.8982226021458793,0.7351830022328041,0.6248361389130859,0.6359507123660075,0.77757192744319,0.7717993475710846,0.9586755968963663,0.7752029501376202,0.7855770679738944,0.6805137137753607,0.7126627147137364,0.7836554878766006,0.925207629429512,0.6942756037305157,0.7526948604573421,0.6865738046870439,0.7588314389901625,0.809910170966529,0.9286955598181876,0.7622215837836063,0.7541581095924101,0.751235953091074,0.7766971567653103,0.8064360448222847,0.9212197235432577,0.7580984806875929,0.7248248852651821,0.8253376864874952,0.78991378682436,0.8534303886817542,0.9225554383204143,0.7885082422296896,0.7352026257260782,0.766283556072245,0.8233899473594445,0.9589496203941373,0.9692862189141636,0.8482063529854441,0.8645060776759681,0.7923513667018961,0.8130887798278149,0.9033009981523558,0.9379943323063513,0.8170258352855881,0.7565885283344632,0.7496117692564203,0.7387153433608442,0.8916012995702549,0.8910629615627421,0.7168528172629857,0.6318067029426077,0.6657607906200887,0.6919310985104855,0.620811305654004,0.8521021088531348,0.6421882463976548,0.6021205495885634,0.6116958338825431,0.6821483218736842,0.9804050562434621,0.9740408732031114,0.9414336355317756,0.9126495675534899,0.9091869930333137,0.8853941098047866,0.964294905650862,0.9219824558962532,0.7672208842477104,0.7674616450572278,0.7781871776274376,0.8198144259920643,0.6570727678001194,0.8518655408435029,0.6309027073623512,0.6095410997565415,0.6178619739399561,0.7308658502748631,0.9833783179300145,0.972885157466636,0.8797825718978223,0.8633997357573294,0.8547744882751458,0.9065186145772882,0.6970906703285827,0.9039419493276611,0.7304092881428534,0.6592350267094874,0.6732131022448365,0.7792910497724087,0.7113060109233252,0.9350091684600897,0.8931672690957736,0.7682829488090991,0.7567314494761475,0.8800589156700381
irene,rest2_vs_type2,1,MentalArithmetic,Type2,2,2,634.785002,317393,319893,2673.7565204497023,971.3249739728928,69.87479209053983,22.182167094141143,12.032922531350165,15.826728442917268,2282.877368420498,842.0617070289677,62.96942928326282,20.150323456357064,11.099680398947132,13.072758053407455,533.3323411446061,249.91084155890172,32.174416712097134,16.655356843407745,11.726628994330177,15.970573632420603,354.9198740779297,168.21956555439013,28.54793269318943,14.184706674848849,11.71769948797439,14.082170799652317,374.56752692955797,189.7790095395855,28.458265657588786,15.02377627224433,11.639466761131368,12.097769199825384,336.137615701757,178.75143973146757,23.643790588116488,13.86435415060561,10.169755379173777,11.415987709025838,378.1482162055141,182.97679530220145,22.23260407915244,12.269855405656406,8.26515964928794,11.217585125926258,0.9975746711540382,0.9920210529484611,0.9832769557853155,0.9474813431159418,0.9516936904113044,0.9365291839259744,0.9823562469045983,0.9557964990404269,0.8853743361416185,0.783918210570109,0.8071815894199086,0.8447989721928503,0.9839638477322162,0.9199293728654891,0.8229424902312132,0.702139122906242,0.7271738639949445,0.7482139996222817,0.9836049225745794,0.9110706103114872,0.839245764089136,0.7016600026326957,0.7598494170730372,0.7617149220153471,0.9822238908017847,0.8837010060844861,0.8426622088566342,0.6449725971031695,0.7078906606961402,0.7621335015747582,0.9472749411375534,0.9053722048731109,0.8609729563937278,0.7027844044243846,0.7178713869153772,0.7116249082454612,0.9785560568545586,0.9502675663719593,0.8428940689770579,0.7414099089973591,0.7395022819165687,0.7875136097570247,0.9784274013835857,0.9309100124497494,0.7919476507144847,0.6693217296359324,0.6932937780499485,0.7339419396299264,0.9789820238223403,0.9326315795011917,0.8312561821299,0.7057181911065661,0.7614838156514672,0.7784903767255057,0.9846959922220494,0.9169804189669739,0.8498923237534802,0.7041466334878742,0.7423106097478248,0.7842711354183315,0.9560914926659733,0.9445067377329472,0.9046601249357662,0.7762428268195641,0.7642007391919412,0.7612346203303275,0.9826133176428115,0.9571495471491661,0.9354980585712754,0.8551730412983024,0.869987988326082,0.8867308736250176,0.9795488283926287,0.9432219378793905,0.905922070723048,0.8074339814561444,0.8088797892707117,0.8264023998213277,0.9718439169846153,0.9109968569263647,0.8572184181925071,0.6709489012579054,0.7568742807292678,0.7990747128552196,0.9305003665631176,0.8955196594524772,0.7834348600503027,0.6617222211577198,0.682258794764486,0.7562298577982627,0.9974838844749524,0.9883697546836331,0.957634221319956,0.9288806030250686,0.9077754572083825,0.9125633333071211,0.9858109800459537,0.9659924699888713,0.9087809036645685,0.8062730869088711,0.7939170742564176,0.8768473486923962,0.9414509701464783,0.9328593780092117,0.7854055339385744,0.6590546908147028,0.67962542149302,0.7997733552912817,0.9907096389919617,0.9885400069533856,0.9673311808691831,0.9076768684833967,0.9022761426901809,0.9240795369953999,0.9511029872094626,0.9583956373471495,0.8557838219179187,0.7341152979320266,0.7661517099860831,0.8390379440729947,0.9747485584057926,0.9733605789460397,0.9138036345204512,0.8562538018241348,0.8427771015451615,0.906077450084172
irene,rest2_vs_type2,1,MentalArithmetic,Type2,3,3,644.84412,322422,324922,1663.1823266359459,737.4402860239641,42.11064206796334,15.702080272099654,12.124636147476243,11.31972131153016,1454.0249869062106,636.470312432204,37.948361874263846,14.262995478718677,10.768683550104086,11.263064134078556,373.11206846573054,159.47771121711355,15.816389448866067,11.337875951945687,13.795488053002979,10.61447784168691,241.58137356406402,109.5778688439774,19.067512517605252,12.647453116865291,12.466665359891385,10.402812842680229,259.1523417231641,121.95639344929509,20.583462286768924,12.587572238325027,10.418833433719088,10.025578296075281,218.61277785231593,104.24710164495477,17.114958933866504,11.793055071920367,8.88336387561157,9.299549461000973,242.38841665424485,106.96728133001635,11.854737241930934,8.66596650911087,8.716922944731122,8.357695641509672,0.9987646291991902,0.9875837970025373,0.9086696103679209,0.9314324014374256,0.7971238803668481,0.8731191694336435,0.9907956323724734,0.8989277209011263,0.8201945182176127,0.7941149365326586,0.8001933017444239,0.8078850012741312,0.9703648150137617,0.8132169664149366,0.685889335752734,0.6652068970875423,0.7728569857335573,0.7974570550426235,0.9699853349606928,0.8455260181654691,0.6649730998567805,0.695765343472175,0.7595128390382568,0.7401326024290535,0.9605082788675303,0.8640846495716674,0.5893223091118575,0.6249708388363019,0.6633826387509114,0.7385662422191775,0.9426772037813865,0.8729172328556375,0.5666265586495588,0.605228840779098,0.6622381434354337,0.752390331415564,0.9896631988623882,0.8713010533611506,0.6979771311120702,0.7370784018036273,0.6469680442863568,0.725094485726992,0.9738487788160931,0.7973133517122162,0.6133733689603227,0.6163507548440418,0.6745840530858307,0.760295558927571,0.9750315510670386,0.8378516997642483,0.6681297514981925,0.6738987093663594,0.7196469965921245,0.7812533439909303,0.9679152558804339,0.8685757527926293,0.6651421108947357,0.6613408190278012,0.7409944846473524,0.8143918611565647,0.9536018684378965,0.9147182380486695,0.6791872942738216,0.7006188471741083,0.7882702020023704,0.8310366414893007,0.9779302129615209,0.8996219206561706,0.7811302119710909,0.7846308668675047,0.8058234854508349,0.8229533713721899,0.9764688425126754,0.8744417749577476,0.6931064214389079,0.7696768415266784,0.6889003030470457,0.7290975148397977,0.9599911820290429,0.8528466991776991,0.6122820404112457,0.6508479844369528,0.5788531307460543,0.6646039527086424,0.9354674509628845,0.7825022039819787,0.48945731386194097,0.5715999396538818,0.5559837344840429,0.6706497024816791,0.9979564526364758,0.971218328261354,0.9163017571522619,0.9566162013405413,0.9027037715479336,0.9043660776811591,0.988611227695058,0.9222078983611515,0.7411789637058377,0.8018440993578556,0.7196908682588785,0.8380788964381723,0.959721657715881,0.7899712544554381,0.5921639422411935,0.6117388864820822,0.6397817162136693,0.7144363588663956,0.9928240226093146,0.9703676466090488,0.8341368210223031,0.875264669463696,0.8256466546666699,0.9061015783828774,0.9665767523144856,0.8447011664557753,0.6839377140820683,0.6430882650109012,0.6853742272903961,0.7407501614978448,0.9830551702226078,0.9013140409397467,0.826715945406789,0.7706005911282798,0.8074333105624175,0.7984767069645139
irene,rest2_vs_type2,1,MentalArithmetic,Type2,4,4,655.323351,327662,330162,3036.228427295457,1320.8442756006682,40.89524441189866,17.36707535823193,11.428885270461612,13.550114747768445,2569.351112505278,1023.2540137823155,31.320632016048837,15.980021613830392,10.301563737047367,11.385203432845074,656.928833129161,348.1224474668664,16.666009334109958,12.825865560935856,9.488164426728183,12.668667453364886,416.58803145341847,198.3099833993858,16.64853169720961,17.029823017740654,10.910903582258813,10.853440471515743,438.9952945491267,190.9133502753741,17.097490135412173,15.736556429966939,10.332413665344577,11.60385451371556,383.6595002803907,148.9363455250862,13.6885193051924,13.223758432253513,8.895502773397931,10.151354834691531,435.9766543783704,144.0347335393105,8.774678745680417,10.110619048409106,7.596504409948796,9.6202476680928,0.9978645970526213,0.9726692854090505,0.9567113288230992,0.8882212314027375,0.8837762448998667,0.9092950286323362,0.9929129081634098,0.9294686088932366,0.9160673154296554,0.9042915525525448,0.915432263211402,0.8618720287489893,0.9832748825726153,0.9329472021279482,0.852885611500108,0.7823878480802374,0.7881772302356865,0.7997668752863654,0.9835663237833074,0.9261573523633875,0.8288395883177679,0.6848065467412335,0.7002219857718119,0.7459337045197395,0.9686815798301054,0.8766487534010725,0.7121401926874555,0.5692238649446125,0.5933556866580416,0.711910041771615,0.9707331160242165,0.807919422021836,0.6434634165812427,0.45015806333043146,0.46659283034724125,0.5981440850330622,0.987111563585481,0.8420989143272142,0.833500676378733,0.76937418678248,0.8086973357749511,0.8111946189699497,0.9868870384618805,0.8759596185178092,0.8153544882004444,0.7681716028666055,0.7670774067491258,0.8101272919448275,0.989993326909736,0.9209241702576609,0.8405700576671412,0.7711110113636603,0.7677976306868353,0.7909620485823615,0.9794274479272801,0.9235968530820027,0.7647487468615266,0.7428646180039252,0.7056427583000698,0.7947890474090187,0.9820108742765298,0.900969991737901,0.7273970647989703,0.639956845406246,0.6107965165729902,0.7000492714565872,0.9851741103149041,0.9495851376652491,0.9021390026967241,0.8356236045450606,0.8279176195584379,0.8561830009184473,0.9768032725376754,0.8665896721146658,0.8239338854410772,0.6911240271832649,0.6956649110571704,0.7813581649179991,0.9592211076756225,0.7493805919332646,0.6907947058489151,0.5361393736313598,0.5833792047985733,0.7339396389210187,0.9542970797384269,0.6363446868813047,0.5408979507987356,0.3849775340638108,0.46105787512511653,0.6445529415271296,0.9955187918925628,0.9586607707169358,0.9471118615419062,0.8916435517687825,0.8904162968269466,0.9260412855912961,0.9886028514351656,0.858639352337227,0.8678082487020469,0.7264990634185959,0.7628752551281935,0.8935163632756509,0.981222305621661,0.698331371317984,0.6989939782879013,0.5673789897689677,0.6132459080259427,0.7358316636174798,0.9959295717674687,0.9483544046226406,0.9486469732469978,0.8870534498172685,0.8802878849118052,0.9242973957310009,0.9902013750886965,0.8095447667982915,0.7696692132861033,0.680925193984,0.7421063130760599,0.7516882488620308,0.9944683532171658,0.9140390105490126,0.8472496528252712,0.8340620844930776,0.8372785645329734,0.8456915744153036
irene,rest2_vs_type2,1,MentalArithmetic,Type2,5,5,665.5573659999999,332779,335279,738.4451343089905,352.90974853432795,54.925488357936,17.74588347018964,13.147974675723594,11.337429024450728,665.4753777291547,289.80249022730214,42.927401426154965,17.410151037610955,12.679314256856655,9.963078006636364,145.12705352900159,80.43041947578378,20.341514417411695,11.425292349273446,13.304866508802075,11.823518090961057,94.21076862940328,66.1871277913097,21.931311532880116,14.854147419359625,11.908548537336815,10.450224780597228,105.5615297479905,75.18774375663965,24.610227168935527,18.77721392276531,11.6121943212145,11.243072358768512,91.87732702649112,56.11894654524631,18.884852615103224,19.004090181614124,11.085107234054687,10.276676701270198,111.08007174687752,49.25328107671609,11.057917066427034,12.234761109546383,9.610410940884519,9.451166137514646,0.9960036662658328,0.9822468655114587,0.9100668571296081,0.836254464625893,0.8606129262254931,0.8609653007528757,0.9638526263642176,0.913100453821841,0.7498284069757193,0.7633713321893139,0.8591851854100406,0.8856267818445939,0.9540678444583776,0.7632100461650719,0.6632130136495744,0.6692273635896635,0.7638195320207841,0.8258432659889495,0.9675076861786067,0.7582670935245025,0.6448134226296274,0.6701263350037525,0.7090150147112833,0.7850364570152917,0.9576107946124894,0.7619885887510418,0.5426624831269811,0.6168098230183251,0.667519811795472,0.7510102830792861,0.961550938224719,0.8524378666882371,0.6247382744854584,0.6619639158390044,0.7301475316616935,0.7816215487360229,0.94302840400808,0.8647941397966128,0.6980252825788739,0.5891639527865367,0.7634975835496864,0.7926899809906669,0.9425070883350074,0.7495413881075141,0.6427822722463642,0.6092137616115029,0.7079133196667973,0.7765240818263174,0.9636684461633539,0.7680984958308648,0.6985651490663778,0.6837671710526748,0.7425208143431999,0.8148810394883956,0.9618771746487319,0.8059988395123655,0.6760037771979779,0.7754878469559537,0.7507378619728887,0.7858797010315256,0.9795764488936024,0.9083103042610764,0.8051635891274671,0.8457358221139107,0.8331916863201665,0.8238944795285068,0.9791757053054733,0.8327633697853606,0.8745745722955969,0.7368211764215991,0.8314451124644547,0.8394699470121361,0.9662344890868445,0.7855888333813374,0.8025221739973587,0.6446626957395617,0.7429164664443948,0.7534138351745675,0.931411630914391,0.7333907414156958,0.6482380567113102,0.5101300167005037,0.6911804428015659,0.7096302317640804,0.8801142890511171,0.7432790490950785,0.5680894708648897,0.49869100406301475,0.692098754884593,0.7125949501114931,0.9881290059041653,0.9681996021807315,0.9205632574781667,0.9245945043665881,0.8788043089221867,0.8893118973811998,0.9579016885219985,0.8913489951413179,0.7782315131531201,0.742018665175528,0.7733640309535786,0.8423436310592758,0.8994883832216131,0.7862337798818576,0.6036018285245063,0.5924069378195492,0.6663731651784917,0.7181925361394855,0.9785689730721012,0.9564749398073606,0.9098201706663935,0.8516723883355434,0.9085397452921258,0.9010839939535619,0.9291806388249727,0.8505790059047836,0.7074961433613544,0.6711161379089685,0.7402628030617585,0.7539817748779076,0.9553193279898388,0.9197722203593823,0.807047017694982,0.82866563911272,0.830117282135603,0.8183853840211532
irene,rest2_vs_type2,1,MentalArithmetic,Type2,6,6,675.7739149999999,337887,340387,1641.3385085473064,801.4243374597094,47.72059276366584,12.396409242301312,14.224320903853506,12.104892210920973,1465.1237038455383,662.4449433550782,39.805759484588485,11.638392128248368,13.031070921720906,11.402851898260051,350.59748477323666,207.02319537052122,13.960266460160929,9.652135940903584,14.441423780263802,12.258068373174684,254.33403732226435,152.19123153689577,11.729074426461885,11.440493903251516,14.245430061877384,11.57445044876614,279.3121047895117,151.25846953033806,12.60170591538793,10.747610175590033,12.59492801357673,11.570833414277852,246.2711002150078,123.02308791424375,10.146938715702143,10.821808305885778,11.305234303874572,10.23115615387323,259.43922895968115,104.04781811756077,9.013405301527373,8.380244974282375,10.014198152746694,9.479297863613546,0.9954775758044841,0.9800252118354208,0.9673433785473982,0.9177773049154087,0.8858277202140826,0.872198245835205,0.9577227845669167,0.9481425049626014,0.8393427297195905,0.7971921133969494,0.8334210828729827,0.7398972519926121,0.9408245547358217,0.9357219370008664,0.7976085655475659,0.6887457685770355,0.7107024452099562,0.7193648311867505,0.9581538448847376,0.9144389355809968,0.7750338890571954,0.7262525590249214,0.6986152032500181,0.7021633199547143,0.9722186533316316,0.881692136675915,0.7752472916831281,0.665606466646612,0.6650902164783346,0.7002144991321386,0.9627868674637693,0.8145872262837169,0.7805759047211238,0.6035394325254779,0.5743878723000921,0.6930938434361139,0.940968494233727,0.8982583764592235,0.7667221374878396,0.6898349191511878,0.7490440599678709,0.6670888128970922,0.9303280899928907,0.9262020258696853,0.7464685157156368,0.5825969456654345,0.6520217190103768,0.6699388633513871,0.9539920168208577,0.9344524445000563,0.7603527395695707,0.6607626747261597,0.6937803290769301,0.7083487013290546,0.9712493835428422,0.9307973169400933,0.7915844358226778,0.6837652552369026,0.7087009488067813,0.7346778677900847,0.9791608493471481,0.8913275142669095,0.8353500219706541,0.6540549514785788,0.7146001984602539,0.7647832352565456,0.9784034788477808,0.9409707936301522,0.8728013203711811,0.8029730696017542,0.8368237185862532,0.8629798230391926,0.967372021971379,0.8929214568386405,0.7765367421593625,0.7425546786144636,0.7532675227391047,0.7533550651551287,0.9653377374102403,0.8343359177668892,0.7285604558303916,0.6274587625372405,0.6843608819754741,0.7151612973118417,0.9093067742072533,0.7369674463020554,0.7017002449101766,0.5649595525885556,0.5496086405907168,0.6933146744629918,0.9903466494597123,0.9780783625779984,0.9411399905811253,0.9023058975721046,0.8831227286141259,0.9079378288108361,0.979195609308805,0.9325685388971537,0.8731574726362922,0.6934225904700015,0.7896243463829088,0.8617383089638668,0.9169765629589112,0.8246138369695492,0.7452157096890359,0.5242594906517001,0.5886438017980511,0.751153408126058,0.9934810805608268,0.9744876605514264,0.9434512459372458,0.837295293079826,0.8988937051470902,0.9141687629735136,0.9385248700101462,0.8786166378266,0.7804759706138458,0.5962264192873575,0.7003050842111362,0.7825376423204511,0.9598673916639072,0.9399393222507928,0.8825107899807628,0.8154970154587474,0.8162374393395035,0.8296414395718189
irene,rest2_vs_type2,1,MentalArithmetic,Type2,7,7,685.8601729999999,342930,345430,3600.7703187247553,739.9946803289508,42.338209248648596,17.450294259010242,11.356714450002379,11.430211187812183,3179.870791117544,675.4598563534898,37.45582107059265,15.080850513802824,9.235015829152974,11.509380522378327,720.4210489723355,165.59093805107506,21.500505997507418,11.552339104729684,11.268123864255731,11.117450216670026,445.1979291787899,119.91397559338904,19.724168253970415,12.72063991374288,11.577282215098501,10.009094615240269,502.06604237727765,134.6132510298582,22.4861794981158,13.378670546751788,11.645919102282038,9.67258625732477,477.3742751437568,123.88332484424477,18.38307249905684,13.120007544869157,9.962119850106943,9.539513701010343,542.1512945511081,126.3970379119059,11.563988984712545,9.905333433320545,7.333233288301606,8.704123684772998,0.9963487073317184,0.9820041671320783,0.9168009686656541,0.9121158500562458,0.8805782311852136,0.8686161983356473,0.984834256260409,0.94375265686358,0.8184507756698345,0.8331841642653839,0.8282164042264812,0.8126311294664246,0.9910088208900659,0.9325361218556879,0.7081498877139687,0.7568060904683813,0.7173917364478963,0.7350593465746688,0.9885831376171698,0.9056726047366555,0.6911509412183867,0.7644110373585588,0.6903059788007886,0.7345556215231557,0.9816882552520764,0.8660750578191639,0.6056420859440668,0.6958846826632197,0.6837048175667702,0.6892679903949599,0.9605017238250171,0.8386396402477623,0.6141417194549981,0.6989455744309809,0.6341545660441102,0.6717694708062651,0.9741837007885189,0.8778910429584832,0.6706603986681804,0.7217783488657055,0.7667728272081853,0.7491922129118291,0.9934039222536031,0.9162522190280454,0.6669081491512159,0.7088080909932061,0.671178403728605,0.7410042105693918,0.994260349518793,0.9318391050251345,0.7285150154510287,0.775222192340717,0.6646981321952988,0.7858650156557293,0.9909187615237216,0.9198230275964719,0.6991660068163472,0.7684835210295059,0.7172854983696499,0.7797802485624176,0.9784749132451607,0.9114007311882677,0.784657553193755,0.810298009381845,0.7123609882541692,0.8062291220738719,0.9766679173035749,0.902703791884931,0.7903551621849024,0.8088976693745368,0.8207234815998194,0.8812190172568021,0.9672440075677103,0.8145609458550123,0.6753288673145892,0.7271482943784054,0.7382305460627114,0.8022212607764999,0.9555252101250299,0.7451032816078866,0.5644826886196238,0.6067001353008367,0.6979857152273824,0.7578521366371743,0.9195547489777093,0.6735703083847968,0.4501124965149206,0.5748889312736613,0.6417705926197378,0.6440352687319986,0.9962096901619771,0.9554521609152177,0.9197253840437764,0.898092074527183,0.9308348619743396,0.9170383986397102,0.9916674958035764,0.9023150669564254,0.8245377749318157,0.7413860012165732,0.8058172308260643,0.8532187122610134,0.9731562688443386,0.8144845926893478,0.594123260140399,0.693066049009383,0.6772498698304056,0.6929283977274528,0.9970813292922767,0.9695758297552931,0.9323928349818628,0.8942307926505112,0.8719223602629669,0.9075330184858141,0.979227006368319,0.9035946119054575,0.7014875904786184,0.7989913279144006,0.7022070597024852,0.7427077494043689,0.9840472943519823,0.9556386776782978,0.7813671335216592,0.8579411801303731,0.8212890384740662,0.8409240688934145
irene,rest2_vs_type2,1,MentalArithmetic,Type2,8,8,696.0660409999999,348033,350533,5241.097551577087,1168.2954392499469,62.13599278072404,16.080212006079616,10.939341299970183,7.934441964928114,4532.102756683345,1075.5686741402546,55.4199762745554,15.82986776460745,10.256857597394225,8.06283533099793,1027.1349531894855,232.7771318258989,26.470259297680133,14.3321777325419,10.703636217539987,8.938439609871743,707.8549397275156,192.05566239267813,29.779921416092,14.336060427944878,10.666196433078706,8.743073904723687,761.6553096156782,214.89061777746022,27.95913326191215,13.71008297615319,10.75994287095518,7.865382931266975,634.1337735978493,186.58377776295993,20.032077349284663,12.424858496521884,10.850357048657555,7.954480347054516,655.7907457999115,195.62629561273548,13.570374650742728,9.967957070661473,9.43280996851415,7.401598767494126,0.999245814304171,0.994892885136206,0.9792113668076763,0.9463809775613351,0.9081198654958731,0.905218404401342,0.9859421022346776,0.9660913322068315,0.6964890294809436,0.8096114223259354,0.7010569064408363,0.6851425952916529,0.9836568054735731,0.9515900029068132,0.6529317712074488,0.7667920025734034,0.7092427194286931,0.6115438910354851,0.9882422210285976,0.9480422019281858,0.7047384129793082,0.78333337803196,0.6301803030854662,0.6384389844755881,0.9895422295030593,0.9446023461828151,0.7034659659752944,0.7198193392003753,0.6417843403270775,0.6476672739337522,0.9839008212878961,0.9496198063788535,0.8458234063751557,0.7338868808425734,0.6897489988381302,0.6342913539618524,0.9820909160071215,0.9527619478630596,0.6350938531363182,0.7497706935540791,0.6143005977471256,0.6418722840276776,0.982235190539806,0.9428667257438628,0.6076567609169115,0.6868583118833118,0.6451597362225753,0.5988518652511974,0.9881023394344236,0.9465870315720779,0.6817246233133422,0.7524186820892406,0.6282059038225045,0.6691760358062804,0.9893541952911105,0.9473266837420972,0.7136962086811807,0.7461193566684867,0.6732369568568825,0.6994986502562253,0.9869798835083287,0.9607759894403682,0.8899372947888692,0.8224429171624631,0.7737121546329726,0.7311090463498002,0.9937975609143063,0.9611645846121828,0.891151755393318,0.8792624254315519,0.7982580058263968,0.6540237469021768,0.9918275722925487,0.9402818989921431,0.7872228655265511,0.8483815371472723,0.7615801841543044,0.6373149085610023,0.9900129821430856,0.9398889774224721,0.6302413253058353,0.7975410455518078,0.7164323396740059,0.6461177550368571,0.9728671088475146,0.90324403229704,0.5865771955394485,0.6897969709625261,0.6501201956565205,0.6127993870014378,0.9981509226393944,0.9920353771938679,0.9311737124247911,0.9355974929564583,0.8885468174502653,0.8873066018728666,0.9945087946528649,0.9841392364977255,0.7932232379580808,0.7758078211086425,0.7917968133039854,0.8236792462903458,0.975050435358868,0.9395408342164125,0.6434632631004569,0.6303587658837346,0.6572150619851366,0.6879420489574327,0.9967291722602614,0.9901319520537292,0.9214980893610335,0.8798449493491421,0.9034095618174028,0.9097651549869018,0.9829004679268026,0.9540155256743368,0.7626242165069202,0.7394217731490219,0.7183122809767403,0.7617774140594868,0.9901563081287788,0.9689068599360073,0.8546048834116157,0.8312027850495916,0.8282326251526119,0.8438962166055979
irene,rest2_vs_type2,1,MentalArithmetic,Type2,9,9,706.056031,353028,355528,2670.7339154146803,383.60204647695036,53.32710832592701,12.609123985869152,8.819240271446127,11.67854749097159,2388.1177209630873,353.9266135544025,51.5307128190298,14.669314819425065,8.194959732882351,9.899715545902149,620.3959703985171,87.58706195614035,27.1755160269016,9.97628343488957,9.549760271064931,11.245827714770428,408.45345060654233,80.60358479528,25.637197322657563,10.350638780775776,8.499688812828254,10.304326321038287,438.1463881346358,84.77208577139562,25.48187562059989,10.697253917395336,7.506420969743271,9.577333846737591,387.01554910713895,74.01428647248781,20.523444144420626,11.14748229123679,7.763187057361732,9.530774414172633,465.4515027083953,79.35778614715665,16.911669964025606,8.353047568164653,7.586958426041689,8.966317198309769,0.9977829120546978,0.9757000399372094,0.9288597385542376,0.846373229363273,0.7668246549274118,0.8337332429423778,0.987072926814248,0.8116680735615952,0.8346221084609493,0.6122100097804027,0.6708636636759769,0.8138776482407739,0.9722556788196451,0.8608216426468108,0.7468872151817316,0.6327122713346761,0.6752821803075726,0.7586165996018195,0.9784861550984311,0.8774917291597565,0.6823249633347359,0.6882110647723607,0.6877675031323436,0.7874849937872318,0.9708887122827008,0.8937522876339425,0.666666186410517,0.6908503760586611,0.6470805583691654,0.7398787035759534,0.9780980211607885,0.8057148057128012,0.5960008261960593,0.7074344341405847,0.5823307327049686,0.7452663743159972,0.9799093326814008,0.7555492770692138,0.6959493341119163,0.45293308521506187,0.4748789498029723,0.6782414942304664,0.9628505734126521,0.7969057297827592,0.6769928011760236,0.5367599947365583,0.5481297912684895,0.6838386873778829,0.9743038609467002,0.8370125237343846,0.6468024890816617,0.7002670907071007,0.7005238197510645,0.7477677223923912,0.9707346783357474,0.8925498185058808,0.6828591580791052,0.7528182264478529,0.7197287205390009,0.7566236438698792,0.983497038315902,0.866450910333039,0.6898735182747251,0.824452963641227,0.7063888148517659,0.7806423802272244,0.9879266871567912,0.8752915893482025,0.8240513647858074,0.7646465016978041,0.8252240206018442,0.8321863641023568,0.9864691898757786,0.8208033524480008,0.6977401267398777,0.6491194713710027,0.6505073428018351,0.7492587719474241,0.9753715258226127,0.7571243014719885,0.6488046288941326,0.5197585484663257,0.5604187776599082,0.7430307437757266,0.9722248886301296,0.5957050384323311,0.5371063512177308,0.4516208493781392,0.48537720786638666,0.7059245722177344,0.9951305263533898,0.949917771436253,0.9151095532478832,0.8561674614206815,0.8300460294650869,0.8919420297364925,0.9824580674433774,0.8842970702071692,0.7949980121519186,0.6719703250192637,0.6764270434552404,0.8535464318766961,0.9632361227983908,0.6496252479782486,0.5635679659274406,0.4770280801468524,0.5100452940112474,0.7247052547927347,0.9931275877027431,0.9606598661594267,0.901463676522155,0.8618698301323547,0.8356393523825505,0.9108343668894416,0.9780516553760474,0.7307379282100468,0.6361547912728138,0.6680601424037321,0.6211531135580373,0.7577173764601023,0.9892719053607459,0.845221954744271,0.8187703484114609,0.8130643540634486,0.7433664654214457,0.8407539990185856
irene,rest2_vs_type2,1,MentalArithmetic,Type2,10,10,716.135602,358068,360568,4145.0665807033665,736.2398621099339,45.358688752893144,12.495365180967296,14.392790055254462,14.653518317291606,3343.4350224361106,613.1635661847594,43.57570434251418,13.865187777838983,11.918642282495075,12.99994482024109,993.7130293113622,192.55041659221624,26.176094078723406,9.073273786009699,13.426372285064252,14.769209457927264,556.221903211313,105.53066518937048,28.216906455185548,15.238333680989273,12.440691307213179,13.19208444468396,562.9969913917904,109.7348038264801,23.97084034579531,16.84642166250568,12.269657202554015,13.4139173232721,469.5326730102962,91.20515046178474,19.211596207341596,16.141051056451946,11.574993208540052,13.310071671596827,432.69411613644075,103.72569236567517,13.189496780655194,12.85270639867175,11.564980773568516,12.026813888008025,0.9956022339980625,0.9862916372663237,0.9386498398413743,0.8159879489652742,0.8950461244846389,0.9060901672655359,0.9842150368510195,0.9463076210903599,0.7913228583256665,0.7047675095026893,0.8185338304923754,0.8596270405978431,0.9778598223076543,0.900693154655533,0.7377640484749325,0.52217438712276,0.6992674075767578,0.7979732403715493,0.9830007534100548,0.9063841483256208,0.7019927000849252,0.4892115782185807,0.7125830692355547,0.7785396131287531,0.9783677501299798,0.8854211071899791,0.6536722918039726,0.41166736601350246,0.6724699274680873,0.7764119589159476,0.9704903410465368,0.8748600993099154,0.5422625022410745,0.3114413021728821,0.5905838277373309,0.711907991726397,0.9662003492571163,0.8989181097627192,0.7069334049686214,0.5315593046654972,0.6933522509300439,0.773219665465966,0.9686180530613372,0.8712064090838435,0.6503992417721524,0.46481208205449326,0.6646843751681807,0.7457509133190324,0.9786541995150021,0.8987726545259291,0.6594287401479343,0.5409020114750973,0.7301266106836127,0.7687690642319713,0.9835674718904919,0.9017236164561095,0.681695349281769,0.5650693311257738,0.750502836206844,0.7669900258963376,0.9855014074377341,0.9229672149281319,0.6868139576579276,0.549904697245782,0.7123729859834453,0.7364113542109912,0.9819120039306658,0.928571544039992,0.7675827794506801,0.7049707717660464,0.8343063404322872,0.8967230174523597,0.9762992927323412,0.891632888604631,0.6599026811013846,0.589564183536936,0.7415873758933006,0.8468645676178911,0.9577480069745058,0.8438942996276169,0.5439028608077059,0.38943364698819977,0.6156741095977644,0.8252261745562379,0.9301389899860634,0.7737284484016866,0.4278841945205808,0.2808987552057137,0.5371654887384233,0.7478446090016757,0.9966539415354824,0.9767803875745962,0.9058500215032886,0.8865407887281679,0.8948944669445797,0.9410196807918285,0.9838513524250939,0.9297693940018533,0.7385941107216212,0.5521565583619016,0.744132017892051,0.9261940131774064,0.949543090703958,0.8297191829370345,0.4578711757449371,0.4050023682982674,0.6433979235301448,0.8247856719856866,0.992783839948633,0.9719978235263504,0.8961425257396837,0.7379552404423994,0.866311130234567,0.9462577384488751,0.9642437738759106,0.8868113133093518,0.5188765824288184,0.5609514473700472,0.746970476122086,0.8482991819407285,0.9824908181336691,0.940349351437054,0.664265931022237,0.8515065399773464,0.8491929343512885,0.8794658690227128
irene,rest2_vs_type2,1,MentalArithmetic,Type2,11,11,726.109162,363055,365555,1568.9743825190794,781.349809781855,99.8381747776378,32.124244551937636,28.365682944216992,22.097885407263718,1378.2286874750782,691.6778740529624,91.28620341467433,32.31486404137301,27.116267859073528,19.957716172352296,360.53211662218774,184.9300285064957,33.104052044692175,12.649677879830199,16.591688625006366,16.62960660262404,240.20910041959277,125.2068548216731,27.57936969087912,11.988505192728722,15.822683493734045,14.580474993961351,258.7251665044794,123.32537149468833,27.350342080171828,14.057167687885373,15.036981875934009,13.614950628467987,218.98558510551507,106.38018877843271,22.17096984869574,13.789278728903556,14.699573100283093,13.292103051545807,210.49058512150265,105.62415930766952,23.13983846616681,11.840035515631788,13.408199311045351,11.922470550506315,0.9968380655557194,0.975236680489644,0.9346063876183777,0.9037963526947728,0.9135923625931868,0.9038082201239457,0.9776887907336343,0.90237793456412,0.6915591355753088,0.7299695093917109,0.7725679020748657,0.7724641619916817,0.9789693629117667,0.8685454344953972,0.6614493985928128,0.5980880900350921,0.7636777135762396,0.7606694080960964,0.9864548175321697,0.8492798098565866,0.7148683766111692,0.617225538184109,0.776880148414875,0.7866946248720385,0.9804371495435178,0.8225888170478487,0.6761647501334548,0.4691039774605546,0.7234035982918636,0.7381962364717701,0.9604268630663575,0.8483865153093499,0.7014952438632251,0.5022358852249518,0.6824693794871334,0.7313063388174376,0.9652189812796852,0.8306005566628785,0.5687831462086713,0.6238344475456995,0.6816729234779426,0.6875488167167457,0.971487097206673,0.8583304516266814,0.5962820158493949,0.5831620418388871,0.6902223927892066,0.6805924981447871,0.985045487212327,0.880764336764924,0.677752322876667,0.6738526304063601,0.7384358450534799,0.7496586407201506,0.9832946662662732,0.8890092613291481,0.7293118910824946,0.596191982110729,0.7313790551464427,0.7338865754942211,0.973251312363447,0.9286222962459536,0.8262530290226591,0.6617235377376369,0.7132135210799585,0.7599589831041363,0.9884035890923487,0.8879438940247808,0.8085879745048627,0.6531929545129531,0.7897356356892982,0.886350130828809,0.9711209041202334,0.801039244902084,0.7195322215444102,0.5656107557408069,0.7290545846840577,0.8262051315520093,0.9616624709271103,0.7152058685504342,0.5832454401329646,0.44035020084588083,0.6637869125198556,0.7694810823902342,0.9167128479872345,0.6835378849423416,0.43267345389609824,0.4170786192565567,0.6477430484804183,0.7145847018751224,0.9893886347414317,0.9553447861822718,0.9444755547811445,0.8815541249866231,0.9165126582011901,0.9233803418113886,0.9849935916726652,0.855873354261103,0.7887731688255771,0.6737881499920181,0.830543061936217,0.8682143359902084,0.9463846365595088,0.7828589272075954,0.5183937394392152,0.590174109057037,0.6674054317150123,0.7610621033404587,0.9950761087303369,0.9488324712992963,0.8960056861018506,0.8419649560541561,0.9257736290697384,0.9204311835943995,0.9712806038384415,0.856082935342271,0.6090309786190993,0.7250604103051872,0.7643299957115636,0.8227619395752711,0.9848015125477178,0.9197098959598647,0.7854430302123776,0.8482868625229497,0.8541814596482272,0.8619338771742363
irene,rest2_vs_type2,1,MentalArithmetic,Type2,12,12,736.7547729999999,368377,370877,4547.55330608218,1580.5110444153813,52.06419820232738,14.691182405001584,10.608799130085497,13.94550116480668,4087.8694537441497,1328.0292029370246,48.03676568846305,12.848421481952304,12.33110618360763,14.195230374673613,886.0095092074387,309.47104250621646,20.77743981428499,11.597566599634293,10.619640960981965,15.168871929652225,630.0057407102614,199.1987438614305,18.898316855846833,13.468772977687825,12.284921148074883,14.097447709467945,697.3708342636078,198.26956229038282,20.73524660933784,14.117677188354595,13.106908081899038,13.905455070527198,636.5482758453963,158.79745699107693,19.090742021453654,12.982736107870629,13.471837859763696,13.358220285517715,714.1314708030917,171.68278526219137,14.256681499981113,9.753958203913138,10.902713000581253,12.792893672866601,0.9925078063203282,0.99098953422486,0.9438310219270376,0.9118014786892736,0.8822024088361703,0.9120651499091222,0.9652717664079278,0.9349264985957144,0.7936615708442033,0.6695788633996715,0.7486734970894954,0.7907788255350446,0.985751333534895,0.9167322700556383,0.8058287066747173,0.5994286582269978,0.6457271626789163,0.7585045396354976,0.9754193669301751,0.9316462387144552,0.7538207364084432,0.6832791310735463,0.6358183670270712,0.7540612470440524,0.9470693590483172,0.9291907060236112,0.7109184682678544,0.6114441534503349,0.6196702866970664,0.7582842713403132,0.9065901575997901,0.9273690435835209,0.7218366434487491,0.6747731387847319,0.6625010572740364,0.7401889800326725,0.9331442749591567,0.894411009183096,0.6488242754401993,0.5658377202354499,0.641315406322009,0.7276654764623701,0.9857076711992203,0.8868994026032573,0.7627206464457537,0.5701382739208493,0.5948650573454642,0.6938243566497149,0.989392844221777,0.917403670999336,0.7985063478448251,0.6662440084537468,0.6498458434445867,0.7188548738671267,0.9749996084878619,0.937038461941034,0.8085422176073676,0.6801918900673621,0.6824277675170747,0.752377823835333,0.9455133848557536,0.9591402552193626,0.857808027267495,0.7512107325862207,0.7293030642301322,0.7836525819273116,0.949131062714328,0.9613577705820026,0.7997847123356926,0.7358518544459675,0.7185265616209381,0.8571141920785819,0.9128573279732413,0.9380721445754909,0.6283318707955711,0.6346695253929857,0.6380297792860514,0.8305577142135702,0.8695340578222797,0.8924332608831793,0.5135460606804046,0.40925814270238053,0.5883068012272745,0.8169819880810949,0.8201207584067666,0.7939117309329544,0.4114533952278318,0.443140523159307,0.5988717165033763,0.7504432352959467,0.9918160849434338,0.9841020517495308,0.923073086351024,0.8639264935799778,0.8907588204264527,0.9315402718834217,0.9679791552058973,0.941793017507178,0.8071435070563153,0.6651237313395121,0.7546431618475854,0.8828174616867795,0.9247344500390476,0.8313992701459423,0.6736751828866787,0.6120154587572431,0.647978681423048,0.7753675890867924,0.9892900989726567,0.9784971448087042,0.9383896026232735,0.8490365349386167,0.9046138774181831,0.9415361774288351,0.9568661435427946,0.8799123757971893,0.8091451891796589,0.7739467457321726,0.7916891075072897,0.8332933766891242,0.9859895512709738,0.9261741992120086,0.8999954942483948,0.859647776702895,0.8749881597166886,0.8820049008302189
irene,rest2_vs_type2,1,MentalArithmetic,Type2,13,13,746.99262,373496,375996,3538.721150042512,1417.4991145286358,65.7122729196353,12.70849739299005,13.096021076082499,15.584071905957597,2885.463059624851,1133.654867562484,62.07665808899387,11.764811107708724,12.768992996369803,14.050991970185944,803.328081230462,354.459633498989,23.047887536282563,10.849380615793608,12.999394516060761,15.666570706311944,517.747764028234,219.17432984691257,18.7643824470715,14.038289824037019,12.773653754759504,13.856124309725587,565.1594598105291,225.81854594226382,20.733461698112873,13.63936975689453,11.795279552775261,14.198246665870016,471.03329044514726,180.73537562575478,19.83012435083572,12.038519051946725,12.540686279439162,13.397168711823713,462.8960198506588,166.0525740015428,16.816249750923394,7.9992195534561015,9.606982804089183,12.398301679785412,0.9962629481499236,0.986776898084698,0.9213133404175252,0.8652139586248977,0.8202074125532273,0.8812582736860493,0.9661523188666069,0.9507285068964304,0.7365370818938634,0.77499524477972,0.7854067817687097,0.8690030713501079,0.9855517594086506,0.9346506695017599,0.7024321198720058,0.7634593567911534,0.7730805818761208,0.7985983544310475,0.9797474230142388,0.8993474562848837,0.629338811710707,0.725246365860601,0.7691276635181709,0.8058712777816316,0.9784611639422827,0.8543720557470751,0.5801646918636181,0.6180477561303288,0.7061046944415135,0.788263588355746,0.9698615622445689,0.7905012193402491,0.612053101980979,0.6374858021417429,0.7112462523286157,0.7503053550995045,0.9444550222956755,0.9098943512398098,0.6292746486428761,0.6140010973894926,0.6945380792299031,0.7822102293342427,0.9765740444898872,0.9248534874227425,0.7029233519619273,0.7350400572249711,0.6510477710892002,0.757077887600074,0.9825929864390668,0.915481981757622,0.6679851824315122,0.7647534571200343,0.6922389368133552,0.7960768373634743,0.9855639830863199,0.898151133537964,0.6743246304715337,0.729593934515356,0.7599053926090352,0.8326702223438788,0.9846603318599456,0.8625775351437328,0.7512838200898476,0.7364222847030525,0.8092689621053409,0.8237671135000858,0.9725255755647385,0.9307373756187644,0.7835235896564611,0.7529383894226925,0.752886502147545,0.7743452510910603,0.9332268711535857,0.8637456984887858,0.6270903855146627,0.6663743065094572,0.7038787268271316,0.7831052604321751,0.9209191638738639,0.7946144290697109,0.5202800302203312,0.519821923645735,0.6712109047664824,0.7606426212554384,0.8936932779618983,0.6889041398411353,0.4189531607952534,0.525968032983204,0.6470964696309098,0.7138617007167368,0.9878545571848768,0.9687975141920924,0.9106055414820308,0.9293555117344091,0.9092522903962369,0.9142365853285502,0.9767517194729612,0.918726892627574,0.7748729387692763,0.7751340137810407,0.7811896942680012,0.828072132357453,0.9494474961010714,0.7893536026711063,0.5879505310842462,0.5665872951236749,0.6192553716821714,0.7402274003273518,0.995145849074612,0.9691119146874193,0.8844359808078502,0.8848636851128632,0.8663267756165942,0.9161321922292499,0.9748938876087179,0.8387703785723235,0.6326947539340007,0.6345717459042696,0.6824340780322573,0.7914815298084659,0.9868312044922726,0.912558792792509,0.7741299750275894,0.7565169615726236,0.8226371823198086,0.8889868264733346
irene,rest2_vs_type2,1,MentalArithmetic,Type2,14,14,756.79064,378395,380895,2750.1310764250297,930.4968507334642,80.73618740179103,12.890506831904352,10.118420028595201,11.012490303364158,2362.460039123196,780.3775630512215,65.5086078139377,13.271665240781228,8.511772775138633,10.386307535601599,604.8407437043047,203.82485238005762,34.22620069512687,10.533311785699528,11.428481232091505,12.774609295522241,393.2687848834561,130.09915448434455,24.001807548066026,11.30607464504242,9.689516024123556,11.668320976213414,421.31449780169925,148.03446505668236,22.524097337945996,11.580637652546326,8.937534013721027,10.202450367733139,385.8819228503996,125.09739364105025,22.701033348194724,12.747461419196497,7.783180772446328,8.706738972458291,386.4706167098562,117.35629710726289,18.69158621841973,9.861634897814888,6.555690477504945,8.654685794636311,0.9969281152184323,0.9927433747251303,0.9088786027095074,0.8203533662662037,0.7646710364811669,0.8533078311503917,0.9839632234440122,0.9359449796104365,0.6804829836602824,0.7254058346796991,0.7768217080671371,0.7174187744891929,0.9764899752812876,0.907699829027286,0.6739522460134058,0.674454608370125,0.7440349895885816,0.7524819313150259,0.9722085482254181,0.9211595580628567,0.6471173327410256,0.7178793111648406,0.7113116533760107,0.7714423018736041,0.96523978572441,0.9128064646224694,0.6022272841877618,0.6287584360136712,0.6303510709899839,0.768810599184659,0.9210481653380205,0.919070749711406,0.5448571448267163,0.6363905543719361,0.5472833465914718,0.7365834720793349,0.976650928265438,0.9047079489523417,0.5423629867455635,0.526646940061285,0.6163052218695195,0.6281107205451867,0.9748745869801604,0.8930721126553629,0.6274468432229017,0.5482714758099985,0.5577427141169938,0.6702646407544047,0.9737896212309347,0.9219843226490855,0.7137279717604195,0.6879217661123983,0.6455323983918492,0.7485532262255238,0.9721647332169302,0.9246429744319477,0.7277942916443674,0.6989760772227874,0.6977034179444648,0.792120189097404,0.9406910593083938,0.9443598256303823,0.7163278819675517,0.8070448016070694,0.6669011838637227,0.8089611102569879,0.9839680481426795,0.93530412039288,0.7716282991063439,0.6898915488682081,0.6918880749865053,0.6491417743426834,0.9784913211800245,0.8918626393033805,0.5607517945767568,0.580492796072421,0.5997574523046637,0.6613618083962962,0.9680176671930019,0.8567179778347985,0.4626191832444741,0.4353537655478526,0.5008882582044297,0.6678879732004096,0.9088740184221161,0.8122282751366121,0.3451743333841305,0.369826418234267,0.4323579482084159,0.6092532811753251,0.9953873245226227,0.9706486163512806,0.8748840897615917,0.8816526682603955,0.871256501761053,0.8963549011493003,0.9878440391631512,0.9300292269396592,0.721600308485047,0.704685230736858,0.7264881026257378,0.821443624711096,0.9377377678400483,0.8626504901405272,0.4950708533005642,0.5152554658941464,0.564428784174085,0.668966990998011,0.993423529537759,0.9772475218442012,0.9258990934564549,0.8908042506745577,0.8708726057866457,0.8894714983064993,0.9486171503843946,0.8991639255786448,0.6925989552807925,0.68614633210904,0.6789786993997449,0.7835981261604306,0.9687028844516798,0.9391125021963925,0.8245881130142962,0.8274717428479086,0.805799333223689,0.8669952321089168
irene,rest2_vs_type2,1,MentalArithmetic,Type2,15,15,766.751752,383376,385876,4776.108045809791,1719.0414336913148,71.30658913550226,16.46930599356576,12.749837490771698,12.515298773489567,3802.973583878549,1453.1688105201802,72.96973595920525,15.560461270429785,12.05864296341531,12.252559090433026,1188.1334718556964,381.0829761297924,19.833094971857253,13.12530991208848,11.840876425684812,15.569525138135955,704.7588396140717,264.9535764523247,21.717145894109052,14.630508697032884,10.157749498471441,11.571003993368455,681.1899500013885,259.6776766713376,20.342862540142356,15.647563182766143,11.033273363699243,10.67371998140878,546.0659207252754,210.15651330487222,17.126831524798238,14.904560338768615,9.321949208079609,10.02788966514311,499.98480063427775,234.5209457904448,17.001902914484937,11.744261923487986,8.868680000977259,8.838696547626222,0.9939777303472838,0.9741410411171222,0.9181848497916463,0.8758065125060737,0.7918734084255664,0.8413158689248328,0.9891003127645006,0.9295500624294628,0.6430868207206554,0.7138486898447793,0.7604838413011035,0.8066648442119423,0.9914277424373948,0.9316149960159602,0.4534459485065853,0.6563081480088507,0.7118848501158072,0.7680484247033575,0.989298734366732,0.9445334039360542,0.45720110176771145,0.667397384293361,0.7355728569648741,0.7772561136861529,0.9788128894575667,0.949836736415463,0.4946997084440479,0.6014763417200067,0.638185531345932,0.7785715221331079,0.9406370777711115,0.8411084873288452,0.6355540223138592,0.5563368264370044,0.6163314771867507,0.7178430241530422,0.9820567340006314,0.8544518372180934,0.5209427817864016,0.5750650450110022,0.6612917857256804,0.6583530397236458,0.9857042143090812,0.8880406194188191,0.3748943586436305,0.5760840137394521,0.6265575185599496,0.6931904315199112,0.9924827831438421,0.9249915863755513,0.3825869058647259,0.6820389821119622,0.7653564944110764,0.7536274537965961,0.9856422385102451,0.9591483921661906,0.43419878787434224,0.6858832455387229,0.7852767858257655,0.8393979475100743,0.9670518212820265,0.9245881659395583,0.7347247124905477,0.6723887533099168,0.7502821100391702,0.8330109773946759,0.9879282251604881,0.9568536712592499,0.7446517695949256,0.7815173594687462,0.7408146707290167,0.6964974950127593,0.9800793755716444,0.9218922212853061,0.6146198494666466,0.6397440754427943,0.6724880211867325,0.6879516131202783,0.9656442501213482,0.8517647818463026,0.48309079282950484,0.5064399365079154,0.6016731799419501,0.6701401821173721,0.9368956829210763,0.6889499352678367,0.3358634735394933,0.4269981139126414,0.6184707692553915,0.6120607985623169,0.9940627720597598,0.9817013942381506,0.9166011522213507,0.8768413804921765,0.8680002452776312,0.8828041542313882,0.9810084061252767,0.9233752679048932,0.7763321713992271,0.7298098958705099,0.7244556015791285,0.8204240402570292,0.9452002593719784,0.7844204798012218,0.38543080259128637,0.5025173352208997,0.6030686030261618,0.7006228181107443,0.9937417626105703,0.9644194298153073,0.9190593777032541,0.8830343393914946,0.8702649588683542,0.9172730010975024,0.9642145509566102,0.844404040652841,0.48552037176040397,0.644068131821924,0.6825618020724569,0.7480032634781331,0.9644403405455053,0.9113751906676879,0.6093947287863226,0.7734319014420465,0.8077077283817466,0.8451797044769599
irene,rest2_vs_type2,1,MentalArithmetic,Type2,16,16,777.0054399999999,388503,391003,6685.2814778934235,1338.6618325952472,37.62069645760873,14.701808135413945,11.507028083155424,14.641713417774172,5965.592076016232,1212.732433419377,36.62920246971967,13.746759449412778,10.90211341755213,13.69123630455692,1519.5883437054172,324.98525019443633,19.615819017561847,11.149013567766627,12.715675601012073,14.288818804144464,1056.9713117480298,242.47033363228675,27.55391619936722,16.54417142277632,12.433944818158041,13.457273894136526,1173.4664333892597,264.62473450374546,29.376205377953337,17.377339705041976,12.548650482842316,14.547524959053513,1007.1931100694112,234.03873534225932,28.32981418629218,15.567953473035404,11.890835673508162,13.362715387034003,1058.0987024331191,241.81936832323802,17.435653858086958,10.851008250870397,10.246926577542936,12.330246524444156,0.9984973297174594,0.9902044251675742,0.9563186678682593,0.869996694014377,0.8867713271593782,0.9007692428815408,0.965964770699693,0.9560774897904957,0.627091257503736,0.7902335365668252,0.7334353863739045,0.8212282094156139,0.9614395684237921,0.9570908880119353,0.6076860058653238,0.6121415275841718,0.7554679059821224,0.7135787792143138,0.974890288649206,0.9442153731913616,0.6482068034393815,0.5547759621975366,0.7671952430005337,0.7200370083863328,0.9664031128637403,0.930897839296831,0.6264860894693092,0.4266277342807955,0.70275098617681,0.6741418633274238,0.9676640807031199,0.934366487638829,0.7020863924510081,0.5275999573734127,0.6610264469237845,0.6692600368939314,0.9541323596460473,0.9260849863125467,0.5662615594633043,0.6277836951072369,0.6579521352997191,0.7463005275811184,0.9508171503564392,0.9383857027934935,0.5758142197471641,0.5246822409634148,0.7069195833640457,0.6773002857841444,0.9672302776058563,0.9385905885680798,0.642479736973247,0.5617502999983979,0.7554658839898523,0.7206750145383651,0.9604348654359463,0.9401768528207691,0.6451977833871416,0.5012830480996721,0.7712454925405702,0.7212882055278798,0.965435894797777,0.9591997220686317,0.7949398038506272,0.690218983421493,0.6961312094358139,0.7201472328395803,0.9947708368413909,0.9517158642877415,0.7504026032664102,0.7921718370194897,0.7661267491276844,0.7614180116383019,0.9912663769905139,0.9181037719181929,0.6107658062760287,0.6652868051830303,0.7550241247554629,0.7529576021898385,0.9860869550398784,0.8809052313292239,0.49518477446532794,0.48394136501459756,0.6635909179748015,0.7114476096270457,0.9759133280777305,0.8695934352994636,0.4551097454731511,0.47467218449063,0.6663438810192492,0.6841998013132297,0.9970176260728558,0.9879607465995067,0.9265564125899605,0.8780908135053098,0.9041904585054521,0.9250216057827173,0.9937768393313355,0.9662983186170174,0.7575625109391688,0.7023919506978478,0.7763499436546621,0.8802147846939486,0.9822043804197601,0.9318256642262304,0.6010248517978681,0.5603979084085282,0.6773774421995774,0.640222719936531,0.9970863501918009,0.9868823972907508,0.8999693954264977,0.8592052406363162,0.9012907878778261,0.9299419895651077,0.9886206366443347,0.9499902082007653,0.6992107286210565,0.6664806413740225,0.759742191889612,0.6779038772995446,0.9947411218225918,0.9734996030250692,0.8149923944019621,0.8081554423996936,0.8234913377168616,0.7359396910204489
irene,rest2_vs_type2,1,MentalArithmetic,Type2,17,17,787.1568389999999,393578,396078,3155.9520728349808,791.127275782873,70.74148716219749,15.092858969370845,13.741858333266233,11.327513592304172,2635.8355018136085,634.569063903363,59.92683985968303,18.52282814737052,12.344307173838128,11.608153550471966,729.0172846337132,201.01690697331833,23.453834596748617,12.921449971448869,12.424802909272866,11.80555928891908,446.39115814124716,143.35859470203576,19.103895003335186,14.748598720871485,13.507983284630326,10.073327373368539,471.99548566332305,143.3534563044884,18.642836358464166,16.834705900214434,11.928600043141628,10.126815270153475,419.62606007655944,118.25833848073927,17.176339771771183,15.968802135290725,10.165564525908353,10.554449488396857,412.55670390065677,97.79699929139106,16.39921928278059,11.96579884202938,8.875698430571505,10.785575603371266,0.9985516664967106,0.9931268873652005,0.9302384438771467,0.8274317931885523,0.8653973438024076,0.8464891420778667,0.9834283518036528,0.9543568054210625,0.687209631343529,0.5585899778234359,0.7759189177962598,0.817733762530475,0.9780156388642188,0.9318836260631425,0.7310979007598051,0.6036243414098567,0.7338766762027853,0.8219366657502988,0.9826667817720697,0.9196852282686951,0.7746593095803754,0.6618576488132023,0.7865893927650545,0.8068614903954265,0.9824858514566763,0.9308307404003165,0.7030600267562829,0.7114032364472415,0.735729515169089,0.7696125832777031,0.9618669521074428,0.9287221941822107,0.6837924023899943,0.7432486729020471,0.6398436112327162,0.717779688720141,0.9819594462181715,0.9494217800458478,0.5477804933572937,0.46487194090582606,0.6461857967284853,0.7113930470612349,0.9781874334887583,0.9203787660655361,0.6309576144133346,0.5699920694090683,0.6685811895587948,0.7304335521566331,0.9843201302738462,0.9157281964136866,0.7212876062603738,0.7153560757736287,0.7546012483914053,0.7749252618987768,0.9875713712081416,0.9403187256490402,0.7497702753227375,0.8054001386477682,0.8004144671531879,0.7881147526915662,0.9728291352539852,0.953529699786102,0.8015568398687382,0.8866892268021476,0.7344989338645231,0.8008635127402742,0.996377543319849,0.9292744316691204,0.8175634160382881,0.7121789541093664,0.8483682069869454,0.8625116233334521,0.9933377021725415,0.9049681246039594,0.6950430084111219,0.530258666502282,0.7549588108095324,0.7872765056736669,0.9854201145111898,0.9141397299869758,0.533582788899601,0.45993021426467495,0.6736908916616051,0.75114335431517,0.9641773905889197,0.9166566321168692,0.46069416870262947,0.44272667658158,0.5904762622669357,0.672766073088791,0.9959423620277734,0.9793374640638682,0.9262807574243732,0.7932023040333236,0.8873891513330042,0.9257821803183958,0.988109464459365,0.9571226624781731,0.7685824490995463,0.6408520963988833,0.722904856180005,0.870999803101319,0.9725591233933327,0.9073025758652169,0.5929246463895426,0.5726780169539039,0.5833546013041506,0.7791990906191143,0.995528961082874,0.9780025989754538,0.8971878200596002,0.8546789185514602,0.8668302561624277,0.9299565854522953,0.9780669859613592,0.9159602167491173,0.6811253552322728,0.724823295896645,0.6662331835075328,0.8222422811674093,0.9862681596686659,0.9561690783844701,0.8435841316441328,0.8677160974405799,0.7864609135300713,0.8822564462257244
irene,rest2_vs_type2,1,MentalArithmetic,Type2,18,18,798.0730329999999,399037,401537,2124.0095012562665,1271.565145736897,48.30489082678862,16.254008975431265,14.059576212761296,11.402618349358143,1757.9080354321347,1029.931135574084,37.22208840238082,15.874159347195672,13.02041781395191,9.347385811888088,401.8889912040188,299.7602635465607,19.324254383188027,16.511905328465097,13.071001267232216,10.58017274264954,276.1906430779397,194.24628583171162,17.55343143339842,17.41488333636667,11.314694120804122,8.995293288039532,297.59057381929273,200.76271480106536,18.19642352993754,16.09115899004693,10.930904335438806,8.874966710222882,250.84758816259867,159.27187285582536,12.013664664333382,13.549096592697344,9.951264791135154,7.808855864852703,258.11461560959987,152.44481152250933,9.24255107148374,9.854467036723108,8.664985247366811,7.560776292146439,0.9981960602262615,0.9921585357754462,0.8815085883906878,0.8359708693170929,0.8826536233306136,0.8438443376340563,0.9470101331709531,0.9711373036439019,0.6930012369202545,0.6550567501458125,0.8121283749181313,0.7764512884024497,0.9115637076569479,0.8321991274121724,0.6011037810361233,0.5921107707188861,0.7553366831515078,0.7372748345489852,0.9080357158512061,0.8025770247233621,0.5797525743576768,0.6273090749556475,0.7746964068978033,0.7180494600319876,0.9205371488365195,0.8013406418498041,0.4166613896084028,0.49384420249463457,0.7267301784796967,0.6905567516533591,0.9268843182967043,0.8693979478674488,0.3847193803025872,0.4931828732605575,0.6681660270104313,0.6383148102476149,0.9328471959882266,0.9542871590720959,0.5797973120033543,0.5230149428407708,0.7411901035880973,0.6626009993011164,0.899292010736335,0.8397901740544309,0.5642323657916403,0.5024388005965971,0.7242754893372502,0.7070482103160974,0.899177287769549,0.8218667460564126,0.5831372213740855,0.5803767457601066,0.7382322765354742,0.7101816494400152,0.9161009315753578,0.8303234993671345,0.5092566862569543,0.5448917173182879,0.7348648519604678,0.7349871956305859,0.9278497772676476,0.9008777677992933,0.5674281125571017,0.5507647538024557,0.7473911697951748,0.7163802023628637,0.9803953091948828,0.8659495988425665,0.8017638935235919,0.8227127626932768,0.8015583785165956,0.8089210183007989,0.9651450551854124,0.8172491276616327,0.6622724059237911,0.7762553862907897,0.6897328692369741,0.7509199908111742,0.956987222274288,0.8061283936944188,0.5105326692859091,0.5621488475330328,0.6538552260949693,0.6694509837425585,0.9380830805572261,0.8539842390427138,0.3302735685750161,0.5674890471487453,0.5814504795880318,0.6138036902352229,0.9603931508945158,0.9557561147092705,0.8646632703752092,0.907244203988349,0.8618555411494617,0.8864782586267917,0.9793357294042534,0.9442258307295912,0.6944313976046773,0.7028709033373541,0.7864544728161664,0.820069696642135,0.9498955907963694,0.8939751714725845,0.4488795287597431,0.5851478367605767,0.6564992017564805,0.6940773808218738,0.9595402035283628,0.955085898461396,0.7999005132454359,0.8420372627906701,0.9085332169412583,0.8707579514030009,0.9383685255569713,0.8889503670514004,0.4965331641332905,0.7070858408147435,0.7079595802867488,0.7372951106080696,0.9832838197334315,0.942215607427664,0.7069934050714244,0.8145543850027744,0.7942873541233109,0.8084530318504637
irene,rest2_vs_type2,1,MentalArithmetic,Type2,19,19,809.044283,404522,407022,4288.276171126575,1226.9025867780604,91.6249484757105,18.58136891074479,18.61677586636115,15.558053126453066,3594.9384069337484,1017.1089215535599,84.78989268389655,18.303792841099906,14.312955966337894,14.748687714146682,909.3684491824957,295.3321346246164,26.637994973892116,10.102135218853102,12.695714771956503,11.83757682219793,599.0004169281541,184.41015574531176,23.317489595163572,11.28713456816314,12.487596857805594,10.421292085649318,638.2747514054809,193.60404955945066,21.07288777837159,11.158709123574333,11.648623460732193,10.05714281166332,533.8758179018848,168.68359695496625,19.772728180113724,10.650240953628044,10.284192076813637,9.967950440948048,514.4311303850589,157.7154549951126,20.688735523396662,6.095759014434585,8.587849134943793,10.247995075574373,0.998169598727605,0.9941300525026442,0.9727606345171758,0.9522487381707511,0.9346588839790628,0.9379863945134628,0.966187255849921,0.9652400629841398,0.8148157378630387,0.6006776374293514,0.7284561135947114,0.7736691791040168,0.9717187570191216,0.9255157982713904,0.7658942141698958,0.5299093660475351,0.6890686265892869,0.7553228836206645,0.9752242372812591,0.9204826707714425,0.7844923074126443,0.6539296228174063,0.7470263665669086,0.7881667266324915,0.9756328222194622,0.9311693013778276,0.7564292232915472,0.6494913678130275,0.7061402627596323,0.801644376064262,0.9682138662068468,0.9557869194397997,0.7703701451206765,0.6890967942433374,0.7510552531750863,0.8086710912731939,0.9532191512737489,0.939256288937139,0.7300696682140649,0.5553130278502018,0.6325317489563052,0.7000420106149542,0.9642599015927792,0.9150278669338849,0.7185478047873424,0.5348009944848592,0.6077026253509724,0.7035822916999493,0.9721714319025327,0.9211154732827145,0.780853673148172,0.6836676596028122,0.691094278781339,0.7774321691315577,0.976977731231266,0.9418844537744543,0.7975016545898057,0.7291485925645258,0.7237926309043373,0.8093104145789911,0.9727758003768692,0.9763841590347373,0.856411272286099,0.7924865913864887,0.8064793646135732,0.8429306512600105,0.9894711211973931,0.9452048251295582,0.8614866756295403,0.8083996830234589,0.8255693366619024,0.8959018919006124,0.9791155799875931,0.9124504671877555,0.7426599540015111,0.6907353162919266,0.7859628934988783,0.8391406235164498,0.9630916505886314,0.8958381110729698,0.6392031170606234,0.5216870083581943,0.6669105620027835,0.8212775260524318,0.941875010035978,0.8812203655519292,0.5553943617434094,0.39690246941893204,0.6255215692588478,0.7555823505150617,0.9954620550972169,0.9802185852128033,0.9259868022889701,0.8684940377071907,0.9086600804903112,0.9254837584415834,0.9844220171200516,0.9524372859423172,0.787413237796395,0.6804935472779908,0.7271885583211559,0.8796816005776082,0.9673005888148637,0.9001386894801313,0.6115266442999202,0.4793147578069693,0.6252640208124167,0.7898771798534717,0.9949548959744013,0.9811795527364514,0.9174539923478283,0.8677438320080647,0.8562523224834319,0.9461653435371056,0.977853607047106,0.918762576160042,0.7449112871003429,0.6704385580525238,0.7295539792811172,0.8624655197630926,0.9905884678422181,0.9561024289145841,0.8786612623512389,0.8305284378651567,0.8569912237866415,0.885564686972873
irene,rest2_vs_type2,1,MentalArithmetic,Type2,20,20,819.1410669999999,409571,412071,2113.7502038662205,422.66963031723526,18.915034087900366,12.121648401464101,11.95041383935154,12.732193098735918,2002.758471250364,414.32471407529675,19.95051178041585,9.270470850323045,12.923844064901623,10.732716477399087,388.06450956690225,90.69822040250558,8.19362552450288,8.263201146264796,9.939908618686168,12.278113481246864,316.7730141336845,85.4022060256607,11.098765453732538,10.62202692843463,10.710508892483942,11.756302050588797,363.2316821479546,100.33822849885506,14.890308246975572,10.217137764910284,11.194169308291997,11.470622478891043,339.3839682255671,86.66796901260832,14.561879070933161,8.661819214790139,10.642206254139667,10.838788294125292,417.864988833653,95.00283732725539,8.458910816623652,5.844227519340544,9.403605293942967,9.204410708832636,0.9967848583945899,0.9877006272519134,0.810268347146706,0.8986515359126847,0.8358483896106149,0.900548932730403,0.9874820000095837,0.9469943713175295,0.5747987648199737,0.7635698116971742,0.7740171130802278,0.8532810659207196,0.9733956841455628,0.8894095205683457,0.34936140921929487,0.6899279080766523,0.7295181033505278,0.7979268231936936,0.9740782239139442,0.8865735556625426,0.35567593322749314,0.6664940814111129,0.7597049090391101,0.8086812449536673,0.9601988713738415,0.8435975154236894,0.2131536922614495,0.57525832650712,0.6319195333310714,0.7696733500725418,0.9516679360716734,0.8737174940637289,0.3533082205299107,0.5870661694328803,0.6306678730370757,0.7371118639334661,0.9757449744241519,0.9070222260553071,0.3861808906303789,0.6822442689381688,0.6394380044136313,0.8012751433638248,0.9655037084595398,0.8626659671694584,0.33596219551082795,0.6649617144533778,0.6635563979925783,0.7955875814381805,0.9701572883157104,0.8834403715020991,0.42744716188262943,0.6970612694385036,0.7800310224270999,0.8222070696653282,0.9620230245053244,0.8510021886003344,0.3246452963885612,0.6695515657880412,0.7861434198989932,0.820287050967972,0.9667197397798993,0.9082324766318262,0.5380456241712193,0.7294778885518569,0.7851039555964391,0.8291033726894591,0.9851375789753526,0.8818347755349991,0.5909062078272688,0.8386959644136557,0.7874175158149372,0.8809219129699917,0.971668321163509,0.8430286889150269,0.34728819738024785,0.7527032099375772,0.7161317418374267,0.8321670338903421,0.9525166005415144,0.7987333219267974,0.21587264577621473,0.6104092344010509,0.5880676205449057,0.7789518576651585,0.9181106459880897,0.8005195271168719,0.19982878531270545,0.5073649436743543,0.607066030030539,0.7129189189403112,0.9908619848891421,0.9521739548436934,0.7228518887467386,0.9081449133586864,0.8681164894802418,0.918645707776582,0.9666615845849291,0.9251286097762007,0.4636007121359082,0.7232008206953051,0.646743662822428,0.8343806843715379,0.9224451620962931,0.849597722159923,0.3922560128976236,0.5455066961970844,0.5715374942847177,0.7466932361367964,0.9685019462183838,0.9448609434025154,0.7979459914682709,0.8470821928502047,0.8346965738732667,0.9114337742671145,0.9345064152706325,0.8888234991934816,0.5457796642427295,0.5975532714551591,0.6773421304112628,0.7795915239188935,0.9748206164587992,0.9271137522851005,0.7044103836296214,0.7156612692281329,0.8506539664121332,0.8654633707567133
irene,rest2_vs_type2,1,MentalArithmetic,Type2,21,21,829.8041,414902,417402,2263.9013246394643,857.5239299743564,60.24970211994175,15.207427619505557,11.33812933767013,11.56429995785665,1760.4432558826961,657.563986720123,53.4745360390457,12.847027439535177,10.009615737019672,9.472778904706454,535.3707705876083,212.4988066915275,20.25789477082655,11.232890359864456,10.402736954530697,11.535070742380803,344.26918725216774,159.76703671589215,24.426593348859587,11.289061959626261,11.54629243697339,10.034901891469957,336.29932269100226,160.62754794958343,25.664202946081538,12.175117883285266,10.725598748901117,9.001230789870316,271.51280219429594,135.93675683197046,23.389961365710676,10.64193944901692,10.435746122207457,8.217163384000752,264.48612881580254,113.08378463558537,17.064234512629856,8.238803120115652,7.839348381269685,8.05032711105949,0.998225520725625,0.9835745390700597,0.8845754422477666,0.7883269425683448,0.8741862941114118,0.8378481751999919,0.9862806622284102,0.9489238056792437,0.7440256937319958,0.7351151173832875,0.7991224643917489,0.8621122387744982,0.9757234353977461,0.913351416731554,0.6493445927007242,0.8127880117034697,0.782818332234378,0.8169296532421583,0.9770613383181533,0.9072580076085862,0.6443001517888893,0.7535599120782723,0.7801449464743626,0.7841748107106876,0.9595097670329991,0.8434066618440803,0.5787343459831467,0.5783972822443371,0.6958890865516258,0.7644236065183048,0.9490104117283519,0.8184412446276936,0.47550212292713107,0.4562216149117879,0.600799860765353,0.6717669641826696,0.983758189666009,0.9114117487168444,0.6080945068944535,0.5262505501187701,0.7161325486792098,0.7386357375379418,0.9745738499011214,0.8950422852728033,0.6424251244455784,0.5849787071187101,0.7332104513269962,0.7876379991598824,0.9784398867226337,0.9112928633893635,0.735410091033305,0.6353842662407477,0.7589325226463697,0.8160205574487266,0.9639695229077052,0.8723083552665241,0.761008210150792,0.5822028572181718,0.7653417006579406,0.8035259535645889,0.9609796387846652,0.879802075180786,0.7085389472434817,0.5918814298897811,0.7266965270652799,0.7992696237156313,0.9865166215596034,0.9324018102602183,0.7489157890917573,0.7920253125184545,0.8303227268262038,0.830726585517818,0.9813557972820931,0.9025733544235655,0.6203085062096607,0.6196259958312609,0.7670324928803952,0.7527063958801602,0.9694015035806326,0.844210149986084,0.49294506482316536,0.48497843318734285,0.6628749131608351,0.723974468399572,0.9598634935269911,0.7594422909241806,0.30583595901072774,0.41661409454198356,0.5339701577753375,0.625134393583673,0.9971789771055074,0.9827524780578392,0.9037594390144712,0.8825279988287085,0.8908469595200431,0.8942992785149696,0.9884882924897469,0.9391694697090767,0.7278064528100548,0.6363007737428922,0.7453578818743457,0.8334144659848041,0.962987204472645,0.8075412945482665,0.36627752964890914,0.4875002076197755,0.538915433027714,0.6799107835687427,0.9915645034108144,0.9699921097000812,0.8922317978582809,0.7956626033557006,0.8792969129305626,0.9020020147774758,0.9694392832352455,0.8534923045965096,0.5044784206359999,0.5405212744828516,0.6473912515036426,0.732551278163859,0.9739951548923181,0.9054738005260632,0.7055079614978433,0.750091327297609,0.7351016259399434,0.8063233824783561
irene,rest2_vs_type2,1,MentalArithmetic,Type2,22,22,840.503793,420252,422752,4031.324937328809,2158.352085923378,98.20552250090734,23.898015715577596,14.78492387849047,14.21989837872072,3445.773923785651,1856.5892169974,84.62314670585607,20.71528507687275,13.726126946190458,13.814520989307127,810.3035147946504,433.24649500699076,23.403897832141507,14.984420374151256,10.69181863467832,14.061525168939061,530.0619523667501,322.3884926269171,20.958187981420433,16.467453612066834,11.083935846175944,11.07004097761321,564.3346259344116,347.3691143079171,23.541062304763557,18.357805760757042,10.916411450925949,11.846925285072121,507.272280278811,297.84151263108896,20.920245732548192,16.85230925105754,9.721596512815985,10.940442110935775,518.6516154671443,298.584913525131,18.288686089444425,12.714112773988598,9.027402117460868,12.095784735252693,0.9981893952775307,0.9961096654584616,0.9647919100309312,0.9039731169743772,0.8518694446812395,0.8607803930030739,0.9934910359483092,0.973597949388077,0.8193157935043427,0.8522507839508148,0.7809547635369223,0.8077371523913792,0.9764072761475435,0.9374145463610164,0.7957586646542425,0.7180578624632717,0.6583633597962917,0.735718182606337,0.9679599974532126,0.9377892678773126,0.7562778988978132,0.6834384115214803,0.6449695188278589,0.690222820384069,0.9412813673750664,0.9307488149766753,0.6922290775198677,0.6201426489152384,0.5860333451692767,0.7026440261651887,0.9536622099590746,0.9473947135141226,0.7298721654272455,0.6624767067685955,0.6638869211936859,0.7165021886904923,0.9943367762010658,0.9584449109484149,0.7517397333580722,0.7747639948799117,0.614532084485098,0.7259782146689405,0.9823157056987393,0.9288066706100901,0.7556162669238059,0.6855230872466404,0.5661726450608258,0.7139290389849563,0.9764677977037685,0.9370888916000443,0.7689267943655216,0.7119780197177444,0.6234266698447268,0.7103905333672269,0.9527295144837938,0.9360161015817355,0.7371591279800983,0.6945517653965497,0.6769930406211603,0.7679106855616162,0.9667677226572544,0.9619103441672996,0.8061386009675665,0.7286556972837072,0.7595739570225396,0.7813052744059158,0.9830892909451027,0.9658501481334433,0.8863754113815615,0.8460807318605742,0.7784259326726654,0.7964711834797907,0.9745755752491823,0.9473780563678622,0.7624221641950074,0.7573045770166296,0.6786879773085981,0.6911532086910896,0.9562837491139703,0.9334853023848055,0.6366719582421083,0.6496668954323173,0.559285048008008,0.6932179128031473,0.9655111454714316,0.9150276130008439,0.5868619891997968,0.6522367573778108,0.6158849513573468,0.6976902547618402,0.9971992284756697,0.9879954000100588,0.9143097782439945,0.9328485474903782,0.8855028237358203,0.9085920804491854,0.9875100729101809,0.9728033744305163,0.8136353326044483,0.7626383514407945,0.7443257182462306,0.8431087226633012,0.9870836995537298,0.9266995389014566,0.665365477466794,0.6807815892627166,0.6444218625377343,0.7397158716718548,0.991309730378766,0.9903156213386546,0.9418880281910977,0.8891321373162222,0.8872318177375252,0.9046976001472189,0.9916060009881796,0.9483979352089352,0.7914226642273553,0.7735632978634394,0.7436457013837108,0.7573642097997196,0.9902666595798002,0.967726739304854,0.8674205902128195,0.9075103668071033,0.8234386864040308,0.8749675272139613
irene,rest2_vs_type2,1,MentalArithmetic,Type2,23,23,850.7337779999999,425367,427867,3296.9407596805486,2175.419404376766,61.4334217213999,15.435359154035693,11.745679734063318,11.494277296629697,2898.478418413742,1803.8230223607375,50.93604971334392,14.105403038370413,10.414002803562305,11.167859829353713,641.0625763174165,447.4375857085505,24.814498633827498,8.979782857968592,10.38743055130194,12.2093337302498,442.09952263114246,254.3301726503699,23.465517232708223,11.917518271554743,10.597654887902637,11.350089306598136,470.08701097534953,256.90517977666735,22.379193239067426,12.536502126443436,10.682032709064915,10.806180351311786,415.9380568424505,215.65692283670361,20.175470074810132,10.321766515182382,9.758951254514399,9.63352535571293,454.8320314205969,236.01808678179538,14.98963306035752,7.57683853823916,8.079688305106862,8.771841451891321,0.9973854543133882,0.9921060160308383,0.9554591912488973,0.9191105128469145,0.8741844590175771,0.8299984273072183,0.9777335160410212,0.9746369817263428,0.8243269809959262,0.7191945349944581,0.7320299352942772,0.8357902455973497,0.9758620944704685,0.9266150429472937,0.6911625556864606,0.6304909136401392,0.7204197332573081,0.7158116867283628,0.9802341146065302,0.9036007138486524,0.6394379412597506,0.6091110139367656,0.6770471013406459,0.6854411554590185,0.9824291625927778,0.8909295266459869,0.5968274007898347,0.598657694349914,0.6514550425425901,0.6954410921083708,0.9813355967138158,0.9122632058150308,0.6605749862016308,0.602515095844243,0.6530355478931056,0.7633248308878933,0.9632590126071175,0.9460634806694947,0.7205343476368129,0.6397845538822361,0.6202789423560279,0.7240383700756056,0.9653527985691256,0.9209805952942131,0.6924311995728561,0.5855753825091456,0.6474170754825325,0.6419590811861433,0.9752623331977682,0.9146505293074947,0.7023997161205348,0.6052003715788316,0.6880058309631851,0.6547507479052844,0.9812003820152015,0.9188736771399257,0.6818173440814761,0.6614578685318829,0.7226057248241907,0.682726590958619,0.9895273764145162,0.9478209633275744,0.7563007086182949,0.6838816807280949,0.7688202415204659,0.7930554540985517,0.9878117992711152,0.9235400803380369,0.795327030878755,0.7798739128953317,0.7894248957992377,0.8615429883321494,0.9771833471483573,0.8758418419858298,0.6448876128004134,0.6923067033269964,0.6048684698412087,0.7982380514525844,0.9708881461523254,0.8429093602382511,0.5716018421623973,0.5627812124102113,0.5814277814195616,0.7858497078645432,0.9411361247718455,0.8403041724670304,0.556669547635184,0.5083931165935465,0.5694296763619913,0.7453175825330142,0.9931995150771655,0.9788053672430508,0.9038766713459646,0.9164186132689293,0.8544546268388045,0.9129073175978336,0.9879272651463994,0.9404565068315911,0.8460686851420348,0.7195668926532794,0.7624559123858521,0.8891433845001253,0.9570127802146328,0.8889871008415564,0.7375923631573558,0.577441865523535,0.6309872452022329,0.7310026211030417,0.996858992242491,0.9742634437825589,0.9445277890508208,0.8556662364442772,0.8560969751598085,0.9119475929806814,0.9715386826660791,0.9202665912575764,0.7989749635100394,0.6599924721230853,0.6448022767128877,0.7624159911085784,0.9809407789732214,0.9636228975985927,0.878439001716476,0.8403815766392574,0.8086404954256018,0.8166781938042955
irene,rest2_vs_type2,1,MentalArithmetic,Type2,24,24,861.021647,430511,433011,7644.908340701827,2251.8355770542325,66.61586660647451,15.979490017619673,13.258270158315584,15.13466312674592,6662.720158014965,1992.3709903948716,63.672684141337875,15.454849412983688,11.949968280779586,13.426173572906857,1563.0478151062305,457.29597875678814,23.954343177535186,12.542394653139231,11.331587401778254,15.602263948195867,1077.7712389926144,348.8071193325123,26.78462581106703,18.105321228563955,13.776156228317081,12.607934131538945,1142.944658516294,376.7833417536583,27.457246845938887,18.54711319204066,13.31820828804898,12.460224112562743,996.8981343848918,337.65691040307524,23.371388066507016,17.934551344685275,11.72403298311588,11.412557511087607,1056.5507012719538,361.6277874945309,19.07360141686543,10.041322653683343,9.940639091824242,11.153597628092728,0.9983777873702785,0.9936379685661556,0.9817456681732807,0.9414236624992992,0.9196750713117264,0.921871723807132,0.9880575409889453,0.9652550803101467,0.8501447258140769,0.7444061910941022,0.770171719151373,0.7580740397373915,0.985905939219286,0.9570485114322268,0.7544428618691804,0.5256151692012404,0.7332767314906801,0.7351979406672681,0.9901227512792948,0.9389806068899286,0.8071103276846998,0.6090029260072933,0.7256329822902794,0.7536644524345146,0.9893764475641045,0.9182986720888999,0.8372970031775306,0.6007267692477442,0.6964704590405408,0.761278218743331,0.990723411713529,0.952111665131081,0.8442223629131117,0.6848492509670807,0.7333596502816884,0.7278969554714553,0.9845331025646207,0.9461658557163101,0.795148063207365,0.6387881771204101,0.6817532175807438,0.7071958563861234,0.9832945282837738,0.9490098408335662,0.7167540230419573,0.4701194661484176,0.6727257175348316,0.6882223088717355,0.9876429205014167,0.9385189079180374,0.7915532175745962,0.5964682111011245,0.6968919971364281,0.7428366807283363,0.9877646362010859,0.9239827506467941,0.8485989432053799,0.6476400193467065,0.752832999700763,0.7659961062144424,0.9935587214337627,0.9705678265472562,0.9019746632597379,0.7787044072375903,0.8191899723068593,0.7665596993802014,0.9966602890258295,0.9759303764118477,0.8716352495449954,0.8132629493519273,0.8684055352533491,0.8216726029582645,0.9911197595866509,0.9498548847128369,0.8367775477543663,0.7608948671587041,0.8294310194302981,0.8023365089180338,0.9855411433110227,0.9214683900340397,0.8066836417786691,0.6287311350992123,0.7104556091863304,0.7930686547271565,0.9879442766004903,0.9069164831310664,0.679775963224788,0.542742203907488,0.6620612895734046,0.7715050490042104,0.9955764501094904,0.9784112119611521,0.9555080657524826,0.8860672153189093,0.9025640414813193,0.9112961842425464,0.9908341194278464,0.9516260192938573,0.8680482551512867,0.6668781987881648,0.791720424335017,0.8884331002687846,0.988436036454603,0.9348851552931635,0.671163596626829,0.482327329844432,0.7097023854974231,0.7763870566988832,0.9972497125771903,0.9862943043144377,0.945447527543316,0.8354892264727075,0.8835800862112837,0.9370714685059407,0.989392596641555,0.9486794438590607,0.7800965152967232,0.6482779509103126,0.8076159146287878,0.820343502916813,0.9903558324092915,0.9589951817828454,0.8840316875147775,0.8155935885132147,0.8714841036797509,0.8997002053549984
irene,rest2_vs_type2,1,MentalArithmetic,Type2,25,25,871.249696,435625,438125,2205.3881855958107,802.6054300803763,36.26279985946366,15.09258459342696,9.01243733113057,11.44264164570178,1713.9182304540877,661.9679358183938,35.45911886871975,15.010725277706564,9.680296784627485,9.929334367885023,619.4112871696577,219.13235958597556,14.774745183646136,12.481425969039341,8.316677632331412,13.922042547057746,368.2163615979587,130.58655094291558,12.966215786134798,13.549993663421834,8.596547021028105,11.80147146554409,350.77144825480127,130.89610427184996,14.985436338039902,15.014682049188465,9.311090074344083,10.709598748031123,288.24280839674117,119.42883393345701,15.449424186071688,13.94343952680631,8.975717570271762,9.60148339074949,292.5009210720481,126.84185279348969,14.411156662302925,12.43532089995909,7.945888096785902,8.65647284646686,0.9940405386561505,0.9885298871083521,0.8540836048981106,0.8869686578616571,0.8595919186855561,0.881077197865115,0.9359961421596737,0.9482008942531567,0.5983104541736749,0.8248880308124182,0.7630491261953345,0.8276718681511965,0.9491290970232801,0.9638718593270946,0.5615390491912091,0.745238022758949,0.6455043160263074,0.7961076751095085,0.9502476985084748,0.9494719440132915,0.46243207782585516,0.6726082385278424,0.6492935211893205,0.7666769274907952,0.9361500755014515,0.9445088133122198,0.41030986610004094,0.629899993529608,0.6525741202378651,0.7539371877934274,0.9193493395265483,0.9096643506528409,0.3760647912583079,0.5870753278158125,0.6730902092523368,0.7166179890439142,0.9212440082116471,0.90570738971954,0.43886347597998976,0.7157986070193567,0.6391146573510245,0.7307123315581087,0.9401128628390324,0.9445717079742811,0.5151607488707468,0.6833796006804358,0.6057529330189059,0.7502815066978699,0.9490688428141653,0.9431040606775256,0.522170504413881,0.7247566899214276,0.7032068718462684,0.7655023612225091,0.9401237771102527,0.9584241338274544,0.5808844527610454,0.7384691793621867,0.7769159310569796,0.7891277175613173,0.9384172963850302,0.951063417083786,0.5790950793438754,0.7524513631650283,0.8183484272259944,0.7879822502526094,0.9913859042077254,0.954583302518881,0.6349078660191142,0.8239214550979234,0.7894758725463241,0.862694860945744,0.9702549890236963,0.9130524664396555,0.4462416780498919,0.6941801071729918,0.6885217224528277,0.8041780075391305,0.9665783568373459,0.8775090296065273,0.27756960578883166,0.6216994026663666,0.6190185413956564,0.7509862094000666,0.9335140612385832,0.7991917435940344,0.19266721112502092,0.5196532239248496,0.6232110789789784,0.666617786884842,0.9860885119997312,0.9735077818275172,0.8198749340324337,0.8746857340306253,0.8578953216385024,0.922531951126931,0.9848764817286328,0.9419272434428203,0.6190407516197949,0.7195116601916604,0.7339296237248172,0.8769870269982263,0.9554415436120333,0.8670181556957168,0.3827426164966973,0.5696291947382675,0.625141523628667,0.740106232104496,0.9853476394887393,0.9707336533722866,0.8365273443002723,0.8931898188002788,0.8951672267774068,0.9124254736051183,0.9615827796211344,0.8974382305101118,0.5599386294281039,0.7195374643622604,0.7145358363544432,0.7815090696105443,0.972392119164397,0.9522928033109821,0.8190157599341086,0.8376586231845059,0.811613120441144,0.8616900531505131
irene,rest2_vs_type2,1,MentalArithmetic,Type2,26,26,881.570542,440785,443285,2881.743394780655,1742.271900993695,42.56164340430828,19.021005136045428,11.900795241805847,10.24377636622782,2367.1603886019416,1453.1368802233765,29.041145516610154,18.112626714857743,10.269901466740192,9.371974237616419,580.0203898273836,388.7225282914937,29.435883675588943,16.5434685514615,13.3786356160684,12.1762085168836,362.7095416448801,254.0930430897103,26.950527907348665,17.452997414627287,11.848126532792643,9.145094672480518,370.2321839272952,254.00322174018928,21.274610971199966,17.69181556073117,10.707741111326978,8.039354390647654,329.43844242393345,212.11867209639504,16.6768134028153,16.05536927614194,10.239381910538805,8.578012067063328,340.716803628758,212.9062174088103,13.75137318205531,14.032303940284166,10.506999318848063,9.550821236041509,0.9952708408434675,0.993229957341907,0.9572746358383982,0.940904500984033,0.9403709755966358,0.8772279165250539,0.9619106087051609,0.9429769959530945,0.799735155756242,0.7676167583766753,0.7718661197849703,0.6941063449474417,0.9646954354756855,0.9214462321040691,0.7129727935658485,0.7614914150986639,0.6934927915666209,0.6295566854395304,0.9598142121445571,0.9454624454783673,0.7087892368523512,0.7317217633380296,0.7134569891985656,0.5934798301768686,0.9351696033326751,0.9498171891124602,0.6194221071992442,0.6810951920944825,0.6788313194178951,0.49315512782144355,0.9151834283679733,0.9428347237097793,0.590304550100144,0.5893948199447181,0.5638142615828347,0.430190376264831,0.9436412610650332,0.9100299621487823,0.6754203716364737,0.695532073381732,0.7270358688123548,0.6174381412689346,0.95909320388813,0.8992116419213947,0.6377587092510069,0.7437747783658164,0.6434356388982143,0.6100620299941564,0.9631218137531654,0.9348730742869005,0.699051146829093,0.7699461458981613,0.6825829556597907,0.6304789411128712,0.9470949109608494,0.9516839677758508,0.6711733656015466,0.7687709246817261,0.7129345985507907,0.6086646320148673,0.9408049355852591,0.9664729096792728,0.6806634095389213,0.7265446218034602,0.6579144418177797,0.5428244953021447,0.9818582223092719,0.9706010351272294,0.8933111707910584,0.8349508575334773,0.7446485016250541,0.777222337035239,0.9584089817359076,0.9535942171012765,0.7653061789894162,0.6974997345107669,0.7234033860688471,0.7023704173320299,0.91565867306106,0.9298019440436129,0.6274110093072396,0.5961059384433429,0.6813517439180284,0.5668033990341416,0.8638996337728369,0.8479176010120615,0.4924453146540215,0.4947938157997741,0.570115688571529,0.4242827600084547,0.9916910197612857,0.9842396787069856,0.9120529386156726,0.8842901634625573,0.9283921589512095,0.8866426994972046,0.9664283558381793,0.9554214954686305,0.7510977269304115,0.7721301062186006,0.7726190372572883,0.7199386230068281,0.9196377159463441,0.8441269039935152,0.5397699359243546,0.6706668934336947,0.5706104254448734,0.4643593519647706,0.9879475354386518,0.9844287332935082,0.8708590953669348,0.9209717080051341,0.8505897317424701,0.8229435713132449,0.9517086328741531,0.8917036096871682,0.6446127690343239,0.7293035673756936,0.6356305732169722,0.484618970199358,0.9659475725300092,0.9346223289703166,0.8545056507978609,0.8126429908219068,0.761229674312049,0.5539259608280168
irene,rest2_vs_type2,1,MentalArithmetic,Type2,27,27,891.709877,445855,448355,5725.409356811486,1525.6594890567749,64.36868925143739,21.28041091125981,14.169787048567485,8.93915769013746,4785.122518564801,1286.083124954632,57.79271028206061,17.591990111434203,13.372700268949185,8.971968772348143,1193.9327503882178,332.0113606300504,23.58196995772554,12.423699529457032,11.09727543137147,8.049601361578025,743.8968398779565,221.53030162660124,16.27862005932601,15.595576706586293,10.43925214386142,7.164135416602257,783.9689784363163,236.01973512050634,15.154305265189183,15.670409809263093,10.775476954692138,7.8624666113765205,665.2642676653477,198.67341095740474,12.590210764511315,13.047498750109817,9.468555762195928,7.876449407556385,714.4190405991072,191.4966897270509,14.538668124909687,10.063762948772181,8.60162816858705,7.377125620216318,0.9979763265299871,0.9816589238043526,0.9464815190891152,0.9054687240802508,0.8591454215223209,0.791303396124309,0.9871114653091434,0.9110405880404193,0.7073378085493826,0.8132003086355871,0.7418460423424426,0.7433620671843698,0.9910176361634421,0.943182217636966,0.7234699517853407,0.710282804537547,0.7301049801657946,0.6798151173071271,0.9914127697787962,0.9403601146626357,0.7706805636411943,0.6231867278016632,0.7467247386635323,0.6833805586269774,0.990293093220931,0.9328772888824887,0.736371719662464,0.5559977931905072,0.6679463367648549,0.6573192894416496,0.9845851409891168,0.8845771381811575,0.6750043387412538,0.5479815279150789,0.6832293948493453,0.6441404166403414,0.9786358078561975,0.8381925358129279,0.6452979455108475,0.6842790767377578,0.6022970663321932,0.6302668354411821,0.9864187216122026,0.9165158157093709,0.6672246541779889,0.693522697371068,0.6402903164434098,0.6284250002308537,0.989654406566893,0.9341945818251252,0.7979070423270408,0.6962413478664757,0.7371435580557162,0.6647367627642883,0.9921762437766249,0.9590115863526842,0.8217295672811634,0.6615932777552562,0.6841110965626542,0.6919129844475169,0.9922697909718114,0.9509722131909598,0.7886752816463299,0.6941300944619541,0.7763707248456907,0.7261794455721378,0.994072403391578,0.9266764759309409,0.7644334734400979,0.772352012590689,0.8050449929505732,0.7585699055314958,0.989110062113206,0.8768860396671203,0.6211306882067662,0.6412620780341649,0.7090130410591509,0.7105132302590543,0.9816501049236107,0.8041342551533925,0.5856966110915234,0.541208116073269,0.6275912925087199,0.6742006943525706,0.9602955853781698,0.7003585586851092,0.5303548336030135,0.441382998024839,0.6195882414497287,0.6182153748162746,0.9977490379829312,0.9767122090171593,0.8677159421285253,0.8967237664396167,0.9033843020110253,0.895580640143935,0.9928352685293644,0.9395520653231211,0.7351888931486036,0.7976490215639365,0.8073781002525008,0.8460975600602386,0.9758599348275014,0.827470374336476,0.553005862211165,0.6417716972329913,0.6847933450278606,0.683648861732339,0.9969088187615611,0.9709599737855064,0.898095986643338,0.9352650150499277,0.8526971739231335,0.8892910058022065,0.9816221204371872,0.8705099660553132,0.6408959108330154,0.7456919096244244,0.7164829579897114,0.7201887373157952,0.9910346246971266,0.9416136984472974,0.816950923745012,0.7878656284935257,0.7973201774282747,0.7849785431122803
irene,rest2_vs_type2,1,MentalArithmetic,Type2,28,28,902.278412,451139,453639,5429.39714680543,1136.8222119286459,42.59788274434407,11.285748212851695,13.897681731268937,9.458060734564333,4508.902862979071,976.6981220412728,46.840163043056975,12.758001289125897,11.263612960520701,9.103832286219072,1235.7303409303106,281.52746725635217,22.266757447439097,8.83741968308052,12.398429176573513,8.232499933269105,743.5505599041915,175.4376813893034,21.602946353476774,15.599275136022557,13.464889028023409,7.916312192326715,749.7459136265988,175.19554863001943,19.636281180125312,15.645278226157957,13.01878611814208,7.294985079752471,599.9561938021119,151.22540009521555,15.866318754373387,14.122742393669068,12.048977972612724,8.163500436201359,633.9159675725424,161.36420015186152,15.849939325771386,8.392601512796343,9.65642503230032,7.705833919918407,0.9976715023139443,0.9850671959687505,0.9611182332998155,0.9232337767642845,0.9006855526002513,0.8686177908737618,0.9824156853740588,0.9282333821950521,0.839183870945949,0.8001869753166864,0.8314299210740337,0.801720499701058,0.9914601559645241,0.9148551169960877,0.7875413422232638,0.6285601259449646,0.7561562935929371,0.7390021219166594,0.9910984369280897,0.8957254050578577,0.8059933664454517,0.6756547289512369,0.7475279954677893,0.681601987727576,0.9862955715395386,0.8808243793840844,0.8006697935792714,0.6179277647968401,0.6676059280668896,0.6574972088026897,0.9723306621166898,0.8906308510027121,0.8125431222289905,0.625101013748717,0.6615487187422624,0.672506338244845,0.9686883866118917,0.8693498797107029,0.7584334072884484,0.706284699677153,0.769963568727891,0.69822463380274,0.9845177156198105,0.8923255848389188,0.7497803336749105,0.6286205172059943,0.6997214288370199,0.7119689443741918,0.9893544465521016,0.9001269469506893,0.8100186366581358,0.7267278611757584,0.7406320436966939,0.7094111874901358,0.990355600149362,0.9102060557403407,0.8366025417832793,0.7340147577023918,0.7250942489059791,0.7561384478332072,0.9845975818544696,0.9483788955075878,0.8889579865618664,0.7614108595271487,0.7635313444667695,0.7335602170309645,0.9892101670674377,0.9061856979559468,0.8958470963773196,0.7690704179610723,0.8681979262329852,0.8341097728707051,0.9739974566800852,0.8377778493374493,0.8391744509739784,0.7154278352382084,0.7591312976189576,0.7282188560525017,0.9549894820672874,0.7878474262218198,0.7917205119570465,0.5925092720611088,0.686609956556018,0.7009295602297279,0.9208019953995653,0.7278316475554183,0.6434429793032748,0.5675506435551132,0.646546972715867,0.7019886812817582,0.9955345181958813,0.9732018353159069,0.9390875400776368,0.9194193421518658,0.8932279499654427,0.8933394723516148,0.9845268024293842,0.9291837490382913,0.8716485387555741,0.7835141629859155,0.7712571940954032,0.8294038731601046,0.9539751766112485,0.8322679063750626,0.7096975558822052,0.6539945740271672,0.6742998879403779,0.7072809218928132,0.9956673030205097,0.9773406723729393,0.9632155150172128,0.8965823739394058,0.8876514171612764,0.8992906392979954,0.9708046443435735,0.8878858274842671,0.8011196200534313,0.7549330862079737,0.7845924641588724,0.7390854363106425,0.9850064895149112,0.9348385597803572,0.8596063650174839,0.8761962253577696,0.8749172764612558,0.8179745143016464
irene,rest2_vs_type2,1,MentalArithmetic,Type2,29,29,912.849877,456425,458925,3199.568345802735,1492.4794584778845,59.251489028195024,17.752274605831367,12.231558912899663,11.74651213806019,2526.870064365491,1173.5454123789812,52.44705842254082,17.24568898462951,10.717343632272172,10.153337500972368,706.908192366556,428.7660761519754,21.211122176160092,16.31780152979773,10.595207256498552,11.927501855026081,472.9083429752593,258.8321156691917,18.712608048005876,16.87790524720761,11.222349596954949,10.307948694463802,470.3998468302125,243.31810912494808,20.271421922124055,16.639618024032217,10.618450838282154,9.49311963699518,380.1650834525889,206.5807550824662,16.687072486089193,17.055167378774552,10.284431707692892,9.069819050039909,358.9900826288808,197.90189294633478,14.008995060586093,12.44303096445282,9.3511878760869,7.824365533754574,0.9949811048732818,0.9901813295431507,0.9113801445057149,0.8569188226932732,0.8441877285827856,0.8007971742343095,0.9833218152930749,0.9644051613271591,0.8031964799155649,0.8141961981309025,0.8434485062354945,0.8430197890347576,0.9805542062291167,0.9455817999416064,0.7576043978405274,0.7989560394518423,0.785523748785037,0.8077712850668287,0.973348472172011,0.955497986229508,0.7637996145422614,0.7560325641128297,0.7423706540933802,0.7716364765755046,0.9514073544550352,0.9439814012573674,0.7533619816531015,0.647659056650267,0.7000059779824278,0.6958363941669352,0.9225207837734253,0.8965106641965249,0.5508369329791484,0.6166439873545857,0.6437774803448606,0.6319962344633422,0.9725069947808122,0.9279650929016787,0.6426661712212163,0.6552042981260698,0.7584186341729371,0.7215424757294758,0.9817936892117566,0.9174142690328405,0.6883909833936037,0.6965297385760932,0.7400242927681514,0.7570604413667195,0.9818038661145033,0.9448080692632649,0.7571375470685281,0.7170250722171894,0.7657495949641336,0.7681009214719833,0.9698342244716404,0.9529788977450748,0.7866262176474431,0.7365125391967469,0.7693382727907283,0.7995660704765601,0.9526308947808709,0.9344597772532222,0.6637943893286492,0.8068418078977843,0.7975354336727909,0.8144934786730526,0.9810323965423295,0.9588604906766153,0.7513952676422003,0.8197118391374777,0.8309241750671538,0.8451056225806833,0.9619359337113972,0.9378599100411787,0.6425219615646997,0.7482245246808386,0.7615811213623602,0.7682168489798825,0.9264786419509474,0.9057952574641134,0.5747301549781161,0.5565374400057853,0.6844290346279923,0.6764819171986657,0.8875952916303461,0.8175414867459267,0.3942381262398594,0.4657621708923,0.6229425605315013,0.5535164836370935,0.9946311693587985,0.9858741159515506,0.9162450584066477,0.9075067515530045,0.919964590619179,0.9232288152167383,0.973539459848512,0.9503276810681189,0.7999550828260903,0.7133643007230642,0.7885250954313797,0.8341394166127541,0.9386899720858181,0.8565246902361217,0.48736021872708885,0.5716841123326016,0.6392168191130374,0.6506275345263,0.9899149893387594,0.9762706866376608,0.9100055611740631,0.8560860628441935,0.879531170265996,0.8951514687595437,0.9580387565633891,0.9016176788626755,0.615881283608408,0.680023099820527,0.7270324156962078,0.7057846846936404,0.979517020225742,0.9504605009582834,0.7309453905770871,0.8600462480483657,0.8313424285077302,0.8013046480966719
irene,rest2_vs_type2,1,MentalArithmetic,Type2,30,30,923.268056,461634,464134,3032.759596514097,916.1254169764154,38.03321425819995,19.836448836039086,13.599124615405207,13.375170985139867,2464.741097235168,728.5357525889333,37.72638332673485,16.358341220267395,12.476821535642726,12.970971233864182,774.5048409354695,252.2065288089973,16.26711348208502,12.362635738248935,14.81917008876492,15.515021475527156,469.658346976279,163.0782921233661,15.267789360817535,16.212737319944157,11.85791426892278,12.42293512246523,465.08346040966643,155.15850446168608,15.264628247751345,17.850727040894192,11.518905858800613,10.747647980406647,385.16036471220315,130.80925788147405,12.715684441030463,13.609076715661883,11.126835920630693,10.367946654670432,385.08265680519315,140.3616099508463,14.53689802006255,9.642343433110499,8.736055516728264,10.282858444312584,0.9977021081653069,0.9704116433967827,0.9041887902575112,0.7773566675437881,0.7769205441087961,0.8264592659172185,0.9803796084527256,0.8790983922340575,0.7087031888605227,0.7141091300323541,0.7930792915204626,0.8256452238906916,0.9788229052539955,0.88455121043987,0.575159799207127,0.6306089920039601,0.7309751246313148,0.8449111043134357,0.9838375359186676,0.9346071826227597,0.6483864111383686,0.5519532779192229,0.7242591664566186,0.8029394911339842,0.9852974911540592,0.8363102206771021,0.6487617963307983,0.5522197420023743,0.6785398911536594,0.7707696054917509,0.9652844181483173,0.7844210803045173,0.6960836520895269,0.5175253605267922,0.6004273780509143,0.7162853310587055,0.9695134883413236,0.7913879119419182,0.5355629494269453,0.5191962687971116,0.5840753452677838,0.7329186672336581,0.9703590909523546,0.8123418722116984,0.4349367613018674,0.5235744141662361,0.6361367008054626,0.7998370796975343,0.9816981760879724,0.9164610425141175,0.5555990292103209,0.5808352747106422,0.7570556341303886,0.837316565026059,0.9868277515521364,0.8986199016155725,0.6327085555612856,0.6735356701716012,0.7728839856386267,0.8532049271618214,0.9713721621163756,0.8860395671035097,0.7880290020934508,0.701206899732324,0.7371323578733202,0.8244534135526622,0.9924512218742657,0.963870382523103,0.7467778856386214,0.6749425727271509,0.7300670013011153,0.8155572672010959,0.9832118878570358,0.881766606470886,0.6508965596466305,0.4987085939629147,0.618721736793491,0.7731442165119787,0.9763353401932777,0.7070140609460746,0.5433439895860515,0.4325834287369738,0.5591099460406578,0.7344956553510528,0.9529931729693236,0.6217220452094236,0.44532288165221956,0.3513973860507664,0.4620225413588884,0.6696011330670387,0.9942248147640266,0.9196984662151186,0.8926024001682811,0.8403239175513212,0.8649412999269119,0.9155552014280015,0.9861571493653045,0.7401127463955943,0.7292361270611775,0.7097452106831987,0.7852824935867545,0.8687279088689743,0.9662497297292237,0.6636173775376548,0.4416342746289866,0.4575177281922382,0.5781545468713128,0.7765124763322302,0.9965540924897591,0.8818009605134515,0.885052865746171,0.8911419714267348,0.9130432227345343,0.9333196306954096,0.9823648828770652,0.7945868054898956,0.6235360793122986,0.5735666552652912,0.6793065423519324,0.8317345126283243,0.9889278982481038,0.9088596768589241,0.7976629994409827,0.700940001271267,0.7919542379054244,0.882390356725027
