subject_id,comparison,class_label,class_name,stage,epoch_index,attempt_index,onset_elapsed_s,start_sample,end_sample,BP__FP1__delta,BP__FP1__theta,BP__FP1__alpha,BP__FP1__beta_low,BP__FP1__beta_high,BP__FP1__gamma,BP__FP2__delta,BP__FP2__theta,BP__FP2__alpha,BP__FP2__beta_low,BP__FP2__beta_high,BP__FP2__gamma,BP__F7__delta,BP__F7__theta,BP__F7__alpha,BP__F7__beta_low,BP__F7__beta_high,BP__F7__gamma,BP__F3__delta,BP__F3__theta,BP__F3__alpha,BP__F3__beta_low,BP__F3__beta_high,BP__F3__gamma,BP__Fz__delta,BP__Fz__theta,BP__Fz__alpha,BP__Fz__beta_low,BP__Fz__beta_high,BP__Fz__gamma,BP__F4__delta,BP__F4__theta,BP__F4__alpha,BP__F4__beta_low,BP__F4__beta_high,BP__F4__gamma,BP__F8__delta,BP__F8__theta,BP__F8__alpha,BP__F8__beta_low,BP__F8__beta_high,BP__F8__gamma,COH__FP1__FP2__delta,COH__FP1__FP2__theta,COH__FP1__FP2__alpha,COH__FP1__FP2__beta_low,COH__FP1__FP2__beta_high,COH__FP1__FP2__gamma,COH__FP1__F7__delta,COH__FP1__F7__theta,COH__FP1__F7__alpha,COH__FP1__F7__beta_low,COH__FP1__F7__beta_high,COH__FP1__F7__gamma,COH__FP1__F3__delta,COH__FP1__F3__theta,COH__FP1__F3__alpha,COH__FP1__F3__beta_low,COH__FP1__F3__beta_high,COH__FP1__F3__gamma,COH__FP1__Fz__delta,COH__FP1__Fz__theta,COH__FP1__Fz__alpha,COH__FP1__Fz__beta_low,COH__FP1__Fz__beta_high,COH__FP1__Fz__gamma,COH__FP1__F4__delta,COH__FP1__F4__theta,COH__FP1__F4__alpha,COH__FP1__F4__beta_low,COH__FP1__F4__beta_high,COH__FP1__F4__gamma,COH__FP1__F8__delta,COH__FP1__F8__theta,COH__FP1__F8__alpha,COH__FP1__F8__beta_low,COH__FP1__F8__beta_high,COH__FP1__F8__gamma,COH__FP2__F7__delta,COH__FP2__F7__theta,COH__FP2__F7__alpha,COH__FP2__F7__beta_low,COH__FP2__F7__beta_high,COH__FP2__F7__gamma,COH__FP2__F3__delta,COH__FP2__F3__theta,COH__FP2__F3__alpha,COH__FP2__F3__beta_low,COH__FP2__F3__beta_high,COH__FP2__F3__gamma,COH__FP2__Fz__delta,COH__FP2__Fz__theta,COH__FP2__Fz__alpha,COH__FP2__Fz__beta_low,COH__FP2__Fz__beta_high,COH__FP2__Fz__gamma,COH__FP2__F4__delta,COH__FP2__F4__theta,COH__FP2__F4__alpha,COH__FP2__F4__beta_low,COH__FP2__F4__beta_high,COH__FP2__F4__gamma,COH__FP2__F8__delta,COH__FP2__F8__theta,COH__FP2__F8__alpha,COH__FP2__F8__beta_low,COH__FP2__F8__beta_high,COH__FP2__F8__gamma,COH__F7__F3__delta,COH__F7__F3__theta,COH__F7__F3__alpha,COH__F7__F3__beta_low,COH__F7__F3__beta_high,COH__F7__F3__gamma,COH__F7__Fz__delta,COH__F7__Fz__theta,COH__F7__Fz__alpha,COH__F7__Fz__beta_low,COH__F7__Fz__beta_high,COH__F7__Fz__gamma,COH__F7__F4__delta,COH__F7__F4__theta,COH__F7__F4__alpha,COH__F7__F4__beta_low,COH__F7__F4__beta_high,COH__F7__F4__gamma,COH__F7__F8__delta,COH__F7__F8__theta,COH__F7__F8__alpha,COH__F7__F8__beta_low,COH__F7__F8__beta_high,COH__F7__F8__gamma,COH__F3__Fz__delta,COH__F3__Fz__theta,COH__F3__Fz__alpha,COH__F3__Fz__beta_low,COH__F3__Fz__beta_high,COH__F3__Fz__gamma,COH__F3__F4__delta,COH__F3__F4__theta,COH__F3__F4__alpha,COH__F3__F4__beta_low,COH__F3__F4__beta_high,COH__F3__F4__gamma,COH__F3__F8__delta,COH__F3__F8__theta,COH__F3__F8__alpha,COH__F3__F8__beta_low,COH__F3__F8__beta_high,COH__F3__F8__gamma,COH__Fz__F4__delta,COH__Fz__F4__theta,COH__Fz__F4__alpha,COH__Fz__F4__beta_low,COH__Fz__F4__beta_high,COH__Fz__F4__gamma,COH__Fz__F8__delta,COH__Fz__F8__theta,COH__Fz__F8__alpha,COH__Fz__F8__beta_low,COH__Fz__F8__beta_high,COH__Fz__F8__gamma,COH__F4__F8__delta,COH__F4__F8__theta,COH__F4__F8__alpha,COH__F4__F8__beta_low,COH__F4__F8__beta_high,COH__F4__F8__gamma
jh,rest1_vs_type1,0,Rest,Rest1,1,0,0.001363999999999999,1,2501,645.1383481275029,195.93463610559297,102.30821144456472,28.16824696262974,47.607746177372704,69.05863750476675,585.4137599475712,209.2525186342345,100.67318384795243,32.46014224586646,47.95136852138597,75.1957699466308,166.00687788975912,60.77194119255283,76.72942009192323,26.89099913638155,50.816165888467296,72.51502891953653,141.7618784596286,65.66170536155299,115.01838329074991,28.913012149552664,54.11634110823188,67.88354949089008,103.03459811474266,68.69864622955755,129.29692404108872,30.562195315916906,49.71447724151448,71.61345868373473,189.10859283555897,71.16053737258093,118.08375318100447,37.74736389093643,57.36318819846506,79.37986110095277,145.09381159768492,54.82234954870767,72.85423325732388,29.559662778778986,47.8310707553654,77.0322726799852,0.9762013134213477,0.9583759478269716,0.9379166292533204,0.874041786497421,0.9037321548184687,0.9327776179562409,0.915763985033268,0.8987539937356769,0.8289770927435752,0.8789101205335915,0.9302874059949303,0.9226171602347478,0.8686573600002713,0.6719682635003601,0.791058764537915,0.8573420083416193,0.9447990166488142,0.9338756297426495,0.8901852467447343,0.7127476196412439,0.7847409616753488,0.8583890527487396,0.9266426027641099,0.9416116449083083,0.7246179650817149,0.39843021571241377,0.7490006494863368,0.770995550180988,0.9071161840786083,0.9166166287571436,0.9128268258452322,0.754779737316446,0.6469632625863748,0.7216053204243649,0.7423944348444391,0.8426668149513378,0.8429788585417716,0.8047259171165094,0.6874493747884797,0.7121441743293061,0.8272926143988529,0.8461785267467193,0.8904494769670213,0.6577198154690407,0.7525785334160255,0.8147695672712699,0.8848538648944452,0.8831897987930718,0.8836022871130685,0.7261433657249408,0.7764002297925996,0.8320634277776272,0.8963260584946925,0.9039983777151441,0.816197965739433,0.4722161539904347,0.8291414060101889,0.8660850421873485,0.92917016435151,0.9249056056338173,0.8895346042498247,0.8041042622585467,0.6751826291302048,0.7835597146994981,0.7842915032956644,0.8620005906943237,0.7805953378747258,0.6938040084465121,0.7518016839973988,0.8290456695752907,0.8847710138229097,0.8954847610359791,0.8353803960636004,0.6936080731166838,0.7163014840459657,0.7716555220122582,0.8747853156425464,0.8813707537273998,0.5948655896080052,0.3741993045987218,0.5861578271336227,0.644056903390484,0.8238580828724104,0.8356680903338166,0.8496513002375098,0.6711325348032188,0.5029030094331458,0.6071683575017749,0.6912621887182852,0.8098154772609072,0.9396777336256461,0.8658429112796188,0.8589645368011893,0.8816391646820232,0.9294490681411836,0.9141322365615027,0.8813019038477709,0.7626583997324275,0.7719525982121842,0.8431312355310407,0.8975841137676113,0.9097266851467053,0.8325117207171379,0.5350741002797497,0.5447972571150802,0.6510011271359835,0.7022880680669827,0.7744423211634971,0.7804319295221083,0.738083853281085,0.787062290554548,0.8767298030923764,0.9275711257687765,0.9234401460577097,0.8765347804170375,0.674132759548637,0.6549388191492722,0.704743735179506,0.7744781894928726,0.8373882348405743,0.676049554114902,0.45903026122579293,0.7296564620741179,0.7580442965838712,0.8232193694637475,0.8755560399967072
jh,rest1_vs_type1,0,Rest,Rest1,2,0,5.004843000000001,2502,5002,769.3634800938311,325.99743850389046,69.04832932151517,23.41810809889669,27.879291567220488,54.364204307757106,668.0938052269513,306.0021601581391,79.90626262447701,26.581450884010835,24.106478495372073,48.896486740939196,237.19788273889876,101.15602081694614,42.695039712587004,20.89278605441035,27.500565285574172,55.86113495599919,138.87443049394207,91.00020763257966,58.52866153958288,21.500732755890187,23.515683344665685,47.06073954790944,105.89786431686129,80.03321533136507,81.69090885809254,29.057880881328533,26.379783280285462,52.86168078475382,104.98974318726961,78.87380524844804,76.64556172622602,26.652073763821548,26.082602670832042,51.9040947636788,155.42517682409618,76.70135677899528,56.559259806186944,24.14482812920246,26.350325217778792,49.458478377402855,0.9942961538240032,0.982803629301626,0.9258259480035346,0.9008862343776659,0.907569228340941,0.9168072466501885,0.9761828908876331,0.9118383586154185,0.8558127906690991,0.8679717219411618,0.8976597761183301,0.9445611950352234,0.8981314367877401,0.7550113802442817,0.6854970880832167,0.7566673379608296,0.8619425100967046,0.916920239577682,0.8771846302931676,0.6927731039830617,0.7468059040065563,0.7559957411922322,0.8883316862505912,0.9189982991823634,0.8591087948407475,0.6860435382411332,0.7101816415124864,0.7362033549025279,0.8038260888494001,0.8898017133445891,0.9555704330196987,0.8488041186546491,0.7256160048201608,0.7085408122526118,0.686830347115843,0.8060581777899719,0.9565173904796888,0.8641478720924781,0.7871156980551268,0.8319806930821387,0.7885810120224963,0.8745033008952653,0.8903955340584009,0.7142174191647537,0.658877594721607,0.7846910748522141,0.7830395178954079,0.875699531053085,0.8888942833204391,0.702241068592065,0.8083741827740386,0.8085554468863936,0.825091302842204,0.894166053531215,0.8849220651350175,0.7237547411000068,0.8266732658826023,0.8071357145599103,0.7769419139229164,0.8629651481216655,0.9708498043763552,0.8854209707960261,0.8362474364330706,0.6865469880143349,0.7273518572876424,0.8135797689910998,0.9404481661842308,0.8765324518173421,0.7540854068542835,0.7820372941029089,0.8745128960428751,0.9234936145721133,0.8601555045534717,0.7400635096306664,0.7417687100647768,0.7830412531148753,0.8670271944039232,0.893263867759878,0.8232376965143781,0.6891140846183406,0.7064909260011513,0.7483078590347431,0.7952489545205115,0.8872322240342939,0.918951155198623,0.8168182120470112,0.7194902368416185,0.7177094276406147,0.6532087514490572,0.8005548437480594,0.9012429381877057,0.823443818301775,0.8614115163051125,0.8992043971319365,0.8866826717589265,0.9185011481599399,0.8602123269854896,0.7799610180973688,0.7578367787703245,0.850406564218194,0.7781574262523556,0.8903629850180899,0.8937601185975695,0.7869747074429408,0.6741918642031155,0.6153769501011005,0.6247357168770549,0.7802966775881786,0.9760529708229342,0.949420803387569,0.934723953319909,0.8873221575362967,0.8854682269174694,0.9251416576976053,0.9346720930438788,0.8353755110800354,0.8331267617415181,0.6625803012810442,0.7209080886076067,0.8048661043768012,0.9361683712052334,0.9000790596970167,0.909714048167702,0.7797493590070484,0.8200015214765735,0.8655245073446295
jh,rest1_vs_type1,0,Rest,Rest1,3,0,10.010517,5005,7505,1168.753911818018,386.9679849483719,84.0011760991516,21.68200009228315,31.716328322962568,50.03914252253123,1099.4102163627842,410.8669024240359,88.75960060688348,19.02487075662945,33.070144506036335,46.82618335478271,292.81433759230254,93.92577644133303,50.89176095110074,16.7939565320696,30.593731864920475,48.6954908422656,200.98938673275762,103.2596924823898,81.58348251515571,19.371789394442793,28.45631051881515,46.82786656293215,186.6243078532459,137.13875290582303,98.61742588496769,21.323789917415485,35.10306333798742,50.23352670910954,193.7763153180215,105.00679344996485,95.15195655903494,21.73226570828398,34.243363042145084,49.49774534731862,244.09815167343763,108.40779877062872,71.20322226455077,15.493149478169938,31.525476135420583,47.936941265540995,0.9891746273559742,0.9826737392446642,0.9679125854513486,0.9278489497558791,0.8928876013145473,0.9403226669501468,0.9305702174891546,0.9330770065158109,0.8958041767874192,0.8433152428554285,0.8609778308786165,0.9092843384936293,0.9378307987145266,0.9057011712922798,0.8108620055215029,0.6405476397117178,0.8386624450777266,0.8664597997026158,0.8735956558334864,0.917624033978979,0.7633430903440038,0.6456745243261126,0.789026882302031,0.8747878245949828,0.8813116936860776,0.905589082205176,0.7683058538987562,0.6437066044547824,0.7701241183996296,0.8783978563061777,0.9045467771943937,0.9112601685474769,0.7387479399961199,0.7503983573216674,0.6705463022541824,0.8135228931053816,0.899518729886296,0.8860650146010558,0.8522404936074439,0.737543494755277,0.772773805862428,0.8494887478621639,0.9521104287768148,0.8673015145628059,0.7944158062507946,0.6004240760785952,0.770237375435013,0.842134293320762,0.9166684751636316,0.9205024217522181,0.7949453461259803,0.6563994378439773,0.7994564562259106,0.8468774207574666,0.9306501318121029,0.9210125511076346,0.8188987277027664,0.7017088806117935,0.8563466708975568,0.8567897109036086,0.9382964009373932,0.9447455749568813,0.8041830488228904,0.7635874348954749,0.7365171501946979,0.7973493049626789,0.84615838828226,0.9135561217472539,0.8447323948821819,0.7335906383631523,0.8530442257307211,0.8695189277658578,0.7814798410419908,0.8638311789518442,0.7967271182610445,0.6698020994888572,0.7952473685761062,0.8744380965341306,0.7539392288742439,0.8223644707958975,0.809982762691926,0.6735424275176373,0.7483519604737802,0.8781261175463445,0.7850152210633431,0.8000077682532667,0.7398189068418116,0.7240730636814019,0.6635993425272184,0.8143554326640442,0.931364521507034,0.926533709566121,0.8942070689499351,0.8156049534747096,0.8271995371676969,0.9177659697744639,0.9504152792576773,0.8852640350766773,0.874128507689812,0.742876034933883,0.7953590786870013,0.928337629325133,0.8943744029086149,0.8068671734556775,0.7593473585767605,0.54881524689459,0.699078771961178,0.7954315345781785,0.962622633060695,0.9526653301330295,0.9489372979583216,0.887941809300799,0.8971086755045796,0.95164736497583,0.8651456533544266,0.8926686629665425,0.8475535746968419,0.6561319679302267,0.726101241733808,0.7981142978714169,0.9360564106345111,0.95129728001899,0.9184604817873725,0.7917545789557033,0.8454248418187197,0.8659984986319461
jh,rest1_vs_type1,0,Rest,Rest1,4,0,15.016446,7508,10008,533.8379972835694,201.02691263117282,70.59295993455673,15.917173667718723,34.481769759198926,59.97902445154252,525.819816549201,235.6112162812575,73.5067419408174,19.12455304650591,38.686599146413094,62.17210984999988,138.40992222975936,63.28794512040514,46.25665242349485,16.161525705632585,35.03670110224259,60.48232938775622,104.84882349756188,69.38801267779431,67.5970325221867,18.65493707715625,33.014437236079715,57.2334870017187,119.65693088978642,82.83812270351335,83.72116153448161,21.442544833540726,39.79710202514398,60.84731986908069,116.09258666694669,82.3942198344379,76.9051242525092,22.185919279123812,40.62534742437759,63.322422344083215,123.99978102784763,83.22229387927791,50.602520232764505,15.646102616020483,36.5346580552485,60.80686016700764,0.9919475221960483,0.9637552836941068,0.946799713755832,0.8261112485752476,0.8539298446458006,0.9111459412369174,0.9665843424894319,0.9248048442919852,0.8411636363766768,0.7934462528928036,0.8973492920686406,0.9523121213344514,0.8974273010667752,0.7583014646783266,0.8357707541073369,0.7665293332382497,0.8603707011689048,0.9181035016048026,0.8769106830407584,0.7581169882632275,0.8546543100666956,0.7250230209422934,0.851988616473997,0.9250164196467497,0.8894942322748629,0.7958552758090429,0.8174374072422335,0.770785061239667,0.8510163636082686,0.9151749014795841,0.9468337940042262,0.8508980193002874,0.8018290608193916,0.7226379638828331,0.8374741731895426,0.8840236542598866,0.9419524090600349,0.8636536027844582,0.7368199658127124,0.6490143456699384,0.7646589891930604,0.8881843786996176,0.8843019551428793,0.7250458572052672,0.7534340816764133,0.7008810509719725,0.7854668236380526,0.8660792284254739,0.8930434487584021,0.7508655209476085,0.8347434690709228,0.7214235139920023,0.7700565387628572,0.8866295166732502,0.9143808462670115,0.8347006413659803,0.8265786313834351,0.7859873097453924,0.8413519651987675,0.9050690956787716,0.9706461471198917,0.890980052611864,0.8649154372206087,0.7795243630677581,0.792283301599965,0.893788719605077,0.9144125717419467,0.8579436886158341,0.9122135679885837,0.8132843233691324,0.8730075552816017,0.9415840816248847,0.8671506299235766,0.8285601723277054,0.8137257621694414,0.6704523876982368,0.8512527807919283,0.9345084562421021,0.8601984899588387,0.8251620239362388,0.7723202079556969,0.6878475680644317,0.8114711805572782,0.9199793777297682,0.8883427377929151,0.8406926831349013,0.7247929958238559,0.6318359100652499,0.7731700988823302,0.877517258616059,0.9545744475071963,0.9392467887007979,0.8859503961563491,0.8419577453569963,0.895104575657891,0.9392684999518787,0.9289819939783214,0.8730392305481923,0.8543270644159037,0.8379525375622233,0.8434708026459932,0.9251576807815339,0.8646177250596422,0.7489033898620856,0.7444633031726922,0.6844354592987766,0.7508717817631376,0.8607672406366514,0.9836544596857543,0.9255248649142727,0.967619677266024,0.8836971612032976,0.9137285992514916,0.9630105359779536,0.9182432601888871,0.7859365344397045,0.8468219980307456,0.7039194228060373,0.7635171940606439,0.8957583004841123,0.9541662258766479,0.9118475181669654,0.9016857225999086,0.8399576422528024,0.8423872972035772,0.914075979364751
jh,rest1_vs_type1,0,Rest,Rest1,5,0,20.037416,10019,12519,712.3549124571846,251.5184153235439,68.34352110562385,16.5711307740833,32.24119264010438,62.001082237390236,669.3821714649297,259.0405154743797,76.79834286213749,16.513066340249615,34.0213337158327,64.51076230610626,237.04377205018324,98.38524332823386,41.034216725773504,15.366698721299016,32.5183233140974,62.30560565673826,163.28478011648164,94.28347150045913,62.19742386993805,14.545280169799788,31.115704652456333,59.5812289883796,163.94429481271925,107.34110657500477,86.67117038337052,19.283945807663,32.07731685802026,61.5225089606265,153.68604687081753,95.95064278408941,81.61500400237371,19.596345574194185,32.025852926427554,64.78097636294478,160.2492363547418,85.92712249803814,57.08547195629324,17.90422817478506,29.135951000752016,66.56518715506375,0.9924471627581367,0.938860177292735,0.9099604224702433,0.8275136780201284,0.8668966762599167,0.9199464223091613,0.9518075145753974,0.8588053762828872,0.8736345476267067,0.8530038103363503,0.9157896814940019,0.9631375296474829,0.9448929634560641,0.8336179878162339,0.9346475952285026,0.8834701813606326,0.9086393587272663,0.9508296669488876,0.9016482861222701,0.7777559687834688,0.9073773508056939,0.8343206254618772,0.8821478243395579,0.9493573582897715,0.936332958400803,0.784176362421981,0.8727799119731673,0.8601302605898983,0.8579024644348918,0.9615603650050465,0.9330536710072641,0.7329826461688742,0.7729245509746089,0.6326522579788831,0.7523232918655057,0.8969162985562013,0.9391979366902712,0.7782815252271973,0.7410342323352721,0.6863610721594519,0.8048826892115984,0.9159270814861892,0.9327516532428842,0.7408781502680918,0.8314667500540149,0.7323546826884212,0.8333633897340718,0.9067671321225207,0.8959021441089535,0.7328947131253473,0.8986904998623902,0.7731073935297352,0.8387120683541575,0.9262644502152658,0.9426963084330553,0.8337461819451599,0.9286792952375759,0.8286629293949437,0.8685485389147265,0.9384741879160934,0.9442766134229009,0.8066050707345468,0.8540173169211179,0.7585134119318176,0.7956507756169253,0.8613588563325824,0.9114025102793305,0.9340251591056715,0.908615983763784,0.8703501815531897,0.9059748266827249,0.9453144536887682,0.8193989265497791,0.8574517963610433,0.7875012217541668,0.7104863773130734,0.8522111721880414,0.9346585801667763,0.8596693018346051,0.7857229699934704,0.7294675617751325,0.7005289212636459,0.8368466792655027,0.9448047937769627,0.8691748141795371,0.6486980377895799,0.6425274112764476,0.5128664705184985,0.761719758613891,0.8999703540392237,0.964943014815368,0.9388000586856979,0.930880544840214,0.8199565880089434,0.8583990701801794,0.9406413039172986,0.9662927925969527,0.7941940099012526,0.8463657451692195,0.8016030121304845,0.8602494995513545,0.9532620424692626,0.9383114542571445,0.6019046120898803,0.727320589749508,0.581627111190106,0.771880679229147,0.8838313150610595,0.9643552895114157,0.8648416696596295,0.9398342004581905,0.9035928833872643,0.8906221196173428,0.9678811332461833,0.92608044786888,0.6128096089837763,0.8230524608593148,0.6897552332888145,0.7491485300562278,0.9050543253159801,0.9583485623019917,0.8376316304752934,0.9186024855989864,0.8272407975368339,0.8668952956739258,0.9281177639069279
jh,rest1_vs_type1,0,Rest,Rest1,6,0,25.055455000000002,12528,15028,1231.855837638772,298.80504161849046,133.776541857089,29.598162226589647,29.181922774836735,60.62779884897471,1106.543629558712,314.5770777576188,131.20986472265258,33.04591821447524,28.355140181354358,62.743341998921,415.6638521523648,86.42820209604805,78.82608810112177,27.601172912576416,31.722274553307187,63.2035980144977,284.9325011109721,86.86015717086528,106.04385908769368,28.8738419185553,29.506608324738977,59.781231100892995,290.31329321212587,105.44867532040968,128.77530655033783,30.408912335144652,29.51376534878139,65.64018797627156,248.93997545344652,99.86207095464043,106.3218434954191,30.68507463786494,28.515454375847977,65.5786127791982,260.7452226291962,90.58575630579126,76.27111083440522,28.050802924725026,29.7233403172449,69.29832171030955,0.9913275630178431,0.9663137415874475,0.9504083307083485,0.9338229337949261,0.8948875863657582,0.9296437955284068,0.8861055018651958,0.8066375973418131,0.8344016614346879,0.8926652453400542,0.9155035267446128,0.9493400115643472,0.9433735429442011,0.8055244853079743,0.9042224633894117,0.814246861799357,0.860064003214613,0.9291977720179564,0.9565199177640293,0.8196394035860474,0.8491516695110141,0.8414199506732655,0.8059162400632609,0.9302690339782633,0.9579496348836279,0.8090066766342702,0.8253035819532866,0.8439877950399115,0.8197121445774798,0.9179400612276734,0.9505464397454716,0.7377884681170872,0.6728399903590463,0.7807705785920832,0.7755865898777591,0.8380023303487996,0.8355666219289075,0.694613584286541,0.7541916720149967,0.7984143470819595,0.8308460996605318,0.8834886442716694,0.917706322629693,0.737653987112734,0.8748495411735604,0.7680942537126871,0.7991826289810249,0.889947299583739,0.9426770701088253,0.7970402873275347,0.8823232648096319,0.8375796184892776,0.8054717104555771,0.8866440978700248,0.9579198076827812,0.8436826714530771,0.9068501889297685,0.8574829665405937,0.8737333663825539,0.9110869164701557,0.974787309169014,0.8364128084955118,0.7992002344487456,0.8014841358068326,0.8429213559314531,0.8325958860259117,0.9340559322187042,0.8605454075586715,0.8796751959461571,0.883200378991484,0.8532809041334403,0.9263835853393995,0.8968245957649899,0.7556351912552556,0.7589476944626654,0.8264276750484595,0.7713177978170427,0.9088132775355088,0.8628583939849349,0.6562184473785998,0.7153398080958328,0.8064131318353639,0.7506219530361629,0.8881409876259284,0.7641394202772984,0.453333372856662,0.598259427370478,0.7483875364169869,0.7290515171603061,0.8364339785372408,0.9889144354060003,0.9383380570386864,0.9127555397934444,0.9147607451505472,0.8507292316476501,0.9426530615016138,0.9650355217906736,0.8582258615386101,0.8605365842266288,0.8746234569801333,0.8170702971457942,0.9417005544191404,0.8818555759993085,0.5786603000884475,0.6679559700616836,0.7407250504070835,0.7068031707341921,0.8545787087598412,0.9828160301820844,0.9420158304111831,0.9378804538184576,0.9435500592246677,0.8899512951350055,0.9447084626821418,0.9122120658510693,0.6793184432054507,0.7368653631884943,0.7659351189771666,0.7242043818236652,0.8509858420300815,0.9550311985844141,0.8287161933264283,0.8697674135315323,0.8650218023585179,0.8553971961796207,0.9002573169771874
jh,rest1_vs_type1,0,Rest,Rest1,7,0,30.060042000000003,15030,17530,18.431985549377163,43.4728605433407,118.0762351750624,20.090537805060382,36.57875598584243,48.37260411892658,24.053392399298836,27.347835156348527,125.14428483489903,20.039664843183285,38.03372183835591,49.93775612844951,14.86937519132522,39.63492730689771,89.81351080971275,15.195838653021198,33.65671104032923,47.472377430467155,14.709015270865407,61.56485094088973,161.07686101873156,19.428634561824854,35.5849544660004,46.16863044109105,19.97922310679079,54.15941367129705,193.4329009136245,20.755325042264943,40.97294946561876,50.84700485845494,18.789243799686634,36.03111979942275,171.2080901436421,18.85495169160316,41.51441123977122,49.180319155456026,12.793026279384689,17.094870372229295,92.28204274136418,17.102787894925143,38.198184729656965,52.33574529195454,0.9027811888027747,0.7926411328710442,0.8154704778208496,0.8634819282836442,0.871100686652093,0.9149663999990991,0.7997600560794774,0.862868266312638,0.8862682561295616,0.8921711489814423,0.9066927053504493,0.9455570162221711,0.8387610673998234,0.8706312549817733,0.8791254100121207,0.8963993014778083,0.9174509630010002,0.9440496842483533,0.8048006697149285,0.8014569092491102,0.8744343395380276,0.9102525668611003,0.9251716889116007,0.9350355045877841,0.7421641311624273,0.7128675857721923,0.7295704346545092,0.8811380141150253,0.8831855433033748,0.9252694396112602,0.7586285317499958,0.6089071019723826,0.590802081006639,0.6342161456646817,0.7903731670355177,0.8057436822461214,0.7244504106166278,0.5406031987543815,0.6798053872096274,0.8018900502604687,0.7995692904650092,0.8866023806033619,0.6628397178608,0.6932854964637363,0.6540973950949047,0.7685535399656095,0.792352063075201,0.8928218261811784,0.7301118073270544,0.7830504134319435,0.7506140753601945,0.8118072028052038,0.8801374687477264,0.9028171463818501,0.7958354412499858,0.8254826744224343,0.7739310710660411,0.8372736991958857,0.918174657917793,0.9267991639080703,0.8619807726103473,0.6670348391563784,0.7227146779689071,0.6773074372318142,0.8313389190514837,0.8402307893766107,0.8099593357301852,0.8292901096535218,0.868166200641582,0.8706370064743368,0.9267700972162227,0.9528471364004875,0.7364159586970384,0.6639680097956253,0.7537683418675724,0.7773148865349645,0.8613699670562441,0.880542094487084,0.6770495948471925,0.5631850515280861,0.6308503159613849,0.7445214110718222,0.8016237293971133,0.8854939286516952,0.6498462699630453,0.5635368382721089,0.5627998571639403,0.5588247501374258,0.7030423202252047,0.7913353501225495,0.898320486526235,0.9022845042041896,0.9194924827874393,0.8823753766683833,0.9130900164306098,0.9298857988126185,0.7321089419176331,0.8037384818764335,0.7741189630098442,0.8263549200635852,0.827700366778149,0.9141477965455043,0.5923318574108197,0.5895450292470709,0.5947163024142728,0.5832419069772184,0.7345643266182226,0.7916161088818181,0.9100344488468655,0.9152335177325597,0.8969502582828431,0.8978248710800342,0.9239089388449948,0.9571154527711138,0.612485482734267,0.6073596138085009,0.6693348548967448,0.6389503752776429,0.8014400645714597,0.8408141962342377,0.6916436203228343,0.7161775978113215,0.8241853777511305,0.7690562990134264,0.8839312434210657,0.9090839536084453
jh,rest1_vs_type1,0,Rest,Rest1,8,0,35.084573000000006,17542,20042,346.4438554938961,66.30321832496291,143.56401269143598,17.343476015964644,29.95033014834178,52.803153314303124,315.93324633358856,64.73988325442325,149.7028157945124,19.474401326789433,31.92012710836631,55.10081963548793,108.33675394644956,27.203017440955783,93.53236378983355,16.926011074769466,25.922212864607054,54.52637867373711,90.33761743901262,34.98632248589166,146.6709145564692,20.2242699475551,28.346773516335325,52.21542242521512,108.8774337242474,37.24947187799928,175.48313344785853,22.41929660718466,35.9201454472461,56.74316551517321,87.5839184990613,35.19084468048897,171.19105847512097,21.581056477063065,32.16727121345589,55.841855005438255,82.54872762021034,26.78639715704296,114.4568188733379,18.03649714111038,29.688362489609858,56.0500266926246,0.9556265357880335,0.8687416310974767,0.8983328638016796,0.7946619518461121,0.8663757002162852,0.9283227349775379,0.9070476835106279,0.7526359331191692,0.8722697000968356,0.890168638178884,0.8873271717272331,0.9360637194710066,0.8881717751203994,0.810465135339538,0.9283468679161923,0.8883577502726723,0.8836732941857856,0.9529087667464596,0.8531463308853463,0.7216534111822166,0.9216117769278336,0.826698558121107,0.8746455321604062,0.9437358589792818,0.8267213427934764,0.6200131583194473,0.8750089208171055,0.7626636659864996,0.8172401662986097,0.9530928153958842,0.9259228057963025,0.621707860769782,0.6966471460215151,0.6326275892431311,0.7418723874969124,0.8756602732276448,0.8231860407843857,0.60005941464481,0.7609256095386393,0.7292410518404828,0.7930005679513841,0.9119518380868341,0.8557130225448866,0.7008044075925944,0.8145874868953353,0.747087809145165,0.8200420338121968,0.936250310184324,0.8603007638643207,0.7376833286703985,0.8455753908755697,0.8026870239026245,0.8384448159194979,0.9314308826581955,0.8984290474065242,0.784265978614563,0.938114576049804,0.8470954907353432,0.8529944094542092,0.951302822211835,0.9373019702405151,0.7684341402538583,0.8292957766587368,0.690640055637152,0.8091190552475436,0.9019976102146898,0.8693323971125845,0.7992769452120808,0.9166716661721003,0.8656863809673113,0.8982980480622551,0.9423039068497048,0.7536655322644346,0.6291084416143424,0.8442238075782396,0.7780137641838448,0.839220155449785,0.905660714595252,0.7230146440686919,0.5351429660647233,0.7767749143355218,0.7084919180913701,0.7890943675629031,0.9107202996973769,0.8830989063932813,0.5481873165724656,0.6251389255185231,0.5727626254635741,0.716306480436781,0.8675675896888784,0.9476636555423931,0.8775346069981772,0.9413554802695974,0.8585172281638663,0.9263127635334355,0.9584196785165303,0.8992498713477516,0.6998762046753384,0.8462190518561128,0.7785487902072303,0.8540105418381383,0.9517175222523282,0.85462483952643,0.5428271301429244,0.6476478010884267,0.600441406227186,0.7577743494275453,0.8656839898002715,0.9515773288397584,0.8433317422821294,0.8777138452637099,0.906253625813416,0.9109133094821106,0.9632045152604896,0.8123430727387354,0.5852176748950462,0.6819532666327002,0.703349809373887,0.7985452520881227,0.8844127947651259,0.8577386455436802,0.7319475905838306,0.8281616776120954,0.8343257429781296,0.8711133632502204,0.9272257151311007
jh,rest1_vs_type1,0,Rest,Rest1,9,0,40.092549,20046,22546,34.27012905355461,50.92153512421437,42.38885944674106,11.072497157106968,24.24977931197945,50.30485337461845,36.88822622980219,51.874527215187754,57.877945023041896,14.161098473904644,26.286870151905607,50.98595276450139,26.89395706885579,37.26042687473089,25.056561357643137,10.549121813481513,21.68295187058986,48.61241489741934,29.67156545519971,51.84805376927217,32.461604301629485,12.960751732377666,21.72822656633363,47.08815635115504,44.25430049995524,56.545091888520034,49.57404680374659,16.08980264525789,25.32695759121425,48.10868533288029,40.41719696894594,56.342066493870355,55.4117266688159,13.978622964098538,26.385319491211632,50.611090252391186,33.79625171018059,33.212093339309945,40.57939991663276,12.260001436960202,24.34042839753798,50.32690702894383,0.8116327545550611,0.734587985079961,0.8251866490694976,0.5927617757817327,0.7901875365530808,0.863625382789077,0.7341049701813768,0.7597603618738328,0.7596296079853841,0.8177892810583349,0.8266073443509085,0.9328598717354999,0.8977137898674608,0.8771548418119973,0.8067065374456419,0.8513742316890519,0.8499476005333007,0.9278397122705611,0.883389674754553,0.7992800492445348,0.8048599050181091,0.8493320809937316,0.8433047116732066,0.9421437687828905,0.7159181603103161,0.5546412792756115,0.6690113881748405,0.7280463301896481,0.8124695919638345,0.9345927462716727,0.431186986520616,0.325597826874841,0.5639312689419886,0.5945118501081534,0.7199044610853571,0.8481022650829354,0.35689550501895106,0.39121321501170847,0.5236503434090034,0.4632737955390026,0.6846104816198236,0.8778314200415065,0.7336323862596297,0.5908339491059171,0.6802977625588535,0.5081365721250447,0.7757145682263227,0.8647141749805086,0.8016016717534987,0.7860788982863917,0.8454836033557444,0.5799334920482716,0.8460335315661178,0.8802724552165078,0.9296174967848172,0.8488374420225666,0.8629271806467363,0.5990049238737706,0.8186598001141767,0.901114605179935,0.7681955888676484,0.6104987584821145,0.7873317950283552,0.5604120810863078,0.6749816314404017,0.867710457435503,0.6474318521323755,0.6909084540924237,0.8412527457118998,0.8093202073575904,0.8678550861830207,0.9401026863618352,0.5652904278022951,0.49459180097567734,0.6528933528322434,0.7219946449340687,0.7514117488643804,0.9171662993671578,0.31434465470940215,0.32462223649644917,0.4908136309945988,0.6699366870530633,0.7475966146810198,0.8967757708076661,0.133792482224013,0.25860210594357697,0.40302459781042294,0.6136971025298298,0.6839346085891487,0.834305714673928,0.9594905025534309,0.8614016607988211,0.8778861852510399,0.8642402896406064,0.8414470327123571,0.944557670256674,0.7260531230364834,0.5471650767958502,0.6941104997063906,0.7366083733898211,0.8452669200796878,0.9216758075521749,0.35993612798042757,0.31294583273642934,0.4824116389437119,0.5308298724950322,0.6955705962110423,0.8350112080674975,0.8260499984893727,0.7977133724665828,0.8329532211102906,0.8554166693021346,0.8903788104460908,0.9556103623180406,0.4618776860299727,0.44891611986282004,0.6097940883999431,0.6765217924483873,0.7164070330660216,0.8682877620126929,0.7965327831010952,0.7094019092287426,0.836906097879978,0.7315214089839776,0.8352946501761165,0.9160501824916668
jh,rest1_vs_type1,0,Rest,Rest1,10,0,45.117019,22559,25059,896.8479547856801,310.9784581915252,134.32975625198415,25.642169271377433,39.183279520750204,51.7714136052661,655.0899674482678,229.0208887320273,147.21952681778365,30.610057344550707,36.77685699746502,62.30931127767319,375.60135111108065,130.7770621139582,92.78549693070852,19.48199413164703,35.10007200642299,47.49637937009939,226.4563615992428,87.91639154120713,154.52902470523605,24.783664510624387,37.27163796493774,48.71163398015204,192.40615760567022,82.82500564347563,177.95890785156226,28.571380750056946,37.78943416314479,51.12731390106771,138.35644677618816,60.53169704623703,171.2921114977327,30.055800971448246,33.33359123906112,49.67291684656227,104.28254006627655,41.55165340500899,115.8382264523253,19.245770914333534,31.91024226548909,56.53120990165893,0.9903333552948034,0.9697796454941399,0.9479755191380328,0.7518783796263607,0.7893744492917123,0.7447787831298308,0.973580129374937,0.9349615747429,0.9444666660731915,0.8694389869279446,0.9104371317053734,0.8789018516270126,0.9595502286215511,0.8759580160229455,0.9361227774018493,0.8725345030293453,0.8426709234322425,0.8165764047191216,0.9349912358983454,0.7952424096006467,0.8832104295744709,0.847401474768404,0.8450290372247176,0.8274132259779681,0.917540934762256,0.7699779480887838,0.7935526335662696,0.7575971809951776,0.821207452580176,0.7907951708331264,0.8144456033932096,0.5899095044342075,0.6919795258158848,0.5832785293256239,0.7683142369263988,0.7236444133057712,0.9415930571219114,0.8713720702424307,0.8804339718047587,0.6924465864540114,0.7420524129432355,0.7689483144788807,0.9434990541567271,0.8312437588325757,0.9002719415622039,0.7124541677757242,0.7736326404730727,0.7743511682384343,0.9384101921993567,0.7693879676335836,0.8739618212663854,0.7139598912396782,0.774438746306059,0.7929887323810122,0.9361550994569825,0.7887160071661385,0.8748846116393849,0.7522765136640784,0.796159976644076,0.7741583953255194,0.8754655746439185,0.6946469221493923,0.7960948716700209,0.6349045435131329,0.7477333757044975,0.7770484049867592,0.9607610315736209,0.9047998951499902,0.9696984376212722,0.8878243830735782,0.8868529812506567,0.8615602169953669,0.9099946440820949,0.8240214724548425,0.8904137253500213,0.8197783048405267,0.8540132342180519,0.8639876519880283,0.8763145950532846,0.7761134037618576,0.7756345488974621,0.7367242278064791,0.8142838423063946,0.8702352949951551,0.7154250622331156,0.5087221898096421,0.6818478614819219,0.5860484647295939,0.7391374936896742,0.8180763589607799,0.9803984567998221,0.9526445742579407,0.9334681621202424,0.9199988142395388,0.9317149007140996,0.9112891769761144,0.9559049007428896,0.8686236965433619,0.8309543379381641,0.8398486154543584,0.859551550856972,0.8872747770437174,0.7894681030431002,0.5076948428295183,0.704765606519571,0.6306997591401179,0.7376279853564156,0.793903322394003,0.9825435352003695,0.9257302399313057,0.9068887921725587,0.9010031768465144,0.927405669131951,0.9426628933387465,0.8487690669439015,0.5221855452703394,0.7390077764671319,0.6557497554501984,0.7707957295343556,0.8318281602132215,0.903164808680998,0.6867734622170162,0.889728705821858,0.787507168716244,0.8402435715101086,0.8783422815988504
jh,rest1_vs_type1,0,Rest,Rest1,11,0,50.13682300000001,25068,27568,601.3905322247488,168.7859279760775,144.10819596811103,21.442971448817353,35.73256533551554,71.14027718682061,503.04730384190094,139.99379777293078,150.41627520906948,27.190903476022196,36.953403410727894,74.2559180376217,324.84848233454096,84.60904889336214,100.97739506278825,20.2872646369272,31.789049073208783,67.2564473833887,184.50095487599597,65.04452827910984,140.84753079035843,24.619914284421792,32.63877528939011,69.25208190831329,196.74245410993018,68.46574649151346,173.38981074070207,27.241603340647785,38.18544097122125,67.84823680235682,159.86556360513646,50.13385726482951,160.0042457109881,25.007719967518756,37.35694792943076,71.12226109924873,180.9513242320924,41.29843070803213,105.53976363966345,23.827014669131803,32.77960160025359,72.08176578268883,0.967701632430531,0.9423800409584546,0.9606282694558329,0.654345104866626,0.862229142416614,0.9080545072440914,0.828884106624142,0.8139157377576574,0.8941252993739285,0.8204269428791191,0.9027756910312806,0.9369100615734499,0.8987266116050504,0.8261560155960591,0.901187553275658,0.8640910967034732,0.903252885929761,0.9334428515225635,0.9039371263888271,0.805517184550713,0.9098450832822731,0.8198422570139737,0.8806765906847669,0.9261334592653342,0.9204079680641226,0.6874847901484238,0.8931703019085706,0.6794085392075354,0.8182407351323251,0.9181125341800062,0.8553029015037698,0.6209428660597491,0.8213383921657632,0.49966988022264297,0.7375516689525601,0.8793112079410712,0.7423869155688556,0.7153204606786543,0.8081396337621367,0.4362184295207644,0.7687197940217987,0.887089544445769,0.8300043275819841,0.7332987162334551,0.8579160047062176,0.6532704363754184,0.7907100690561607,0.9058683532504973,0.8767888693044447,0.7767259177463284,0.9135174704670813,0.7351024352838582,0.8291611888732634,0.90735643142456,0.9413938050201001,0.7729768087571374,0.9110917561057306,0.7887368896265086,0.8333536359421352,0.9047655504297883,0.9341939921812988,0.7323725946446753,0.8594015223123994,0.7233483496293136,0.8098592464976534,0.8974874920144439,0.8593101180168875,0.8333349939577027,0.9204809358812321,0.773177170178993,0.8738985251637488,0.951389623597469,0.7903108348758305,0.6705741475931506,0.8592462693664213,0.6257528454667373,0.7916900798281719,0.9245820021926305,0.7526308741141521,0.5469697645712551,0.8428739330678641,0.49586117612149244,0.7003213007905662,0.9251650147105683,0.7029937482612673,0.4311220424209182,0.7562359806232727,0.30830819016651795,0.655747437593434,0.8899103499893426,0.9671648185048971,0.8823304273071695,0.9473809103835762,0.903743635870053,0.8904933937559922,0.9566254487859881,0.8995589112873509,0.6913565141150186,0.9381741780043503,0.75800578583792,0.7817084760177109,0.9426529544035401,0.7097760654685118,0.49204310799499706,0.8590891520850421,0.5073867987330357,0.7002935889946579,0.9054788713236076,0.9637621265338635,0.871079308234626,0.9601025735341968,0.8857490804565024,0.8900202364204445,0.9600281075934411,0.7754324369232714,0.5930049696040791,0.8380135253964873,0.6619867574276717,0.7826987845362328,0.9173930746902447,0.8914023824591002,0.7468484642847519,0.917847042021745,0.7521681810414745,0.8260552314427067,0.934395462914064
jh,rest1_vs_type1,0,Rest,Rest1,12,0,55.142676,27571,30071,367.3803361720403,183.0815484122421,77.88298306987099,15.404839691536909,32.226745462708664,58.245301104689524,353.9125028186596,163.2212239018711,79.60711600374646,16.482869596746767,39.79680144416203,61.83946057959516,89.13571266433058,68.50181476427642,49.54889245147528,12.46556197798703,29.69958617858808,58.55724084461883,103.51602267763164,74.07600455093251,74.83171493800226,17.40306938309076,31.646242520862224,55.576824384433266,121.03376546142866,82.5848109932661,87.2040159714711,18.517851769865224,31.562137302267086,56.20083972735388,107.69279473846008,68.57965451168003,81.17112309390743,18.461916275999595,37.812766646062485,54.51197838385278,99.80880391764656,53.31944426982715,60.87292574677365,11.059181300960093,34.342424798194514,51.81093709584484,0.9955667283386389,0.9069690264207473,0.9370084905278018,0.7939668085881522,0.8124095816031985,0.8783386193001843,0.9243036865591984,0.8366507300179562,0.8756154216811302,0.8191596991098226,0.8831972312239884,0.9331436239917554,0.898922099978689,0.8222735018246403,0.9400394655627302,0.8741284971336787,0.8791646732377891,0.9400262610998067,0.8947648196984229,0.7231005812853419,0.9234905898665339,0.8151579648931834,0.870131644279175,0.9169689682636638,0.9374337806361543,0.6763261291937739,0.8826738178384763,0.774550983471124,0.8258881593044027,0.9190924363614335,0.9252491012592348,0.7012337520358491,0.806128827342809,0.5082366177131157,0.8203598070093807,0.8739359381507061,0.9070176439212599,0.6877772675617475,0.7809119460660088,0.6732002355718288,0.7442416200604971,0.8646488065641513,0.8793597668236103,0.7644487757677709,0.8833917114728329,0.734784802501939,0.7588923120026672,0.8604027056183153,0.8798355076087869,0.7790528405641146,0.9129946521296703,0.7312727753932835,0.7995139007949668,0.8765012499939956,0.9307018118456355,0.8127306099107471,0.9360896719756049,0.7483292709270035,0.8305720563425956,0.8764898329142596,0.9389382820205769,0.8464064194202112,0.8982105106174687,0.614619561741509,0.8201259336942662,0.8525369913990182,0.9179439749205233,0.8415783348125537,0.9129651505561096,0.8546365778897185,0.9173506149178413,0.9610940145968817,0.8878668777910833,0.6623928862729219,0.8149700616297066,0.7557799420869052,0.8449292431676119,0.9228915530855839,0.9055561766561501,0.5758161077228362,0.7737823491875979,0.6751986939515506,0.8142753186104059,0.9309576672062723,0.8685154137970404,0.5580536687822235,0.7081884171925225,0.43000532715515194,0.8208880884733061,0.8812558087597406,0.9800302650170013,0.9025722198983092,0.9566641522124935,0.9082984939588992,0.9068126658586018,0.9502489688985748,0.9762331568285608,0.8068038970079647,0.9068298201779648,0.8100841762698681,0.8518834743668823,0.9503299037573812,0.8169912142143966,0.6649408729762454,0.7952375702008889,0.48462555368118027,0.7964626640721375,0.8805270427553041,0.9830037599600788,0.9253791829484811,0.9547225255932446,0.8361442657327831,0.9138461288798874,0.9593841815401863,0.816164761086406,0.7456058221481965,0.8289473369284733,0.48231046691406076,0.8107372420648865,0.8917376826334338,0.8782922273099364,0.8666909587139597,0.9222621887960821,0.6986191587552036,0.8621962259550374,0.9221343722659999
jh,rest1_vs_type1,0,Rest,Rest1,13,0,60.166848,30083,32583,26.078320707073033,49.18964411517446,133.27848068386453,16.84210432183939,30.664262040894997,58.09273254963951,17.01784228441432,56.579270171036626,157.24631803500208,19.14579045133189,27.017433569571033,59.441625773509756,23.879990156457378,34.18269216083349,98.85210983280474,14.027659447480437,26.229168611167918,56.64254381625159,30.9085192726424,50.33314740757508,171.47930306436146,18.71824594885546,28.38460838401514,55.73346015604815,34.509421344135845,54.73373135937238,211.30197990125237,21.02220679868997,28.563341794456697,55.473212843146385,23.65286583894661,48.91548865936353,199.23719581908514,19.52527818399236,26.231307270698217,59.18421582487269,13.355653376156685,34.65511979871438,127.94551305618852,16.519496110684273,30.244241242472167,61.49506744977702,0.8401316602079761,0.9008599554559339,0.8926622070506095,0.8113619304488269,0.8082667113381973,0.8936375252536182,0.8601421575843378,0.8724336591115059,0.9027217830927142,0.8537766522060146,0.8451868414973325,0.9500300821039384,0.9258951972349934,0.9202737884392161,0.937618566261132,0.8363559874465051,0.8983790550892449,0.9408052960583309,0.8954964647942658,0.8986806954936656,0.932684193741415,0.8495889704694823,0.8618386528820194,0.9388124016092756,0.8143512491271095,0.8797832197758195,0.8441395563190135,0.7823846458056024,0.878321950080938,0.9378830788349316,0.6158403244648674,0.7714577500625721,0.737452323386206,0.6084796465597311,0.799178278806144,0.8846493183531977,0.6148131570736673,0.7413053152591287,0.7569727980420993,0.6993463926701937,0.7401000875518022,0.8573345354412595,0.7614608801612809,0.788771235660502,0.8314440010778441,0.7149135880099994,0.7545170390211556,0.8528958506630481,0.8122337272439929,0.8520954077134565,0.9101374309991206,0.7510909738825958,0.7790325174384553,0.8999050471747826,0.8679192829517665,0.9311457303480694,0.8963811102621551,0.7915822829691261,0.8054651200026715,0.8959849264312043,0.7603913347118799,0.9083566813895034,0.7869222203236509,0.6804323684097421,0.7137640297483758,0.837539537524178,0.8723248891463706,0.8795727444846424,0.8939746968533795,0.8606568424056024,0.8945739178822084,0.9649806627404638,0.7234112692949326,0.7596263658230378,0.8354052282229703,0.8008028094988183,0.7722836783409881,0.9407354304403153,0.615960851997531,0.7409790940124649,0.7589616191465499,0.7241360530236989,0.750256696169591,0.9309986725771758,0.5394832042948569,0.6479428082942953,0.6920022390856042,0.5507839236159878,0.6862405890931216,0.8876176711500536,0.9443916975147745,0.9086653958533794,0.9655855943319572,0.9415311445927566,0.8855064357905438,0.9478566111356587,0.8632120665952235,0.8522892855250869,0.8755413977337583,0.8676315864198438,0.8491880872925706,0.9468797735509151,0.6552852346119419,0.6616313742635318,0.7263658535814582,0.6302710284515378,0.7462677946747663,0.8938577997705216,0.9448686545752577,0.9441508528047764,0.9259546338749896,0.9110226249159918,0.9085112562516047,0.9698984199096973,0.6589139115877818,0.7433377878905639,0.7705424453934309,0.6672229973885521,0.7617658809572497,0.9069636263919219,0.7635527149415702,0.876951829048837,0.8647099950949293,0.8169042713198003,0.8515846763666456,0.9352139963905584
jh,rest1_vs_type1,0,Rest,Rest1,14,0,65.167475,32584,35084,826.6375995158133,210.0728145156847,151.64379194701897,17.328865501697734,28.268058095282377,67.11687474709045,821.0842826998835,217.03741146832598,169.02370780925176,18.28882674084633,30.256849817221852,72.27920963713566,228.23406730927914,53.11292801452917,98.34730106247434,12.486819735597622,28.480410855031693,67.95956309882224,185.241840510059,79.14320960546631,162.06519689479708,17.492015043454934,27.877112726529624,69.56308878314931,203.1731333831646,94.37703026579857,221.8068717633173,22.264961843674854,28.789368032987454,68.92684779678977,192.6494548525837,86.63842502157038,194.5424239837302,19.372197545374597,28.299095785357622,71.36914126384697,219.12135087666465,65.93538705272186,135.71035784235903,13.812693618963115,29.82321368223507,68.57076806490036,0.9829435827310329,0.900482190844038,0.9664541668728386,0.8424256495906806,0.8306724122186762,0.8951475898873088,0.891708651687437,0.8619563804871299,0.897082758761379,0.7888145507768136,0.8635348572560589,0.9414509174511704,0.8462099221799155,0.8072191677071037,0.8900758530948186,0.8667407921933927,0.8847682421402588,0.9393285800062049,0.8751729173154165,0.767231690802437,0.9254438114641159,0.8798844083691865,0.8629706805412743,0.9422794805830588,0.9476106642084684,0.7841669542358796,0.90492335453876,0.8343283633728381,0.8168912562924268,0.93744427387902,0.8254011734277459,0.5958547311260857,0.7776177799628484,0.6692239592638873,0.7442476242940469,0.8771932288252392,0.8197620687287711,0.6523414607038347,0.8360356038704536,0.5712247522747458,0.7668213976766918,0.8791266577635126,0.7735332639483592,0.6290243230471081,0.8649718426475378,0.6840880505011665,0.7617223752556364,0.8880536641824014,0.809166096483504,0.6662630643749693,0.9131843593110066,0.8333389263944365,0.8157600076697031,0.8951960787754684,0.9208861636085577,0.7564280759593114,0.9289811499096567,0.8506950344448844,0.8035574177311687,0.9001229192264781,0.7948060407919701,0.7301334955557301,0.8410276197423455,0.7050729954031871,0.7763842542678171,0.855080964519519,0.9711243977523244,0.9010067578950256,0.9459222637385654,0.863089984589278,0.878764624256102,0.9532159183129034,0.966054544867109,0.7657938515767115,0.886697513291962,0.6685966874866968,0.7897396596342563,0.9299417468551284,0.9099021103258061,0.6589869208274785,0.8281449992986888,0.622871151827012,0.7129790232963277,0.9047487503977825,0.8582122966720683,0.4376431115773629,0.6829927780248678,0.476650346174228,0.6876690908799497,0.8514923628603144,0.9904514508664616,0.8986654180579083,0.9513448146441268,0.8459892861062748,0.8843680285031313,0.9593549623316843,0.9094222881580372,0.7883132110501886,0.9022784355669252,0.7762534738787882,0.8008919328676722,0.9348468580978555,0.832237986808212,0.48067225629926347,0.7627761693016516,0.5843969701499663,0.705244458369782,0.8707605082662989,0.9377380982530203,0.9260557797497133,0.9665032427162359,0.9087499594097578,0.9061836173078788,0.9590694130683719,0.864106714921134,0.5497010603974707,0.8449290159916764,0.7309830095560439,0.7948751316020113,0.8990711067851379,0.8261971208966763,0.595149216369877,0.9117547443214511,0.795070784888387,0.8412912258607544,0.9296659654947221
jh,rest1_vs_type1,0,Rest,Rest1,15,0,70.196792,35098,37598,299.55454971179455,134.82246172065246,212.82060613048202,17.29411637145971,10.426560733219786,14.885070462256314,236.3543576325211,117.14980943580788,189.09521146108602,17.62461114985645,13.454437900234234,17.202448416325264,117.1048170272685,60.01626351530165,163.61326545237105,16.478425926517076,10.922950598052216,15.439784082905298,76.86398579067583,68.44275392409376,240.88532534168496,19.765929727133777,12.387879701125097,14.22625250028662,69.13912471790135,68.78079370508668,271.9312419489619,21.41978058788417,12.538205789450338,15.489726533004863,57.64862801232352,51.415321843002616,227.02637900322398,19.325934908996736,12.23086744005904,15.98358522497212,60.31711846292452,36.344625283492995,117.71419843968458,14.988837563871598,10.718241684094227,15.777033764201446,0.9611014139237523,0.9383426394987384,0.9577556163275387,0.8126314758539345,0.681476211726314,0.7679992520540264,0.9700320380536004,0.9099415216237472,0.9573350891646516,0.8023955111201692,0.7822481273381505,0.7818021035057839,0.8569894444770924,0.8653832225593887,0.952634241432784,0.8690457441227364,0.751322740610773,0.8240255100756161,0.7697057203955948,0.8397769067032116,0.9435936865249147,0.8713487179181743,0.6928197380821441,0.7869715260336864,0.7550933780500532,0.80446163336868,0.9222448614527312,0.8099946850544572,0.6147234528117904,0.7509414471106763,0.8679075047607215,0.7636819249524875,0.8886265523617645,0.6664705529581113,0.5046891343787576,0.6348519512516155,0.9357744690671957,0.8116938047528115,0.9021115288209727,0.6444234268416357,0.5610508406254877,0.666536360238983,0.8803095306529084,0.774500323837158,0.9177688573729341,0.8003855975536374,0.6098057911801733,0.7220845779761879,0.8413391766524704,0.8065809658164003,0.9341121284327137,0.8596020949886806,0.7204243927458147,0.7578607672933468,0.8673805210789612,0.8736896307789653,0.9373901509118687,0.8416602467874721,0.7466847732230466,0.7754000959345262,0.9503160117223336,0.8745405933158161,0.9060294719066228,0.7103000863719189,0.6465512278936327,0.6624543278200848,0.8823523214992157,0.8621080371185489,0.9582962983457011,0.8511565203162385,0.8014129241222829,0.8849857403468058,0.7604445100826057,0.7588158163317231,0.9105436245806022,0.7182787197222708,0.5827462077362362,0.7447280067937494,0.7453809578515598,0.727728977675488,0.8750242296526725,0.6764486552802333,0.539094840733021,0.7331459592732885,0.843419087802594,0.6765461942544437,0.8290056914786424,0.5468124470454361,0.45037513765002546,0.6635091881181954,0.9502929294651777,0.9435435945579946,0.9739975907411464,0.8920985429786753,0.7930773802483028,0.8401675939544951,0.8908521201446556,0.8082113356068198,0.9301947833562121,0.8276539170159803,0.6761155228364821,0.7938167609638389,0.8324462832764675,0.639195229934767,0.8533842833499292,0.6572331898474971,0.5069672895864688,0.6563209048983121,0.9564248814988371,0.8872735735729208,0.966258361823978,0.9062249211701306,0.7799650663573345,0.8500162022012514,0.842932731139639,0.7061824263052022,0.8742149919617598,0.7088621925090345,0.5843846593089034,0.6538383355098796,0.9191404103737119,0.888198756736038,0.9351099972236627,0.8071883176460997,0.7537830378779133,0.7804059988914328
jh,rest1_vs_type1,0,Rest,Rest1,16,0,75.20202099999999,37601,40101,1082.0366574369548,208.53259876529606,135.78587849441274,15.49004292280429,16.14008645077936,10.658882412378064,1063.196430922947,190.74811139495094,154.447082752848,16.061146612095005,15.844036784343109,11.84669750481896,290.8333360160027,71.14055136053743,90.86440102707293,11.097215162263835,11.355362571317226,9.759664688175654,243.13471806489724,80.82066340555554,149.6904022863542,15.130578281566164,14.777328693233688,9.616771255888908,298.3194371804604,81.60256176014391,192.1511322329678,16.464716241984913,17.351124288551283,10.27090057211556,263.9740539536195,70.73255683090834,192.53741752712733,16.603186328420662,17.918012041092354,9.790957085004463,263.85211064083114,57.78180014472822,140.53263024058265,10.41799475638707,14.32270866924578,8.913772216693394,0.9984681560815271,0.9705734175537113,0.9305592277652412,0.8048724072581729,0.6933154915244819,0.59519666840928,0.9921848740143903,0.9130351833498015,0.8783654069550352,0.8445496124824317,0.7861665659691549,0.7443762066511478,0.9615431829689225,0.8269066691682867,0.9309868907169371,0.8910229570883954,0.8140446600990764,0.7958056431232288,0.9543642625876231,0.7877526820597837,0.9437930062561148,0.8277720807714541,0.8057227468343889,0.7784929060091231,0.9694865451364912,0.7736071730443662,0.9015377022117965,0.814666282550915,0.6812745116444124,0.8043732115970877,0.9929881212786942,0.8168830723928422,0.8467565489201554,0.7618472692361873,0.4846384910563474,0.5608938726074028,0.9891309727684398,0.8562252607397703,0.7342867701143515,0.6539786802284434,0.5878565281490988,0.54376057543978,0.9573338166258284,0.7927342515281187,0.8297331784813882,0.7175214279892357,0.6801960951537438,0.5465258167333807,0.9537793855028801,0.7795950253694242,0.9143115145859172,0.7459851913872202,0.7197529679615758,0.5840384388732713,0.9701288935654556,0.8165085589881904,0.9406847031495271,0.8138227235144456,0.7389892495385723,0.6303681480920805,0.9942605086027481,0.8827281807138684,0.9130235801773343,0.7887265668426627,0.5320478966406482,0.5790917895393887,0.9731965169050952,0.8511513517549263,0.9347102657988462,0.8711765312717468,0.8068357976606864,0.7734902147872659,0.9588542951914559,0.7663526367030762,0.828556426076168,0.6913771028646478,0.7305128977442694,0.6353029820860738,0.9712332526966301,0.7373278877428939,0.7425611833972177,0.6645200496848896,0.6666571249266211,0.6691851306472173,0.9919644340001668,0.7687596856279671,0.6994683685214591,0.5893369131880861,0.46154919334229055,0.5367430421832007,0.9921793851208478,0.9525710735388501,0.9518922366903283,0.8752585508227375,0.9100518702146484,0.8451139331804981,0.9899768940339556,0.8811322199662492,0.8751873294651513,0.8329811197231844,0.7256255866069845,0.824918359844558,0.9615738285313794,0.7382197875340166,0.8004991254471465,0.7023049675396408,0.4297450268965135,0.5100798781865408,0.9929150372249413,0.9466139481173756,0.9553281217892202,0.9282458366536629,0.8299173858898875,0.8807429528792209,0.9554658841884504,0.7623119633429991,0.878575663056341,0.7494261888774743,0.5247200997971158,0.5110144714264321,0.9709348349655723,0.8791061146667203,0.9542903200193757,0.8307337820743871,0.6977610353771833,0.684838588337159
jh,rest1_vs_type1,0,Rest,Rest1,17,0,80.24184199999999,40121,42621,1367.1013146767489,408.79364834048073,190.95575456374362,24.010072766696393,16.090117863211482,11.054725023453505,1403.1614600874582,429.84398854057247,216.82962227914592,22.197578911254137,20.224379019532574,13.785104439221826,324.319974092484,109.85368413695271,122.61478195277596,17.557135020811142,13.640689970280775,11.748349236931764,211.0882931007324,110.00575617604457,209.90813256179294,25.65307832254914,15.977987860146131,12.306381985350331,249.6059317102554,113.66250493725622,247.6607589468195,28.975508057522863,19.598722567814004,13.184381554607839,264.215588013776,112.23020815135084,252.170472466133,28.72835465256809,23.175820783649044,13.133752875129876,335.2851722404539,114.63508681869823,175.46008846569922,25.3741785603918,16.27810876549565,12.559592313467723,0.9908357984595321,0.9807186122623499,0.9574535224308326,0.8687152303133852,0.764523653062005,0.6688613548471286,0.8935587929705399,0.9110458611019974,0.913356515371427,0.8178389809323843,0.7093657955264534,0.7964023193256167,0.9538900428330973,0.9100739308995448,0.9096839363001207,0.7802525166636451,0.7468404398840012,0.7756159446183291,0.9406377756337494,0.920323135213696,0.8747313828676994,0.7652861865481041,0.7157639255225517,0.7787511975995548,0.9513354234802781,0.9103237280706513,0.7975443669295806,0.6555977560819655,0.6937647498335825,0.7500964471423249,0.9457684599284986,0.8900609039830508,0.8127065467803284,0.6073043002164636,0.6268485220017173,0.6902417759984318,0.8346112827510151,0.8626951671661158,0.8528856038526236,0.7082921380199514,0.5838406392674882,0.6338729892681748,0.9329184903505837,0.8848343680143622,0.8738496541326318,0.7151999102708319,0.6558833599594186,0.6217874512407869,0.9383973090424359,0.9261745406195805,0.8776446874338392,0.7519759059396309,0.6577210658346977,0.6627215522820713,0.9665535989093182,0.9307584768277147,0.8577679263282528,0.7488195971119452,0.7742767977523968,0.684384979702974,0.9763856905699152,0.9373488920485236,0.8905636073214727,0.7503325658795016,0.7752917110068822,0.6453509865171813,0.9075569928127933,0.9285905750671635,0.9593440412214671,0.8909705170516443,0.8073959882961603,0.8046000986443962,0.8279391951570748,0.8703493778996539,0.9042319013100502,0.7537431248092853,0.6191768515688432,0.717169695960173,0.7973486669220063,0.8385317766837987,0.8054307232387267,0.6497018987458221,0.5412342037354769,0.6758405259966178,0.7416321018826374,0.7880045541853322,0.7572767594716271,0.5552396602354491,0.48016380006810067,0.5851326886230092,0.9810361899827266,0.9542937437989365,0.9674520448866526,0.9002763094304799,0.78893084586656,0.856047209663227,0.9527397203026003,0.915001003164397,0.886526351753935,0.7734200126764174,0.6567623634749316,0.8137931296135965,0.8875783077043393,0.8629663693797148,0.8451219400850093,0.6146122053161428,0.5516724191842598,0.6695322192216586,0.979017705927204,0.9732711348553376,0.9512371618965932,0.8412882753997407,0.8348256425549427,0.866451164666281,0.9142581706710123,0.9313480815546074,0.9007402910526666,0.6750243859998311,0.6096782220047885,0.6976728717098237,0.9673617344622873,0.9433462190352617,0.9471933043981325,0.8451447479469242,0.8060639031125335,0.7901491219641587
jh,rest1_vs_type1,0,Rest,Rest1,18,0,85.24403099999999,42622,45122,689.6852868927922,292.44521420293125,282.550669915778,19.713891207137955,16.827324959126102,12.033333604040095,605.9994966172047,288.78780209374526,293.44016424628103,23.88148698085611,17.169990345237764,13.61513142236507,273.8202664465196,118.79122257551518,165.06276731530383,13.685031928657335,12.330339711849595,11.326239794571068,193.32783185526256,118.55003840346971,271.59774278633427,20.31476707158387,13.544176309807503,10.860013792891763,189.2395544594475,141.65097476016965,350.8952089808936,25.664320170203954,16.927005890463946,12.372646773715463,155.81360273081413,123.97084631719423,303.28630012111813,24.93885175238567,18.00345890398733,11.352869352247012,130.3760074932028,92.36365916529071,186.86375838623505,17.84767629873144,18.60552121890007,11.761910165620277,0.986158281412154,0.9623537733621149,0.954260056112536,0.7652364563421223,0.7245992014380975,0.6596807411661746,0.9613771469191129,0.9271600294097945,0.9538432237957695,0.8698068325257751,0.7729852730859939,0.8221468808479623,0.956431853549289,0.9101612418775156,0.9669730718780387,0.9087287775605813,0.8594499288503155,0.8034706928264418,0.9293264163372492,0.888458795708239,0.9471660224031144,0.8797395255832409,0.8166414616847767,0.8058890114799034,0.9507466036642622,0.8705860868066195,0.9118400724928234,0.7950361403800442,0.7459559169384896,0.7894947853321732,0.9351120539758938,0.7945082019497491,0.8259888564122259,0.634213218355019,0.6302145833441204,0.5080851062120623,0.9172288343384892,0.8625618088929159,0.9050180450862509,0.6541143986420362,0.5516116947106977,0.6260889563249616,0.9313252035376954,0.8873876812588861,0.920856212795821,0.7155751158282505,0.6209217036804577,0.645117845064594,0.9138176532422507,0.8965045317568243,0.9364833980015526,0.7745198453063397,0.6669489442470948,0.6727964491188538,0.9533535458350908,0.9238752725472219,0.9627271386323084,0.7712274634365752,0.6627702920448747,0.6716832674517305,0.9769047313974636,0.8757813070981415,0.9175654429381218,0.6994871442775052,0.6559714700258904,0.5804054700871727,0.9608432212832628,0.9140036498811848,0.9469118085530441,0.8346750943615502,0.8079245051904327,0.8197001295286876,0.9280941059044804,0.8445498206986747,0.900608767251675,0.7601634013609798,0.6836964882165355,0.7288755601248197,0.9227772381447285,0.8128374915478631,0.8707991434013778,0.6727454098499825,0.6243211271087874,0.7356670271340818,0.8371982953699207,0.742004609639231,0.7990755214334652,0.5817704956975003,0.570904277755673,0.5435878047300139,0.9904381119717122,0.9726226464286573,0.9693478569301839,0.9404849418662096,0.85296278395609,0.8426055646255188,0.9794870564970997,0.9311306569885787,0.9197770627546035,0.85409276389791,0.7509637791461587,0.8312283213843323,0.8785544300826635,0.8255485149636719,0.8115985093172797,0.6304625534024594,0.6177246149989402,0.4944177457818119,0.986437028300318,0.9589911657618607,0.9624664939549652,0.9148136632423683,0.8272831924215686,0.8484688466404303,0.8739471063066194,0.8586287753393544,0.8662307440258317,0.6523571417481977,0.6621617520163274,0.5488246131418434,0.9311437567856468,0.9208902414836047,0.9486175218536781,0.7777446181786553,0.785720108198269,0.6053144660742952
jh,rest1_vs_type1,0,Rest,Rest1,19,0,90.25134299999999,45126,47626,73.28417200260455,40.31174627003298,139.68281032404906,16.341952823704606,18.471721848080005,29.07775517681593,89.94409472170383,54.562818334683826,147.48014066800232,23.097119675977485,17.130413428787996,32.636352153601536,107.3511053370434,39.81256009366388,109.2846471078004,15.846333633080691,16.93139004180498,29.349125508580887,38.78480354750294,28.485969064534867,163.25867795011848,20.418465503847386,19.308218944323304,24.041600555082866,43.268214777952984,33.67672909306731,176.12430609139452,22.651559921890524,21.765927929879822,27.045385049899224,42.85374145976571,32.93814308912979,149.90752563149425,23.21037832622271,21.151616043306973,27.582940431220546,72.45385075968196,47.378635355054804,95.82256794005758,14.624672240115094,19.13239566291167,30.979986233815637,0.871196216499463,0.8507495563986005,0.9093397237977374,0.8529352834863061,0.6479092438145769,0.7359375575373492,0.6792782564383328,0.5032580680999604,0.8865654515435659,0.7936873970806639,0.770373101612158,0.8695449745049277,0.7852854055825057,0.6535228439773029,0.9185785125023802,0.813806061738168,0.7852927314443898,0.8087414333426161,0.7854245257696517,0.6683626696478144,0.9381876939654512,0.8635138522698822,0.8081471868094237,0.8138053378128307,0.7105339540258863,0.6966575124251495,0.8753337388020199,0.7998568415990513,0.7502359903137765,0.804246655368077,0.6566678828870276,0.6258409311225158,0.7931626948072439,0.7169348801380536,0.5527010851350425,0.6795572152669813,0.5345188758300402,0.3819125354148901,0.7788899247004839,0.6683893923809061,0.64423385712724,0.7217108270007879,0.5874374248522901,0.39293768042292143,0.812395564944451,0.7191892669022417,0.6240311036119746,0.7341865138366475,0.7018158535488223,0.5137727775588034,0.9044194095041231,0.7986273202457769,0.5984810538152733,0.7717690296448193,0.7660890449598949,0.7572299599905086,0.9228571424188626,0.7964907997222878,0.5985670470395918,0.7445590827607217,0.7997272415355936,0.8549202298503671,0.8877434081031191,0.7044169240279003,0.5649324317732222,0.6765385639740799,0.5869180123676848,0.7223259510721862,0.9214862967951575,0.8079396763307677,0.8411786325528613,0.8908806450293522,0.38295357907440103,0.4673522764410184,0.8011311266936779,0.7137845031378669,0.7427740730992168,0.8383879527467072,0.27345013282840547,0.3635571921764319,0.7464780605593083,0.6457353441004038,0.7220660866754661,0.8146564026366286,0.43464980286583027,0.3493114085372431,0.6872920348435253,0.6515687870909466,0.5960927240415719,0.7111253476450433,0.8671594076651076,0.8401528951420145,0.9082472161283865,0.8711390168438916,0.8685382262052949,0.909490826744711,0.6808320670019521,0.5478080399562988,0.8110334123382954,0.8064176003131098,0.7751555125947405,0.8543029531784483,0.335617055970815,0.2332265147264698,0.7068133686860923,0.7267818272068931,0.5410204246271316,0.6858425805018726,0.8991764697814705,0.7812974563587342,0.934699846270356,0.9363592257304596,0.8638769241618934,0.9026206106990062,0.4172829815071856,0.31725394615223473,0.8208897570826463,0.7862312217331138,0.5421165844443964,0.7404450085032956,0.5585068771050401,0.655935892540557,0.9195084521473319,0.8254793543956916,0.7467712646092536,0.8060710490507444
jh,rest1_vs_type1,0,Rest,Rest1,20,0,95.271964,47636,50136,16.504915169780183,20.655915618514157,182.1375976586111,15.1166673545339,17.60444735036002,22.569539734538992,15.968801868515763,21.921466609333393,181.34840944684174,23.04102688203254,24.291264085236065,26.648380056216087,6.446056635110061,17.78350283564825,135.15797605971133,13.956365539877735,12.693791016765996,21.32316918957083,15.332385625824749,28.549977566816153,207.33522866739412,15.876619921677511,17.74515095905745,20.896316044045427,17.909541573028815,36.37756980690013,246.28037212849236,20.148202273863618,20.737159740592762,22.841170218668726,14.364200988675076,29.249928134113,227.54656247984175,21.343241545570283,20.72089666750007,21.78063326050301,10.821302043007355,21.534828943636345,136.94060672234247,18.29055512714735,19.225428803750436,23.023792837578107,0.9011797324478709,0.7754364275101921,0.8999177866097844,0.7129730701038691,0.657961279769214,0.602568742350506,0.7259572537927957,0.804386828279545,0.9045430832631309,0.7720878363644429,0.7101249027828271,0.8335773448774777,0.9119909478287128,0.8995837048820898,0.8832524657201228,0.852668019543003,0.7849025473483563,0.8416581111834217,0.8167366401519476,0.8318510228500777,0.9194472480736412,0.8562172591389462,0.822243887107861,0.8285751043817053,0.6533271311777168,0.6809147596332453,0.8466687658565595,0.8510444999723317,0.7579145949672881,0.8329069434954606,0.4556460676182487,0.4996078585085115,0.7142391356898844,0.5560744679852877,0.6418465332674708,0.6855566479137452,0.5878831871318541,0.49682310658044027,0.806365897574952,0.4804468345226258,0.4815038719629759,0.5920991578504502,0.857959707549896,0.6947832273310608,0.8029585906198031,0.5880914608923415,0.5626095615162968,0.6266770065358394,0.8580164250774457,0.7737261598188072,0.8838814254818989,0.7138769851822172,0.7524930471612961,0.6857572206748586,0.7976505274228073,0.8130771914870283,0.9037354763506261,0.7928784198987483,0.7698008187164976,0.7039245176518621,0.6018089523606945,0.5990336424104256,0.8353905010656991,0.5988130832816204,0.6982696310029658,0.608449204743421,0.7079705437936759,0.7849036212095,0.9094702474614099,0.8394358050465197,0.7804830189640806,0.8484840993554102,0.5368541482532733,0.6107340857846704,0.8359778655640794,0.6873587740194568,0.6501108200422683,0.7772632050009924,0.45665227862579866,0.4235226955948924,0.7466469051610904,0.6345047220258617,0.5772807498384211,0.7820430262736292,0.39182661393861834,0.37351558302233334,0.7196936323450904,0.43375358309936196,0.5136045844967627,0.683257363449165,0.9073971539640656,0.9114825680186827,0.9280714960163209,0.8644264610646066,0.8268484593758112,0.8811310035494557,0.788224040338806,0.70255648336365,0.8235736997826955,0.794067699290787,0.6994258710380737,0.8860763330312232,0.5380999476357481,0.42703093574540707,0.6820443396748879,0.4939477393646799,0.5888571257155588,0.7203041997139888,0.8916631597406788,0.8124452476162984,0.930341197865604,0.8998615871498653,0.9027816187568687,0.9074310212437272,0.5713880684589929,0.4231643158682016,0.7380903008564325,0.5347234931426904,0.7419999959226706,0.7232749430879581,0.7837248208756943,0.6630762847975541,0.8335569824783114,0.7041680881021436,0.8286786926917815,0.7893637325653522
jh,rest1_vs_type1,0,Rest,Rest1,21,0,100.278684,50139,52639,30.9753834470637,21.635288523551164,170.9467162656718,16.811825543045565,18.228032044657596,23.562565088132494,31.519952596925737,22.27824467315939,185.01864645518452,20.690672543369807,18.439044193720875,24.645328850920716,17.50759928870525,17.7149954717792,113.751049138851,13.940279558759332,16.962300246801682,21.873112351606164,34.60185496337545,24.92565411930254,192.96000381168034,17.882827065107023,17.279441946431383,23.638770701498466,40.768380961746765,30.43821385351792,232.23569060220402,20.668079154520804,17.9090766870247,25.329257947587884,27.37970088702064,24.44373023749029,218.3139277722814,19.235294009043514,20.10014565700385,24.97333886275173,13.318627366808384,13.645502083007877,134.99046827887886,16.852625800920077,17.791708611609703,23.986451848869116,0.937407348050169,0.8324142013438192,0.9280089263697043,0.7887180834767621,0.6830865017007683,0.8137514229586158,0.86924482964337,0.6693831699124089,0.9075997165847263,0.8581845447707391,0.8068699763711358,0.8826448387515594,0.8572361314142163,0.7868153043575922,0.9473813732130146,0.8954299477967133,0.7887649642175776,0.9119813969800579,0.9749507239262426,0.7934441902541234,0.9341200925284958,0.896067782406944,0.7597314323054231,0.9117473716949885,0.9095573987070411,0.7407789949520585,0.8861854492434968,0.8209795808307465,0.6587715064167423,0.907026251645111,0.7944459302527099,0.5430446430827262,0.7868249246727814,0.6779051778448243,0.5573880656705068,0.7688543312966006,0.7756138691048382,0.5683931329201057,0.8194185513364809,0.6931376297116667,0.5463317109021276,0.7964564069600933,0.755947296351762,0.7380388251607762,0.8886872739191242,0.7590299722584907,0.5403307861878459,0.7753822236656878,0.9319187016784146,0.7939878500372928,0.9254291619520512,0.8465386949703088,0.6214773202790957,0.7645041351126598,0.9383536594770909,0.8921676763141425,0.9332655234915315,0.845342946481354,0.7217572216962463,0.8231080791032362,0.832850087465706,0.7397394959021353,0.8695313357488491,0.7179289153107794,0.6203543724826128,0.7405162460811534,0.9341985152321954,0.8288679418208619,0.921965324760953,0.8879396329437572,0.8091290904417235,0.9284647154026721,0.8825370808089122,0.6122262626469395,0.8500627026596831,0.8178042686790012,0.6249937453919436,0.8624429444965109,0.7636962975652386,0.5973383835006842,0.8046663911806892,0.6985380860156705,0.5347338326393138,0.8900918383491997,0.7002446001372685,0.5087607478984528,0.7480172339653595,0.604417360050756,0.46205994809602136,0.7586762593261617,0.8768802171302624,0.8627286311111177,0.9591854675601645,0.9439608989641278,0.7799232564776422,0.9223771096345036,0.7903185179619143,0.7947787544423748,0.8979283255027525,0.7841460149713911,0.6215480156445878,0.9088080545081373,0.7064866901386347,0.5016275029853089,0.7650534942122177,0.6135665542163621,0.4857407490765694,0.7647454910348245,0.9237869305915365,0.8484118836198548,0.9481285386698095,0.8810737245964679,0.7990825240495479,0.9351600347108416,0.7789901328881008,0.48510405206070484,0.7910128860792133,0.6937031228966897,0.5560199711822844,0.750303804738289,0.8790298399421941,0.684480313064008,0.9030146473664228,0.8648874065628437,0.7298160155385697,0.8337379099233019
jh,rest1_vs_type1,0,Rest,Rest1,22,0,105.285007,52643,55143,22.274226057869193,33.72377268614649,183.0579387145549,12.357291576211363,13.556398927980839,26.968491879651484,21.772670062597058,32.04570522540985,207.1890631648349,13.285048824249056,15.600477644612091,28.79538354753754,16.190531143033766,28.199979343897716,110.28361140960267,11.523231645985032,11.987806798002115,27.33444526933945,27.843339498832737,29.32048101690657,196.32609877075973,13.912449152802179,14.97403449781056,28.484604526811612,29.560945581615794,36.23641947792839,247.67341508720298,15.710031121246304,17.797078407577864,29.61721033529207,21.045944940039448,31.555547273430637,223.8183627685145,14.900107625248891,15.395343928614874,27.830640404463534,11.77692957110963,22.758517248402754,140.36865652032333,11.857848098664673,15.013399110508704,25.927347494439495,0.8500352800353269,0.7271528681103872,0.9440756479846086,0.6926188993267972,0.6561724591940854,0.7696280656386739,0.6529882911487895,0.6926241730417136,0.9252737347805662,0.8186556996630133,0.772655929790248,0.8535225270165507,0.8348096966279117,0.8048042706408802,0.9316798075431205,0.8627289060363397,0.7723477844825961,0.8715464176981913,0.8355333347754961,0.7501807386436363,0.9451354629514684,0.8437790806101076,0.7787637118779205,0.8892798451802182,0.7493633166331737,0.685392200301912,0.9028877593425204,0.7510178625198547,0.6965963271577669,0.8676463994136817,0.5592248793729611,0.46924602140778765,0.8333113365824559,0.5937672320724727,0.5918880566827996,0.7420887793236634,0.3846991160576397,0.5529750376060381,0.8497435415694035,0.5108797408456809,0.5174629813154157,0.6984452724490857,0.6926674021875033,0.5921131498462276,0.889261443145244,0.5992829386960131,0.5531699687182509,0.7485873914971681,0.8151610833535697,0.6061327535171555,0.947512457274898,0.7089192999452815,0.6752595448843559,0.7654047449359158,0.8031440357309418,0.7472497472668275,0.9533873270303379,0.7697302180074822,0.7151897006455846,0.7828254495445109,0.4940358102593739,0.684039422745336,0.899638754687186,0.6212493560119833,0.5841240289354175,0.6675932252566814,0.6793856555743378,0.8014199308090517,0.9369563840819277,0.8548016589143234,0.8172822471367154,0.9034068068431925,0.3986301743258207,0.5155354866698892,0.8812848209072793,0.7218920892320794,0.6799947935192097,0.85266988705088,0.3722010798158267,0.48113999386502326,0.8341853451367557,0.5772790694258146,0.5937513071050816,0.8307802309696836,0.6104432115844752,0.39515584383568125,0.7792313201994973,0.48878949966521457,0.5396337897199559,0.7368284997065327,0.843168006911608,0.7795025703568534,0.9669545542709683,0.883206824019244,0.8401142843632522,0.9061687672957064,0.7856911941979124,0.6016543350411432,0.9139547862067173,0.7186677000214028,0.7190953226986825,0.9045538789648628,0.6043727393654628,0.40689388944435156,0.8126956823536394,0.5509600970081182,0.597695523645884,0.7976164160659889,0.889318854298018,0.7299852365023871,0.9616699556704376,0.8799630911195637,0.8256426913013604,0.932427954894527,0.4694246891149796,0.45032418230292315,0.860212893045586,0.6562812202866988,0.6187320342597658,0.7971696966592567,0.6091390663631965,0.7712972407931293,0.9482217097118388,0.801178066033596,0.7579806903402801,0.843747719702466
jh,rest1_vs_type1,0,Rest,Rest1,23,0,110.28939299999999,55145,57645,51.902019061032945,39.417424349736116,40.19124311079405,14.994583152966834,15.60329324271224,20.592974171998726,39.7064042198424,39.32638976169509,44.45942979552679,17.70862795473197,15.612482363587278,21.398635703802288,31.282660350221086,29.80129939458594,25.559180791210782,12.12744813605335,12.86952786037697,21.828164552008392,39.32081252508796,31.3484579053489,37.89359458546913,16.073431579637475,15.211854089654782,19.8566449974167,43.14082982127057,35.30738683004197,50.08504982069486,19.53474096116985,15.223559126809779,21.662485604785235,32.35043573591794,27.75878129270944,40.17156959687881,18.086163777375187,17.627815009146566,21.83880438044463,18.18349464354506,18.394795529392646,30.335801582871028,13.74692105666383,15.9899318453703,22.391789232513513,0.8706127361094597,0.8636985624493114,0.9204334860849726,0.7971749603796671,0.6253028821373757,0.7670442857780156,0.8620007510961978,0.7450403040586173,0.806594148309323,0.8966177402093317,0.7689730878859343,0.8807585976750759,0.8320053774088308,0.795194551224263,0.9045367639821569,0.8910213247799782,0.8272274871603311,0.8977326922262968,0.7387491511503054,0.5927707063305774,0.8871169806788946,0.8715744461978064,0.8044825829679361,0.8934253761399487,0.7175705144092563,0.5575575431046171,0.8623924212916025,0.804838856120984,0.7254653000252838,0.8920855662075657,0.5002771319618228,0.5464449741615521,0.695004624484014,0.7750045070701519,0.5559097862069134,0.785956804365181,0.626569699563945,0.5327882842716511,0.7017595674552729,0.6781154394405365,0.5804598131702973,0.712665909490769,0.6507057245117956,0.6869358206174903,0.8335257737182111,0.7418103322753306,0.6329421838931276,0.733526935942692,0.6343159955948114,0.6749308934053867,0.869187705099302,0.7800499130448076,0.6780948878537931,0.7642419098325666,0.7078228749417635,0.7363396052543629,0.9192546218623805,0.7718126890680671,0.6257562867545932,0.8062261608279585,0.627216869267192,0.7307603668100917,0.790539887978212,0.7139242585166637,0.44050929936646704,0.7457398693572638,0.8638184949499749,0.7388041280031604,0.8592707489106006,0.8423776242866083,0.8036112840326117,0.8975293003663556,0.7148263287566042,0.47906490481442704,0.6943884384171367,0.74095347535024,0.672681763129337,0.8391659615471652,0.6531121431455014,0.33765827490014044,0.6620979893767802,0.7085846255204992,0.574321305364554,0.8486081980361054,0.4784149809974203,0.33320625852466723,0.6092828444516624,0.7207821616593247,0.4961350683016505,0.7907322109651244,0.9146795472682081,0.7944496240709618,0.9191245011205519,0.9039122170154246,0.8498921567200398,0.9282445269377985,0.8376956118429956,0.636378162575459,0.8589282188342968,0.8458450685175622,0.7160955722653093,0.8983228015652233,0.479339961826965,0.519863248552854,0.6705328305909323,0.7504521864342741,0.5046957738395601,0.7708366484405799,0.9253972685708,0.834480018980116,0.9226660003610249,0.8796880344791614,0.8509189318526869,0.9164742663280306,0.5842681119314518,0.6472001474821382,0.7044771705156433,0.7846660482937857,0.5731716944697168,0.7782729595604805,0.7217724116411851,0.886162678242834,0.8465110255146542,0.8646613422951884,0.7241608619253782,0.8615992755187805
jh,rest1_vs_type1,0,Rest,Rest1,24,0,115.316165,57658,60158,19.550435099905165,39.37561789560807,26.669305535682177,15.724114092526753,21.47687199485217,19.791941159516977,16.49165020000998,35.79732655980492,27.51304620531696,13.373347063973625,19.89648201699794,17.76910954187847,10.815026096716316,33.37954824002243,18.766888733597288,13.37271663253292,17.873448560609123,18.561780611839264,23.004774077231776,43.52735022825802,23.759023945765883,16.502519742480526,21.002947216608355,19.27795683587337,31.35622787258713,45.99108675116558,27.4360706274675,17.042037575045224,20.844288117383304,19.744129406080006,24.009639012030853,33.12520945254426,25.838217968010255,16.82821191758683,19.385397196353875,18.651799570534436,16.531332830124953,21.742706958484234,17.708118129717015,12.129007474609715,15.60517303305726,18.824447632148622,0.9331329137369475,0.8597278871435359,0.773081091601578,0.8625959722770814,0.7876999242379208,0.842717011405465,0.915634187922861,0.8537909002611008,0.7877784449512587,0.8416251853165656,0.846045267305894,0.8786726781093569,0.913336405968304,0.9176198862594985,0.875463714525827,0.8982057139652102,0.8704185045785243,0.8976849402709123,0.9058007110704848,0.9414080456762458,0.8586915647859495,0.8570111541574787,0.885425488993896,0.8746579913407448,0.891818700925639,0.8630095365097815,0.7141179023570465,0.7564521382218689,0.8195074765528212,0.8674259685516321,0.8298253978938132,0.699327047044243,0.6335812056854783,0.6601654170488407,0.6912453881797543,0.6308253907539219,0.8385145494293385,0.6762270285796074,0.5490118648777418,0.6960171439539328,0.673981111637222,0.7919986512357482,0.8817517956659078,0.7417214236971542,0.6752653708495694,0.7715485156345291,0.7457005467426484,0.7840306979417837,0.9047396384238157,0.8160006763651966,0.773349682853486,0.8245344930125841,0.789171583852446,0.8041582297622849,0.9603519806021791,0.8715550396966804,0.7910255259648448,0.7872210541123914,0.8152875162708806,0.834313738814893,0.8998196860329591,0.8131042742716567,0.6109155392924204,0.6848382531578491,0.6477026750917704,0.6093975262783904,0.8996432116814695,0.8390074814518311,0.8494970271668899,0.8708044809343181,0.8493279164684925,0.8885918665309691,0.8462580078344616,0.7797313949845018,0.6794933740594782,0.7332860062290851,0.761196996566252,0.8045488623909538,0.821490594122722,0.6735576548716943,0.5644224662158687,0.6059830793068289,0.732310486253432,0.799155269034886,0.7447371699675954,0.5280521065712953,0.5658622102728834,0.5535684651021782,0.6548965193470925,0.5919942857625595,0.9544873414051107,0.9574589126813049,0.9068948104576913,0.8830964905070962,0.8757056566980106,0.8784720046889056,0.9086473949957118,0.8781021399536367,0.7509214189570175,0.7821775373279368,0.7842676127542834,0.8598523678577799,0.7749366066907394,0.674515040324821,0.6419378296241827,0.6426022074555968,0.6341995457247629,0.6340602593588999,0.9495327403375157,0.9274739477137852,0.8445240217549582,0.8776426197733115,0.858803945816935,0.9077044073374074,0.7824605109590048,0.7200333803935225,0.6566449041077265,0.6874200489097672,0.6830119409043173,0.6220837743683845,0.8747759324901496,0.8485717801705817,0.8247576973767148,0.7299126512763683,0.7729010678275767,0.7059518861800427
jh,rest1_vs_type1,0,Rest,Rest1,25,0,120.316219,60158,62658,518.8509845797794,162.76989908744937,116.56412544830874,23.752657024205433,22.992718016704213,20.4983228031392,508.92053854339855,166.01559479290682,102.34849178256478,21.907617238861278,20.474370314778223,18.614676896292224,102.15586200673579,66.51122534602887,84.7310146904923,17.97278333535765,20.22789100254913,21.2812199936354,99.7355862748371,70.03070366763733,125.75084636208778,22.953148618223043,21.647896818893173,21.990325421707748,110.08583285485093,83.08425507624018,142.0958782579488,26.944534291910387,20.664934231568377,20.900202487212482,101.8237174113619,79.86989004147377,115.70770706858839,22.149042116563738,22.619099173324308,20.814061724379005,141.05978183511837,79.50879239638515,71.5508571822718,16.6928347090811,17.347493448773697,23.29046003583897,0.9953741293394196,0.9481871300853811,0.9635530032075037,0.9193361464964103,0.8538139732467794,0.8738655165126358,0.8968283886034288,0.7259240737848671,0.8868955448678566,0.8155137588761114,0.767203602873711,0.8500385966330591,0.8793029058760107,0.7678124590050878,0.7752781740668994,0.8757784537350691,0.8389176026190311,0.8642441719805247,0.8277740426321548,0.800736156545458,0.7420688270878666,0.8565754144682068,0.8150559109226417,0.8474547433085657,0.8879719304551711,0.8294955527002885,0.6952391783944643,0.8405869708054452,0.7768515779249696,0.8476990123897725,0.9383920355636387,0.8709137038782497,0.7508500529690977,0.7356353895245359,0.6323602491611288,0.777153013797493,0.8848957453734204,0.5734760948427851,0.8200849908917883,0.6929860518667047,0.647228852854587,0.7447064136135934,0.879692040452853,0.65981999981098,0.742887948498142,0.7815455574983654,0.7149856047772507,0.7741947477850586,0.833930219478971,0.7315359497051599,0.734217526228786,0.8390943962983902,0.7475791784420868,0.7979976222639128,0.9004514393910602,0.8201148920643823,0.7190060303443648,0.8683171032108822,0.817937967541492,0.8329078672142146,0.9449605080963345,0.912769747469352,0.7806123557816096,0.7886837989672929,0.7564400066141975,0.7525525964064338,0.8803496043761264,0.8814716319221975,0.8966515203086727,0.8702607504650512,0.8711759571120126,0.9238672337319895,0.7857207447941351,0.809947674819284,0.8155287120635268,0.7937781115857552,0.727915716163701,0.8377003333651438,0.8431418838963355,0.6822587872604338,0.727103550353769,0.7275142233466669,0.6844990562907436,0.8226185576571232,0.8928424781764853,0.5628064124486301,0.689419273929139,0.5893244227386933,0.6350461530175575,0.716814694222472,0.9651487748968378,0.9535355148369042,0.9494108336129029,0.9093295266342418,0.8866985256622248,0.9108571459970581,0.9744247465872974,0.8618939213062493,0.8759828678273616,0.8303212533171352,0.7888613196035393,0.8928799609613942,0.8271670023384731,0.6724642466913185,0.744213208682561,0.6459898177205848,0.6287383046193491,0.7439076693461389,0.9502982011905966,0.9374025915036598,0.9157699839025069,0.9396368607788171,0.8776530056042532,0.9251352902290253,0.7536345718846386,0.744192278924209,0.7806634560857377,0.7209131209979177,0.6362622300182316,0.7673929479708271,0.8698389930698799,0.8775302574966376,0.8759853369916673,0.80216253473922,0.7477897773196542,0.8138656918040895
jh,rest1_vs_type1,0,Rest,Rest1,26,0,125.336992,62668,65168,18.329534003474418,42.223647628502675,380.8639059117172,25.88164837519872,21.169491754652412,27.45392737993239,15.714229914186868,47.52122260138185,415.07540674439167,28.132311506554025,20.493006939913066,26.15333639742021,18.99578699868007,37.68027786756839,225.64283419596677,21.70728587014732,16.937309002588663,26.340444485521278,26.455675798115315,50.97490119518565,382.26154482359607,31.656493598989638,19.92989138174818,26.92422968815678,32.58642012458078,61.82668004553859,501.9822907698666,36.64878830694597,23.6755504937367,26.47388843808751,20.059007503469502,53.170513040690686,431.91657640083736,36.29410774450379,22.56637840338779,27.602399049891435,10.708302693181041,32.600577004385215,263.70354314109045,22.31366674395147,17.283751204752985,27.78199866111132,0.6773321880661968,0.8036170171193414,0.9086730957736917,0.855936449633668,0.7697442849660354,0.8576770256077343,0.6105314674424843,0.8822960227999216,0.8915161428202387,0.8432976899961044,0.7799654303311079,0.8970792640333921,0.8365737036016784,0.9111752303125541,0.9032682432917399,0.9339848772723192,0.8488020376155427,0.9020361904107562,0.5978567052174298,0.8754086991977996,0.9266006328572761,0.8669223899338973,0.8634837293104123,0.911392801655405,0.5950842105049864,0.7296012487998698,0.8734115504850843,0.7659881300683836,0.7895799080776104,0.8983787899887552,0.40285840322338523,0.5054978904598186,0.7869270615125452,0.6355000968760233,0.6622701663804426,0.7809630030177428,0.3075796857784309,0.5652172711591493,0.7153457031440864,0.7088418774640131,0.5694321176310813,0.8390471538350828,0.6223546697849008,0.6663825201467148,0.790883551541433,0.807607909574253,0.6752261364559269,0.8583716442209416,0.6102643363986314,0.7969641544663306,0.8876625263767008,0.9003277566515681,0.7818144724983545,0.9081445743162598,0.6744134664325347,0.8113281081441522,0.9278098763297479,0.8892730151747683,0.790414728803585,0.9082995595069147,0.5215535956558242,0.6995517981911993,0.8080338536358861,0.7095782747658516,0.6334412286952236,0.7597653349458203,0.5626736169568444,0.901511329763487,0.9064350994163751,0.8838915263397036,0.8470655575711069,0.9314701616495381,0.380761270043059,0.7259499918578805,0.8056376124058691,0.7198006148869933,0.7135246810145704,0.8898092916575229,0.36544253322146475,0.5297016153072558,0.7019257687414171,0.6896292895976516,0.6242862350534263,0.8824707101582132,0.320193304332389,0.36083762076096493,0.7296449861945868,0.6300003895262976,0.5490507489070915,0.7190907763029627,0.8599515186452371,0.876508939880228,0.9270821050302261,0.8717162075778513,0.866309639699028,0.9374474084325194,0.7681698031747191,0.6694669253621254,0.8098746473396435,0.75476230589206,0.7651045114346798,0.9108627426891142,0.3568894245017555,0.4091074976147405,0.7140178765354015,0.5878951379638846,0.587256412776153,0.7501699803524537,0.8655842014076987,0.8853938033207462,0.8998385630478088,0.8924108047656071,0.8887304005500625,0.9345067251103988,0.328611744348613,0.5361922829166983,0.699421332162878,0.6435122834199145,0.6656437327458927,0.7725540878061334,0.45077596359577715,0.77527714857813,0.8101304552431557,0.7910051670945811,0.7599448265246733,0.8287151171531785
jh,rest1_vs_type1,0,Rest,Rest1,27,0,130.364251,65182,67682,11.797792823419874,41.432983608016244,326.17623472928864,19.282751792743802,21.490184678642304,27.147348938437588,11.647697064863145,56.87821502953018,306.46832726025457,18.55467703996532,20.734343855085314,26.099900823412945,15.078140483562064,21.889339833019328,211.8540519500696,12.894812719306053,16.703381234366205,29.05156362136991,13.919895279820551,45.13889059593772,333.46043421222413,17.620458439866013,19.138881698899464,27.720195043442686,14.703409645661742,59.3996744932263,402.3651252870652,22.789205690941177,22.1233035102902,27.431174323516196,11.917460652422506,72.80727256535462,328.51581506996325,22.095190103380332,21.290913156462654,27.20793458048008,11.99388741485113,45.08162843104619,184.95571138327944,15.086774804890245,16.561492276099386,28.352151278235024,0.933597765465437,0.8370357933521266,0.9252032061529549,0.7448985619644687,0.7394018040571276,0.8306196938309104,0.8247546656561412,0.7597832553627596,0.9258305729987686,0.8211606915038995,0.7946731388513393,0.9117481228033467,0.8927470484584639,0.8896219163349933,0.9434965171156543,0.8523532574493123,0.8563039670015025,0.9195951977476556,0.8155294789373819,0.8549232246389935,0.9535733933604982,0.880071510698348,0.818624180945708,0.8993780532655822,0.8731459851582111,0.7628092329538818,0.8829315423853176,0.7880931681656259,0.7341120774507883,0.8828396872637232,0.6593431405066683,0.570991741773957,0.8099915813220422,0.6220184456380375,0.5963912223837621,0.7633671839633551,0.8149991427976625,0.6019123267061639,0.7988014228474072,0.6004394342505085,0.6304259127584971,0.8189104251536397,0.8566705924460655,0.7350622714817397,0.8717685592621294,0.6551794506347035,0.7024722457893725,0.8387312449411716,0.8035065690129267,0.8164200516981708,0.9410072603287771,0.7224786172114721,0.8029262405906092,0.8538761762858743,0.8790310733510442,0.8844028095962687,0.9293778367121617,0.7499432999057706,0.7809068765043239,0.8539289093193148,0.7390482847378949,0.8002515692632456,0.856944084044529,0.6570019917571147,0.6789885762498071,0.7659073632976663,0.8896347169446989,0.7318710107341351,0.9491842977964673,0.8648188476257218,0.863660054635092,0.9395764361285478,0.7707854131902021,0.656096628785598,0.8653169751839025,0.8324269435913934,0.7190755248387574,0.8970193548247761,0.8316722901044815,0.5611063278484391,0.810910247413916,0.7225813027560667,0.6733079111263375,0.8614010627069644,0.7304832304442367,0.40865066000944383,0.7747412052440079,0.5513591213495299,0.5758949191280067,0.7741952781888826,0.8638752655743843,0.9421420631702728,0.955160381946029,0.9120741686907928,0.8676769354831304,0.9438992218860562,0.8910761172122253,0.7772490533560283,0.8977547572362822,0.7826678851227491,0.7833274205756934,0.918766040529729,0.6173718262374255,0.4601405511143357,0.8163669244022506,0.5656786631343683,0.5599793915862865,0.7873337831328452,0.7950335879498628,0.8881440924291097,0.9358963195966707,0.8856082347217569,0.8569797799332253,0.9277443303330447,0.49300438897886284,0.5762704769821418,0.8302321167631999,0.6893465946196168,0.628722380435017,0.774387247495328,0.775224858623342,0.7590900597359626,0.9419899962895831,0.8267309300862801,0.7483469330252004,0.832495182766848
jh,rest1_vs_type1,0,Rest,Rest1,28,0,135.38810400000003,67694,70194,36.45032703914967,38.519632193381526,142.15581840293933,20.478317023083896,18.921500745696775,29.551530125125545,33.672668423304714,41.591172455796475,148.9744608295277,19.18802199635801,24.507206697417836,28.46334077476766,31.77910131947384,29.542952176831104,99.94305072196558,18.166901263090555,18.934934182783895,30.240000988027166,37.65471825037401,45.01392494280687,153.74778125028837,21.06048610113204,19.539536472637778,29.60695975513957,49.0359678086981,48.75260879195098,187.7077447496028,24.172209455052002,20.214306816095135,28.826330019326573,40.34896251770414,41.846362899292856,172.20386939756196,23.805818938202663,22.368133194744562,26.91455409898978,23.27414926749558,28.864740406727833,117.47590797870035,15.36044766638373,24.53999805552683,27.17443886254746,0.8157393295847325,0.8911047236787841,0.8965208553160601,0.6930692307472779,0.6733256371324211,0.7960414841365284,0.8711027219307091,0.8652235805225648,0.8122449078962539,0.7649906294895044,0.7936429064692087,0.8574105005607898,0.9308448626705795,0.8582442920292571,0.8923003669650829,0.8998250411445403,0.8907873803110441,0.9282127490208592,0.9037991896690111,0.8030985600681008,0.9478928526044266,0.849921265929123,0.8410389701065437,0.9023481332317834,0.6796948606034418,0.7250997736396159,0.8160654880023722,0.706908560900837,0.725885082756711,0.9053462323921794,0.5361875832805418,0.5365944831096711,0.6417593005577114,0.42290061722135824,0.5824730039787739,0.7037923747849287,0.640323562689379,0.7453906643336632,0.6653966121526206,0.45990605070265417,0.5030830843649375,0.7083604392408169,0.7429274616933127,0.7885331827218091,0.7481188629963539,0.5905275228501885,0.6511847456157968,0.7879650897205075,0.8807321327912495,0.8440175514028212,0.8710402859329605,0.7164646736909847,0.7479891937555369,0.7846070301543975,0.93907332473223,0.8604671472980304,0.9352094564077911,0.7234308123810999,0.7774447067656638,0.8007324562193134,0.8415860002749809,0.6684612673284455,0.8058295915219007,0.5105225264240122,0.6944430428005932,0.6590022807969276,0.910639593665441,0.8466047509469778,0.9233242192037107,0.8339803330724879,0.7969282578879139,0.8796232164715367,0.7854515999410759,0.6946334279193618,0.7780664509398417,0.6429324059851359,0.6360394600027216,0.8053141950455746,0.5416193611408684,0.6245668714522834,0.6608776896159835,0.47225279281719146,0.5698869422382156,0.7822681958634117,0.40570345863588875,0.5161424900771048,0.5843622677656528,0.2337677459152921,0.5272601555403583,0.5729956060058737,0.9211302653517208,0.8886847833956587,0.9109586229744473,0.8659222828999417,0.8468145746583536,0.9357843182742739,0.668802189619219,0.7762563774974194,0.7372028701754763,0.7109463929556875,0.6907553212614064,0.90044416369549,0.47778967148120227,0.5706849579086314,0.5820245280425834,0.35999947890825396,0.5505820917748969,0.6925946110268016,0.8376921630552393,0.8967343453594983,0.8431490472681371,0.8880604297804425,0.8079253441457379,0.9189365891825005,0.6107706051238851,0.5768776141541182,0.6329353908883543,0.5054263758884114,0.6451646838937897,0.707121719159695,0.8722536389751522,0.7750618782862329,0.8797414449966606,0.6630482647042178,0.8446057571867502,0.8085048507465464
jh,rest1_vs_type1,0,Rest,Rest1,29,0,140.39328600000002,70197,72697,195.9789210521972,107.68530983318661,118.18703224581675,25.25872546458864,31.55649944931841,21.785828145121915,184.05298932996513,106.39640051029126,122.55295920291064,30.116986467731437,29.517325998642814,23.538626564143627,186.55266121636373,114.21700035702592,88.17495443089804,23.857071924441403,27.567160645359827,21.8438792110317,177.89659309310176,118.94343733338225,120.99146583068439,28.116957307486466,29.219989855059712,22.008016511420074,189.67530687058468,126.56841995234812,143.06246877434805,30.060460568138307,32.3328662815335,22.102070200005326,172.00314720652136,130.98323230748588,134.94177641334474,29.752822922764672,29.02273381772026,22.438953212703048,156.30643331618762,117.94075569868286,107.23899726122754,25.75735808285101,28.143143681295758,25.078211900084945,0.9218442658380527,0.9450544311310388,0.8760804562532014,0.7837045621918194,0.8080121664404981,0.7748764068733501,0.8527049288418649,0.943090457377888,0.8972727199608098,0.8684007267991231,0.8952095585967325,0.8676645079204438,0.9075107127600307,0.9411495056428494,0.9691103461441337,0.9512292990214688,0.9398710906079619,0.9130086269379067,0.9199905345435874,0.9026746554336491,0.9256943941987664,0.8916943845353258,0.8936079380449822,0.875315535205823,0.9151027142104639,0.8815065304589388,0.8345936590557088,0.8823782948599183,0.8529256893956234,0.8670239330268027,0.9177397172931085,0.847086212431867,0.6374740852036961,0.7690563602911215,0.6906475874718485,0.6807635382715024,0.6832350273864463,0.8639557478940725,0.7360939153436727,0.7146761987333349,0.7280173339713729,0.6853116277532916,0.8015724992369463,0.9020483411407512,0.8415121523229894,0.7496717300714657,0.8041721094086831,0.7431974734295879,0.8523777227777138,0.8997519844230593,0.874255242720872,0.8169063879093478,0.8396219018842771,0.6944377003353942,0.9480543079631302,0.9298452389152378,0.9529791449529286,0.8261438551698449,0.8273732979064425,0.728514086259051,0.9531270200484515,0.9115540360810916,0.8257662962456017,0.7271658653241717,0.7026031790078013,0.6157844693556548,0.86349591395102,0.9548341465192918,0.9132667707854887,0.8858677117757455,0.9107541328430362,0.9017046829391495,0.8159386432670509,0.8925446994523948,0.8029711255427202,0.7520049150962974,0.8411332115654158,0.8380766286933233,0.7215783010332656,0.8567724171287714,0.7138375298405721,0.7354195892687968,0.8064513392211357,0.8252576510494937,0.7463433736915004,0.8374465277884116,0.5950055791453839,0.6764264423771553,0.6562785512199194,0.654037113185706,0.9746062617341735,0.9797099489893747,0.9555024742012895,0.9025010262093681,0.9280391883888564,0.9096548975169659,0.8878369048583113,0.9270750921370459,0.8446658980988104,0.8548347183362969,0.8442563465630133,0.8847653248182096,0.8213021596137237,0.8502334616564485,0.6325281524636562,0.7206389600207695,0.6541731696851141,0.671496040406783,0.9493783457858959,0.9510007380933814,0.9086388733309999,0.9382563349903273,0.9027059599946414,0.9041532199575052,0.8737360877404869,0.8463379069736816,0.68152144868424,0.7729654868155018,0.720986984417184,0.6991572989587296,0.9453048812102915,0.9252716788596974,0.876579265173968,0.873267803170794,0.7593125684329228,0.7753400115433963
jh,rest1_vs_type1,0,Rest,Rest1,30,0,145.41747400000003,72709,75209,657.6359313896368,147.01440410202235,48.066188647004736,16.787653750171607,24.347112961981317,22.29661682551738,578.1235068757982,117.55539914376465,43.97616259106884,17.05735081389682,25.270125018556627,20.776946607156713,234.96016545890117,71.89710842928453,31.306898007005064,10.295195754641094,18.72697681926003,22.278261504240056,149.32597486949155,66.62270538899952,38.6658684312736,15.310653903087399,22.151467677502136,20.41279332460062,153.38064406780893,64.90906923347755,44.4388753379936,18.466895738812642,25.51206830977633,22.13639507794136,129.517749670574,59.089097429511,39.99031741832839,16.642786952326013,26.01894338126931,21.341379629600244,139.35226113396953,41.312759147795276,29.819793001141022,14.6176724796722,22.21245662540565,19.88556350318425,0.9810058017827158,0.9202698234826048,0.8300788501533743,0.804605672360432,0.8464484287510239,0.758530982487912,0.9402160567618921,0.8323683790985863,0.7453689170298714,0.7651301413621467,0.8557527042380487,0.8627348356073881,0.9074417377101952,0.823263204410029,0.8665823144426188,0.8703777345147629,0.9034698940272932,0.8766668751744022,0.9269493150366022,0.7373285316079139,0.8650440262562855,0.8205087267202738,0.8928852397602396,0.8428156307442995,0.9309868653011933,0.7279821940202504,0.7889355253735149,0.783475451313325,0.8470738784287206,0.8447786437875844,0.897517492845584,0.7158948273389726,0.5223204354877756,0.6119163694639828,0.7804073211933235,0.6990132519794519,0.8716884919480262,0.6650688506267854,0.6017811095427008,0.6205545657282528,0.7266172358676874,0.6584108164127211,0.8496705437123483,0.7898526468438932,0.7315735224753878,0.735043910049207,0.7868141449621822,0.7024829705671786,0.9071282577167518,0.7724921902204596,0.7849959410262703,0.7680457344569274,0.8046547417064531,0.7501954506620808,0.9518850166458029,0.8253506934494241,0.8538787774455312,0.7629227641208297,0.8024196155064557,0.7618645894995837,0.9542436455945108,0.8207983225093296,0.672445637729284,0.6513355042660157,0.7485676590828809,0.652372388881578,0.9594340320795108,0.7543380390542959,0.7659429036097893,0.7717721478201479,0.8745760296395455,0.8262553218716681,0.9066748664274066,0.6014178463896114,0.6155256476995989,0.6449428020875223,0.8193492826442486,0.7199573312728574,0.8513593346400051,0.5837825910394834,0.5848957719057204,0.6201910980451337,0.8164921803442393,0.7189005996247675,0.7481444490174952,0.5560393348999485,0.48797723194484,0.5154909465485377,0.7373223291190014,0.6066917473969548,0.9592659542919391,0.9053131131188574,0.9168425600312533,0.8933067626893296,0.9308165338236289,0.8985983661624134,0.8939017635134627,0.8073194315186947,0.8457216456829671,0.8480611003114568,0.8822493479420335,0.8766329660337284,0.7329501669632718,0.6054037323428882,0.5976831244540333,0.6712747074518453,0.7791944814437861,0.6438254245877534,0.9691505392641123,0.9246879220531209,0.9129749876193161,0.9136729989219855,0.9265743767202765,0.9266574480750353,0.8202865139357227,0.6641559969557143,0.5827848770092926,0.6817377747860094,0.7869282000914108,0.6471227241667388,0.9072472286965662,0.7779021109493366,0.7731231052161543,0.7702517017330235,0.8421209640770557,0.7712141030464196
jh,rest1_vs_type1,1,MentalArithmetic,Type1,1,1,150.420196,75210,77710,27.656928395539424,27.39021180790531,21.00168756186545,13.268752532445038,26.06067374132223,34.027481918795075,25.492812292202913,29.53951638333982,20.82707252243627,10.719204851967678,26.278818415441833,33.072406163857075,26.475980006861434,19.9296080977714,16.375132849762974,14.971985629340567,26.383610609393862,35.47380351084464,34.9414951687389,27.419705174406115,25.778935855121677,14.856873620850719,24.93405911763783,32.0386567269791,45.85309180208327,39.351306876589156,32.78536158635996,15.852839072754254,24.06830571528029,31.67555597052262,25.943234096381428,40.18905054338681,28.75587422519364,12.908578426694985,26.708408402087667,30.548593791034712,14.136908462251728,22.328662081729448,18.499699969079792,12.918051056360772,25.175779730871398,36.136121874669236,0.8790295661935127,0.8479804092852963,0.7826365656338996,0.541857903923684,0.766383431770219,0.7821166538355137,0.9230111278938372,0.7517345113315758,0.826866864423852,0.8096395842820343,0.9073879022664075,0.8926632720048123,0.878108010612161,0.8796921816979941,0.8400376515614136,0.8441718761499449,0.8851541149315489,0.9245027952104008,0.8335484818943214,0.8394840735187075,0.8056369348171858,0.7906975746525227,0.8732554498543204,0.8970683831666729,0.8870198756264621,0.8372226436585257,0.7352783056812289,0.7364606897687722,0.8183743940095398,0.8587062804738124,0.5384627425506262,0.692642696282066,0.5006949892562097,0.47230329032812696,0.7226258029508459,0.7071425755466624,0.7496429733152042,0.5356035608986722,0.6071321268761218,0.4197195413057413,0.6714097092435944,0.7142987708959564,0.7871688210056839,0.6887758916533113,0.7378857662452097,0.44855651398295293,0.6936020573982578,0.7676434280084179,0.8200079850875078,0.7554942309964738,0.8159385493490209,0.5118316411314,0.7751407709908793,0.7702461092815264,0.9292914695693094,0.8536694607859932,0.8788295977278512,0.49706678181442304,0.7960835870528358,0.8061519099672931,0.6081854480297249,0.6934734650030744,0.6751569601494338,0.36162983557772826,0.7001224197094542,0.7470753681063336,0.8805772819835083,0.8202455907534854,0.8565164448595783,0.8465705579487671,0.9121211896229642,0.906044963059366,0.7973745382949039,0.6157384308288156,0.6937203367756203,0.6793856413273515,0.8356397922701053,0.8257216347072622,0.8138192832120072,0.5694025467189772,0.5910886088193725,0.6209148305980257,0.7627526269530519,0.7922240788623756,0.4311515158351549,0.4316024764355707,0.31965810724697097,0.3952459920444019,0.6494604802289311,0.6608250112723658,0.8629676583389649,0.8922415231535861,0.9081137481506534,0.8097001238479012,0.907471179628313,0.9372765336827289,0.8470522489917419,0.8467920723424911,0.8033853352841884,0.7618877833657096,0.8076879580894311,0.8893196605408605,0.37486307839453087,0.6270867463839648,0.46989963772195187,0.44631210356750917,0.6183061765528567,0.6940151533345581,0.9016524080241913,0.9197761230126733,0.9148730069359606,0.7874216156050972,0.9028046831510336,0.9288795118032588,0.3991553663520706,0.6459106792696178,0.5635135277014691,0.48626461221860634,0.7240974114005856,0.7287247508553667,0.5480676592915553,0.7750925074236928,0.7279006867151679,0.678846924642811,0.8387891470182565,0.8311271728856723
jh,rest1_vs_type1,1,MentalArithmetic,Type1,2,3,178.671469,89336,91836,49.91414277368507,27.121175488921548,32.11799711110151,16.40846593834848,25.207336750712116,27.896968621505813,74.30476116819838,33.23405270019809,32.30636700111768,13.817195710756714,22.93473202984754,27.140217973227827,32.599670617192196,27.740034950900522,24.33742480466433,13.520854817877755,23.600591546949,29.53469616536051,47.379749813582684,28.516193869765466,37.21831338132771,13.239438643639026,24.909258365547398,27.461015177136442,67.05606023375708,35.706678308590945,42.80644540224685,15.728569941516943,23.75568883608224,26.89596939603392,70.1268303150072,31.673818783698522,36.861885582300744,15.737623765378812,23.793081680677926,26.76421824389217,52.51984575000319,32.940345052180284,23.21105436376416,15.64827826455721,21.731232970489103,34.183558559073774,0.9101271907322858,0.7912544889455119,0.8618005241801393,0.7489423443284741,0.8073460192150188,0.7497783406615227,0.8652811898866712,0.6951648696459108,0.7932396331305656,0.8164393074659603,0.8520031870752189,0.8586429947226579,0.80592368155341,0.8336293229611438,0.8691192876774085,0.8322079951488748,0.8811954977552723,0.9000673559636634,0.7714644063391174,0.7821087134439002,0.7874842546996982,0.8106576553213245,0.8448116299627395,0.8781348432957733,0.662054076272297,0.7141553598230413,0.7418091003287696,0.7571384999824644,0.7711671197133751,0.871274165678575,0.46432420774636585,0.6875572989860671,0.5460643512517533,0.6450341517911754,0.6462601241499679,0.5583295816894053,0.717221219925162,0.403583022465324,0.608341386786965,0.5667619134322064,0.6941047546481713,0.7247233606181188,0.8251244793850269,0.6936410058494084,0.8031858112583077,0.5838334178035712,0.7315928353607053,0.757714916423159,0.856773642498514,0.7801137114360224,0.8413710524920418,0.6956460722312899,0.7711597162369043,0.7814403217220834,0.8047987190232417,0.8460690269770486,0.8439038024512933,0.6765608223378755,0.8028403036655906,0.806194359317685,0.5876633210666338,0.785091882954827,0.6743744813248804,0.6078073521361117,0.6625753774686666,0.6196681206704386,0.7151418874128493,0.675003622815385,0.7993416333501118,0.8472272536617002,0.8636409904344188,0.8811946899304358,0.6248596342687461,0.45139899915593107,0.583560853018378,0.7660655939357214,0.7938440163772416,0.8113396800772659,0.5144485004303898,0.3916668359520269,0.5704059206498873,0.6738478911627032,0.7148912776103318,0.7532426579970138,0.300914307507018,0.4364811642490132,0.35430733115166035,0.5218214729387458,0.5692730959414911,0.5306214270209485,0.9588864213501623,0.9013470042954196,0.893695833640672,0.8774067244368225,0.9155515246327457,0.9350840860096198,0.9010382902266967,0.8136492751096134,0.8422206444275677,0.7688310229081873,0.7842981114842588,0.8713217668409013,0.5108010309804265,0.7397845528298599,0.4975407819480477,0.5983408854329731,0.6280406868308982,0.5733039559263511,0.9590730743125336,0.9155708692709141,0.931601953230885,0.87193812730484,0.8916610658473904,0.9152089563054997,0.5867528510964396,0.7664149988637345,0.6383311743672018,0.6256039020157186,0.7083685308063987,0.5978609822430961,0.6716620746289119,0.8258050576880214,0.6770169151480776,0.7387066778668965,0.7652330100495937,0.6561300905368932
jh,rest1_vs_type1,1,MentalArithmetic,Type1,3,4,190.96163,95481,97981,92.70087122263493,35.247839865200525,56.01009950592327,10.026411945805938,18.943942239609452,25.99447374961068,82.18966219044013,33.661188148810325,62.99443775071526,12.486431370264842,18.84771651498938,27.478580663665408,40.756730204650154,24.47179018192972,36.124379682274316,9.983496954463394,17.25974492213336,30.09253162837989,45.47087491925645,36.379014190074955,60.08835961764133,13.896882325939297,18.599009596487885,25.822687608514833,59.0372350910449,47.36116373224147,79.61691425472407,12.991174246209722,19.913101526947813,25.66300403579677,46.81186123340364,38.65190371848646,72.10303899000516,12.59160582388866,18.77404245536061,24.43010124178962,29.76238354729339,19.248471676508164,40.95109061791937,10.668317494376955,17.478337671557163,26.290732787703725,0.9777349415744929,0.8236974881929069,0.8980524247300764,0.6029122367979018,0.7303034062526803,0.7885170625605673,0.8950349381029691,0.7856320462642902,0.7862828060107905,0.7954957285131711,0.7748613299198548,0.9039957565109819,0.8087784774964885,0.8041167008809845,0.945988803731139,0.7911133138118586,0.8882429961644489,0.9307157373324332,0.7502428836335282,0.7483360935808857,0.9080628518023403,0.7759128959903862,0.8158368424097059,0.8916151451901693,0.7581938332333307,0.6537973134160967,0.8506353268606717,0.6446899340196223,0.7243882677475052,0.8714672844151526,0.8915282291363216,0.4399278588442398,0.8151903222429455,0.49786420089751415,0.6178960245429479,0.7131147024317931,0.8533748001538136,0.5873501499516631,0.7298133534150317,0.5205331749341762,0.5498950754447267,0.7386132830598391,0.7708613469510728,0.6466323783999077,0.8762609562404873,0.6526030598643386,0.6971351940687568,0.7940916002956637,0.7180722724330294,0.7355646687616724,0.9126855211814231,0.7647473008680457,0.6931624251725481,0.8023506111704599,0.7542751890196823,0.7912734260067998,0.9309646849378554,0.7972617007107738,0.7177446365152532,0.7920331811499431,0.9065224809270102,0.7005051775150228,0.8791046460972292,0.6257927560544372,0.7539330627690928,0.6862035198538179,0.7878667579817217,0.7769651520130239,0.8009686234301711,0.8142100640170156,0.815895976507098,0.9198533579357882,0.6794770356102046,0.6806867613505329,0.6788883825596917,0.7025113998194994,0.6750295552796881,0.8423698171832961,0.6881908309806367,0.566726846314253,0.6884916633936922,0.5730673830732256,0.5411636441401976,0.8206942741208499,0.7572604079956321,0.3820320185563465,0.7607386007978855,0.4831520853732743,0.4810585214879155,0.6972091557532661,0.9623656165332971,0.9200051899557158,0.9387695832142752,0.9213560848229576,0.8887642884714697,0.9279970054011965,0.9582832334104081,0.7597772749552121,0.8850654046089774,0.7496503036901748,0.7410770287269173,0.8871469117074661,0.7710460861544307,0.4372758272406382,0.8668730833321774,0.5332993203021957,0.6304942709871544,0.710417828958465,0.964854879923752,0.8827886752943989,0.9445559583452514,0.844845600933634,0.8303735730136153,0.9284449939507626,0.7616129761643458,0.5321706641829032,0.8690504867251283,0.5906950138863688,0.6609342365800206,0.7652964323824029,0.823225080623495,0.7553306355003055,0.9320616070012857,0.7252129940001322,0.8086409292672837,0.8410880642510679
jh,rest1_vs_type1,1,MentalArithmetic,Type1,4,6,214.543474,107272,109772,21.03236219223809,30.690651363314743,43.76253159689929,13.911936936130923,21.948763561631832,35.59657304130304,22.9697992711971,29.246708255610837,46.20946693692229,15.643926304818361,23.826822911691025,34.76109081615416,16.514255509744977,23.12685588796868,35.57416018530122,13.296470608961608,22.45426646986271,37.140853891387756,29.72702941831055,33.6006873705486,53.87871476494167,15.4296149376213,21.181476322357465,34.01564376647853,47.74484783091862,43.67942715006379,67.12857003262292,15.994358565826122,22.426590068038173,33.928399397132985,33.952289384340396,31.03439732978773,59.87625289893505,14.462081610036899,22.049273658276686,33.33767788566858,9.373902254306511,10.854446658528882,39.59015218218739,11.425739129728878,19.64633488744632,31.34646795449338,0.8779222118605431,0.8804364244412005,0.8728935963867654,0.8711123163573112,0.7384632949854985,0.8455097550278781,0.6130148434255674,0.7213754567108841,0.7554302367844982,0.8190700985381306,0.8134744226931547,0.9188704729815308,0.8523132530618232,0.8947243766101844,0.9000670884467612,0.8514911536742479,0.8732228930480238,0.9359122285275319,0.7895146607082272,0.8401949688527413,0.9068605745454172,0.8813345552429894,0.8498310321131463,0.9013298855975168,0.8044598220781466,0.749920564585961,0.8230452448425231,0.803877811119647,0.8021146546049629,0.8940982061354081,0.4772069863549737,0.4862936840232378,0.6986419473465558,0.7536538483408444,0.6609014064321241,0.765244937914609,0.4653074961506727,0.576735947297837,0.6801269862578229,0.7001404611147855,0.5970234398172578,0.7957771489684521,0.6857728309604969,0.8443685082193895,0.7728433508220405,0.7717334436574562,0.7244715323422906,0.8111375891654725,0.7744440387040834,0.8501635984598032,0.8895955769937831,0.8460672274151481,0.7602507427225657,0.796674977636213,0.8463002192311967,0.8165383097287984,0.9035899573368434,0.8387338994131779,0.8322068788486181,0.8451288430815415,0.6705949671186487,0.5393194717557759,0.8129093920498921,0.8089277914381791,0.6729627964829261,0.813226591201637,0.5402685546229481,0.6752595175894857,0.8342527951218954,0.8498785872472258,0.8927310796808936,0.9256021306599441,0.3853176504916647,0.516536593984916,0.7354365109691909,0.7840155152502349,0.7679996996973616,0.8489405167893392,0.42040982157375645,0.45669388353928386,0.7299750600596502,0.7039240722464574,0.7061417536720673,0.8287185545483965,0.33734685211946064,0.33268381115007417,0.6938169372545324,0.6733028641987493,0.577982276255643,0.7153288997480922,0.8585052566651338,0.9289026090590118,0.905809010833857,0.9063621012650839,0.9163298014794286,0.9410834498722871,0.792855847795488,0.8277968751302476,0.8357535714993742,0.8272039449430311,0.8247518295339153,0.9099250606117223,0.35105500853089927,0.5094548849134801,0.6624506631082785,0.7098603449187733,0.6444090423449109,0.755123730728134,0.8859631881340158,0.9053879197821763,0.9250593616833175,0.8789904731922775,0.8911226822823115,0.9243728311090577,0.4794428645239632,0.530241412977629,0.6962583663848101,0.7664581602010164,0.6439358173663308,0.7593274073827917,0.7198166904615232,0.6739176196198038,0.8147375236151039,0.8397941445777236,0.7894694963127713,0.8511944765330292
jh,rest1_vs_type1,1,MentalArithmetic,Type1,5,7,226.276528,113138,115638,33.50698993386151,37.66343801171664,43.10996606270556,12.48062797744104,13.667794989873919,21.56913230496312,28.223274585590026,32.48224212557944,45.65962664210885,13.291601842442756,19.230210611629474,21.948541871966917,26.710173213949737,27.171804068893422,24.636192263521213,12.602357330807381,13.572532318811644,23.596565506199717,42.23911735280856,38.30604271646031,41.62958609592157,12.55099186674508,15.364123287596733,19.82742821538819,46.49832693682436,42.217804846787864,55.69611133744585,12.113212858022823,17.55556962859768,18.925405473740412,34.853295584502824,27.14123056205882,42.221019029505975,11.647567035836188,17.205976756374113,18.346128865790767,21.319044836910646,12.112357894979484,26.180456283191617,9.806872009233496,14.803932139191284,23.252301937382242,0.8950972528115262,0.8073643835754372,0.8594137362977694,0.7071661886506521,0.6990687434948181,0.7424258135827471,0.8535517026095891,0.8152167647169253,0.7226186339708814,0.8213040873158699,0.7662220442389434,0.8390276021431565,0.6393437252715279,0.8712305438960255,0.8580073714710222,0.8553240477634028,0.8358212864496762,0.8568390400370155,0.5175987162262494,0.786824217478437,0.8620582530514455,0.7868939886611791,0.8002082845213534,0.8149545770993499,0.5067396701609258,0.6799051062711292,0.8257602584955412,0.6967446704998671,0.7780296261529118,0.8412110567305827,0.5793443651810621,0.46697199380887733,0.5122138455511724,0.5638849232528748,0.5469469446383621,0.6942947194817115,0.7221441052738875,0.4895205360878048,0.5807295112877553,0.5222655124198771,0.5556228150570497,0.6660525091596458,0.7261070139500402,0.6408136376435742,0.7319163578304844,0.6568318931504173,0.6328047149745897,0.693100316201737,0.6361266486812193,0.7195416645283806,0.8050784536525579,0.7009695128345291,0.6775762065259596,0.6876322027768407,0.6825258143145637,0.8009580046407916,0.8702089154178398,0.642023355412011,0.7275196460413149,0.7771329878088225,0.7484861773621763,0.7014249430474444,0.6710468957475096,0.6058777931167986,0.5700720001804219,0.6520936365835189,0.7020539126637012,0.8100304923530589,0.8162149129140088,0.804891945593144,0.7773818585657957,0.8649274737307422,0.5514511195179411,0.5763215567119954,0.6521035334039615,0.6411045898778882,0.6602646070920012,0.7570127986492717,0.5039625307192811,0.42223412581906616,0.6410562825672119,0.5633371887028545,0.6568583858501535,0.7623403737050878,0.512813037822943,0.2807941715472072,0.5201028629375368,0.517118272125726,0.4896417625278232,0.6134908297530828,0.9447915593803146,0.8945446414669926,0.912153719624716,0.8992244547964826,0.8864290993644864,0.8981204856070799,0.9152903179464539,0.7158303246809719,0.8614729626436685,0.7848558570390801,0.8169891201757865,0.8435738186606969,0.7371091638624222,0.38742604208599457,0.51044556234697,0.5359809300594167,0.5455569596345804,0.6210600822239564,0.9564484416538611,0.866729060645355,0.9244402986973551,0.8572200968204259,0.8898256601107659,0.8707807957969854,0.7376628278942213,0.47129572237426837,0.5121916676121214,0.5276860370859827,0.5800290329658221,0.6338242172140947,0.805232078197033,0.6536728392253583,0.6514171998624728,0.6411521557835564,0.7411600433202218,0.7904629968073167
jh,rest1_vs_type1,1,MentalArithmetic,Type1,6,8,236.56406700000002,118282,120782,283.8303541803997,116.72847080022221,55.588606615551136,26.611296223274312,45.82587061525466,63.17157432690766,270.3705845404259,121.58158835433859,61.08975682790813,23.861505003803835,46.51041899550943,71.67959739461126,102.07431784868383,45.30244153434187,41.292192244873064,21.987707705398428,46.40268520968185,63.8439301800427,105.91606433997842,58.74460814603448,52.697414714476665,27.44756328090923,45.59445955927556,61.05377876922386,123.0800218375987,66.78956560992808,66.29483311253841,28.369452238548046,43.625822791851895,63.4823472953868,101.3860853848403,52.33533160162433,69.24306465053382,26.6287104323818,42.27956998158389,62.009691178459235,75.17925086193044,50.68613670869484,53.6677834015568,24.49296225741525,39.93000814198031,68.83941506726286,0.9815597422002861,0.9234711289283326,0.8846281922256954,0.8269995781790928,0.8804275077096897,0.9271791131915773,0.9445766611025338,0.8537345168677505,0.8855281773940478,0.8523099568658077,0.902090131135106,0.9494485765734428,0.866945628933772,0.7694577561762928,0.9144159883654421,0.9058497283462652,0.9285389029674492,0.9622617151719821,0.8226068852606976,0.7616035877190507,0.8765383199566429,0.8922424115397067,0.9129470429933887,0.9470392416345912,0.8525409150976255,0.7339171494428931,0.8106280676505756,0.8800464499709063,0.8792970335474066,0.9484272281486531,0.9056094640112526,0.648132265365372,0.7271550467836505,0.7688310059410218,0.8003289981633921,0.8873044507139639,0.9086081962461834,0.7002660121120007,0.7397670108337866,0.7364446805296601,0.8015249535189959,0.9179137244237789,0.8327546486309011,0.6656412328578523,0.8412451942402684,0.7871374051936552,0.836453993553963,0.9222729209185071,0.8006956532433334,0.7372275016113252,0.8717749003306107,0.8241445812723187,0.8760304075338269,0.9011071458013166,0.8627386838826901,0.7949594754260696,0.875647342248684,0.8694954702884987,0.8495009526165426,0.9136965746325117,0.9509280730957448,0.7767070359157843,0.8144460517861376,0.8010179817266998,0.8066571869168463,0.874876999959224,0.8395028455511624,0.8307837587129816,0.8359088108219936,0.8828996314666614,0.9344852478738638,0.9562347450072085,0.7777560342098079,0.7408121800305869,0.7572115749616048,0.799262139776993,0.8461762372332198,0.9178422452756206,0.7843303539496395,0.6320476459351744,0.6996241367776412,0.8294226662976246,0.8198010465179362,0.9202599218183781,0.8363968672013344,0.46281903869565516,0.6931957636292105,0.7787608245366747,0.7768428256026862,0.8599890843923309,0.9858602075320672,0.9395602132818186,0.9529232236520452,0.9285479222667272,0.9267380546241043,0.9695482940259599,0.9440674050943438,0.832644384528076,0.8970694034583644,0.907473255451784,0.8670702994663791,0.9624116905122231,0.8112192975839241,0.5350430327491107,0.7223651461542973,0.7783762565867082,0.7806897057961455,0.8737698386271348,0.9590826621539364,0.9440399765316271,0.9377170702213041,0.9447823828796981,0.9174331216230464,0.9705584018218367,0.7974647771592359,0.6410734487151354,0.7334596382154678,0.7434992197652378,0.7876246325706899,0.8750293050756353,0.8867502978863996,0.7561106810428677,0.8329992830953931,0.8322907019508008,0.8534578866880086,0.9165782533287957
jh,rest1_vs_type1,1,MentalArithmetic,Type1,7,10,258.428992,129214,131714,30.483831596486425,41.14436807520734,55.09405228935511,19.0236549841764,10.907771481622527,12.669611694413923,33.553486325227,54.466740751594806,67.38888708885716,19.83663180761086,13.649876565116708,14.824940039435262,25.53110906597096,28.40154090198057,43.51749436963615,15.911930609296993,12.113568456930375,13.507954156887024,39.51619864510642,36.20442704872868,62.805003911518114,19.402822056864537,11.668904571754542,12.733610418331098,55.201336842604476,50.97321894889767,71.48828663331611,19.8841220795509,13.1488916529691,13.3106564619026,49.631004057513174,42.32684982479113,73.15923086168432,20.115946454884767,12.789781817575157,13.757698915463788,19.167914679472975,31.093722084212366,56.78747872369866,15.544762744753731,12.008027130311008,13.74252064039084,0.6728205006507215,0.7286936195930378,0.8819267869050437,0.704335879826089,0.5410388925628993,0.5675109877845272,0.7244342305390904,0.6140283467836892,0.8141235215964479,0.8799101181418384,0.7931821757940914,0.7194795689300328,0.9261353133260771,0.7916763568523225,0.9240960230183017,0.8600272753785355,0.8218245807105495,0.796422381142985,0.7417461267318229,0.7152466853058675,0.8817275969493725,0.8105497904081881,0.7384347137002105,0.7359234879368522,0.6000067506977612,0.69705659903294,0.8253618576847257,0.7863085821369341,0.6001616242919086,0.7249138762963268,0.34425742560713024,0.6102162362343855,0.6818519283787406,0.6294898767698365,0.4686729100560754,0.5541386986652552,0.2594585228611621,0.34725264848794696,0.7200661168037585,0.6279707508000089,0.48077989749557926,0.4811363711022828,0.644680942658004,0.5300370971537127,0.8682567705519808,0.7132774665600442,0.5269193236194044,0.5897993962085739,0.8650557687800206,0.6524947072175228,0.8865794856388705,0.7324611037540786,0.5572072201999652,0.5540807037206138,0.9126452639063044,0.8301170163563172,0.9259319060340578,0.7031141068093314,0.6290794034355962,0.6015013640017292,0.5631145142565389,0.8460593948397002,0.8005686310609395,0.5595218367703181,0.5020938534613646,0.48979877155815305,0.6902560270154678,0.7451231522034446,0.85930997857182,0.8626750574259979,0.839245034101755,0.8308302318644397,0.3735469545052028,0.41640629677898006,0.7070633569912553,0.7454077227395707,0.6399731172249592,0.6811125211159076,0.22751722286219592,0.3637278875066051,0.6693329742147629,0.7374787706334726,0.49601393885386236,0.6141102476700112,0.17688869610651073,0.37164266741858354,0.575942081729516,0.6049859400519945,0.42984650144657477,0.46096879616979425,0.824677311859376,0.7685624647945017,0.940159221477748,0.9071563763195731,0.7956313014252873,0.8519935128964737,0.6659410439378717,0.6178572786686078,0.8807476952769899,0.8390108800773645,0.607859638533708,0.7993743042198042,0.3995178801999823,0.5105461142881557,0.7126650304106485,0.6013887135686133,0.4988657669652265,0.5510634371232899,0.9198820186957416,0.8582429361872856,0.9330430239085901,0.8802118834293585,0.7911515923169284,0.851097690594942,0.568720024272996,0.6344244273202219,0.7412343626700191,0.5674319054082012,0.5643030164615959,0.6070805679179974,0.7002773888471002,0.8104801911085224,0.8669556658944003,0.7330244018828288,0.6884918195967316,0.7342128750336427
jh,rest1_vs_type1,1,MentalArithmetic,Type1,8,11,271.623599,135812,138312,1868.1546018683957,541.906154974964,82.7465040216938,23.52131239654006,17.100232102075545,16.1457986881895,1744.8106897300727,506.80291979098223,98.80723799139761,22.17939817808647,22.284332631277696,14.690053923100981,507.38136833580336,162.98838535731227,48.183000734227264,18.212498892970554,19.183344932528478,18.990272125692865,372.9831241363373,139.9068754728953,63.23205301782667,19.861914926577146,16.51464540163202,14.343828966224974,403.15801626606816,155.18519996366496,74.26020252176089,23.991917694495367,17.042614239934252,14.601658688403447,382.6367588008283,128.38848434695728,70.10309002116246,20.62155346191277,20.255989479937217,17.67360944392644,422.7675209051685,109.66538682116405,63.021215290122434,20.895687909834972,21.597625967464044,18.448737922573486,0.9975965645148932,0.9689164977549778,0.9530025706775584,0.8586869085396867,0.7831706404529614,0.7277664986123951,0.9895259608468239,0.9130577653566487,0.876238714365923,0.8366913760947634,0.7531321837740765,0.7337746331371736,0.9774650815684794,0.8178958873508022,0.8854237493900646,0.8370806049034918,0.7911722537245309,0.8018906720361816,0.9626058711903824,0.8252058792349393,0.9069809163546297,0.7844988442833818,0.7812065638986422,0.793894630682816,0.9584453916121246,0.7524412642909823,0.8789345940949291,0.7689793091206253,0.6284129011550378,0.6953706025509283,0.9637248667177015,0.7455694230226086,0.811524735278087,0.5715187993045443,0.4712930233848658,0.4552266395600794,0.9837657040859112,0.8501005500395584,0.7899219537441156,0.6619222119571988,0.5519201058362777,0.4905078178254522,0.979146295838054,0.7688868874850309,0.7943300956565421,0.7032094001617508,0.6455605765520029,0.6073643218109244,0.9672973262149505,0.8121502173950161,0.8651915337516536,0.7258124539992823,0.7566020921560372,0.6875979116677636,0.9666008127848548,0.7903394123680848,0.8965746322004421,0.7763374969896975,0.7220010745365456,0.7160687112906569,0.9724203263993966,0.8433267653451363,0.8858518953282646,0.6130831735650984,0.5823494639854688,0.45762796827337254,0.982717893360532,0.9127044528296117,0.9393107820625216,0.8740858630231747,0.8136501926279912,0.806758183223734,0.9659739008839248,0.865128708632535,0.894071770251051,0.7794174137271074,0.6554643392113909,0.6618148268497193,0.9593122792673104,0.7604901633261519,0.8245612579652197,0.7228502234755606,0.4885653412202385,0.5359466849440326,0.9624854813164659,0.6450143391331786,0.7200981540327648,0.5106166408659821,0.3655891994002389,0.4247742694444553,0.9947503348938568,0.9644706692306828,0.9613582882361053,0.9210747716335025,0.8348197449031843,0.8708344253415148,0.9919063854239661,0.875806907476295,0.8700398977949542,0.8101838714363506,0.6529065991911539,0.6951323698721497,0.9778748525769397,0.6507413941085765,0.751203039213918,0.49966439528770795,0.45724555900771974,0.4571094757614169,0.9944989562418955,0.946820705364575,0.9416378323902659,0.8897984494964766,0.8358417158449425,0.8184991536667167,0.9675123683461435,0.7480478919894733,0.8372114364193418,0.5190282370505972,0.5396257889680316,0.4806356830754866,0.9825308020009902,0.8408827910401235,0.9040778578174432,0.66122706224264,0.6150209089537741,0.6293239812232908
jh,rest1_vs_type1,1,MentalArithmetic,Type1,9,12,283.191045,141596,144096,915.8892462770739,316.5638415288625,164.83375383496048,16.326538153136788,12.105485918759635,9.217846891480116,816.9937592149033,319.13276506552586,183.4215792623584,19.367919188728834,14.217899474658465,9.469301492809025,221.68936668639688,104.74579750534387,101.68366624264401,13.605916077955012,11.873031342057857,14.611678160901954,176.94469020334108,101.11240638261732,164.49642550254632,18.8977836373597,12.625461890513403,11.608916610011097,192.66036690303864,123.96974153552785,213.6526313555154,19.755005901505264,14.899226582690883,11.074730784359133,177.82619617378833,107.10874653217121,191.49178748119405,19.224099497178468,16.316265353479167,11.257580312635206,174.35221485040972,89.97575855939066,117.87313958723553,14.493205605713015,15.097400837736387,14.10792720485059,0.9949006379345969,0.9690953548869774,0.9702329277832424,0.8933259067907408,0.7913179218372932,0.6575934476011613,0.9606008607130286,0.876913154545625,0.8833878774683569,0.7575213483401061,0.7177839925506282,0.6940251184002799,0.9530661527791847,0.8340871527570816,0.8891036219284197,0.8075595446793011,0.7433690652237175,0.6564442036533504,0.9140676737379924,0.8131748880946398,0.8903030384694001,0.8253561071291093,0.744446209640767,0.643346841132073,0.891861746056823,0.814350294068342,0.8890307834207378,0.7478637980323237,0.6589318853055228,0.6229127544652148,0.9414819158521598,0.8251243457973769,0.8632261459435743,0.5918888363066374,0.5004983720110678,0.3882877218911461,0.9413037695127171,0.7844778534223837,0.8017917844441363,0.6004623637529308,0.6114318620695351,0.5462223246914845,0.9631710418977265,0.7747107645204048,0.838070643941631,0.6535863389428308,0.6596873719738796,0.5399798518048661,0.9350074952375967,0.8018540136189444,0.8729449219917156,0.7338595557427271,0.723544256919147,0.5690189961176558,0.9199246433507812,0.8475061561630107,0.8900178174914632,0.735500883890215,0.7342547931878325,0.6265006960133745,0.9594597972368605,0.8978736168805701,0.8791428826122711,0.6168866517135884,0.5440361285639679,0.39092945634076076,0.9199325436228761,0.881101978016125,0.9173921710401244,0.868107362349415,0.7822822652420871,0.7957034134555901,0.852386049934767,0.760113763941073,0.8419214430831221,0.73065222815948,0.7089697601646232,0.6780827538126559,0.8204164378184938,0.6871573106808553,0.8205197718303261,0.6484480521096675,0.6266615892321088,0.6407323864350176,0.8775908508357998,0.6214162474125648,0.7791292325810545,0.4625573035877874,0.48563101050690427,0.36877481772275966,0.9844955790847694,0.9459314291386871,0.9649136704439278,0.886954979019819,0.8950918942015724,0.8438525765487713,0.9714853011116912,0.8597191711231067,0.9380237183772788,0.7846519447286278,0.7646227400395272,0.7682656898062556,0.9604855682254153,0.6832504411892741,0.8465140277922043,0.5145221756807714,0.530114653922612,0.39348312130729474,0.9942643412420225,0.945828866744706,0.9757800551917877,0.907079505573546,0.8623232614009979,0.8094634453546998,0.95730470236303,0.7701715827147313,0.8638034851810741,0.6440063800619579,0.6031636267856033,0.4038977176292454,0.9548853564971322,0.8646031001019345,0.9194971175649792,0.7961221701129919,0.7651843129276571,0.5800934890911862
jh,rest1_vs_type1,1,MentalArithmetic,Type1,10,13,295.48137099999997,147741,150241,29.618140654466046,34.200262210370674,46.76000854745349,13.30936960566248,16.976631894552238,10.278074633268323,25.062816650527065,36.814942998966714,43.84828115089485,11.266591150847484,14.818450271740282,11.217782835634877,21.49931619476432,26.916406913409375,32.50962601050296,12.062833635101835,15.394150983773446,11.976944726736349,33.71512060446787,41.894630825578034,43.107301998254854,13.456696172448392,17.805258886659793,11.014597467001382,40.109490134163046,53.59059899244528,53.924026874003616,12.82149182373842,20.547524319911627,10.577994625904779,25.797949151401863,43.9599325307895,46.753599325134005,11.547104196011183,17.8142504876136,10.639231346884914,11.981415359164512,23.76560440522229,27.250006166223233,10.271596765762075,14.082994852681443,10.103951460130897,0.862785695171374,0.863329373501507,0.932365165691162,0.8215380198359219,0.7073482814549332,0.706328109782,0.740494319194562,0.8081763079525451,0.8299166413391758,0.7484506421002857,0.7981123704477302,0.7596326825630835,0.8815363505167898,0.878327233107214,0.9108144929178279,0.844824353651606,0.8029726036230171,0.7996146079233778,0.8129672383492079,0.8311261413307589,0.8875559965627182,0.7990269988826313,0.775594094938342,0.7555895209794613,0.7415289919459433,0.7551261611876552,0.8702280985012465,0.7597826292914661,0.7040255084119068,0.752007569879622,0.6548510206522802,0.4651076297948804,0.8048910281297441,0.6429791025083579,0.516926405709793,0.49784195332797426,0.47486086980570263,0.6812862447154496,0.7536861344040927,0.5965747468872278,0.6386239844435657,0.6041754437754054,0.7507556348592352,0.7396707827975904,0.8608409443977815,0.6909392205314406,0.7193324997953138,0.6837530528309111,0.8021932813815952,0.7559613248899868,0.9102245136278364,0.8472906809489944,0.7864367037392213,0.7025196594048894,0.8494989883093339,0.7888963918815151,0.9188525679293346,0.866015662816363,0.8071928843855151,0.782851187440907,0.8318819032993582,0.6051527261375336,0.8392092636036832,0.6731876691112095,0.6509324820485687,0.5820580436235812,0.7624433372951341,0.7812500968692594,0.8473590154469897,0.8937013479062472,0.7861182140851293,0.8039711198997367,0.5452708046784891,0.7045695751446688,0.7087178279625949,0.7086228309105873,0.670590086390883,0.6717711655181103,0.43860771018213063,0.6562008316913817,0.734242234505025,0.6284954554807067,0.6503644026369205,0.6328558859810386,0.28477385179259324,0.41028576187385024,0.7075132882839085,0.5780524688691181,0.5460539270973743,0.4184955113604795,0.8983593616730342,0.9346443088224148,0.9308475307022757,0.8235799680869357,0.8593778831467557,0.871918800626857,0.8121219300291859,0.8160881197388865,0.9040302567909668,0.7116612840072778,0.7732728237856641,0.8114611528116689,0.5721509833063819,0.4570259431298891,0.7787861679625128,0.5612915643894836,0.591111072197073,0.47622228323406124,0.9094248833968428,0.8716955915878208,0.9425027397644948,0.893228698918225,0.8900369672660217,0.8644044434649956,0.6915521796903921,0.46578930806222496,0.7540909638506224,0.6753302413346798,0.6571877866082805,0.5103080139869527,0.8323570710678344,0.6518364924863899,0.8500585908024126,0.8149141637621805,0.7583309731716581,0.6419592562878036
jh,rest1_vs_type1,1,MentalArithmetic,Type1,11,14,306.699545,153350,155850,2166.6707555226108,452.59129198363047,72.88309279952412,34.916850040682185,23.881941043621328,38.07896868983171,2069.5767587184096,464.0857348764208,81.4181143762631,29.709855303905755,25.190775882151524,38.52133799768458,616.3827770117075,124.59694122240705,30.717201061954544,23.061118265774514,20.863573607285034,32.92491689437244,417.9590368260132,129.7434221647206,38.02339377327551,21.815027559797475,21.11757882711047,34.36611722887552,429.6144915720472,161.72809542375091,48.10182696276591,23.298902316023145,21.757794391195883,35.95006010885859,410.79390888015195,130.4755407125527,48.097245909123586,22.218192331423023,20.481577214330784,35.67973685700519,493.48247564215046,114.20724331097848,36.67444527552997,18.54376439702847,18.119972128900592,35.360579702598386,0.9965917695240512,0.9837024284958402,0.9252014133269462,0.8929565550801117,0.8212711919830198,0.9172882847581001,0.9748810642920823,0.9348104655864905,0.8381343176584519,0.8290686362645994,0.8407337650376162,0.9071531718599385,0.9512209299288702,0.8131871524015979,0.8211749681255622,0.8387064561155951,0.8422309756735713,0.8963708944845391,0.914646708311663,0.7537586161796196,0.7813575826797852,0.7772529591981147,0.8388346946586649,0.8637505274631998,0.9626904650787614,0.7784885706671609,0.7327717414109781,0.8018282257924492,0.7902982891290693,0.8707540638693436,0.9721908674907239,0.8870614827134151,0.7820016478831566,0.8031971068800866,0.6663734575467359,0.8370577149072159,0.95661086818933,0.9082261387363408,0.7129660351510381,0.705481999781633,0.6458067587685612,0.8460464870440995,0.9418179986424083,0.7889567406403206,0.7492106749218614,0.7291239255389385,0.7169518915678992,0.8687532643243361,0.9169474815056574,0.7441080758175098,0.7658583662641216,0.7290203222685289,0.7884516223053273,0.872432675279575,0.9661751786571431,0.7706730639591646,0.7971804807749056,0.7782872246602465,0.8291609478142835,0.8930752834728073,0.9795147597497039,0.9102991229099242,0.8511838553898505,0.7947409784034759,0.7348469784006416,0.842741531707544,0.9562385287167213,0.8291180120497045,0.902415939239161,0.8770856913008745,0.8662763008161354,0.9161641907890458,0.8914077061169084,0.7383676032143585,0.7874829780937826,0.7248997547080551,0.7563447396045742,0.8614274705885588,0.9325658596706935,0.7693442779880275,0.6875062636509962,0.7166813110005537,0.696055536427908,0.8671564682797631,0.9302649760663383,0.8549112353181622,0.6372004438536705,0.6553895230308433,0.5585377663460436,0.8347316704644487,0.9773800181672407,0.9584587715438002,0.9333616439530161,0.9074116031883924,0.8973942802907284,0.9475755168156825,0.9820534898172139,0.9475518909088505,0.8450715901906787,0.8821052876217078,0.8152653027355624,0.9309180603464117,0.9483367847966839,0.8193050857030644,0.7091978908357779,0.7164412173855654,0.595207245054527,0.8212306708744964,0.9825000060735163,0.9693698806438763,0.9238255833363042,0.935034093100392,0.894598341488296,0.9501723524752638,0.9398791823762869,0.7949394969521483,0.7121430574122073,0.7377190713287002,0.6552511729361641,0.8195225765788776,0.9815611161045646,0.8605486296925005,0.8270318815652736,0.8306089394950767,0.7601265289256849,0.8796786471488486
jh,rest1_vs_type1,1,MentalArithmetic,Type1,12,15,316.886593,158443,160943,1792.6761048042742,232.5847428328169,142.68898712163184,45.536317768454566,56.22799486163324,100.35701676190052,1911.370533179237,239.13794071853036,162.63007225806098,52.07944601784305,58.37347086429965,88.60715265027595,469.2132690924909,75.86750421754437,96.40107980223684,33.74702225353264,56.62070757364664,95.37160906542024,305.39223691889663,60.04972835130966,161.12502863190755,46.590429457349956,51.49508462198953,86.16171060672359,369.9869517462714,68.87830209545035,196.6959993678661,58.2088230401836,56.01571344545796,87.62125272554987,392.0678536536297,55.75863827141491,193.74213874698862,67.02504881984854,59.19866811836238,89.91583887529097,581.4405416906309,65.19346536176921,121.57218487694973,55.76211967609663,59.57279472796602,87.34333886358458,0.9836960084086853,0.9672789327904241,0.9567067660437315,0.8737859972271051,0.9057609820326027,0.9191400853052717,0.8745078739692379,0.7003755429574737,0.7271000845735143,0.7940195855521488,0.834236885177115,0.9154195162185708,0.936523859231024,0.7977475101778333,0.8264387154191072,0.6793186127469938,0.8585373800233935,0.9042501807192779,0.9125273059352952,0.7964587617300687,0.8785170329644727,0.693219677905789,0.8441532370875139,0.9080254041498577,0.8939730686994953,0.7908164318180612,0.8069257012450723,0.7017009404038301,0.8180395581979221,0.9214875679811904,0.8478848061460905,0.76112836263347,0.7797482660769719,0.6776879054796275,0.794341236868182,0.8901305103352974,0.7911335880302062,0.6091154498367815,0.6372084116950978,0.6942224930362987,0.8275577024060006,0.8364218198771954,0.9075137683996847,0.7475034745967273,0.7983700902005676,0.6422376270487148,0.8382138661706595,0.8403818294617426,0.9237701101021543,0.7844578098890156,0.8825950532208184,0.7458258847208405,0.8334111787041042,0.8579899744371435,0.9357277533702967,0.8415871579385452,0.8630851948973955,0.7892658616535446,0.8492637880522844,0.8895754243363865,0.9223422752745597,0.8538702771692452,0.8297230485080069,0.7575284166188029,0.8306344212658786,0.8943234949249719,0.9228917152140031,0.7402905492041196,0.85922535228665,0.6984072336741567,0.9254913432097995,0.9498985111566021,0.8072822007868411,0.6404143474520742,0.7445853386280497,0.6424587419731963,0.8583631873310498,0.9080725668993903,0.7139827765836007,0.5394279485894082,0.7194834778561952,0.6687773568775742,0.8190245071839316,0.9041296902300285,0.5764518951664569,0.4785666129224714,0.6906021859855412,0.7202178966008803,0.8204643318663836,0.8487348051893697,0.9632304161694436,0.9581359241334333,0.9587896784263682,0.8880602646643024,0.9245539580242482,0.9628708446598241,0.9074982084077825,0.8573688461594496,0.9248442556407344,0.7795999060680666,0.8976543248322635,0.9525153324481999,0.7769604282530871,0.6248173049041704,0.7965768534374147,0.6554505447470803,0.8514068765842377,0.8720591927299465,0.9744514253923485,0.9184897650909265,0.9407057819202078,0.8967935845149813,0.9496321217409743,0.9680678240558558,0.8707752657031312,0.6715446785346633,0.8037353095516119,0.7455711280565062,0.8421604711810243,0.8693416770051201,0.9449948952156214,0.8274698136457797,0.8867467960565761,0.8616854017299592,0.9088518902741413,0.9206702164948779
jh,rest1_vs_type1,1,MentalArithmetic,Type1,13,16,328.383979,164192,166692,538.8900789342453,107.75754606369964,82.93671209780697,21.512785870319394,13.589084972154406,13.06652306910737,549.1680440272713,119.61811313550048,77.18509525106901,24.121482611928126,13.37621943452173,15.390781423832228,106.00740539769335,34.94290183756623,64.37028545790598,13.496566548153401,10.74543625508266,11.507796111691743,101.07844373382395,43.21090357686967,89.15795295755123,15.196206256091429,12.41085834048195,12.018251866707036,115.34547476411205,46.51177687635621,92.15811964297771,18.214180100278607,13.62079492546188,13.310104453567831,111.65728372462937,45.76406097902365,76.84149587407116,18.521477646576148,11.819920427965677,12.863191874859442,151.02127920817566,49.53468024071958,47.45777332879308,15.073031277929221,10.431281997195212,14.011243241249488,0.9960166693038416,0.9164809302955648,0.9216304666887725,0.8098779659636212,0.7434635698085865,0.6533277604160703,0.8509665594983482,0.6362538205723595,0.8541924484713114,0.8569089004269748,0.7169071065784336,0.7580552262975623,0.9097370407432438,0.6935134031264771,0.8317648545350174,0.832465752245331,0.7031351018349261,0.7628945262903378,0.9457319484929171,0.7045166162650602,0.8050741612842967,0.7722575797231982,0.6974492475495124,0.7195506756792095,0.9551792310568338,0.6985471909584473,0.7464349288421999,0.6987714709678412,0.6556178008125558,0.7240371861840185,0.9553281595317588,0.6854701082134843,0.7092405993381611,0.5388504748134365,0.5356918275944422,0.5621187059204475,0.8255647231832649,0.5128004277661468,0.7242890615966855,0.7030399378656593,0.569541847500559,0.5920580623075106,0.9030067718885239,0.5827391713091495,0.7801473147888869,0.7498288491973503,0.5283361069270427,0.6151846998559026,0.9501449592445529,0.6653822350140293,0.8280987631835977,0.7682523692567029,0.5829526501870314,0.6125718319269838,0.9636685319520298,0.7203132390318093,0.8173673309303504,0.782128903041516,0.6291511744203899,0.6978149723338384,0.9707510393567915,0.7800310513083587,0.8144053147260906,0.7028926449185988,0.6142586253517459,0.5342266504555127,0.9314361697276672,0.7832485010377407,0.885904974898513,0.8889085987432662,0.7272221552885064,0.8107341195385137,0.8720126545772405,0.5797219330617448,0.7797434673622383,0.8139431517041843,0.5994844138846078,0.6839581651920431,0.8405870966611763,0.5342529723002082,0.6992204289494092,0.675731469361579,0.5243257295090348,0.7050568684042473,0.7755564747833567,0.4260442854067113,0.6140986361960363,0.5264380416133726,0.43233226726677687,0.6071106303925485,0.9754670702920686,0.8605362759963602,0.9387850310903305,0.9289270626036369,0.8689062117152588,0.8623173373352048,0.9505493886839247,0.7861767364624761,0.8571625471696835,0.8114602714430352,0.6754609931390607,0.827164046716091,0.8754100449647783,0.4186243327940125,0.7417793860826727,0.5971397755342608,0.47206017808667744,0.560736299960409,0.9829303377362195,0.8975758860426993,0.9309217223457308,0.9057629601825976,0.8051074547499126,0.8526165979667529,0.9344917044195008,0.48814147070685804,0.784892927808753,0.7100485509715524,0.5510605854188552,0.5144950414046534,0.9635644065040924,0.6170184623870063,0.889678238261397,0.7995683366326822,0.7369066033013848,0.6725850809662378
jh,rest1_vs_type1,1,MentalArithmetic,Type1,14,17,339.22081399999996,169610,172110,497.10446154202606,184.74713662374612,27.08576328543746,14.58435105609863,18.33901238771752,16.466744711602384,525.5218876000893,187.59786556235278,31.306382977816888,16.103486301879492,20.532720873320805,16.484713071487484,94.50206088833633,75.86055919862866,17.560636168439856,12.800217468828324,19.440413802944157,18.182834621140703,152.96727174177738,75.56682383239811,24.35218508860305,14.439559003136283,18.35591674521475,14.555441494319142,196.46372643534457,89.56215382986487,33.48524730259402,15.174084482905455,17.223382848180172,15.448934980083116,201.16429909300865,98.85583772553468,30.77867829909756,14.026743866101453,14.77996921924368,14.540079535089774,200.61379876892886,96.20936224553273,26.27730487916243,12.57959941456095,13.415730532871939,13.81324088457387,0.9925922773459384,0.9294729267523565,0.8295385407552249,0.7926315071935406,0.7151069983926942,0.6342196807886988,0.874659459552658,0.8088187720217364,0.6169403317005921,0.6673122214466838,0.7823375856586947,0.7606096861192948,0.937636143069439,0.8923304882100676,0.7767903348806543,0.8029091137372372,0.8324640972533803,0.8120717905809917,0.9490262087787412,0.8860253079451259,0.8115728049414968,0.7996832469896873,0.7948640596644581,0.7147213670429985,0.9505240547226035,0.8365421720361395,0.716698709167815,0.777293666484095,0.7711793585751875,0.7067725795460459,0.9496623689064746,0.8115621975047114,0.6220318497019977,0.5303051123080595,0.6785959995961821,0.5565773143611562,0.845848797636223,0.6645241847722698,0.40516423881030394,0.5207449378822682,0.57208599578834,0.5290005759529414,0.9248766762248389,0.7922523572260881,0.666098399100537,0.7079815117798648,0.5992456962296535,0.5976913542289974,0.9439789904847578,0.8566665993785973,0.8244709435557848,0.7200180252809283,0.6486195414639913,0.5873927567806217,0.9546438799036344,0.9198557678474216,0.8814120505119151,0.7816352407330768,0.708587152368619,0.6368913776605896,0.9633989706058105,0.9248307705274393,0.8110156991268456,0.6253105545720589,0.6409323334788785,0.5096548075303103,0.9115402525785697,0.8420547899684367,0.7158750739550644,0.716633811417485,0.8293059387104955,0.8027015602893003,0.8732781722728991,0.710613609088121,0.5487026357226114,0.6173716107346542,0.6882993556659087,0.6501512342242737,0.8461741766281853,0.5992474235141314,0.41426128353487,0.583990077741273,0.6171459410286498,0.6073933402593193,0.7787097287527761,0.5324787429034703,0.35278709945593684,0.4032457786006666,0.552754481537787,0.4850323672178659,0.9901754736860982,0.9374736606447078,0.8807464278938364,0.871560109055792,0.8610512686444615,0.8431179276036705,0.9740374600784182,0.8132667714992354,0.7361318733195553,0.8314850586785445,0.7900089208242016,0.7894859076085069,0.8953742602186242,0.6640056646911425,0.5721885059772517,0.5679696759348107,0.5925214892318105,0.5656527887449659,0.9908670101441003,0.9257724148731884,0.895652082241558,0.9107263737646086,0.8890081010315528,0.8575485161614111,0.9267713932568018,0.7579355931339049,0.7279116191022686,0.6229420918554184,0.6367732543125457,0.6144037398931419,0.9549715784394781,0.8827995447426196,0.9016638286068341,0.7651021232986958,0.7268443315097843,0.6871048555670597
jh,rest1_vs_type1,1,MentalArithmetic,Type1,15,18,349.895127,174948,177448,591.9054701478588,206.40840426955154,35.88608991982624,18.44741333229053,12.46556344417219,10.786540461951386,714.8242299586601,256.14845738057716,36.14909678720494,18.542933833474383,14.586399718048991,16.02768093211552,85.67285558380348,31.359333675713145,34.96652926269746,13.901607232062569,11.08510301758144,13.765139135263471,108.539725842237,59.47263751567452,46.97821051366908,16.920809846605856,12.886209540797154,11.89018602739138,152.67978258832562,85.50848367485627,49.185842873377936,20.929748802674517,14.404852703438058,11.225671553702814,202.63971233208468,105.71018212065914,67.8443506726079,20.550017502991746,15.424972389182678,12.635431449491808,265.4924822390726,98.65705324270535,31.50379953802775,16.775360432220886,12.884288362563241,13.65511458855318,0.9958352309061289,0.9766112012303105,0.78571670038568,0.7653394765045654,0.7720576935151789,0.5924035025221931,0.930420253046404,0.7218993627318263,0.6982065465193402,0.6292038539983432,0.5629875450382545,0.6654552870373563,0.8973299956860056,0.6957033691816932,0.8104759118855261,0.7335680735378702,0.751775591619792,0.710588458221402,0.9231582983718013,0.7230655592114823,0.8205137357743361,0.7934419405065023,0.736366946415148,0.6840959200750141,0.9531304684689537,0.7198708233050504,0.6963994648267253,0.7671450732669683,0.6976630562855457,0.6659477302043862,0.9755126889022018,0.8837712932363477,0.6495706910992733,0.5753456719812282,0.6251249600093414,0.49681644358335114,0.9227162468412121,0.7027856713955344,0.43292572722000155,0.4080790346394482,0.5014413114835524,0.4866131201579524,0.8927029859419151,0.6965160757373855,0.6040795469014293,0.4889868645058124,0.6150120319169259,0.5643248034229156,0.9249652932062116,0.743006903469966,0.7570509328830927,0.588647986206626,0.6686938377399204,0.5755733994158411,0.9657739586527295,0.777594770506068,0.8210687166780792,0.746947459475667,0.6660225322324849,0.6372175005276641,0.987373022465485,0.9286746482697736,0.8313706822350755,0.6894435495885594,0.5727052346757594,0.5025103339249752,0.9562433688011215,0.8167424011939106,0.8632745016417733,0.829687418686791,0.7123577249906028,0.812761215066048,0.9342457151007032,0.7372664856144467,0.635728058838296,0.6692203443838525,0.6341390119062774,0.6501821303505604,0.9244766029630456,0.7158964627336253,0.5057955633531732,0.5325267839151178,0.5818288269267865,0.6054042937490668,0.8887409920782844,0.6651392585485312,0.43380403117871225,0.34004973576720704,0.45229331395910355,0.4071847367947281,0.9851811777639439,0.9495971720891778,0.8716412317034552,0.8349739288775029,0.862033093330461,0.8428562097959006,0.9423832758487215,0.8568454374020554,0.7095232564742302,0.6694154196308474,0.754481948291416,0.7674615553056137,0.8726906160330605,0.6834930815882625,0.5727041864379465,0.474356472454501,0.5996133367370046,0.48775460044709773,0.973925556182848,0.9220288652814403,0.9082472067890169,0.764137895032543,0.8396262524417049,0.7828367247227626,0.914364372037355,0.7193736159860494,0.6807359810455835,0.5521903691848229,0.6109560242103472,0.48669924235270307,0.9707201034407916,0.8162430948765906,0.7711672777544496,0.7740340765384943,0.7343194703964032,0.6605682200041794
jh,rest1_vs_type1,1,MentalArithmetic,Type1,16,19,360.998695,180499,182999,2279.7344525278463,384.663384736706,101.52377686706593,31.418535446055184,18.38148231114466,17.387217670949845,2206.458383867372,339.82617421982394,98.88131612981064,31.623854083776695,17.44680187071002,15.621977561587075,627.0001903593949,148.51056113076908,58.525978711136275,21.555271194366803,14.626249119481772,19.37769630507716,492.3294322462,120.5852059981894,91.01998369787094,27.26355024714478,15.334178329712799,15.358094013329682,550.0012354305218,127.30537492474816,120.56116166329399,32.477184267654096,18.52694914528131,15.257353497304454,517.146456676177,103.45562715249376,114.76371500277813,30.092845326869508,17.027346679150938,14.066803924509413,512.4921697778714,96.5919994425166,78.2851273018779,23.587055921233134,15.49841949482444,17.397930718017584,0.9931921203527834,0.963667134514911,0.9689040256941392,0.9373985982530135,0.9146470381039876,0.8033772452902446,0.9833422745549464,0.9223831677241913,0.9009906422795251,0.8502273775089462,0.7924539106447088,0.6994412262608439,0.9739727357330047,0.8409948177246561,0.8679496822114334,0.8556333908203496,0.809140329569399,0.7986702001537681,0.9695702807356735,0.86895761703432,0.8556477986939521,0.8070313244796468,0.7778958407015095,0.7779448469444671,0.956040518812352,0.8718033962485108,0.8558218902559946,0.6890641066906079,0.713191833734238,0.7377621596786081,0.97875158699692,0.8949326512548423,0.8415153889290312,0.7292433911236863,0.6687334192770519,0.5519859927088328,0.9635061600093189,0.8312118470339955,0.8411135211487565,0.7941505745453037,0.6868870427305585,0.5642633115921445,0.9576896779514152,0.7806952732192401,0.8205285372327085,0.8212591619116949,0.7303047495098461,0.6503989066145078,0.9618169028952162,0.8452234045211722,0.8334942974779631,0.8168230570952247,0.7596126105297423,0.6907064386187372,0.961642738145109,0.8955605559420398,0.8664831752570856,0.7619454071678959,0.76077774109663,0.7494053858020692,0.9890125202656147,0.9403144429477384,0.8761130067390296,0.7911804155491259,0.6961230821878799,0.5852603887351645,0.9831869602750608,0.916321492160359,0.931353181540544,0.930272851959028,0.8778859521691466,0.7962357777163641,0.9643910107980144,0.8589849093860205,0.8806318518630629,0.8561989683527751,0.7272748822930231,0.6616575563806806,0.9481030402973042,0.8282103066561621,0.8720216662169463,0.7651923326333506,0.6564196360734419,0.6231471854048943,0.9536821575995708,0.7931915146928201,0.8124346741703476,0.753184310974875,0.6067704885346981,0.4881459707054515,0.9913121552912759,0.9536925927876342,0.9689619807985265,0.939249703022016,0.8855011714408849,0.8471531571900532,0.9762842538809152,0.8901264724621798,0.9348890965693558,0.8573891883847243,0.8178171884435663,0.7872572261093708,0.960130270869739,0.7619205488716967,0.8214507659699851,0.7943405053228473,0.6665433492175398,0.49984862985586,0.985220013666192,0.9459648843127199,0.9564958309506668,0.9058496097200359,0.9133340941536223,0.8354703328203327,0.9695232849374236,0.8393908008151063,0.8418090179854371,0.7997788844866829,0.7134276580709246,0.49997499904813764,0.9814622418746919,0.9208318372909771,0.9297690725046938,0.8692192639079744,0.7827499755079712,0.612091906331664
jh,rest1_vs_type1,1,MentalArithmetic,Type1,17,20,371.24699499999997,185623,188123,1066.6744982679675,336.24785594528663,51.25223169289576,20.633336282212518,24.013686305058272,39.52728370605905,1107.824327887921,343.8552368149748,52.768970469285684,24.52633727195372,31.34714882233797,47.69329419751152,242.92838742212209,95.69963038976958,35.89739729786436,19.121173657911456,23.594072472761745,37.513951649227806,223.63554055107852,94.81906463796844,44.48448978385531,21.10203510483768,25.80937471188408,38.4488674793339,260.3986382134799,100.26658552655655,50.93958978040578,22.939888212571663,25.013467824485875,36.5985590711906,269.23941679365083,95.28015934936086,48.25418697039217,24.705194380445253,26.741319940136762,40.92420860987372,311.8103765201631,115.92545712596896,36.934005392030855,18.2356187863712,24.844427931264775,38.28629597237329,0.9934786190942232,0.9738116632021285,0.8830974456770571,0.6528094950751383,0.6287134558898893,0.6444023169080719,0.9206390943630436,0.8748609247761537,0.764444456193708,0.8114217794983738,0.759546872450023,0.8925026321204766,0.9432863265766637,0.8313558578395538,0.8991094433626976,0.8393657681976116,0.7353450074281904,0.9026674462480112,0.9500075104285775,0.7844701317949634,0.8767034427469861,0.8658990628634704,0.7696267491750943,0.9043305481836629,0.9620896316879062,0.8602731202023095,0.7998720839969607,0.7517418331820173,0.6716397235287839,0.8634167744533416,0.9769571769674891,0.833657730167622,0.7044670890644683,0.6582169492973163,0.6490945327020222,0.785779181157102,0.8896195583587009,0.7971068338183065,0.6239116941330666,0.5335563666040513,0.5003421987582661,0.6039659782376965,0.9198003355939616,0.7831261011871855,0.8278788041559937,0.609452155101503,0.5025245870121504,0.6575935755540849,0.9358212906776001,0.7768178816396423,0.8858824875128866,0.601276072779773,0.5631289948035372,0.622824253492699,0.9645551235586577,0.8835749223011717,0.8714460040655991,0.5575957176218578,0.5134090756853562,0.5633785037549655,0.9901203429508526,0.9069830006389191,0.8313965358658404,0.5902497499967975,0.6429669266067993,0.6186973146877128,0.9511800872494507,0.9022977808193382,0.7880064672767788,0.7807388266684476,0.8054609615988457,0.9143740401215122,0.927857187631662,0.798544297279413,0.6418597225514185,0.6745540212335348,0.8009968682501649,0.8506392147964161,0.9051414899376836,0.7928137500618626,0.5667037947055908,0.543347164037919,0.735558672445628,0.8122366869599152,0.8570462871350202,0.6475634752565089,0.5220362213196401,0.524495772410947,0.6770977177212261,0.809067107132532,0.9904873465964981,0.949041866849996,0.9318123048947922,0.8758035894428401,0.8771002806413903,0.9426406705050451,0.9628618224486662,0.8850810956642707,0.82466687931714,0.7505380024801157,0.8340369220291578,0.8901130731578245,0.8963483411060219,0.6898379258816691,0.6649936317967753,0.6023442958117993,0.6963398975574239,0.8254712891336226,0.9805274875834581,0.9307244095147726,0.9249143550704664,0.8905787360028511,0.901814888027619,0.9052519666197919,0.9113749874607017,0.7574370406210592,0.7399211782371987,0.6901572971268236,0.780833874368761,0.8029799884376324,0.9502932099212429,0.8745040409641812,0.8630473979144296,0.68608438390677,0.7911282580378993,0.7614389238019494
jh,rest1_vs_type1,1,MentalArithmetic,Type1,18,21,381.278099,190639,193139,887.1763394280748,298.74034952746666,65.46706423836838,27.059214553517958,61.42023037052299,76.31772510228421,944.4187667428303,340.5788928447292,63.252727789634136,29.04705840300627,59.73192791387568,78.03947697439575,257.7607648896486,78.52095206392988,55.09496834432081,27.43218923155488,66.94337841171279,78.66964744311467,204.5132045362118,87.5005866586409,56.28005046309924,28.71711814734423,68.67687204908934,78.92561939143783,232.289871227204,110.74199771509305,57.50050475531308,29.59308773332361,67.27834467841498,77.45251090088951,240.0665563504473,112.15464602974801,49.46860608982345,30.836149636850458,65.25773299967018,76.7021545998604,328.31361452480337,138.73903222978126,39.81753327594438,26.98358255852712,54.616022071326334,82.55300185717783,0.9754244056129909,0.9676251049816683,0.9208004620453473,0.9098690416322216,0.9093561357281977,0.9323443014296611,0.8536078786497616,0.7311448612300291,0.7798536914749395,0.8774997893064379,0.9394283498879691,0.9371233242859536,0.8628514918147158,0.7675534488049276,0.8681524010097073,0.9116470155551671,0.9588491679483859,0.9639110942579932,0.8183225539252614,0.8247973072692135,0.835424738887655,0.8788570371711472,0.939569726893691,0.9488249008192333,0.7011723360343699,0.840469223488876,0.8593734772654008,0.8428266126484086,0.9305446174319449,0.9525382969196856,0.700809201250697,0.8265268780977173,0.7714510307993143,0.7332945367501543,0.8703036704624207,0.87125330858177,0.7517739761932138,0.6383346170772043,0.6411160708164202,0.8239920887078978,0.8759371531063742,0.9062565583909421,0.8067968750621505,0.7154056713139791,0.7750141891045396,0.8742106905227377,0.8981810816987201,0.9264755683797848,0.7737541876737963,0.8122752445200274,0.8035602240428584,0.8870153983343296,0.90408607386172,0.9411305997286658,0.7083955983092621,0.8712694995822012,0.8738882286791734,0.9047199828141083,0.9191133978147397,0.9494005058422569,0.790989285482933,0.8816880261299785,0.7959977139821826,0.8300274650883231,0.8603094429039697,0.89201842514295,0.8633903794500165,0.8421454996619132,0.8186857072767955,0.9007083639920916,0.9463511985639986,0.957780022776584,0.7590846334760265,0.639417715129533,0.6616292375264436,0.852145648999385,0.8916989768448664,0.9170871495281154,0.5421725551859495,0.5983608462300352,0.6296832816950375,0.8152409530181526,0.8737080688899426,0.9164798004456878,0.42331992383825906,0.5100916486893745,0.6014125062664635,0.6996219796280083,0.8269964041116337,0.8801001779965383,0.9607650885928901,0.8658029745951318,0.9256460378936648,0.9570863475635377,0.9536025344878769,0.9736444683805554,0.7821065831438664,0.8015613480850251,0.8745523160572816,0.9169328964646122,0.9194647564788181,0.9601341658957919,0.6231088997728089,0.657439422110296,0.6774677410805671,0.7575705390732974,0.8468195262548648,0.887170630066234,0.8635543153137503,0.9370851565549984,0.9510415632660589,0.9509333064001212,0.9621955689965785,0.9730613723358225,0.6398869998058091,0.7528228387191538,0.6864535729636704,0.7896105419979882,0.8804202007996885,0.8819200686819493,0.7924321517815492,0.8779471990988416,0.7765519567126427,0.855569005986124,0.9211311050320969,0.9232173623687793
jh,rest1_vs_type1,1,MentalArithmetic,Type1,19,22,391.830927,195915,198415,468.6236642057845,247.09793566865642,176.7644851551595,25.932952611479738,11.300001877120396,13.902955107641153,439.4393024335685,230.6875814701047,183.8231907357455,25.68592001913745,12.403740976086977,11.864311624487955,143.8614299453874,112.15126091404198,104.48727426565786,22.603623683762788,10.632516213488792,13.418622646588249,84.94690160334478,110.92828394158555,154.5251222173263,26.470462690158634,10.925556353412754,13.77681565009522,76.22084082034488,111.03390803162947,192.01705363411634,29.158985512139143,10.492830325655088,12.86258468700141,84.84692452569985,97.99415740361783,170.8374589331855,27.978193531433217,10.224204094304666,13.082811204745369,128.52096382853526,77.13930482569634,116.20254228226452,15.947513871575604,9.744939996464295,12.24407066093068,0.9907988022041581,0.9322344604349379,0.9677190576087125,0.8746873288607803,0.5537576571071456,0.6463876208702207,0.9683988385690391,0.8806321241963864,0.9516822728713871,0.77999398108415,0.7167945608633995,0.7572227666563179,0.8836743344456162,0.8300578361347821,0.9614428173622395,0.8572473067495544,0.7607374212775171,0.7435378370379173,0.8312301739092799,0.7974157438093017,0.9465302380795695,0.8344502032848042,0.7173960538951655,0.7034953038519159,0.8549786981280166,0.7616140747520962,0.9075679523433198,0.7499850363180681,0.650046833155754,0.6960171587486568,0.9247978078671942,0.7953382281300341,0.8766608518035028,0.5287931362055021,0.3934052360475575,0.4473341288155357,0.9644815392615133,0.7728977639223362,0.8879249079664945,0.67753616379359,0.5115979601301965,0.5726803923473868,0.8923189661052717,0.8070107200138683,0.9203792931006577,0.7704211234946345,0.5003988519471083,0.6075455607952125,0.8412969305661621,0.8471343800070441,0.937501376811638,0.7888780137021495,0.5700341981966612,0.6204575485453515,0.8811677492220137,0.8612201628302869,0.9330419952989695,0.7913581736791253,0.5547642328281203,0.6112619566127179,0.9537951468981034,0.8736023142054073,0.931993655973041,0.6685252828142866,0.4669235941992902,0.404703611667779,0.9446253878386782,0.8883167828163148,0.9214390340518515,0.8892030944828185,0.8174848187285775,0.7083380398642658,0.8969378977367001,0.7921753011271573,0.8756452100888972,0.7082842462469002,0.6081511146710342,0.6241214523889519,0.9118120903615777,0.7050858652615491,0.8140094758711264,0.6232558947135095,0.5416612110003629,0.6086502415354289,0.9227164814907255,0.7172391445190265,0.8137088472935468,0.4770533093869522,0.3641288658364853,0.43197759644591355,0.9770197574523394,0.9371376098204779,0.9731972199548601,0.8750023576558841,0.7864330824740307,0.8517413511237478,0.9637470181876155,0.8301559105216555,0.9241215958299372,0.7794268652587635,0.6722818126044426,0.8243693327399121,0.8767605909924551,0.7479235636454803,0.8353965026166967,0.556971399053562,0.3823595542124019,0.4539118064623373,0.9555241465870296,0.9366176536665989,0.9708697898743697,0.9002621338331103,0.785870644809761,0.8611852848899034,0.8352377443610134,0.8250011708975301,0.8658705206213995,0.5853735077018511,0.3993640390391283,0.4162143825341295,0.9192384553117291,0.9155371410901881,0.9077628381627301,0.7311715584361984,0.5304116344035614,0.541743591704545
jh,rest1_vs_type1,1,MentalArithmetic,Type1,20,23,403.32335099999995,201662,204162,51.41467821058223,36.73315288986514,28.995199144987357,13.126932425505784,10.487073741355681,11.001389983048188,45.87441533205704,45.560666861449285,36.232275596235176,13.391736581733849,14.033350250727485,14.056170712340972,23.754538896867693,18.77276055145699,18.17423455465727,12.726588036320594,11.419620718575299,11.610078154342105,47.09147580786729,40.988640298558444,28.77808984853747,12.94056209867922,11.62915059173621,10.770442140524334,62.21196226540496,66.60868156279562,40.86678069556783,16.098945042225935,11.570081353750652,10.582763095386527,50.978392427299745,45.12662025446976,35.44997720170584,13.750790373974862,11.256931536882123,10.875819408516486,25.339597875572306,25.923685208919824,20.471718308640348,11.79867222448165,11.188770133735735,13.378908492796269,0.9285803045743051,0.8595276597071436,0.8474244690675008,0.6669488110635526,0.5009837673441456,0.67590079375772,0.853859583697628,0.770967021239691,0.7855429100273478,0.7432134707707633,0.6632519084596633,0.7704513932646601,0.7493177654319361,0.8503490649204515,0.9198028249289869,0.8645499037521819,0.7579865332524602,0.791994022244376,0.7116357498131186,0.8053634818746994,0.8636985814339708,0.8059904695914272,0.7225020146495156,0.7578692746670115,0.7496560217311047,0.7750588606688817,0.7694050426172444,0.6256207203108807,0.6683700979079134,0.7274503191408571,0.6715073296529668,0.5840429928310722,0.5547650930421036,0.453960608403943,0.4614286426254936,0.46445271598790067,0.6961188108042343,0.6100040102729187,0.5593150941985966,0.45954148709892234,0.4678364379173382,0.5678604236676639,0.6043600129957861,0.8001886723379502,0.8075204087829204,0.6493906943333477,0.46478747001020987,0.6370778408838793,0.6654706240023015,0.8188860929720769,0.8679529662179302,0.7179630247139601,0.5137566721692572,0.6463406282713579,0.7839652471778047,0.8497048388760067,0.911407089410519,0.7472213184928631,0.6205550790154692,0.6854105620626832,0.7440284597507935,0.7284821657046546,0.6941590440222927,0.5915747922724421,0.6011301903406794,0.4365964262771706,0.7686093114548439,0.6550855384942599,0.8088376999278862,0.776505716771269,0.7750696434304788,0.8068991176928445,0.597529904644536,0.5967365452703225,0.6755812540710048,0.5853566803653728,0.5313722251650137,0.6812907859135598,0.5838423823035401,0.5788357673767335,0.5499478681165715,0.38591316897554667,0.5229289922565517,0.6825323845296428,0.4612659082556138,0.49422328787129416,0.3403401468659875,0.2950759074027419,0.4061962235012732,0.42604548214200316,0.9201607446690354,0.9329833544305174,0.9408266790350439,0.8403936165924263,0.728932938633365,0.8183493901092614,0.7987364341686595,0.8871697759552457,0.8169770366884249,0.6191778001104276,0.5933570514992037,0.7992554888276635,0.38836053796547215,0.6523993022947282,0.45780288284876053,0.44736012784170853,0.3829765319445848,0.4935075475174694,0.8937354911551657,0.9003017596997566,0.905680330984414,0.7452611054690729,0.7718612447755404,0.8502137513640431,0.45257546794516035,0.6129868126212968,0.5336153947643131,0.4893342363166779,0.4820286579471701,0.5178349681512129,0.6719603098621384,0.7678544905271175,0.711327850620054,0.6880000830343987,0.6929389468458196,0.7000799498344745
jh,rest1_vs_type1,1,MentalArithmetic,Type1,21,24,414.668546,207334,209834,1273.6783227950937,242.83361183911592,87.4179157669649,14.90162477390395,9.968083301401522,12.611720091525541,1195.1893375164684,244.1409411891263,95.81549085623575,14.154860344334592,12.126278205180427,13.460215930153048,351.9975633177206,99.90493192627417,62.84755761181764,12.380733280468437,9.411068772164231,11.681126615378115,241.61261980622288,99.84972753021174,80.77528221350242,16.237192807402685,12.30093050065438,11.773690737175896,262.91695923065174,111.51569368229946,99.39151904195032,18.590591807359576,13.100976980594274,14.530862577076784,246.6494910386669,98.07212814613725,86.4845009441468,17.64747906612793,15.471942653741838,13.52228609522103,279.65532698105716,81.97407219187919,62.24980750279521,11.938186672889271,12.053488440524987,12.853977665256116,0.9981473623383028,0.9764520666060521,0.9061468401484525,0.767245618658331,0.6646743274612408,0.7321831070742799,0.975217993156372,0.9111637273889543,0.83095830121323,0.7824351321129998,0.7151566515379424,0.6996461827652091,0.9640271056518973,0.8296932376704556,0.9297986462904972,0.880470743760341,0.7574901996656505,0.8269065658384421,0.9527713045479255,0.8242860489544171,0.9133205482160461,0.8213226382584092,0.7165988423156209,0.7715505511623266,0.9615759848216174,0.8599273017589133,0.8369333655108676,0.7696432624166267,0.6335781024366984,0.7343883919116109,0.9703447927787917,0.879843746729541,0.6745393726132659,0.7343900215664266,0.5126264410503387,0.5442484379018621,0.9647132171662157,0.8662501352959588,0.7086567550431176,0.5528667619238156,0.5189849455206395,0.5282863559062522,0.9591376254316354,0.7788108322257178,0.7980511751989628,0.6654726243353176,0.5800762487011035,0.6645478805911967,0.9532256124761963,0.7970384282264374,0.8570491724022788,0.736343179592392,0.6768617082960486,0.6533367369182568,0.9640926434639631,0.8654713727251586,0.9148131306075378,0.7806048651801883,0.6879374665219068,0.7090161491197325,0.9708591915238705,0.9156967581852036,0.8199852018771289,0.7501445709084885,0.5256930577067935,0.5477078439679194,0.976146772371516,0.8912794060455298,0.9247517331213778,0.8431560312691566,0.8471112081677244,0.790297218447159,0.9469508520696223,0.8223687167852525,0.7805851853011969,0.7169643116865234,0.6363130996070943,0.6542447776021331,0.9473668237272941,0.8269529485828309,0.6944852890079483,0.6572587444579571,0.6126757157895175,0.5938106928514982,0.9579686755920814,0.8407689556692052,0.5742078310302801,0.5925492497396466,0.546935010659438,0.5107742582290185,0.9905908222072464,0.9646806386591769,0.9293803849681153,0.9095425518785658,0.8330010031154517,0.8572749692520504,0.9837646248324473,0.9015292468031769,0.8171960176301395,0.8307988619663406,0.7324867122557805,0.79757652581298,0.9723939348497893,0.7517864396091227,0.6158053513584839,0.7294886428386317,0.5366963919323368,0.5609803953402813,0.9917409007285646,0.9478736025620663,0.9024070819232588,0.9200058983892694,0.8141809799915768,0.855300212605852,0.9709435303118436,0.7598584599400816,0.6520976661537942,0.8030751526665268,0.58325739752905,0.5500353583188063,0.9887984875427351,0.8587578384820578,0.8489057623897928,0.8333961323742188,0.7139118668965129,0.6231086855276227
jh,rest1_vs_type1,1,MentalArithmetic,Type1,22,25,426.08110199999993,213041,215541,669.0100330984861,275.4630911795438,83.03522066415564,17.055149719739894,14.032851403609074,14.560613891635272,627.3003144549226,239.44947551467837,92.45655179999657,18.698002431175926,13.90460364216811,14.80312795735666,189.8787957057856,78.45491114099086,51.02327409934524,13.077475540600753,14.165836303033052,15.72205567428244,132.14191281356142,78.68030159032557,65.47715295809034,16.75918002965182,15.659760159149048,14.6433450746332,144.2378266482136,97.26051056380105,82.6610145013824,19.01805740797469,15.656503081956085,14.857933352209468,154.15291781461545,68.86741715335401,76.7321956670232,21.1715291843214,17.2460728248472,12.821809668278455,186.98326041532627,63.92205449917883,69.67741534788878,16.900330197177336,13.175476909425365,11.581250926765978,0.9934219558293534,0.9747114586080323,0.9176860498817995,0.7977992456660072,0.6738266775570643,0.7398786872119261,0.9480884657979737,0.790185603243461,0.8675783408837002,0.7024253293180098,0.7689454258017909,0.8089614801154388,0.9615615856765745,0.802179970420812,0.8096048765182806,0.7800669115141898,0.8412068602804768,0.8759338646737453,0.9562819089557103,0.7351081539946582,0.827055385194544,0.7737410317850479,0.7468962789002171,0.8212920891593652,0.9474384637292913,0.7518728161461503,0.7998079729807299,0.7242028697087528,0.6617178705544302,0.828617649166776,0.9485377223383952,0.724745493920748,0.6585119954402057,0.5708030929744402,0.5235958212029115,0.5469456031590151,0.9184141686319242,0.7045282548962414,0.7355025724739634,0.5674678566223114,0.59307800408587,0.6399973059375301,0.9466221392933255,0.7717487911739613,0.7192179360476081,0.6519803211422106,0.6819545268779705,0.6972720729860384,0.9534137687975962,0.743936810152596,0.7822649477907595,0.746321074623426,0.704732367591086,0.7064325472271515,0.9637687625142638,0.806493995265904,0.8547784150911373,0.8476058231284129,0.7261459970911035,0.7339388608491882,0.9707777868404524,0.8140131990540193,0.7979794414808626,0.6909021589475273,0.6179119892690574,0.5272238538854288,0.9523688344010101,0.8215134294864621,0.8354283433331359,0.7589660159245265,0.8351184230623814,0.8773729821165003,0.917538385567969,0.6319121977611488,0.7543425654381004,0.6339206770841538,0.7271865787766535,0.7441220374889604,0.8777590865016814,0.5851027133321983,0.6926791416703864,0.5721687014338633,0.5858113134367976,0.7248511698513495,0.8692479751025664,0.4924900007213945,0.5812446434883959,0.44481081801838823,0.4800057260295838,0.4437240705084394,0.9882468929565511,0.9227413761173051,0.9576100804459953,0.8897920306943685,0.8859433596425881,0.902291622597333,0.94532092382013,0.8276746234863784,0.8584784151591215,0.769398489675872,0.7414220159792566,0.8628248502220957,0.8980848847739518,0.6238069826291754,0.5740887492575946,0.5616354530705924,0.5144176662646555,0.4662677655396335,0.9745187856291486,0.9052173308821829,0.9243772137701101,0.8814454159474623,0.8252922108859619,0.9104716256053415,0.9188598759497054,0.6626750819242354,0.6186055036158213,0.6466763302038683,0.5608370787015885,0.4733943625215638,0.9641266882218941,0.8081311998291305,0.7656859679389979,0.7875289993211848,0.7407683627840925,0.572388058292898
jh,rest1_vs_type1,1,MentalArithmetic,Type1,23,26,436.693642,218347,220847,788.4346595770302,179.86591004727444,83.75315239267601,18.23236735416989,10.325839991477793,12.240209632066035,787.1716581287805,174.34142214890406,92.39207106843688,19.76976359056141,12.152971918801235,13.672825242473621,211.20378250898366,59.6194490319386,49.2509451640505,10.780523606354377,10.98466571981184,13.498270381273866,187.19502790067853,67.94587560411564,91.53751029372793,19.190117272361242,9.470519757602812,11.663418415381376,214.17191537095073,78.01316578145641,114.25753841881092,22.490001987760433,9.858037492473667,11.38190505037587,194.26207600937133,71.84435330598835,96.78152574891153,18.61363542489908,10.324667471854449,11.007677604671292,196.1199327085115,66.81924610489142,64.27536902780794,12.512755541372782,10.915599630721921,10.903060756913897,0.9524449815172898,0.9450450188738745,0.9068343524391688,0.8736118403002385,0.5465119757376447,0.7419756901089737,0.9220140634425275,0.8247046976808209,0.8327002555822471,0.7794224623396804,0.7165828161735186,0.71584707094981,0.8845818876163792,0.8321074059139145,0.8537726733604689,0.8257926902222433,0.7943489502771253,0.7877925076535525,0.8715626871824592,0.7821353213578246,0.8223051369962286,0.8457452832818044,0.6438354139079461,0.6822209225506705,0.9045464765529343,0.7881319082586496,0.7989671880351402,0.851492214509069,0.6231437333711481,0.7397241755478977,0.9082362637367662,0.7721033648868493,0.604401032515221,0.6609432838668751,0.5028037683814,0.459904160539323,0.8028377029792688,0.7349342836404062,0.7279002650374006,0.6746605102750413,0.41953469962125994,0.5462841127371224,0.7845590469411494,0.7786801410497333,0.8077983927121324,0.7285559959108407,0.47714216004684856,0.6189915775799764,0.7779391623614087,0.8028802461366966,0.839757603511799,0.7820834929628484,0.5707867441423483,0.6104974653230041,0.8444104025505386,0.8619607379218611,0.9076642885783286,0.8387598520713662,0.5850064829607204,0.6902316145038045,0.900325411733463,0.8606602962402051,0.7817330110116807,0.7239667123296561,0.4583039534788954,0.49693352483720865,0.9497036089376989,0.8630726803152393,0.8720605364460801,0.8144298078210132,0.7501001537679239,0.7731486563835561,0.9281083368813476,0.7389082325348248,0.7524336829646883,0.7322429142571018,0.5030791926552476,0.5962755927725276,0.9009428330291218,0.7080577710955057,0.6949526967790319,0.7271953991575443,0.4284096439751533,0.6367496629789627,0.8196223551189464,0.6782258881984924,0.5604180581934817,0.5109661075582786,0.3563256251385728,0.46188784516784825,0.994350866536794,0.9059199094502256,0.9391823279599276,0.9241952081805674,0.7312558559055785,0.8547477820875339,0.9727518956571077,0.8328873019771172,0.8433576828984231,0.8759686906694777,0.6558342156501071,0.8315448423298586,0.8560223473813703,0.7328857992033734,0.5635227616446369,0.5512005309989668,0.4208539675602768,0.45923808807351857,0.9795396689506414,0.9446433615096305,0.919806463015507,0.9143401484878081,0.7822930963643959,0.8397662901344921,0.8593219151832748,0.7750123844959507,0.5741510064584829,0.5991997537084731,0.47316196616034356,0.4505844450226465,0.9204232525479337,0.8948172255756023,0.7687511906301498,0.7342543368590511,0.6675373558489991,0.5738744064218493
jh,rest1_vs_type1,1,MentalArithmetic,Type1,24,27,448.03351899999996,224017,226517,107.32897243401258,80.52493849861696,77.34559835793459,15.861894547617366,14.155238262375587,11.66075412269116,104.26492090253839,78.46738873984653,79.70343871052013,16.98198552108366,14.962439192036163,14.848343230711015,36.43797650006295,37.539578408282615,44.19895532176158,16.23013734847063,10.98412838129786,13.654632108517166,30.49212048378821,43.00465591353877,77.51281089314448,17.4209706140846,12.529602657713811,13.078230107469466,33.21197952666316,51.10398643224314,98.46694241140871,19.45906958649122,13.198254257827003,13.427606568218723,37.893146492837886,44.410101328095905,87.99600975068547,19.614054100864,13.042319790349731,13.69147350421033,44.56517531652858,30.67513646752233,51.14980625388827,15.654214091590628,10.435633065775313,11.671681456728802,0.969125461859082,0.870676857359579,0.9053995162218044,0.7848729290953872,0.5136811730765811,0.5880870561226181,0.8221395259307398,0.8703986766449444,0.8769987451959287,0.7975530780804062,0.6844686348339917,0.7717744952023149,0.7943830301951049,0.8719104268725958,0.8768694280419803,0.8288262274242861,0.7453545329807557,0.8219249569054202,0.825568824310813,0.7624148669746073,0.8885067311094257,0.8236433090844105,0.7813160078059684,0.7449389587211829,0.7322982974368651,0.6733135291003961,0.8008606173080116,0.7422853118177523,0.7375484716347868,0.7395755591242966,0.816604914889837,0.6771623234111233,0.7555943016308412,0.6653735330465308,0.6450084125742903,0.5503337978968381,0.7528668164246817,0.6630664839848305,0.7501850462101023,0.642972508199127,0.36474273198597407,0.5441780528199028,0.785610856480749,0.7510047778581851,0.8224834841925773,0.7461601850110219,0.4671195448773425,0.546419132881793,0.8563902421000004,0.7691158112691721,0.8893441535381343,0.8176072786093741,0.5108738509580958,0.5298519733407588,0.7939885001973117,0.7849402088040276,0.8912884393743203,0.8553442512714776,0.502152904112106,0.5497816739452178,0.9081709486387034,0.8214302410448404,0.878528760990209,0.7541644359499353,0.391160145187897,0.4853190836690654,0.8746515631483005,0.8849344464805768,0.9166870331629735,0.8349650530728976,0.8098158563125472,0.8287230073751584,0.7287110767403614,0.6939447001588946,0.8313056277812455,0.6898463599084274,0.7099870735069939,0.7280989054564028,0.582148635694825,0.5292073218902894,0.6944586118220861,0.6369390203952427,0.6798830530490572,0.6882913711325969,0.5429303803322574,0.4480755953596649,0.5937090544337613,0.5586314785556771,0.5227284552483835,0.5586366082769945,0.8950526588345916,0.9123691892563186,0.9427339571132475,0.9095857626149622,0.8994073256436088,0.8428553507106339,0.8142523139122885,0.7594133804220767,0.8333080882391283,0.8242600671420536,0.7798398900662837,0.7937741114315918,0.6596754466773418,0.6193986829381652,0.6872904705022931,0.6831527349765525,0.54743349457759,0.541765356675845,0.9470767135154835,0.906791729988659,0.9284860914302421,0.8991961296082779,0.8550196341538344,0.8651805177763303,0.8103996735937367,0.7273039628569611,0.7790238145010815,0.7390092868057058,0.5648828448479111,0.5363979414011391,0.8195512482043216,0.8667257955358271,0.8807026694355704,0.837405281196263,0.6526848997927173,0.6086475029189419
jh,rest1_vs_type1,1,MentalArithmetic,Type1,25,28,458.403604,229202,231702,1393.586398412402,384.5225411678449,47.870621597714084,27.139430519916353,32.91518020450602,40.572284614715684,1160.005816989216,359.5239127193593,41.11207117054887,31.735618274527344,49.086999238023154,45.146417713903276,612.9622901898653,145.01704625550482,49.802535395149015,16.612785872633186,24.134831123579648,27.975519718491398,281.4399940633656,99.38515358979004,41.443293893510464,26.70458905898656,28.152510479534104,30.311067092578263,251.94528593136633,98.4704983592549,42.32109430011137,23.771122456240747,23.85967863376593,21.104399188233074,242.7193433896927,96.0688432971232,38.82006565774834,20.343243542857593,29.519275934040728,24.600400474504767,320.3541696630509,110.27164783050874,40.599869942363775,17.854474162794137,24.218520164330357,26.017348938879444,0.9772671057212499,0.9701422201049135,0.6548973817310693,0.7472973836018452,0.5662760592042643,0.5261794935117231,0.8908268680574158,0.8846126737160804,0.698622045695809,0.5903699511042914,0.7658848296828252,0.6347922033144665,0.9485852995469428,0.8641010667913858,0.7712836394531336,0.5201656324542888,0.5333815925449311,0.3264969421794092,0.9388610539410068,0.8505657724909181,0.7028179455215424,0.6191554144740061,0.5952186835224976,0.4901450267344014,0.9331849018761376,0.848395612088526,0.5644982699679336,0.5788323163651421,0.5240301416946045,0.42934917727445926,0.854489054491598,0.811863991081513,0.4348379071788007,0.5714018616136355,0.5781478828019591,0.47931466908852843,0.7938555194129661,0.7885509676828202,0.34367022185052293,0.48949020364163254,0.43550526515711435,0.5731597878195901,0.8952871713492762,0.7918594612723376,0.5017760453726832,0.37981424560115257,0.420482167168751,0.4090185767609506,0.9359516313825097,0.8284440591012543,0.698292524737262,0.48884520131759623,0.47575247499351037,0.48101521278190174,0.9714033588946082,0.8587864368553719,0.7676887673496868,0.4544429306605061,0.42898037729084076,0.39259817826264887,0.9280200204894798,0.8631223863485078,0.6753128015501935,0.6020997873201706,0.4722099270591735,0.5375631658775454,0.9133668151706374,0.9193095140907606,0.7248071184133864,0.7827781888158488,0.569854205440433,0.5763273168308538,0.8030884876836312,0.8129465685363803,0.42615857676700275,0.7517415443799488,0.6224547547828061,0.6973154306884116,0.7332403936705761,0.7653923304289934,0.37800233194361643,0.6811202727736709,0.48420472644040036,0.5988308327884645,0.6092777807335631,0.6370665467014176,0.3602840917443183,0.38253316603222165,0.4264442960940798,0.6288442295874108,0.9595072182511629,0.9425954324170434,0.8023247644482344,0.8820290131488923,0.7419319230026378,0.8124008305543472,0.8930925337153299,0.8841057583374989,0.6057000649813273,0.7577464068306112,0.6871756352086652,0.7970196077264389,0.739208579929219,0.704785548668498,0.38861635003177375,0.3393671440485449,0.4574026302784048,0.5245458427537797,0.9680748431606107,0.95202772575007,0.8341477543192669,0.8575819932000677,0.8312865897729302,0.8565013688501786,0.829626726745758,0.7569729893785305,0.4981746973553536,0.44774931978601584,0.6639228328356388,0.651301537606591,0.9249105693746925,0.862343977082656,0.7245673937995211,0.3941500070617874,0.7019611562002527,0.6323821536853921
jh,rest1_vs_type1,1,MentalArithmetic,Type1,26,30,481.008901,240504,243004,31.53011887723568,51.91615031509175,48.17883464140886,16.547398699505898,19.702239379164592,32.36031847783705,38.3331919788967,49.82793132129822,50.34880046844301,20.21769308753912,22.72541653240469,42.66063393280477,21.244862675968783,33.602336700737936,28.67931462357558,12.589399391394657,16.95562303020229,31.01781473613776,29.905164283786917,51.95733177032735,49.78090833127113,15.52830151735431,20.93530304934869,31.038091825563377,40.926640047698825,58.17447313415058,63.74502154390626,18.986205759907946,19.908719822874556,33.21454641824966,27.816972327027113,50.26255861876282,52.02839061886585,17.02048364885215,16.239205668418816,33.34352966596544,16.303450612148314,26.368587512006513,33.07715031466342,14.259810037461625,15.834200409288611,32.97255416460604,0.9270389854440126,0.709985765056719,0.9291866926196499,0.731563993960765,0.6290699504858026,0.7783438696193189,0.6971056825934069,0.7952149975824392,0.8932427097472703,0.7917171237857765,0.8035081811488348,0.89150653612533,0.529615650599361,0.7750048198497393,0.8945560630469794,0.8357837263451448,0.805215062489878,0.920337362304847,0.4768406720395433,0.6039680921921627,0.8740916766790203,0.7770945141037184,0.7935505600555044,0.9033696156631401,0.7043707313903497,0.5260585359533467,0.8461479998051491,0.6894326537988691,0.7124837654220711,0.9086726625864455,0.7016818977885837,0.42312266122831144,0.7067180700171201,0.6063575526634857,0.5246845137182541,0.8113771410764077,0.5215768054900951,0.6252284439952192,0.7977010656061418,0.5754786330753497,0.57668895730618,0.7244449827442642,0.41011144588330223,0.6905308065334643,0.8133518144465797,0.6310848266833416,0.5639515773994541,0.7403645661172137,0.4250160457585756,0.6491451854145207,0.854652517032705,0.6943076498676851,0.6374925203862796,0.7548971204264382,0.7311586581007677,0.7087234389817348,0.9011421271536392,0.7495273635372394,0.6449819048317106,0.7713660127918094,0.8505494542300722,0.656120246078528,0.8131797678951287,0.6468357906893937,0.5636229104244981,0.7116605248823492,0.7513104373330437,0.7133110864322642,0.8621387556263669,0.8458789582877859,0.839388417779696,0.8969698748697644,0.5784327518108644,0.4839881080034222,0.7531782320837761,0.7180887833058183,0.7653021586518352,0.853902081860256,0.551652771659199,0.3820643495903999,0.7316657361532345,0.6284398648402066,0.6957699598419398,0.8464753848544598,0.3270088819846294,0.41265989047419444,0.6088851274748652,0.4827237701493033,0.5624031597239876,0.753473826815347,0.9186794210583001,0.8988542993406746,0.9488666465336107,0.9083143251384885,0.9037959014416235,0.9462144769431743,0.7373942044163823,0.7116428592351379,0.8596662099762998,0.8156465946863312,0.8204766031386692,0.9259769904566522,0.26333094757778985,0.4335055710292862,0.6281861523055748,0.5782235231584462,0.5788146390827724,0.7951809452640636,0.8128540849581537,0.872284140880456,0.9228319192051438,0.8882179752199281,0.867755912636437,0.9554733232647442,0.31996725417130195,0.5315803146766875,0.6866952524878224,0.6052685540639916,0.5895778026615,0.8153444917140507,0.6602697202287412,0.7015953707519069,0.844689131084093,0.6583022091704318,0.7646308187897211,0.8584792240731167
jh,rest1_vs_type1,1,MentalArithmetic,Type1,27,31,496.50749,248254,250754,33.2217624129302,58.71789720366915,38.936483998784716,20.28106129796075,17.35929590205314,16.57548324619673,42.04833320117601,57.508332414260806,35.838879109530765,20.778432668519514,19.49566568137613,16.92192611104931,17.430360877092212,27.068806648520468,39.837537177033276,14.81588693776297,14.554287456006511,17.722118838646544,30.14433158496953,62.91857008616053,44.571837330421175,17.022137640365603,19.07087100480102,15.922943414530176,44.27520821173748,80.83080884651623,54.336192074721666,19.321749694259218,17.872579233521158,16.74096054435061,41.22924099371343,61.63137361489884,40.20851470924438,16.129311844207674,16.078895805082077,15.367169244972064,34.33340850908435,51.963209324101186,34.867530891738014,13.249250810569166,15.316293117903959,16.84979310516848,0.7757419115979433,0.8998278718303667,0.8532497285087851,0.8003296317749947,0.6340446594277871,0.6503545184395805,0.7153064073680341,0.7933295212876063,0.8064849297955877,0.7951543067870546,0.8025446196694253,0.8412165047086158,0.6871093202001486,0.9085681165478172,0.9084083768774164,0.8748730038709336,0.8515008239146968,0.8611238792342378,0.5283681875497507,0.8550772602487429,0.8694770749318315,0.8491414160255396,0.7873014431880683,0.8193588230921218,0.43656744104841083,0.7078252052821539,0.7696954174178604,0.6986281465056459,0.7165561206308315,0.8355297762113042,0.42996025867031773,0.38342553620689723,0.48580593709125,0.5891529943871959,0.6096171227795855,0.6575145760263411,0.4165273171943897,0.6130052057724469,0.59512570095415,0.6356473213820912,0.609715434396426,0.5952921505852782,0.6245107829937718,0.8530129771782369,0.7304794524295517,0.7178216222794033,0.6683279204469266,0.657504362534124,0.6498578417541828,0.9105284659200336,0.8231111220471835,0.7679738500053152,0.6749765458147575,0.6647655874678613,0.7073714979378858,0.868989133662017,0.8719613837965406,0.7090635502854852,0.7450109083874736,0.6944112619979594,0.3672914805837919,0.48652056663177884,0.6050638959624355,0.5878453850962193,0.6248161395830276,0.5936977390828108,0.643720120300387,0.7842168688886824,0.8311801935586558,0.8557507512528548,0.8647965652713528,0.8564891902391009,0.46493880070964594,0.6108606529194889,0.6749611887530508,0.7659524971554755,0.7163765310538699,0.7674982579907321,0.316584066233824,0.44248485068228127,0.5554112013338832,0.6147736482463639,0.6351585569540517,0.7713333385937536,0.31644560560382784,0.25274715307406015,0.5181615583184438,0.5722666061089692,0.5610217394428705,0.6399206737132098,0.8541717217621264,0.9181328164142479,0.9186580980456629,0.9205071653557994,0.8758997077847649,0.9003858078750946,0.675215318034208,0.7849922740403112,0.7850954725636953,0.7859885578739995,0.7810686892672989,0.8774901364227689,0.2197223698300931,0.3825825253719781,0.49758597172491303,0.6001730989491921,0.6233291929567909,0.6692547614639165,0.8660372663810406,0.9138549717426314,0.9069569736822727,0.8585204583180447,0.8650344322814018,0.9000777480592039,0.2546394006685017,0.39942566465925045,0.48127636790454603,0.6257493652417906,0.6211245211351681,0.6276008091275739,0.27721138555769226,0.544348123246365,0.5897622227520288,0.7236911041887818,0.7137549735829387,0.7171298837117903
jh,rest1_vs_type1,1,MentalArithmetic,Type1,28,32,506.93808399999995,253469,255969,1816.9082231161156,441.1916104364368,247.6496916214105,25.278279007276463,15.262332901095267,13.002604279413166,1678.6237573431463,407.1077382274278,289.37986295688097,30.06074616048962,15.085556941656296,17.255178374161673,482.08024321800417,132.91392968742718,131.91142503694599,17.48013919890065,11.17328748372818,12.376495140354706,395.80122476481233,102.14601374468074,234.97460435585742,19.709488064512545,12.983696660075873,11.625575056792371,434.32339018556894,105.26603040020565,324.5693441257031,23.049987856197763,16.219620437227395,12.819044220831492,409.12328715937343,105.11955810776564,327.7324326020035,23.271229137135048,16.383443231345403,11.739143503412631,407.59771527154084,105.4224202319308,191.20137893647015,17.56423751776153,13.985005599845785,10.980791229095999,0.9948788309930033,0.9865334510794158,0.9244733444653802,0.8131715007413111,0.7304652209029443,0.7633546482058998,0.9757766508921818,0.9222661480159227,0.9143760380620854,0.7480574177127305,0.7195692996797517,0.7598897922679799,0.9634630942745906,0.8861603365371022,0.8862312510176986,0.7341392105379037,0.7335890994877152,0.7707508456399476,0.9410736272250851,0.8499628396095553,0.8322070002342542,0.6646794755801911,0.645432942398619,0.7326698193954715,0.9496545762205985,0.8190181193921817,0.764168728170121,0.5946200373068274,0.5967509604088022,0.7204598799499617,0.9708856737175552,0.8644734601323354,0.7518631872798782,0.5913211559611612,0.610710142132583,0.5938847887823917,0.9527471710032348,0.8910441065467499,0.8060585492416295,0.574479077346892,0.5358605457423814,0.6109754622461326,0.9547038655197829,0.8638425615880218,0.887395212872389,0.641344903583024,0.493981461076647,0.6353980848567568,0.9434110103041414,0.8509038740500321,0.8973312630424634,0.7119268629927957,0.5356277167370065,0.6234903451111329,0.9602538426061816,0.8566106257510684,0.8902861915575638,0.6692856788158743,0.5976227450699116,0.6930651275591221,0.9861431295368589,0.9052515252508946,0.8757987686864098,0.6716494324954416,0.6111716719031529,0.5492992102543736,0.9656381466209879,0.8894991617153671,0.8845257241692479,0.7465955302538466,0.7453862642621931,0.7504215184872359,0.9252233081715274,0.8368959313391109,0.7872620487104959,0.4800309741859908,0.5333837825319965,0.6371313091399826,0.9153650928653815,0.8197712813482068,0.6723403780865637,0.3825157369677409,0.5224951620978875,0.6417099872484262,0.9140836811369777,0.8110713962042356,0.6564135531523639,0.38403994717380163,0.518825220551075,0.5530933149589697,0.9900607325537818,0.9750493425730138,0.951326988215131,0.8009803057125888,0.8263632822047631,0.8884331661863648,0.9792946102423992,0.8872956923025417,0.8361636999172848,0.6400121590135771,0.6916205210618924,0.8564052021389263,0.9489174445103403,0.8198275307798758,0.7934220759200187,0.5558166248067499,0.563805799923428,0.6168208611429812,0.9937402534141825,0.9410705200612002,0.9356458027762729,0.8683503630262397,0.8171131638075023,0.8511518392683682,0.9532247535087581,0.8471343719623817,0.8820522867473699,0.7155726736454179,0.5674520985100568,0.5743850309104118,0.974544878430086,0.914274045903143,0.9597153434019209,0.8574524936086123,0.6919042871306667,0.6842383644494687
jh,rest1_vs_type1,1,MentalArithmetic,Type1,29,33,518.56214,259281,261781,1221.2974161596,266.33717347077925,64.53811237396346,38.073976748547636,49.99641832621285,65.93274001516885,1106.965710573726,280.6964756297121,70.25077285085192,37.91813152909041,54.26358167928231,71.88986826727925,622.2201004849587,79.02310119426815,60.92085782493092,41.63457855685691,50.45845561934107,74.42674153651976,280.5112408855955,65.53419714713527,66.52110933140732,38.55854347853737,47.93318686423896,70.88500302419695,226.40114843530412,83.26936671264534,73.57206200366869,38.69933054208276,50.79191579573918,68.4098724600839,204.0765556878042,78.64582107101218,80.16272172976218,40.91067042793744,51.54770379721812,66.52923771493714,321.68217342733084,90.62778138429135,60.1561587864704,41.45890909513669,53.41044357626136,73.76546853705221,0.9765641888873452,0.9655168351501202,0.8909038884277438,0.8814009858475386,0.91152873092174,0.9147407380226528,0.8804127094929729,0.8391178213708813,0.7231561545896239,0.888410771340217,0.9440892865626955,0.9264038225304533,0.9075022385514872,0.787583737194581,0.8332232192250174,0.9028547395788599,0.9448390924654222,0.9603024522060556,0.9307427662644754,0.6927009951985734,0.8342837003288924,0.8966817697141227,0.9440859445781232,0.9343297625639679,0.9626555421118518,0.6954288894700876,0.8080922386435739,0.8596456268425421,0.9156834151463682,0.9297064080307549,0.8573501944278403,0.7523827418456732,0.6634128152754313,0.8258933439121321,0.7994239034521269,0.8552453823860006,0.7754973153566795,0.7980118497855127,0.5485183761173398,0.7625368207215651,0.8602807285510714,0.8534586565248187,0.8172044570125993,0.7710536558375605,0.7473505717073496,0.7970059820161923,0.8776705235267658,0.8879824559775702,0.8695679975855376,0.7217734531421278,0.842370195057384,0.8385607272205039,0.9130389520704245,0.9059886440613865,0.946913274102252,0.7592839555782158,0.8808497780953083,0.8811097129128036,0.9116272301767744,0.9200103667584401,0.916516005851792,0.8058575799332548,0.8087833879825974,0.8771877778907081,0.8172608266781107,0.8679078338056798,0.9683979042310127,0.7786446583582878,0.8204862645526301,0.9403808116325957,0.9457869240466537,0.9354594282443621,0.8980890958895472,0.5858650548524442,0.6739101180068536,0.8618333953455204,0.9097117158152626,0.8857871675853309,0.8225616156866499,0.5641633804158382,0.5820527879008125,0.7893468557605404,0.88340230152355,0.8654918319215492,0.64193354262816,0.6196469037091936,0.4438679483335905,0.7058661773693474,0.7531562293495236,0.8155703928449369,0.9715855909626457,0.9056663458164305,0.9278053920860401,0.9330907804754863,0.9611202575537849,0.9584332554055376,0.8974288942221728,0.8204222676039901,0.8607979685096154,0.8640463190016913,0.916888860762352,0.9385463715120765,0.6859808985734741,0.7084403359722715,0.6216614894607104,0.7643463986191386,0.7752856449312179,0.840459700364751,0.9535517305052323,0.9024760840731627,0.9482914858211202,0.9292314062456637,0.9576914384862494,0.9509513303893865,0.7357873021247747,0.7088663314417648,0.6781868888191456,0.7864562599137358,0.8228570954599064,0.8424491614402787,0.8693986955985881,0.7821146948299434,0.8242059697793811,0.875298474233125,0.8865222340176461,0.8987935106529751
jh,rest1_vs_type1,1,MentalArithmetic,Type1,30,34,529.303122,264652,267152,743.5379087628669,259.7034925118275,62.809280257789055,16.49584204926588,19.613450662142522,32.559566070984374,733.2166156255901,235.73681736564745,63.57460855761991,16.52491453806845,20.12405125291921,32.85966275935567,262.38458888357854,99.4034004331655,34.83112764116804,14.279232216687925,21.97099214821496,32.888764186760824,179.3166187482734,105.56837011306504,39.91645895337692,14.984885228054255,18.05595506614793,30.23759544517189,171.26185046440548,114.64872283876959,50.26657450704254,14.1882877627951,16.102750312415406,30.188533978787145,152.3854078523858,89.10089187317107,42.91579101620641,14.92569974046373,16.942435945491688,28.372550005768037,192.86344652895298,74.70728809575704,30.77028375362483,15.67945084163791,19.99253094319652,38.09181356810195,0.9957946962530696,0.932869430378952,0.9039600539802335,0.7710659655929103,0.8312841226287672,0.8653133540880497,0.9473102446289633,0.8790534974232379,0.7226563271318864,0.7348149934754739,0.743597790925404,0.8655427081051873,0.9237251290421543,0.840652470296674,0.8058225724225251,0.7870588777477795,0.869055263964659,0.898528799945136,0.8790979750530049,0.7721460043189294,0.7975593735169305,0.8036244235764259,0.8321874658471128,0.9111370584810454,0.8702454420029989,0.783855103621168,0.7370088821416321,0.6536820538975577,0.6923208218336091,0.8427987480828695,0.9294467216731093,0.803481285910508,0.6141873041409953,0.4394389310690067,0.4484740209562389,0.6631899935402849,0.9364600560089674,0.7428832313103018,0.5975853364406963,0.6256213800118792,0.6362570669375698,0.708672646496692,0.9318909814049202,0.717113371238576,0.6632307412614746,0.6773731061903072,0.7483827877339626,0.7808850020838275,0.8974654944217257,0.7150721120358232,0.738159278606852,0.6997997228976478,0.7825860562565038,0.8416461039723656,0.8964621425907012,0.801917754448682,0.7495487920877404,0.7227601423905258,0.7645393249476706,0.8373260928463812,0.9479229610185813,0.9201698605720279,0.6568188452447263,0.49996506192741136,0.5301566740032692,0.7120786285325125,0.9314901053726414,0.9311244873364961,0.6920111215562217,0.8399284391385812,0.8346496309495525,0.9121872069520756,0.8508120151055314,0.797933980859144,0.5565151765495682,0.7593389949582808,0.6187305732982222,0.8303995164184605,0.8299093181252807,0.7699777912821286,0.5248718722291879,0.6481079353209838,0.5262714299978832,0.7497443759188622,0.8914937987719335,0.6517435435511558,0.42945113541051105,0.43120004439704307,0.4301409505686092,0.571441960723067,0.9721558504905298,0.9268353477880586,0.8760888094382844,0.9057516640175002,0.8388475141546332,0.9298991672511947,0.9575463191216637,0.848621019192576,0.7920014692552748,0.8026985621248566,0.6958893531999335,0.8465018428686706,0.9455846134509667,0.6104826767535605,0.5719404936249318,0.4927381654780823,0.4548840090057416,0.6159966182286417,0.9879302305809983,0.8889350393950637,0.9243187539097668,0.8474905134043892,0.8222810758331522,0.8941551128699242,0.9492634131305185,0.634819433315318,0.5970782911206708,0.5020129058593011,0.4810383009486019,0.6469059263096832,0.9556068993834623,0.7533321803129569,0.7399863470140474,0.6616086418414996,0.6572761184150804,0.7489274471744561
jh,rest2_vs_type2,0,Rest,Rest2,1,0,540.3297879999999,270165,272665,751.148239986499,126.06407979742123,148.05085752046085,15.171876201638751,24.489773069751816,59.385962043696885,838.3055169191853,115.76441012686512,155.9894102994126,15.527117147156169,26.482760861759257,56.32472274589736,176.37739413999284,39.9600944219691,95.13470391645552,14.919401452157256,26.271535766518802,56.74474900786695,161.12784418041264,46.25218332040923,166.50479511650903,18.180544285304393,27.570070030635797,57.55805172498838,193.9398463865647,45.72974199005161,200.8912121334179,19.738269272788752,23.212030609948346,59.64074401167595,200.39203415523156,39.670200405685115,192.18789091890534,18.946167798331587,25.307116676315008,57.18379962607558,249.65195821882483,35.67210839557387,129.61571053668072,13.77855251703573,26.528507574783585,55.47636369196957,0.9924390627241898,0.9607236969225261,0.9446847215766431,0.8411511899478156,0.8107156393625138,0.9216226965553165,0.9831166690551395,0.8181381638209935,0.8770600351593256,0.8007057332941441,0.8220374699984363,0.9663920314234319,0.9665897837460484,0.7583305408875629,0.9225391141748069,0.8475879772339139,0.8731408581055445,0.9659097482914313,0.9437528165351544,0.7108562488483066,0.9266571398055146,0.8544643277368803,0.8522657677529037,0.9361772257413702,0.9635514208221133,0.7077960175905886,0.8796909387792617,0.8072528299959713,0.7926339963969065,0.9408770306912664,0.993221752463113,0.8231553101499506,0.8641620038096811,0.7355947021740968,0.659621644451175,0.8798312573111907,0.9772369428808881,0.7647205527413524,0.7764990769813085,0.68894911279478,0.6403078872891881,0.8829243739177236,0.9505742276525903,0.7234816572363172,0.8688832369976687,0.7457824917112489,0.7384071907523635,0.9190736408154805,0.9260230009218406,0.7228366363185433,0.9328418966762042,0.8195575508436749,0.8111774182853754,0.918955717970098,0.9591551392627137,0.7394411465447545,0.9335752955830415,0.840750841763889,0.8370514145338752,0.926354866552256,0.9936755514774102,0.8744837514927732,0.92238687778046,0.7623613194567697,0.7779108979090176,0.8724257220206167,0.9582459253776389,0.8662338951052648,0.889780677370363,0.8596433811466097,0.9179743878018893,0.9595142862362658,0.9261285410014408,0.7281233394904981,0.8097002958950007,0.7640491062487034,0.745650372726392,0.9126127567194591,0.9415058510383029,0.7080480278532931,0.7535517516248121,0.7321566129658876,0.6576425834672857,0.9040573791341815,0.9766265262591048,0.7858287037786286,0.7379569532648282,0.6422242220425003,0.5444785354504289,0.8441180562989411,0.9867840819523632,0.9425499253979617,0.9586718908043723,0.9263776042257497,0.8359986587698692,0.9683230413370263,0.9855121243831647,0.9037059962768669,0.9046197148503321,0.8559944163406127,0.7229230291249191,0.9557807154577289,0.9670978216986655,0.7723475764792087,0.8340362447955897,0.6959909474783175,0.5972696578111415,0.8719236443746204,0.9746944163873598,0.9627279375033936,0.969231641506932,0.9258606795694407,0.8766142209699203,0.9727678557060432,0.9455134922772569,0.7666866090557561,0.8854580963565016,0.7368065618232553,0.6737169895369242,0.8685932708078976,0.9754865503424014,0.8147983010645212,0.9251922664897421,0.793714337993772,0.7922292513072156,0.890306832502547
jh,rest2_vs_type2,0,Rest,Rest2,2,0,545.336841,272668,275168,229.5940377266153,102.40655719668862,57.34821573157587,13.33152365307171,15.451658022701647,19.07571841525459,211.8517842011993,94.15534809666003,53.032993734979414,15.368982909715479,15.05892292937669,19.237292498793018,86.14014043908324,49.95662063738058,33.724433243588955,11.67689470296052,13.362660136178095,16.650735515046456,95.68236619363273,45.52889584839901,58.33183352487915,13.935749468541726,16.309785690096124,16.97455266137078,102.25181577284634,46.62055020841005,76.1577046158666,14.428406491448897,17.100926917863912,17.09205688544386,93.6499163743141,32.30447223015503,70.88986083051361,14.218717233201325,16.90419884302112,16.46964650652784,65.39868721012638,28.38390918424417,44.10675779334258,12.293288909999166,13.113265942086617,15.97004101375234,0.9805590642862455,0.9530812600537104,0.8685873526474118,0.8120266675968077,0.8206724804126205,0.7557851904706039,0.9250954105857562,0.8741721618661216,0.9188040066199431,0.7658624997039104,0.764542881701184,0.8089830553673351,0.9201274567775134,0.8228706424231652,0.9208274409017767,0.8461149803371267,0.8314210578129894,0.8247715239715636,0.8757346139884308,0.7962355969750485,0.8566813631178831,0.7925735781196834,0.7795317347739845,0.810491875648836,0.855444642636851,0.7595205019437984,0.6879290766186357,0.7075992390374778,0.7153735432415311,0.8185471046938649,0.8882591578593,0.6666636310756036,0.5611737042812811,0.6490206683511407,0.5366752436242669,0.7176597679108235,0.8769374729912309,0.847223068153071,0.7267925560796884,0.6143908672508049,0.6826305194350553,0.6596059788631226,0.9042220957992707,0.7639206381680022,0.841262910044293,0.723806033179096,0.7367007766818007,0.6884622761203673,0.8879034116198791,0.772910767324764,0.8559314085349751,0.7786411907679524,0.7793041011923447,0.740851548119134,0.907738449475935,0.8217340889806426,0.7912138362577036,0.7844161159233943,0.7536214116498168,0.756447840092145,0.9296169375916129,0.7691268391499051,0.6755969801266634,0.7067843209266093,0.6102517801442031,0.6360774636953247,0.9058557825658822,0.8438347991017192,0.9123724307655117,0.8095630595893978,0.8307205183804246,0.8497623139134843,0.8152131866480415,0.7748742219473909,0.8281698089493184,0.6476836903010847,0.6854118392793762,0.7364286018032404,0.7812385483969521,0.749511104798356,0.6262515760626302,0.5751693039360789,0.5913703180735838,0.7275315193645112,0.8316531208436243,0.6576908941179168,0.4664937695917469,0.4527015439745181,0.46631610179835414,0.6068587116649445,0.9658336303156737,0.9465201817384599,0.935041604147329,0.9030278522346472,0.8327294027797366,0.8836256402994584,0.889798163699894,0.818992268921089,0.7340350998546767,0.7552494997846545,0.7164663105024528,0.8540047381587385,0.8390506437795878,0.5907767215947256,0.5212224247622692,0.5237682534861519,0.5310103042668781,0.64324348797207,0.9254471206450546,0.8941344025494067,0.825200630994047,0.8847616678364209,0.8226166259836261,0.8951530124747655,0.8341243699775395,0.5992369939648712,0.5937178207068439,0.6210456898978874,0.5719736658062937,0.6556915417427372,0.9357450899408821,0.7848176341909678,0.799972599713868,0.6970504297052142,0.7358542868349386,0.7313936745423233
jh,rest2_vs_type2,0,Rest,Rest2,3,0,550.352768,275176,277676,815.5976565950964,224.44301086761936,73.658386324466,14.855075579825943,24.19229283672898,23.78235260808711,737.4288876604293,221.4415285708689,82.62644760437847,15.474864416127566,20.738642819016295,25.06212431689306,253.44752345727179,69.47728225997723,50.10656036879286,11.883660738645316,19.463526526605904,25.221516845632376,170.26446487699747,71.60674624776274,90.01494601652513,16.66778569078034,23.29802669997363,24.368772682503394,187.73301704821722,78.69441033705817,107.52674298557592,17.9325940990642,23.91158195924806,24.30176852657676,162.5252193537673,74.47539327035345,94.96884279302007,16.415086395537653,23.348518369292275,25.125941123010207,179.59688579402714,50.120186578599196,51.90532202880836,16.130933657950816,18.839949437798214,25.387070445291634,0.9975026875640295,0.9836530157023456,0.9113267767323062,0.7664542504224087,0.7447240923800862,0.8481458593324093,0.9872315017867942,0.9051999429296044,0.8732819014960294,0.8530202863813339,0.8503258074855722,0.8596034318762583,0.9641725411820499,0.8626999408543331,0.8412208652899601,0.8929501645051391,0.8881482152186295,0.897762189678669,0.9580509257508986,0.8848903726519569,0.8724656473222611,0.8724796200921441,0.854655431941272,0.878802456998983,0.9622256046577441,0.8824409273594527,0.8136436198295719,0.8022133739220706,0.7710623622886182,0.8805586356971679,0.9727613159255711,0.9132322843107464,0.7548256757484619,0.6455129125943475,0.670105345381754,0.6849036090341819,0.982854001934608,0.8688421876128255,0.7110125575797563,0.6480899551347182,0.602826025051411,0.7234464285827723,0.9607663199982901,0.8092030094165161,0.7648978724597963,0.7363489085952306,0.7094869825941791,0.7728983803982385,0.95795992685944,0.8499294784460084,0.8596231801899638,0.7727706996251731,0.7959055081450599,0.8081358776093039,0.9653061605448486,0.8753595018716234,0.855408003492213,0.8263031353477862,0.8143268817903262,0.848541644237056,0.9822019866775898,0.9063437058335071,0.7931118225275922,0.7245989415134862,0.6870935737594359,0.705751067960367,0.9751181168572515,0.8939635517354779,0.8636640534069822,0.9025889421367734,0.893579982751076,0.9067627037184371,0.9575757423889469,0.8576725219324182,0.7877074213680991,0.7752797911262436,0.7625668660499155,0.815518682834272,0.967745986665783,0.8398562667728801,0.7086270665521257,0.7144005046079679,0.6637360555003858,0.7959510871341046,0.9623434115914327,0.8741071765693462,0.672569253183491,0.5733704588897524,0.6112185901270222,0.6880392581526988,0.9885081447660992,0.9756608761468823,0.9567378376355192,0.9193046274124962,0.8984071038975566,0.9185952657417028,0.9897716206501134,0.9298442581662112,0.9158958778278585,0.8569447972912406,0.7988858126405077,0.8726891648862681,0.9492235167581772,0.8700262490573463,0.8085084453970521,0.6671965825168495,0.6801479523755811,0.6797805078689297,0.9894672345263494,0.9618316295034549,0.9560717503181906,0.9200092459802152,0.9157431876174822,0.9296397418520452,0.9524178922801628,0.8972539849396804,0.8445938877105397,0.6996832040754579,0.779207538420869,0.6940837025081612,0.9656217971485286,0.9252422538134462,0.8941533570104774,0.8371840242223566,0.8423205797202673,0.79813372172877
jh,rest2_vs_type2,0,Rest,Rest2,4,0,555.377849,277689,280189,580.1487471088674,111.51311561393204,166.4463382915891,13.43365244620612,15.711431880988838,18.949845001836156,581.0156485577035,118.15128095740927,198.58702103929613,12.539708539400678,16.40226236620799,19.922795696246673,153.4137348151567,34.62546743527214,83.84433556408523,13.525214563368152,15.116940957580727,18.102950153538004,141.5824221922541,37.799863299053825,164.36353911227118,13.666627170116977,18.476752855099864,19.369146518949567,171.3468962522902,42.66211295581427,239.97498120884327,14.747651346992964,18.62479232026875,20.709010900114485,162.91353308738823,51.007291062877265,207.97632011901152,13.229408762041627,21.107674990900488,19.1725030978446,138.5332375487458,46.32179726583835,129.62195546176926,11.240502033775233,15.66151014232588,19.885992784468684,0.9765456535764723,0.9352414832941076,0.9682611753536932,0.8711679997978551,0.8500286559393745,0.8274767180825358,0.6776692603585248,0.7214298177423223,0.8431707626605401,0.7110782650742676,0.7972852535976847,0.8620682652572121,0.7632434263952922,0.7970033919500678,0.9540022663028601,0.8290799956161493,0.8793267812597856,0.803823258673216,0.7173061676106144,0.7436431928110424,0.9579541906501117,0.8441097424529364,0.8129942778439319,0.7829295113308667,0.8049686786133073,0.6661608412595599,0.9493528387288178,0.7682515572094191,0.6905382219952293,0.8170099140238118,0.8688963764584319,0.6929317636334109,0.8728274777289394,0.595137637874157,0.5978055498717062,0.6340411484308622,0.6392827759585578,0.6282185163801983,0.7735350606241005,0.5451227911948776,0.6964046167554125,0.7336653348164648,0.7436083628006491,0.8124483646636305,0.9045621739886116,0.7941359118689381,0.7752489251296717,0.6711375046241043,0.7107388924464639,0.8423569939535176,0.9340882004922161,0.8399500656076787,0.8169599292325639,0.6854202551011819,0.8131286916446835,0.832401404956247,0.9537141406628408,0.8240319131227943,0.8007486659612593,0.8083872013411034,0.9287723749065205,0.8542705495473477,0.9130243263067681,0.5851852367903454,0.7205199349894766,0.7265880153421871,0.803913071837408,0.7729601186855641,0.8835035206766474,0.7549551446428516,0.8256139590629697,0.7867261540622558,0.6923787480652859,0.632799584110989,0.8143531455400573,0.6007103486419821,0.6927598316514348,0.6897197214255439,0.6718513528343498,0.4622901505057547,0.7943004053739064,0.45800800040776407,0.6202662082492633,0.7218520450853805,0.5735522624755721,0.41710937555029237,0.7748959411794619,0.33055167621912734,0.5351898203205839,0.5917739843067761,0.9456925629788365,0.9197206619562963,0.9731314566547139,0.9102036312418315,0.8573611956277698,0.908145725604504,0.9273310899083061,0.7790721396925449,0.9416122071035478,0.7724446472908683,0.7332654161424277,0.8344825133764034,0.6617837633937484,0.6727312730700924,0.840051592084151,0.5321808569173673,0.5676804494470328,0.5151529172745895,0.9564131804987753,0.9221275291029847,0.9758381979809508,0.8904834799195275,0.8673680783171559,0.8751871853122711,0.6433032333292731,0.7696596855656107,0.8559434548567986,0.6114370581792066,0.7005915113018713,0.5262321957261821,0.7477431601258123,0.876022337470121,0.9203868559640126,0.7411387152724059,0.8037138707897669,0.6480598434830988
jh,rest2_vs_type2,0,Rest,Rest2,5,0,560.407337,280204,282704,116.09041656589174,56.24331910113658,36.608566959921156,20.831134877720068,15.612599630650056,21.223308278693874,69.86401840636012,40.62640975384252,35.268711833377914,18.37097175298771,14.368568799191381,20.182489676699078,104.20733254462009,41.9892498129786,25.282964417176533,16.581284213845198,13.140652981120656,21.41209659490238,43.334523064843594,38.46421652430238,31.28599349103922,22.857545357337433,14.232443698033197,21.813539173598762,43.88407150531076,44.158038072223285,38.82544419761352,21.58599844564518,15.73555507077631,21.839158413683396,33.86137367297539,32.997551072185416,31.858200560279034,19.394581524304993,16.249506787450073,21.395362051773358,22.61446310990901,18.677300578765028,23.66339317921064,11.775774372214995,13.632049249464377,25.081402031905046,0.8625316744807803,0.863148711849889,0.8789036047988862,0.870131158285699,0.7637480239499194,0.868991541265608,0.8865634718826646,0.7676501172390098,0.82464590873982,0.8843363489866812,0.7780905788702446,0.8501222756054531,0.8703073640263465,0.8254108444069761,0.806476348648218,0.9337018582786721,0.8707568642300823,0.8996779215780414,0.6739872169228428,0.7243032349854127,0.7403806036098527,0.8649613712346287,0.7919020879008983,0.8644054305186177,0.43350747566950804,0.6359131640236522,0.6880877056875786,0.8149172171158059,0.706424318840205,0.8552255126377037,0.293019579722977,0.5336051505290996,0.55392464344753,0.7103614888051003,0.4704148387499737,0.6950780771711272,0.6151424205463879,0.5468396709926927,0.6330504720381664,0.7395531631642951,0.6761675560754139,0.7842022863709006,0.7615054143051273,0.6929152252391366,0.7410437930135902,0.8438303121762301,0.7807174543751454,0.8732468255775904,0.7430167393438153,0.6961887648129438,0.7801986472533974,0.8878576733390809,0.8289525737272025,0.8849547683250776,0.618178516170634,0.7483193071183577,0.8019173731662791,0.8949124013357784,0.8523847650786035,0.9456873400898397,0.4572513430485586,0.696305899385905,0.6540438000574654,0.7432168107543878,0.6180610829829846,0.7929679259517699,0.8171623216465678,0.7362326379525225,0.7713301541545505,0.9020633970249083,0.7812554794357867,0.8711758246204523,0.514310811221052,0.47906512461724704,0.5738352691947555,0.7771089491910367,0.6668613683492532,0.7631251438667518,0.29219970715206905,0.4215356616063886,0.544748720242334,0.7083000629153872,0.598875763523183,0.7644541608342477,0.20031058628544485,0.3365294371145972,0.4504885881193072,0.6585091663707282,0.516258538093454,0.7062756618872041,0.8208836721309584,0.8799941119994609,0.8729569994064945,0.8955710588039113,0.8641599547129457,0.8989426942662905,0.5152433080102434,0.7330985446611749,0.7958517679564905,0.8438833713736983,0.8021387076356337,0.8873030493795502,0.22858784896917442,0.4846033858861417,0.4979484572157453,0.7099272731455946,0.5623409480924966,0.7426649656248699,0.8208987758881935,0.8491726377197399,0.9175721218087431,0.9213726709454052,0.863399002508265,0.9138661118703163,0.396896454586511,0.48425803180704435,0.5569838551308701,0.7482478099374342,0.5988927618295354,0.692343113403825,0.7086384626523644,0.6424462002126203,0.6914028019440185,0.8136259027262492,0.7028171989172907,0.806530876944972
jh,rest2_vs_type2,0,Rest,Rest2,6,0,565.435954,282718,285218,393.2141470004216,114.75851770735592,110.18489925010257,16.6647441394659,15.84734384107663,21.53677772303176,349.4039994402207,113.31478520778224,119.29283675615534,21.224356485293153,16.03780221588405,22.41038918325461,177.17831077367475,46.98029607974196,65.71795501543373,9.739638812174197,14.927010479969223,22.86390793596067,90.45200175908857,52.16076524841998,110.64140529341134,15.906423020460567,18.690401369120554,24.190614176353247,90.22427685209328,58.82569837662304,141.71251015611642,19.722986979916044,16.848068850656436,24.617590918675084,82.9824444408661,55.409820560294754,118.48090023353289,21.47107802284636,16.750841359824168,22.907228372413357,99.18008637055863,52.47295881718737,67.71165756998329,18.2674353016886,16.71830613598623,21.53480253673075,0.9466553387361022,0.8739425179526863,0.9671571408607285,0.8706108379869456,0.8076098799204227,0.8877645709033373,0.8526602069779616,0.7452727200254302,0.911571595315125,0.8376754022633677,0.8326609673474963,0.9038485018814927,0.9144984106916928,0.8272772171389053,0.9421694098663698,0.8246407532975445,0.8414654021210335,0.897747498698332,0.828058701894228,0.7461628458449244,0.9397212284600622,0.8391921520253348,0.7615462479759694,0.8269271779193156,0.7541250505888861,0.6664833259988033,0.9322803249467846,0.8008928600929127,0.6554049630776975,0.8345004326518609,0.650636454870651,0.5572954600201864,0.8491905592109286,0.6293896392283449,0.4892008843683933,0.6467000205914634,0.6898218759224001,0.47254205429251955,0.8433585027959509,0.7275134643453701,0.6749160327094502,0.8316365408370021,0.8880355675592231,0.7015277227731503,0.9054723342686934,0.7984831245232009,0.7483003094341154,0.8570715117432435,0.8894950893962422,0.7727435948827821,0.931548760663327,0.8480011434518184,0.7895793135688071,0.8564140069639409,0.8722791799137096,0.8116595380002777,0.9475698311363094,0.9162288908914673,0.8109073537748289,0.9134498345466391,0.823392142064466,0.7849471701675839,0.8820726206643043,0.7477905365993441,0.6591880109107457,0.749425903376139,0.783701267251787,0.7028456099314953,0.9369113103765094,0.7923875638225064,0.8646948840421075,0.866379014352937,0.6008623425006516,0.5022246289773536,0.877593596992979,0.7185822674471869,0.7044423265523879,0.7683351559833568,0.49040861246408024,0.3727381072940395,0.8509740580599455,0.6997925328702644,0.6203468907204273,0.7961707633249719,0.3301310548139891,0.2267931481929118,0.7525306926567877,0.5519149390751884,0.49221068329834256,0.6225954412219034,0.9445520544535476,0.8816716237586073,0.9714841996211305,0.925929752646504,0.8761613813037036,0.9144528610424381,0.8465660305965576,0.7373136835277184,0.950968734193097,0.851930657453199,0.7173945235147803,0.8975824029363332,0.6493733684472296,0.49382808178200893,0.822183748284053,0.6394242238818849,0.5189903565348584,0.6655141107183116,0.9510975998611239,0.9054792717744775,0.9778137328778655,0.8944535517544724,0.817800610551665,0.9175005289666005,0.7908896906619104,0.6524647852090826,0.8505808568340623,0.650867033377428,0.5537531290068808,0.6825822863096269,0.8792578100733855,0.8402504154868847,0.9070892498778875,0.8066409151724361,0.7370632441707847,0.7673207813709798
jh,rest2_vs_type2,0,Rest,Rest2,7,0,570.4422069999999,285221,287721,153.6251128409521,108.44603214521123,165.48231812919022,17.16013348128449,17.313005243771595,20.553432153682984,134.14889249950906,103.32842413286659,177.89716589784808,15.795555453023749,18.26978346912192,21.274066635732105,63.54079838299135,63.55086878670376,106.49271043899205,11.566419244934442,15.462905916396169,20.818498246840367,55.75318440687185,58.43533242491571,163.04107103295104,16.034841964171125,15.191142258659912,21.99388021935527,53.94802877316572,70.24054155652435,209.5595717153326,19.904440395596534,16.38762860413393,21.121906672552083,53.325620813060794,68.9783568845813,192.34642807558245,20.022865830483333,16.655003683840388,21.178247711396597,46.129939147543226,46.2900207158955,127.06711743579886,12.449109053342239,14.485242200595433,20.91905962534666,0.9701018036716539,0.9420562707678882,0.9404375812076207,0.7638509809610358,0.8593829918013409,0.8708013537402629,0.9615999026406814,0.9435515216866854,0.9195014310132363,0.8133272773133029,0.7720356285059794,0.8755402314220966,0.9162453680249222,0.8883477824115817,0.8884515665228628,0.757006475329778,0.8188758488124398,0.8755580535970877,0.8458741052784818,0.8005829543350769,0.8626652173787338,0.7041979215092324,0.7557954354784029,0.85636293407856,0.7988574340576905,0.7063938969178816,0.823562483903393,0.6220471723134954,0.6597154523693617,0.8324440296699934,0.7883548291614795,0.6633126638711946,0.8290364531618302,0.4273697882622413,0.5937299925215497,0.6751520318774779,0.9413153008170495,0.866179515073712,0.821434652351266,0.6146467745674673,0.686402383537803,0.8547313142898466,0.9290276954914947,0.8484577406920307,0.884513498852398,0.7571526662458851,0.7519323032478727,0.8466719276618689,0.8968003391271461,0.8385906896951751,0.9045688178729575,0.8027745483173951,0.7693873515508084,0.8690099649248944,0.8932223817487531,0.8112385102145808,0.9186328967889846,0.7998407458766955,0.7949991418997655,0.9169539288574119,0.8461876551936679,0.7697788076218507,0.9202160320420862,0.651134201446566,0.7110574752879901,0.76699184563349,0.9374572235812555,0.8772280261251814,0.8836871816430832,0.8001830651496801,0.8585965159859367,0.9034281384985149,0.8701546940047805,0.751042209785288,0.80631019587335,0.6849657276999481,0.724228156798836,0.8268988625498436,0.8100597156790815,0.6399430780918886,0.7556177817826826,0.6224545252898215,0.6817060272084483,0.829455714515333,0.8037442003898567,0.6077606592882238,0.76212329739846,0.4151942953297931,0.5592194064650872,0.6713931036254688,0.9748609218217906,0.9083889683258936,0.9717032839855643,0.9270223858743094,0.8629600870149765,0.9274792194961965,0.901381778488136,0.8044469510929542,0.9254548987035316,0.8615917247689237,0.7625785228757032,0.8986660587518469,0.8398159952709695,0.7173559086764245,0.8644012270030537,0.5894910751367748,0.5890251495144306,0.6630772621707972,0.9395697523115777,0.8687766870856318,0.9616018934760916,0.9372982274698075,0.8226441273465375,0.9159534796872867,0.818555195763099,0.7348156407377875,0.8821170849699543,0.6539728598796806,0.6270688590419077,0.6827430914253299,0.8911031438263309,0.9159860487902822,0.9418251895205934,0.7605992370800803,0.7460305766784028,0.750895780017531
jh,rest2_vs_type2,0,Rest,Rest2,8,0,575.471338,287736,290236,252.86982951600638,56.311497414737005,50.88786821128775,13.954813303053738,12.926661870199776,24.43212150745319,210.9233803296547,48.08357424234769,41.76021238306885,13.722672980360679,15.358566187668616,26.206079017371188,83.64600608586237,31.969517536142362,40.20607886652831,10.610943460794697,12.138916845794377,24.757290950368304,70.92607504972864,28.045347926829926,58.20780890816783,12.28887651694722,13.628147703047922,24.398875358054124,69.44265137555789,30.344490730735803,64.14801112233945,13.966032662565121,14.47557412632382,26.394069207564563,60.525618109498026,27.906466608861102,43.33950495818207,14.532725775797061,14.452032719367507,23.72860380346649,65.71082788843825,25.43922428450123,26.98919403329872,11.21535458751897,13.223535190015586,23.95272734814284,0.9755256967100213,0.8373277446124756,0.8981661282767094,0.8918599176589704,0.8008882082568721,0.9045241683740014,0.8700008554410422,0.7294135287686216,0.856322959944752,0.8219093852696122,0.8085286839238648,0.8671283679552798,0.8791517343327845,0.8494842977860189,0.8635163970276526,0.8394378188035784,0.8231927961154746,0.8956867062543142,0.8733522636423677,0.7314018184542839,0.8526869538702371,0.8445735751688926,0.7304280672393653,0.8540592299184024,0.8624058590330878,0.6252260274815652,0.8243273498717555,0.7961282452502029,0.7009542338197008,0.8505344039015706,0.787389420532509,0.5284801531941373,0.5791596994201635,0.6516970987376717,0.48161962464290153,0.6952116680184408,0.7638832486740759,0.4931326001380512,0.7441884395413101,0.7320978816085214,0.6367478609083839,0.8326098845311116,0.8242948577366342,0.6775396469624156,0.812403073092459,0.7971066858608878,0.713690879524102,0.889699524392633,0.8645737496047133,0.7854453337361001,0.8379955190630604,0.8518978060754939,0.7591339347259294,0.9038329308531357,0.9019194705620731,0.758687153679005,0.8753402910858762,0.8765539624668224,0.8462030836789592,0.9376112576933474,0.8834816498293164,0.7524945919031132,0.7161982360711245,0.7309487846619908,0.6294361372434522,0.7750555362419159,0.9003867200018075,0.7018501208832233,0.8540160271119724,0.8814771032838059,0.83515180992328,0.8880416664187305,0.7990727240277314,0.42566463040165337,0.7430389168756607,0.7757587778284888,0.6564166023822416,0.8058623643010494,0.6889346563907263,0.3713246695886455,0.7383468626553038,0.6932397875239245,0.5889370969191312,0.7960751931058618,0.49916998243000155,0.31388361135316195,0.5381686694962349,0.5148692168752922,0.4239617136615859,0.6636588561048911,0.961107797161915,0.8351478442100939,0.9478639821660497,0.9110030660622769,0.8535757702662113,0.9364163068026823,0.8765062953520327,0.7074754645637195,0.9164565550813929,0.8463990576973769,0.7286011310780686,0.8930338553208642,0.6483073635206064,0.4798052213266545,0.5915426688662062,0.6305676294349591,0.4303225158775055,0.68612834044795,0.9511489221824677,0.8466688917888482,0.9480933616598971,0.9196919628147695,0.8301035487238627,0.9427057402642253,0.7430957629143776,0.5684071295157626,0.555709152752869,0.69063608348313,0.4448944499264565,0.6973142200963931,0.8705359228488184,0.7924933160471002,0.6775504111490853,0.7673237178408562,0.6283867903435044,0.8098695999555826
jh,rest2_vs_type2,0,Rest,Rest2,9,0,580.482259,290241,292741,25.929955389504666,37.816376851354796,41.75787890023433,14.891313725367985,20.723975576088797,17.71337148947541,17.324637429416722,36.4587980892464,41.66774401865946,18.106783868065268,19.701326705516227,20.08115818676086,26.027407486381936,33.314710572702026,32.19132379605024,13.623256650842306,21.357367202381237,19.35627489379819,21.747106099038557,38.07935234684034,49.49828854172441,17.303435306005138,22.651401300711672,19.457418218337367,25.07141237851333,43.79926393873353,61.500666149268056,18.73092005216018,21.501412825594088,20.420896627811903,19.15834709249051,35.512071825269665,57.77464936202424,21.289234666157736,20.83183529200466,20.842278683591633,14.26483198971069,22.234688942605327,35.721892402792506,17.80306285523471,15.254447682650163,23.207366680883865,0.6462818804901573,0.8338121339445381,0.8534594920068643,0.7295353556873602,0.8076721179535575,0.8912794532207621,0.4264473131090833,0.7765834639442429,0.8334750302625263,0.7852645526288166,0.8358611653960395,0.8372901506856512,0.7409568462220064,0.8710776637299903,0.8500772632296588,0.8540823560731008,0.8846344995895041,0.9219318521182831,0.6441730220841032,0.8520609511274673,0.7642421236931816,0.8342609379311489,0.8360902524694953,0.8800714937305644,0.4585898625839864,0.7352630300260022,0.6302094013194536,0.6902769343748093,0.7202669058210642,0.8593010556183961,0.1252170899333968,0.4990233400366415,0.5355511805153834,0.4876390953740391,0.5556603489358707,0.6721465938406382,0.565611164025695,0.4971610918534597,0.6524421649536143,0.4901525733286697,0.6485688852770471,0.7810859500639211,0.5031112037236284,0.6776532742096951,0.7747671952293784,0.6083752919213566,0.7176908485952047,0.872172925694101,0.7169565471507185,0.8066548355610998,0.838985565390777,0.7872595321702562,0.8523212273268678,0.890727159043441,0.8339301701140553,0.8627822824888427,0.8179284067708164,0.8776018271758975,0.891085183340915,0.9365489281083964,0.6239478080545635,0.7182588346906658,0.6491473837693756,0.6483417050829338,0.7036036365289859,0.7566461372897023,0.3686546068354591,0.7989603402914291,0.8504658844225361,0.8888692322989874,0.8730928009012666,0.8279584276799345,0.462734333690483,0.6401375792586633,0.6503934930981662,0.6658661944755124,0.710652174628114,0.7636269581473109,0.5276274788700519,0.449379892115303,0.5149588682675242,0.5472975604009486,0.6436640417284203,0.7561088795570152,0.39042972677013527,0.24901283953273023,0.5010433203239746,0.4133601986144066,0.5161835402329343,0.5823358209145203,0.6881885852305576,0.8766160087021592,0.8539894424960661,0.8467581852650099,0.8295114534170824,0.9120471100500568,0.4224404836600602,0.7232945396761284,0.7121202553643159,0.6783965304106694,0.6754136746192846,0.894581301463291,0.1663065085254892,0.4545420023177122,0.5542753593416108,0.4674262541909505,0.5169051555294807,0.6681796717856681,0.818959163916372,0.8621582299754011,0.8925279410800613,0.8510658482397208,0.8467531371818424,0.9117827756076476,0.3900121034420434,0.5511993444436953,0.56155061647534,0.5347285172011481,0.6154002387084001,0.6729548592559934,0.6604577909165239,0.7713431916190608,0.673369602528986,0.7565796957511132,0.7441147873093433,0.7648892847166298
jh,rest2_vs_type2,0,Rest,Rest2,10,0,585.4889939999999,292744,295244,21.74772392881187,28.72631936943697,35.42083748185125,7.753524796612238,18.305378740999082,19.06196196482201,20.384080722038554,22.21117389385839,39.19359324563095,10.971554719673112,16.498585068374997,19.238037378774752,14.401178121923891,24.397607254393805,26.78199228552344,7.659499940316325,16.070501740599497,20.862690307298497,22.968101019739226,30.819786058987994,38.07599858179691,9.022788393704603,17.401663190632256,20.702576797724394,31.885298286155752,33.84259691540239,51.67127300697044,11.757081274288373,21.5244401143362,20.83345375450109,24.95225274340164,25.66361249850697,45.80686525164674,12.743205673931845,20.36591562963028,22.118440840617808,27.69197517738377,20.137461737702413,30.21388671805964,13.045065917959764,12.61555557390781,20.355575645939698,0.8684525079136121,0.7239278646308102,0.9049771591824669,0.7639628516631606,0.818010780072521,0.8964684697627704,0.7746201239428342,0.8529166234207386,0.8012383202420384,0.7295862398483602,0.7311209860963557,0.8567328200801196,0.9494539856964678,0.883804189211617,0.9079214514935652,0.8229680214166857,0.8117111762361132,0.9117518616579798,0.8624137482883155,0.8025735832391445,0.8917524960402657,0.8233633631802527,0.8230251283500968,0.9057587477907506,0.7631138634477818,0.6861032815994514,0.8435230012334216,0.623197973658784,0.7165590626620332,0.8967800727470266,0.2592653408175149,0.22839305209699615,0.6361423357706533,0.4297811869046302,0.4770214050010077,0.7123349748685631,0.5352993861037866,0.4686967165730277,0.6583635559765195,0.5858015681907834,0.5719820304134433,0.8117911509518704,0.848363258384358,0.6032477129984957,0.8198470303544154,0.786558370301299,0.7222598207014264,0.8835407151341496,0.855204663084031,0.6858175994518879,0.8921383940245488,0.8516280110822949,0.8437157362636427,0.8966123691389021,0.8999871737263248,0.8094821250884077,0.9024118714176161,0.8705855480145802,0.8500222369172464,0.9349107641332721,0.2700209434868516,0.25718329809833074,0.6977866686815594,0.6417482810437793,0.5498604245960592,0.7416950185002761,0.7740344135660217,0.7854642512312726,0.8365415768947264,0.8187116684020017,0.76930521995658,0.8865775953776379,0.5341316479013387,0.5822576012281211,0.6579544782863973,0.5917678732502798,0.6193844919497395,0.7869877475350506,0.45091205614645097,0.4188274344060049,0.6496692936243372,0.5146234451126859,0.5779746185860934,0.7834108844452552,0.12304403412345287,0.21914833966612512,0.6143244390654442,0.339538179820324,0.441535874600565,0.6469100931347095,0.8547768998468038,0.8865067712289485,0.9146767122567521,0.8374011885193158,0.8622285154966315,0.9183024369733606,0.8290901398255189,0.6991791239090057,0.8751329326657767,0.7016729150625315,0.7340985315090982,0.8904372943424856,0.22042354747173917,0.27535097365497596,0.6522864855432741,0.4673428341524339,0.4258143003125704,0.6790815266422859,0.8379033146408684,0.8593094609492706,0.9428666559633084,0.8050164411658925,0.858987032935889,0.9270429146080826,0.38013671979536334,0.3120828013191125,0.6342392383046804,0.5327529447961051,0.4646412921856241,0.7063727068934774,0.24156486122637474,0.2812269217651777,0.717779282090464,0.6594613216602028,0.5946138264216099,0.747388135972624
jh,rest2_vs_type2,0,Rest,Rest2,11,0,590.519253,295260,297760,25.27613833435676,30.34660139033995,63.993311156192625,15.263889652707604,15.411344401998797,22.58764769214025,24.685788873696673,29.852230311384847,59.79492437310464,15.455182822704911,14.827833844140738,24.04497479916686,30.183428054167177,29.095025258017113,50.57922324569513,13.550530919161758,13.611625225727087,22.909381867926772,25.24192788551764,35.7811588030415,68.64449703467606,16.492165883667873,15.10793041723659,24.914552438251267,28.77748121091568,33.86802038998138,81.6856749983011,18.206677844897616,17.45566114706482,25.340907626532456,21.7139442998122,24.82228188011934,65.98235866939505,15.560936463275224,16.146078070271223,24.195398578160603,14.620429687391345,19.093785656194235,39.792687847855206,13.084342179909696,14.27828052689483,22.32129485677172,0.9561112649332677,0.8247785846427762,0.9432210288991696,0.9226432179494192,0.7650356324768045,0.8964922055769817,0.8246057553134998,0.7541310111405861,0.9263132843700681,0.8661239124477226,0.8108925962347676,0.9106075381448345,0.9427810718312096,0.8513285681562537,0.9282988546260016,0.9295627365462416,0.8758450391367647,0.931243058069643,0.9071625113433925,0.7714767051700021,0.9483030484430464,0.8743634584772956,0.8518358197592747,0.9026989246684937,0.8966633575638131,0.7428524467664512,0.9057025108356257,0.8810258947600041,0.6971420571305511,0.8767390739477349,0.8565648612647913,0.7853878432270767,0.7728385240070185,0.657357120067793,0.5137783842455129,0.7043655437388883,0.7428957161226054,0.5795266081010786,0.8503138338132847,0.8168613080183864,0.6108952325008683,0.868994672801317,0.9061699523263513,0.7364260031057679,0.8840021147829731,0.9061194792398204,0.6725919180137347,0.9138342732292377,0.9001940801075669,0.8312916081917953,0.9383297710801586,0.9048136813463381,0.7603498348668064,0.9006912090755353,0.9221563250314531,0.8592255754459316,0.9516794625594912,0.9547459773808186,0.838195618788393,0.9507645486469024,0.8692810301554393,0.8120484844698213,0.8281171378370529,0.7315904158350202,0.6385250133083398,0.8092656988678323,0.861470181887474,0.6747306686484269,0.9459448535186212,0.8819142801110321,0.8318398721473292,0.9329450224946646,0.7888259461004372,0.48623213966741335,0.8956914973964881,0.796292048805591,0.7481495781689939,0.8679233027900801,0.7489261796293499,0.47654207962989503,0.84092070344685,0.777684727684093,0.6015519872633353,0.8581510739041367,0.7704223888003958,0.6883814695211015,0.7228971680578378,0.5713819236008579,0.42086969017823367,0.7099285773069209,0.9634620566782383,0.8511731624887462,0.9476904278102118,0.9282250416726626,0.8801553489889657,0.9355584698762036,0.9411475204407639,0.8202067684902891,0.9094742672533705,0.9043353054400188,0.6963112750266193,0.9124017004756853,0.8388700548894071,0.765246229768719,0.774801386147469,0.6265389193221836,0.44539260532699165,0.7258142308851666,0.9511703103211073,0.8897407911524089,0.9623300353416319,0.9282900441215147,0.8007862012172859,0.9252061117291627,0.7677872938476259,0.7280655863932264,0.7821421420445515,0.6105775103001526,0.5622888631659787,0.6934538783604871,0.8282790955610505,0.8107271416063153,0.8391712111352062,0.7435687840891444,0.6837331139837759,0.7960449432913506
jh,rest2_vs_type2,0,Rest,Rest2,12,0,595.5229429999999,297761,300261,25.047488481311152,46.7262755691363,169.48347162821705,21.941315363532393,19.17560398998219,20.67562459543295,28.79565134024917,53.59028674930942,173.2968750191357,23.907423663577184,19.31371152154469,20.36821640968611,11.85202775901552,35.690198517847215,101.15164113618484,13.967530545890732,18.37684045848733,19.849631121731598,25.58193497299052,51.65191004578329,164.54391281493497,26.188449094491357,20.45684881097131,20.382439658297905,35.891864824695496,56.6867935197982,216.63013513356836,32.07885563352051,22.74845407468875,21.09605080418674,38.12097563436073,47.34639661356091,186.69851750110277,27.962140244979494,23.741106366196785,20.622642409906025,16.759869295713447,22.367736635590855,122.41478646221495,15.922840425213671,22.266734482129873,24.05430633945967,0.9291271255667158,0.6980528649159503,0.9331769916174476,0.8582942992426629,0.8294032332924521,0.859977645782055,0.6676876382582074,0.8364098645135439,0.9053360035137918,0.8006487446203941,0.7983690556102552,0.8653529735487479,0.9003129190414212,0.7497343606618607,0.934315111829771,0.8672438998500257,0.8735502999433118,0.9121873299098998,0.8155690484035788,0.7746036621132972,0.9118634626917119,0.8541539465840485,0.8434100759368663,0.880027368229973,0.7981274081147154,0.5412099816021363,0.872974318832361,0.7460610179379982,0.8036367286238184,0.8658856128668551,0.6459130041167195,0.3168543366721977,0.7484436944586003,0.47267726437040153,0.6319678260809709,0.7209418879192359,0.5797748064260003,0.49519343347815387,0.8137261826189016,0.7177655609989086,0.7207925637223149,0.8185798914778629,0.9453167670796079,0.44623892227019163,0.8672359121013546,0.805801443465341,0.7707585140620022,0.8735039355527688,0.882974249462212,0.6925185380575697,0.9018802411542943,0.8528284226141816,0.8274576706822045,0.8809457461468189,0.8994376597951638,0.7295167972379119,0.9363957947323032,0.8531379554736758,0.8733340884961123,0.9272198738223377,0.7524543416701532,0.6368733925275025,0.8431078977727855,0.6143994272947164,0.6853221977515597,0.7994260065400737,0.5616274325387888,0.8303768533741813,0.9097193594345173,0.8116222489492054,0.8469374556640801,0.8955978761798161,0.4219035017236666,0.6880754377157914,0.814117921967695,0.768179057432648,0.7198992362708359,0.8265719357282874,0.4874607605899956,0.4526837101309276,0.7659231812904416,0.642126075908785,0.7067744516874396,0.8194763718873901,0.6424560295909787,0.2040204209377974,0.6820134198122182,0.42610928204709175,0.5957695365639901,0.7008456828986162,0.9416484019043404,0.8153600942309097,0.9468302574340035,0.939878364730457,0.8731637131858709,0.9270963687579196,0.9105602237178646,0.590994528138645,0.898662454420377,0.7841902610917241,0.8191420210739642,0.9147830036997985,0.7186325475609379,0.20668216767704103,0.7359282403735594,0.4995011184752327,0.6070110383273879,0.7575330669066153,0.9111198791454033,0.8135274233605052,0.9513325090639786,0.8834197631016761,0.9074260634525686,0.9288353646326859,0.641013553077694,0.38976408882757074,0.7444625501164002,0.5799398404055244,0.6273284854046148,0.7535470278452991,0.7959757840361382,0.6263314213952869,0.8424187439821129,0.7282557959335223,0.6952697324434093,0.8229215879993568
jh,rest2_vs_type2,0,Rest,Rest2,13,0,600.5499279999999,300275,302775,27.706631845922082,45.5630417113436,148.09115949794332,23.37582469127987,16.303500255794557,22.777727314526857,26.31353682283088,37.23458300065511,152.04529862855082,23.43897761703324,16.606090864057016,22.102462624084612,19.09670397737359,27.61434516086278,87.40404357925946,14.62879963858836,12.847849873035708,22.205987990000175,27.226512490488744,42.02975290132028,120.67630766046001,24.38397504218745,18.06526678063371,22.415421443792713,35.06691207631342,48.48759542088286,169.86481383706513,29.92686530197267,18.95521104448822,22.571310056325782,26.3868448974467,36.23619157816838,146.17738535477645,27.303238862859097,17.74041593906209,23.049289896813146,26.008280887291946,28.698271367690843,89.80574365627186,17.74483657487859,16.470493431989425,23.66479877864728,0.8482400773702979,0.7964915999935959,0.9621062652594132,0.8978231552432818,0.8122185203679567,0.8968274225357928,0.8943594066046087,0.8528616001742615,0.9447996284360608,0.8108810387562333,0.7808490069880278,0.8669053733080024,0.8470291839103724,0.9494059617326075,0.9559323459105388,0.8881716054409814,0.8379675034688605,0.9280653404617709,0.7916228155363148,0.8694629968089738,0.9599078518145227,0.910326236456176,0.8046034167679126,0.9113662662094634,0.6225888987772487,0.6839088022648263,0.9006564525735833,0.8601755312050549,0.7162013363456321,0.9014282044947733,0.7169673816633728,0.663148295459221,0.8093496852989807,0.5513387107027122,0.49240126723469874,0.6864290949213987,0.6865834419725472,0.5693872862595601,0.8721749827160569,0.6856438461403128,0.7131586962060057,0.8084869145794821,0.7717081708635237,0.7381359792919557,0.9313923946587674,0.7970940398933105,0.7512884900312414,0.8844527408059587,0.811068552120457,0.8632421363251004,0.9661971662992265,0.8929482264536858,0.8300765005009797,0.9131169453544288,0.8080973588870104,0.9107213538300373,0.9606151078625009,0.9225172760372435,0.8760176217463581,0.9517181770389389,0.8076926192910358,0.8513629340876159,0.8623732953023169,0.6378869168402609,0.6078797950550356,0.7396799371825435,0.8256898874612563,0.8729625657690516,0.9236369228005763,0.9027628860925369,0.8614739501214617,0.9093783665227775,0.7097057161857613,0.6572405904188949,0.8813280742317836,0.773236820555464,0.6912918662377371,0.8381007252297196,0.5578720899465955,0.4818402566568417,0.8097922226303851,0.7018441125177343,0.678816414030769,0.8270096738122422,0.678782627710213,0.43413192992848615,0.7272587951099092,0.43472923054596535,0.46867504758703127,0.6834083220873013,0.9376671154985052,0.8804535312832326,0.9689172323570554,0.8897138076956423,0.8250335355804375,0.9341704942640349,0.8058856625354456,0.6814317803421391,0.9230748075685022,0.7972372511539337,0.7277271451027165,0.8966033485193996,0.7163734698591996,0.5924011174751495,0.8251784852831523,0.48421217116361437,0.5142133964891119,0.6856854059580597,0.8681706095458842,0.8641173662179457,0.9598727630116748,0.9046239561296429,0.8608400421643914,0.9384521759453613,0.6874338243630462,0.7603392726125111,0.854493989406247,0.5959642456818214,0.5720356373124454,0.7180019267890132,0.7092750683451086,0.8272261134081167,0.900907149527424,0.7077463686988607,0.6557794500359024,0.7753711146829427
jh,rest2_vs_type2,0,Rest,Rest2,14,0,605.567598,302784,305284,22.775846736338735,22.188168503922917,99.51010980958746,13.190262358892745,21.725190755685766,22.391021075763312,25.49129089114502,21.089609091131777,93.58724742980222,11.43260213663891,15.573701470302927,22.803550576866687,11.263688714467609,17.303974388770754,73.23533919486873,12.309366493973622,17.745607472887663,21.931238672153924,27.337702823334617,24.65529556926132,97.90389386297454,14.838870175559304,21.199501621060307,22.011444246732047,38.906545433410706,30.27464628575347,111.79778341069066,15.778352742895471,20.713352333708624,23.584160158752645,29.475247432626656,28.712076229905275,92.76540612798631,12.69303345801411,17.345334838973177,23.57105610053977,15.67306286469022,13.439079880197854,55.58684793392966,7.37790878490552,15.342707629661014,23.521957409097233,0.8029525789637982,0.6157676997113297,0.9684138477128652,0.8632932230156867,0.8624152878826807,0.9066661851906245,0.8856962696804648,0.6467322851644156,0.9103150483640796,0.802767305878468,0.8766278534000229,0.8501999016860228,0.8148980242634393,0.7550490043486541,0.9448768765645141,0.8834767564709675,0.8868300744477413,0.9044065051894178,0.6906474358496677,0.7047106863957784,0.936330503509699,0.874141098229173,0.8651424299645585,0.9013865954168909,0.6149857718335215,0.5339568200469099,0.8961222010021721,0.8467055992098612,0.800610879346876,0.9114258656055412,0.43255839450824896,0.3538593030951733,0.7900925634502418,0.5315741539416613,0.5595286396240675,0.7440902394855667,0.6949539077232926,0.2753775303864083,0.8750397733583146,0.6468018612859624,0.7884152571661136,0.7918871282111478,0.7234139897982926,0.4906201712336263,0.9265948371723904,0.7751808649994061,0.8318585454100621,0.8731763664164581,0.7690252989612834,0.6788195080448711,0.9447447865458386,0.8354310935190729,0.8594836989314374,0.8934535188628238,0.8338037459557684,0.7886828841134846,0.9441794498753933,0.8974198592538732,0.8630881024097393,0.9462199310684076,0.7563336046623864,0.6614416589554293,0.825754847384043,0.5942503217110081,0.6541158289374724,0.8152356095323573,0.8024557083776659,0.70462390222672,0.9373579995818773,0.8409091466828934,0.9271419042257317,0.8787375408714595,0.640376715173022,0.44280677391596224,0.8499025477478919,0.6814933655154575,0.8335649227976146,0.7762547623025636,0.5118739940161268,0.3014600333359082,0.8223013154483476,0.6323099873616922,0.7271798213818889,0.8110046536937876,0.3640052301972803,0.24931917324594366,0.7404812727586862,0.4349848941367003,0.5543441535274084,0.6912199905536702,0.9020995604704551,0.8124005887557529,0.9476113773316218,0.895757894619466,0.8880595701128773,0.895174920882056,0.7595253979561205,0.6030752330742555,0.9186834420608465,0.8058448384142933,0.7788360992217811,0.8926712740587137,0.44228425019517187,0.4244501058552032,0.8081849998561461,0.47737467141455375,0.5594724653091053,0.7343952892932463,0.9032756232941694,0.8032345666302073,0.9451948540206248,0.8885916204090617,0.8780149465287233,0.9360470814014452,0.6247315800357968,0.5706249779899729,0.8030050347912268,0.5140757735771293,0.6069602371829771,0.7983855434214059,0.8152343588422202,0.708003939125194,0.8679745313739533,0.6392688972407335,0.7036977200618788,0.8584202265137055
jh,rest2_vs_type2,0,Rest,Rest2,15,0,610.598412,305299,307799,43.61832215538325,43.86991867367922,37.44617031590236,17.322741230792467,18.94747078513773,20.997719950165816,22.621104978428864,34.26762418868697,40.08486690397506,14.61478575404756,19.229910787812543,17.80199282162808,66.25310529437697,47.6202996315723,29.479081365628833,15.226530689385664,16.219136992123005,21.02912874629821,40.897379852028045,42.252528467811366,41.63222063576792,17.174731934737547,19.959086694663824,18.555599972979497,35.22111066896184,41.24711321262293,50.314098487916525,18.239042518089136,22.64405296591397,20.714326999710075,21.06347122860865,29.184466515862567,47.55678799718285,16.05118382614389,22.79333273740977,19.742442868738397,9.457588813842078,17.457348640326522,32.00431191095206,13.472962322670833,18.210978018567328,19.538009235387936,0.6922779573394998,0.773136365713556,0.8699334679275947,0.8495870473276262,0.84112782857089,0.8894099408983275,0.689915120347087,0.7327761940282981,0.7122241302668362,0.8440131248936534,0.8299814078372467,0.9099963967788995,0.7681206363223781,0.7715459945505538,0.9268300679776587,0.9222198259336982,0.9011988492125212,0.8909843700608288,0.7111641698337344,0.7115940170611931,0.8961205051001768,0.8863921820756268,0.8596464474912919,0.8518687284457477,0.5829367854555249,0.5940987369607331,0.8117236638653853,0.8063435494182611,0.7893127318659954,0.8529620380826326,0.06570764080559861,0.13734828496804152,0.6281939824565753,0.5308588388004148,0.6078540437936881,0.7510408934516625,0.37905532470751496,0.38434564381842046,0.5687695008499947,0.6868967075231857,0.7064873612289331,0.8414882265123275,0.49760020539337485,0.5376811173011817,0.7898600180959301,0.8258598784831125,0.811175290538275,0.8447972369992357,0.5026139088288164,0.618478598364647,0.8590851006632377,0.8884785552587798,0.8595293701103197,0.8355914391762981,0.6025487529926615,0.6535414970404365,0.9339291565194483,0.9080420071079611,0.9073960714773458,0.8990671316117371,0.3557144050335921,0.4341903528703202,0.7602897869278376,0.7013866464534029,0.761146552310617,0.7901747426690188,0.857171954741836,0.7659035436583541,0.7667635825391156,0.8828693694314269,0.857672651076062,0.901200564801907,0.7376683589627286,0.6170085707166912,0.6177553007791904,0.7580215881251143,0.7420639925290029,0.816712204708974,0.5491274272396874,0.48906411708645503,0.5505470487907058,0.6001679418241517,0.680150436938457,0.8079531535563209,0.1435234265500744,0.044715599045081954,0.5474953739720635,0.34196922281212266,0.5670887452067521,0.683283826894144,0.96100235646944,0.9250329398422995,0.9118739209280566,0.9071055998571657,0.9222097636126592,0.9332369819109861,0.7677997662857523,0.7976973564832516,0.7606286637343044,0.7728895723506068,0.8293367398257022,0.9004745435392988,0.07060246083446682,0.1951152413346416,0.5611281009469148,0.4722983637756837,0.5988213543867449,0.7048365113324593,0.8241592455357386,0.8897120208720714,0.8626308699767609,0.8825888524772214,0.9044093944192582,0.9215793129223983,0.08335320012005772,0.2616145743874108,0.5757379008919501,0.5963510424766353,0.6359622999031374,0.6913454050247234,0.14025426922848017,0.4071701773137768,0.7849477632574241,0.7827828023149771,0.7552856993454161,0.7752069660077521
jh,rest2_vs_type2,0,Rest,Rest2,16,0,615.62525,307813,310313,381.38907705464885,53.38828737287723,53.907400096172594,21.338840453755225,18.566658293478962,19.871863060845786,291.9817490617488,51.11338571204083,57.56102158066833,18.32467691572467,17.328858134725877,19.378373324550818,203.99732774631016,63.27299001986908,46.07123897726593,15.396449284955319,16.94186361032393,18.852509820566294,112.4309714466797,61.69740069887399,57.09909117957256,19.517205856971486,16.428123555023383,19.790180792338273,110.63489349753402,72.87834740759486,77.82563371182802,23.117991602914422,17.634274747997452,20.43602819508067,87.60327873472642,52.29859180872155,62.897634857601524,19.560524418736627,17.034726891527836,20.23454426846888,88.61299869519637,33.795014339084204,39.214061765077446,17.930177014952243,14.867739631346085,22.47224333219739,0.9697188909888314,0.7908694619593448,0.9133987450489695,0.8350982941706028,0.8129627215138739,0.8999944896557193,0.9019048169282753,0.6678982960909079,0.8669547700080651,0.853720428975369,0.8253752784514978,0.8004283798841739,0.9140120225269553,0.8589743220246969,0.9056041861208897,0.8775881982644306,0.8686963588628076,0.8567942374098844,0.8501773829522952,0.7995327632573006,0.8842216936964192,0.8609992479540913,0.8297440495329497,0.8228748062214278,0.7538971464879339,0.6987974362273786,0.8294358148761269,0.8262085728760333,0.7121380824704058,0.8495029683537534,0.8229072630208817,0.4108747928261194,0.5637209057330848,0.6299489377523327,0.5956136159423602,0.6166206206922763,0.8087852841719504,0.30991910814247936,0.7226621123250132,0.6800260794312727,0.6888823214325713,0.732843962384021,0.8856046801598385,0.5880511847803547,0.8422434757676831,0.7095396053231244,0.7200403913936466,0.8511413611615944,0.8781067904453074,0.7329026584584915,0.8792467088885818,0.7935615537557595,0.8006773753450205,0.8533870459742359,0.8291098981475938,0.8239726089383962,0.8742656037428282,0.861758827486239,0.8672371238641107,0.9069824290645361,0.8938664572089968,0.7021818138072229,0.6827668950789678,0.786078751922642,0.7428486427129387,0.7087221220778674,0.8703960509636747,0.6387684586328388,0.8164908895923544,0.9130976668557498,0.8155860706976638,0.8006551193939798,0.7345010043570238,0.4236629878979495,0.694635119602619,0.8270821299321792,0.6937770065410211,0.6817601825736549,0.6280778416403922,0.27971316369072574,0.6136907057643245,0.7376875303090005,0.5789807086945441,0.7010736765015985,0.706477081845505,0.1562081151656013,0.41584515973669356,0.48682754659550603,0.5473361773777954,0.5758928432188893,0.9563796570667144,0.8873785993886087,0.9308092031094484,0.91611101770213,0.8711471705253405,0.9140145371715125,0.8495829369545422,0.6928406968285347,0.8853184947599159,0.8377344335650699,0.6845563226564493,0.9087656002144796,0.7786465445099916,0.34423359443357227,0.5705738156996334,0.5265107994936948,0.5575679306781701,0.6333417812784146,0.9336812078272416,0.8857312576003038,0.9461856632594602,0.9119246022582999,0.8122734503459024,0.9335498817858577,0.8130808776158469,0.5127017738171507,0.6033000831799936,0.5717662917602981,0.5851139472812121,0.6483420723301869,0.8654979753184736,0.7270137160390546,0.7519542446435941,0.7079375385666143,0.7166490782000691,0.7201237738873789
jh,rest2_vs_type2,0,Rest,Rest2,17,0,620.631062,310316,312816,28.305621726365057,32.83555455667387,38.38720034513118,15.318305873334403,17.873760396754573,21.3576559916556,23.29154612875453,30.569987598323873,39.117886381215854,14.6910243568646,18.3327215101668,22.508079194203138,37.166653655738834,34.076256353914204,34.03358923232155,14.158090901414502,16.446547773955622,22.290188561449472,27.079566250547195,35.44891150260648,48.19250868664407,16.611821711306842,20.00168186888751,21.77241961496461,23.702290963771414,42.7637993997568,65.67143066531901,16.0047106304268,21.71670900436079,22.473272468101673,21.79180839396053,34.89859136175582,51.75107271406352,15.150041677693878,20.742931485743206,23.95588272135195,16.899577077145683,21.15644577640008,29.731226619297132,11.50010582108923,14.987974549247944,24.366011003303864,0.7207602886520021,0.7375000495436779,0.9367006824353231,0.8513236431550014,0.837889856861365,0.9071765138943075,0.7309706056633815,0.5917418017400402,0.8300060611886378,0.7723390191397053,0.800224030233631,0.8763435031172266,0.8704987103031204,0.9172302641444663,0.9575109453463909,0.8515956310801928,0.8612823660448191,0.9045170553470727,0.6569378263281634,0.8400706119715,0.936667968496074,0.8560888913098353,0.8569820814123343,0.8590697446088006,0.46460605535315197,0.7571415498496106,0.9122345003149686,0.7894641689036774,0.8121890394178504,0.8645929181673783,0.34440820554792545,0.4676861776508838,0.6699256023404045,0.7195070255023811,0.5852100203418875,0.7534450764751834,0.4067696628403528,0.2503333359892474,0.7402559461473853,0.5499871117105342,0.6494855543603377,0.8176844110978692,0.6113544131233724,0.6285867123171752,0.9019149904179342,0.699539129457171,0.7748571318585376,0.8645133107261935,0.7660784462722997,0.819333373534977,0.8925321945556636,0.7910758751365653,0.886657866598371,0.8781682531186394,0.7082416715463008,0.881111255128425,0.9066471726842801,0.8491281636172793,0.9105325860216608,0.925582010501437,0.5952006018539288,0.7461211493901049,0.727184223950186,0.8309866827005682,0.6342712416377864,0.8490206826625714,0.7505879317749932,0.7004407788255834,0.8866722220266181,0.8434231711113321,0.8521109904112588,0.8745667509262282,0.4062762401500191,0.3967109237295726,0.7928979088256323,0.7289416736801039,0.6879201986058904,0.7981546717577584,0.31618839193988196,0.31918554799058285,0.7796574255729671,0.616159264930323,0.6791772214182195,0.7923436982755526,0.3529802418573908,0.19021326901075478,0.4991569854005894,0.47011792174771344,0.5681920937130238,0.7235974445922563,0.7630873176241423,0.8355719338675032,0.9560818163192089,0.900444609233501,0.8935413385818167,0.9294670789514252,0.5515524644194386,0.7218987681556236,0.9414660288615577,0.7933642111302106,0.814327714750255,0.9056070378018024,0.3963368983879825,0.38485609321964254,0.6640432638196042,0.6221986448975448,0.6132097342530021,0.7445619563076276,0.857699666665626,0.9311164613710281,0.9567420191900343,0.8969634841098048,0.8959030763084469,0.9415663775142142,0.5350921892031848,0.5758346768958257,0.6552012892166819,0.6949096498063335,0.6121345561856966,0.7624204580333327,0.7106666022382714,0.7091001467368685,0.7472825326873821,0.7636189468880472,0.7294114941983931,0.8352223088986466
jh,rest2_vs_type2,0,Rest,Rest2,18,0,625.6487,312824,315324,856.3350107400829,157.6373583932251,39.80175258128346,22.28431367040546,14.642963166568446,17.254757968904674,768.2091542385111,143.7797126777426,40.29494936850204,26.125298360530653,15.06122827011042,17.888315631064046,267.94652288345003,71.8502789836817,34.40880344177475,19.027087531708144,14.430279108503035,17.178355241575833,193.30551402970275,73.69834088171392,54.6711416212592,22.221718186188948,15.440158462412734,17.1404612715787,200.22728118884177,86.16683894024811,64.3756594876073,26.063411870690885,14.443075865814631,17.775688039436517,183.7406175974041,71.59834565460064,67.01536500500147,25.078659255328898,15.313614037169131,17.69933755549828,187.98324954247647,46.380843493547324,31.05743471142817,19.376733765613817,13.248348096516173,19.90388202175326,0.9856672278949391,0.9313490344336637,0.8351465339743731,0.8787331982910404,0.8064230283754299,0.8324545533608656,0.8445760471768975,0.8852056595918569,0.7626750995284404,0.8020696542215833,0.7772722196066014,0.8265291518475261,0.905449467865484,0.9368601404152835,0.8064178974904749,0.8488832923769413,0.8557881789219965,0.855446884157221,0.9458061502892626,0.9375414767512982,0.7258817097483391,0.797895467469911,0.8241323605505079,0.7789449387174799,0.9586876499403884,0.8782094880435862,0.5969078765517377,0.7369850488380398,0.7751214735169921,0.8048670035363924,0.9137078063255032,0.4925428634606406,0.5407694368042611,0.6673415653718776,0.5969240098156904,0.615757643246655,0.771329860410451,0.7256753070119949,0.5403367876200715,0.6969108698041067,0.6850339452630407,0.7139391507354206,0.8501276243544824,0.8211338446399946,0.7364954757520186,0.823134700271954,0.7532550352971342,0.7940017967152396,0.91832085547327,0.8759293337794014,0.7898764933013964,0.861149210419425,0.8168534297248655,0.7997254899913309,0.9651180504367071,0.9186566459526975,0.7499631639366173,0.8927147665304005,0.8724423382883172,0.8692931978277344,0.9621628781934403,0.6479232306823844,0.7457942792450479,0.8091817170795499,0.7550170760432526,0.7508493576055785,0.9378242851237193,0.9253124283787081,0.7347780810685217,0.8610012724858115,0.8262780425774198,0.7941300953590276,0.8604430483324831,0.8332660203923696,0.5314277814868262,0.6846531971759667,0.7272787398109968,0.6836553627337678,0.7786440216534922,0.6896917421945719,0.4339436990797786,0.6307513943097363,0.6970170769521229,0.6959626402755773,0.6617651796365474,0.3000906048069276,0.39628236516394344,0.5554410198246528,0.5329034518593788,0.5215715996552336,0.970224358944067,0.9547457655986834,0.9039072950452027,0.8805150223130369,0.8945633286405871,0.8843539449370879,0.9015418507137644,0.8400109010561122,0.8380453614652188,0.8124928251274597,0.7904641423337398,0.8522351039723141,0.7603817411133265,0.4480926861229485,0.6375131352544603,0.6933054192086441,0.5414107600910213,0.5986553176631791,0.9716289245428698,0.9352893790621513,0.9334741063103488,0.9137576412193672,0.8670793530085671,0.8733685684552462,0.8563854437633514,0.5459912111115715,0.7174636858673372,0.7526642977310724,0.633858330343515,0.6007483354033943,0.9403142211204809,0.6872122773855338,0.8003199734991016,0.8474784994215631,0.7854854770769898,0.7296816674333437
jh,rest2_vs_type2,0,Rest,Rest2,19,0,630.671096,315336,317836,1652.26524582641,391.5541558296345,160.4497741778806,39.10079323165231,32.29755973002654,48.56598814382239,1376.8842974349218,344.7876707041401,178.34385508775364,43.13625785872872,32.76240892757618,51.313718601887366,603.4990654007254,155.81424730379686,106.92492041725204,32.76715539819387,30.882261425210007,48.77093754241063,316.07610183285635,122.22333808996027,164.32474514958272,38.93105929558344,31.365825195983376,48.301016078522416,294.8178253548296,124.14070936885612,216.6839196600997,40.82687524083781,30.981236695912827,50.19787018143412,254.58667492986487,106.90099540278116,207.50491131088864,36.01683551711861,31.305618814198514,48.61949410348505,326.7929823724522,126.78693423057251,139.32423324876962,29.85422903715388,33.297357153164114,57.677313028404406,0.9832809408502383,0.945737466249734,0.9547138613483984,0.9464928206981559,0.9189239220894848,0.9418902289655136,0.8964986688509479,0.8570410381298028,0.8400532283065093,0.8664837673326077,0.8012496751324074,0.9157698932605773,0.933474864551807,0.8579189689634115,0.9153372406242891,0.8385895785070596,0.8785266514140979,0.907274837899552,0.9072467599831509,0.8734030218664897,0.9149139257352651,0.8729709768917223,0.8871726506755472,0.9203405636602541,0.9239534184144121,0.8662873387232971,0.8856525711091283,0.8348458718954789,0.8593828857651357,0.9100513594562684,0.881515621374669,0.709164774488192,0.814167616813787,0.7319486888529276,0.6927213328199657,0.7591720592733339,0.8296806032776312,0.6933835786792382,0.7241048203675758,0.7965041937247783,0.698636183256407,0.8858347219951729,0.9125777163482879,0.7275238495830849,0.8565713265116793,0.7783368211886683,0.7621369196503605,0.875071165516074,0.921716334569416,0.8039976727463143,0.9015164753680741,0.8444563038783376,0.8289329994633572,0.9156808700017581,0.9590896010217925,0.8993006626157127,0.9164196786783003,0.8583461372845035,0.8831637516780839,0.9317456211685731,0.939736128388415,0.8578258007888708,0.9074832715664591,0.812573044350322,0.7395847713831498,0.8448608980618808,0.9013902151669463,0.9293910445312894,0.8918438841758336,0.8503591473914053,0.8178462035316333,0.8662599513282585,0.8122443755667437,0.8332035445570627,0.794638857873824,0.8443271675268536,0.7548547338710281,0.8786913964105253,0.7823572895278432,0.6883671200368393,0.734030382109746,0.7977747625367776,0.6871714692304179,0.8570813841034625,0.6989980703413297,0.4706410777358103,0.6001955561886448,0.6442090705557335,0.5948887658635443,0.758573589677136,0.9725864018735694,0.9510709002834099,0.9626734919772252,0.9481964100483381,0.9246106938155106,0.9559346483893617,0.9358900493334356,0.813195723050983,0.9149704744792654,0.902580678484168,0.8262256394438425,0.9405174405183361,0.8457813497387637,0.5378252894510259,0.7498361124039569,0.6428960488216847,0.5837713718198689,0.7626673586806094,0.98003354702503,0.9289791546596671,0.9750766474751991,0.9258370372150516,0.9037203259513245,0.9527095295275784,0.9010198893275114,0.6619983764085584,0.8259465919276195,0.7283949358783206,0.6369377498333766,0.7828057766137946,0.9571948199001731,0.8491701917939477,0.8989895813612682,0.8038649437672617,0.7715094260451489,0.8354173471486878
jh,rest2_vs_type2,0,Rest,Rest2,20,0,635.687449,317844,320344,1421.1083325132242,316.72369070663825,186.67790915220232,33.29410463046769,25.541003940938403,35.03853982427488,1552.624597240339,341.52512727416,217.64079627997486,31.553036095948787,26.55036625808576,35.777599694178356,291.4079424020246,89.79088002766443,103.39408705791485,22.806389568033786,20.69210301123995,31.26461881201834,244.5451910413355,79.68314551098904,180.8486673728175,28.922603580192437,24.52713501429441,32.2790213089839,290.3101592182435,88.75224619479351,232.4063919589437,30.951155637195363,25.35149540301464,36.0502558041538,305.15919653936453,79.03294246158086,214.94531094745972,30.462557653983552,24.28846332200438,37.19509416953501,374.04468864198986,102.21278549699613,148.90886757683143,22.427672418691756,21.81968094160133,36.28759700779402,0.9892064904875272,0.9801852932387634,0.9663170484488655,0.9235168421637676,0.8653449242075923,0.9301546040786779,0.9790601715008425,0.9030904698809195,0.8791469929779844,0.8771343991538451,0.8442063380227296,0.9061449802713903,0.9208593537522924,0.7719699359690725,0.8973771700851563,0.8783591958017999,0.8544856557369332,0.8847376283628596,0.8695612843460783,0.7365117097824945,0.9240798470078241,0.8500616111021584,0.8256592158933325,0.8799750482860885,0.8769581782373224,0.8282879558052232,0.8893565064782898,0.8013874644107052,0.7358105256228138,0.8562896461387446,0.9263887551426978,0.8699997942380543,0.8754072114565016,0.7406383794980628,0.6274633713576465,0.7375358912978816,0.9511525446439548,0.8381035350254045,0.7993406132798259,0.7944526040632718,0.7155750193560888,0.8406701047579287,0.9159457458872812,0.7277712623655181,0.8478817091991168,0.8396132944864838,0.775336376151396,0.8575832632058569,0.8876251522289977,0.7113005950824154,0.9150314279779511,0.8463648821625116,0.8184068253442609,0.8693420264262611,0.9132573793307434,0.8227117540820468,0.9146468015378586,0.8451164889011045,0.7871499010758429,0.8701787609094151,0.958959906775548,0.9024500524257278,0.921424103740247,0.8374562978882076,0.6839942153483781,0.7688625898425195,0.9183402001191299,0.8723138496937342,0.9398570567831493,0.8937298481532814,0.8975581766373034,0.8965022574503677,0.8484354816768377,0.8082879779834711,0.8588009383109858,0.7990771798341239,0.8059236391379505,0.8480290226891092,0.8431989291789116,0.8007633903992104,0.8332275995602529,0.7516469879056732,0.7175167770154312,0.8323107920028764,0.8907105956926502,0.7121793068212421,0.7812456576598833,0.6585934879292138,0.6500067823905258,0.7450470610655321,0.9766681247911366,0.975026192470299,0.9528405111071562,0.9352561358647236,0.9219856492181524,0.951008075606385,0.9409015362805678,0.888374134625717,0.9153418205550844,0.878027576959325,0.8133986515855239,0.9331098563595733,0.8870636648846407,0.6572256931019158,0.8251243494018878,0.7810630486537312,0.6869392000505623,0.745277167413746,0.975221983760676,0.9231426543380662,0.9660418945515967,0.9510089002174301,0.8950389677634473,0.9564817194918622,0.8974029170332122,0.6623802807300995,0.8919527031919697,0.8208445932111458,0.7096751745014808,0.7690139902812096,0.949382311789261,0.8285972122668521,0.9491711929237786,0.8711386982887434,0.7851097664114948,0.8141330798156652
jh,rest2_vs_type2,0,Rest,Rest2,21,0,640.6953709999999,320348,322848,830.8821898463098,202.276063293146,159.10411374226143,42.95689552171348,53.81662657849174,111.51796417129418,862.0615591435692,219.2368860191071,176.11129678346325,43.09778863411142,54.99483783855358,101.90780632109549,214.42539770567726,74.9444719682538,109.9974013703401,42.5578910505083,55.14162545437082,120.2161879701052,165.4427219464758,84.84986426209782,155.29454517361623,51.47548805974265,61.88488711254158,116.80057368996688,178.26515485241762,101.42539807567718,188.8090369826361,52.90354095583138,60.427314004759815,113.83416870379806,165.5944491656407,78.35953517102718,166.91561161887654,52.27393089469697,67.3708301335026,120.61069010589324,202.39532112222017,66.02920897794829,116.56970619280094,40.969099041094,60.61715756307716,122.12585680164241,0.9781310822730219,0.9361222998869554,0.9729865295314546,0.9363928065388555,0.8875695766569098,0.9315358873209034,0.9570346724176924,0.7771414702911772,0.9221121257899461,0.8810722100568009,0.8681974183179053,0.9177856224563107,0.8856227042076297,0.73008610139367,0.9266226416137769,0.9127015203593187,0.9150574162534625,0.9420560767387408,0.8392670699762846,0.575605637104978,0.854003986610454,0.8970487594239172,0.8713288170078164,0.9211144696402918,0.7968966232475597,0.7486179068972195,0.8954369221495474,0.8546142863545072,0.8301768292315124,0.8799227706413741,0.7371874149820892,0.7270402130120502,0.8143403137186829,0.8163747774216755,0.706640688551974,0.7791586683187739,0.9272028041861389,0.6365641611504129,0.8762970144975757,0.7925170873571202,0.770240292487407,0.8401723920401628,0.8745019248174634,0.6715932864548965,0.9053211269662299,0.8530061732774049,0.8052992101051668,0.8943005226036944,0.8695983152975962,0.6237026965929808,0.8663733525596881,0.8501510757756439,0.8097954654166954,0.898738751013257,0.8335563274638246,0.7826872164839568,0.9199324603544756,0.846713109642965,0.8393216721713038,0.9053548267200469,0.7873261709946986,0.8279026493824736,0.8605404191846528,0.8390989337280866,0.7581668372177226,0.8161092589985457,0.9320447247941713,0.8497054373466338,0.9476041112900637,0.9435576098301425,0.9114546658799128,0.9574597365656686,0.8465210459273368,0.5913689321312104,0.8276054990081558,0.889496164053561,0.7940754697249213,0.9093012470338001,0.824171074843114,0.6777426326572826,0.8657130537798785,0.8627023672096278,0.7621497527546042,0.863191836402988,0.7263592053091297,0.5361728038541711,0.7887482425080725,0.780356716767338,0.6410346067277544,0.7630134377576671,0.9363955216703129,0.7710704831580248,0.9214633250214141,0.9521163143164132,0.9275402835299589,0.9696946260430637,0.9421552850743623,0.8895343805645437,0.9497525656871701,0.9187445049281784,0.8835848758685483,0.9359453535927078,0.7890218159491457,0.6305575659089332,0.8282834947323758,0.8147183192353459,0.7505159379356867,0.8413309453899963,0.9358280913940211,0.7981969885092434,0.9268821960291715,0.9217217262524816,0.9138714377923881,0.9604291338668041,0.7847589752152878,0.6330104863424028,0.7550394722673796,0.8240070689785678,0.7986931535908568,0.864646791483547,0.9002032714177114,0.8051544470480079,0.8733121646838855,0.9064711774942555,0.8879374083862686,0.9257901256162971
jh,rest2_vs_type2,0,Rest,Rest2,22,0,645.703851,322852,325352,328.52068843725823,74.85048286499583,157.36053323064445,28.44365536188858,65.01514138291931,110.46756051851247,393.8752444098973,62.88455604501688,174.34259789109174,59.3105631806169,67.68012361377336,131.8603706484405,123.28439362367973,33.80073669082983,117.89940033361039,47.21702813240714,114.88902137241658,257.85872027128715,115.92282196333856,43.63423306089806,185.61602845866705,33.64826731249326,69.86957328269368,145.82612327193735,110.34114779313168,90.39258327957631,204.97399077261156,35.8201936133991,75.76946545488242,143.10665093826924,303.79804416159664,127.09026968395793,258.23335733191874,148.55117156094022,151.6924175888908,349.07697726379405,423.9696176676699,129.96650237270742,176.346619450354,217.13965793624627,260.46917235516116,617.8519240886089,0.9483070424761714,0.8134319091687247,0.913986691946163,0.8258409180758319,0.7563216369872638,0.9067666645736078,0.6092292673845989,0.823998523153939,0.8279616260484592,0.6313074247367282,0.5572898765075801,0.38937270094052223,0.7991944987837019,0.8345721322450117,0.9158541287219923,0.9140981174060825,0.8737626748144353,0.9312339438038619,0.8328105056613321,0.5686510855330872,0.7706360149886216,0.8444246398670832,0.7681962691670995,0.9237370364005885,0.7192300284436669,0.42772564717219774,0.716392262571402,0.6611411556046115,0.6330218903925211,0.7798592056771722,0.40143682130515645,0.15949125944961953,0.6117322485456043,0.4179586775030108,0.3639674472443312,0.33652125588144016,0.5401006323267578,0.771501224833733,0.7553131185948756,0.5165059553421124,0.3600697487646748,0.3913738840261171,0.761626078693137,0.7840026875708128,0.8463711333762198,0.84390434150831,0.732488122196464,0.875567272130293,0.845459163418556,0.6973165310386846,0.6996831385930847,0.8269611760248395,0.8179117712788401,0.9257099439720009,0.81924339315721,0.6317851864880415,0.7587721233121719,0.8298428975834481,0.7811413680686765,0.8420983278103276,0.5684127718868254,0.16221823242724487,0.7105940236502789,0.5587058078283734,0.31431297581194173,0.2995822186202399,0.7742403220888289,0.7961419809511158,0.782848007565204,0.5433961093421089,0.4149426211011561,0.3715514337103341,0.6697893982508498,0.6092058535516865,0.6257619099242631,0.5965314103437195,0.34142274260734756,0.3609040399089968,0.5725485359447292,0.49400782739273186,0.5651256741795736,0.40285523886626917,0.32504348137612815,0.36454947866223286,0.24234079688284912,0.10589530894035473,0.618476142794985,0.36324810490637977,0.39100193622224966,0.4547746977855638,0.8757550493909899,0.6754615180733845,0.7667920383983545,0.8615887263445016,0.7883238447334866,0.9136359861464699,0.8325041628742206,0.5840191625197604,0.749875148524087,0.6852868946368397,0.6484682838776198,0.7440972335265239,0.38282755010428476,0.2239589712482359,0.559536829700406,0.42658042003321894,0.33284252829326244,0.26978677207684826,0.7895287423817835,0.8501213123638377,0.7940768583973716,0.6680778044535203,0.8471055536522429,0.8506456937541479,0.4180892838854426,0.42777316664995546,0.5119423441019441,0.42580187754772897,0.28780314794538997,0.28119812070552336,0.6800185391704846,0.5756596119776562,0.6369476271082662,0.5625273361396531,0.19559864949654243,0.2782899341057107
jh,rest2_vs_type2,0,Rest,Rest2,23,0,650.735093,325368,327868,738.1050075071272,137.39903173509447,140.10854463148107,12.607774805809104,15.315006944526077,16.364979792425355,711.445324554952,123.91412235929883,140.9840206304049,10.786803050149606,15.96215678141996,15.137653654469856,177.17563016288807,55.57555511088994,85.13942705305469,12.237712058753898,14.398366520745443,20.51945734233164,132.03913881527123,65.803103402953,138.96758137478724,11.708704808531156,17.335624965024394,18.82074248776254,148.44519938745054,63.27299325950174,175.29779933613108,10.874435827378917,21.327859709200553,17.379953190286056,150.67973218456814,50.735277167980904,140.39777317070258,9.856435773559314,17.850929520940273,20.279872093954946,182.40860606639274,39.339648780182515,94.65564161889651,13.265029319260387,15.933982416701,33.45683213567065,0.9983268124501045,0.9676975611155542,0.91680213075894,0.819938052640138,0.813525418474738,0.8170760719005642,0.9824933257782998,0.9137522498165769,0.8469122465791548,0.795182756790025,0.7551715290876537,0.7812755094628343,0.9436604438360433,0.8560671079872115,0.8279052284528132,0.8314679464879209,0.7983152929608625,0.8590660801271469,0.9275269225792052,0.8127007802125565,0.8274992492137099,0.780450975303145,0.7390104949153291,0.8551915157062357,0.9514033161278516,0.8260943235328323,0.7553216897265489,0.7205569972248462,0.6618273973778764,0.8087077185082481,0.9689967841412498,0.8571945906908927,0.7032201982021226,0.4683799003776465,0.4343150172574447,0.5261009761733272,0.9786996008797467,0.8272539460747943,0.7080664561050425,0.624865742168323,0.6109203819871518,0.6368587462633661,0.9460242750067328,0.8197946706462416,0.7906766640664783,0.6819987023819775,0.7386856294211127,0.7798517661858176,0.9326922034545015,0.8149980255423785,0.8478849172177243,0.7041382173188057,0.7750386796189629,0.8364872776096803,0.9588990635994565,0.8524938787471994,0.8279671952432741,0.772536970128437,0.7680642191596003,0.8730419763923848,0.9762630817311976,0.8917560525780803,0.7857102005300716,0.5523105342953831,0.5496737997911905,0.6059816728425741,0.9664076015986671,0.8709857490474466,0.8253103411111974,0.8155035624273663,0.8010083721649124,0.7903631000884325,0.9455516325585852,0.7834543362303221,0.7250934470863706,0.7077013839136495,0.6464234614533724,0.6908668722908334,0.959932007081031,0.7657177544249716,0.6812502255718988,0.5879344665218668,0.5661780480958064,0.6653152205033356,0.9579823893945757,0.7504910686251736,0.7317961210637737,0.469755262742719,0.36218242801541933,0.44999600354845803,0.9927233050815447,0.9665679891223424,0.9328117679093542,0.8729959440066922,0.8888955930690621,0.8973427992492528,0.9905530407500813,0.9179683740493114,0.8421031310914004,0.7410396907681598,0.7812661966735561,0.8459600329987645,0.9452612876798557,0.782502235054866,0.6854835183755922,0.40792504670715024,0.45553201616115746,0.5064909836534642,0.9907202536530356,0.9606120230226507,0.8730663866017512,0.8379539152111936,0.8316674187393776,0.907478338731342,0.9305923271071901,0.8067040022678699,0.6778610246840311,0.44110737286574875,0.46976101716592344,0.5524339077495978,0.9601564082213875,0.8668102325360344,0.7881162004650124,0.5482756879626278,0.6168984932126649,0.6731650392237072
jh,rest2_vs_type2,0,Rest,Rest2,24,0,655.743211,327872,330372,34.41614299638909,54.5262910641534,23.489931654710773,17.867878639591748,9.993243246013193,15.459971711209487,42.582578531872144,82.07738930268927,31.168905983143794,20.005676019096896,10.737896209430922,14.409597495217378,23.069676916250028,15.09130140973013,17.444075117308046,13.582740517681776,11.28973663775451,16.91566978260342,24.836337979818623,38.464879700722335,32.54823302921999,17.934370697367033,13.260888475666563,16.786368976865376,49.48767846749662,54.28916539609593,41.16911335467855,20.020914127794978,12.858458173851131,15.967802369796084,39.90513021259509,46.657968439643945,37.94387541758333,20.567394983282046,12.973965066215609,14.995146098731936,19.29943462206007,41.91324422557113,25.191564800662125,18.60818092388127,10.951131264016302,18.398362644653794,0.9271664910255139,0.9140396945538294,0.8443771250724442,0.8632595653974333,0.7456761085649117,0.8523156902443182,0.2902559095557728,0.5313553422231871,0.7167322587224678,0.7860532501313281,0.7505341214718702,0.844563363147921,0.41738500379169113,0.7494126917237868,0.7809656641709601,0.8137127410353397,0.8460861530159528,0.8401363079743867,0.602096255869987,0.863555034075032,0.7711137069169021,0.86493065410481,0.7910552256118367,0.8105748488151211,0.6876361617507255,0.83626547799506,0.7749612289901618,0.7972018202446068,0.6880236170380668,0.7990571615263121,0.672851341408904,0.7886524795600339,0.5128072018779088,0.6445475220115152,0.5136319614086082,0.5850885271948961,0.16454120125230068,0.3911490072679748,0.597269926520267,0.5731121764014112,0.5417085203143857,0.7274981213785948,0.41156761326461716,0.6113226005021473,0.6835323931730197,0.6766764665801712,0.6696310445028113,0.7889228278221843,0.5786619959556318,0.8210213216803712,0.7666339409573303,0.8573856128132791,0.7593008255297701,0.7876440195464804,0.7297373346471064,0.89673574336983,0.8859210897495793,0.9031858842859215,0.8298586966898178,0.8688314882359917,0.7657488482864739,0.8708690033393511,0.7009235520112765,0.7645132490619856,0.5763153503216631,0.6518420910866667,0.38808901886951136,0.6976619155804489,0.7491968591214007,0.7963057401946995,0.7643068458568366,0.7994244129166354,0.35783391308836165,0.5530895206079722,0.5619656889150445,0.6600668431150132,0.6190418247040789,0.7137413334366779,0.29754105909289735,0.46713744664557283,0.5577387673886715,0.5940575287914195,0.5003769382191481,0.7052544483759163,0.11175189028224519,0.31578677015103696,0.4490240458841333,0.49290958386932454,0.37108852496020683,0.5287543840636186,0.8196073080526766,0.8386328089645256,0.857572180090636,0.8276524181839457,0.8394586252878453,0.8789185843099413,0.7664111001471644,0.7275695435887471,0.785854594174298,0.7063323045269696,0.6607103822383132,0.8444389384196721,0.3343746203368548,0.5564035660348388,0.49974029920279134,0.5384219619859346,0.4580082281016278,0.6085819393152428,0.9430875885283503,0.9259229294390968,0.9060403547214484,0.9181463253613764,0.7941209388823216,0.8804465225677837,0.5215012321698387,0.7817413897466041,0.5232580551878506,0.6545069977221669,0.46278355121689635,0.6177238562247713,0.6636366767211176,0.8699382558210089,0.7097219154211644,0.7740081752110787,0.6418220163619967,0.7198106969730216
jh,rest2_vs_type2,0,Rest,Rest2,25,0,660.745529,330373,332873,12.5264986389514,53.040660335655545,137.8411066445444,13.708194179684467,15.234413950149222,19.094933462949445,12.020343764753981,55.79824250061152,133.90606599525984,15.02406737842895,14.37486581076529,17.881463926650923,9.40355512104312,26.243025512187202,90.05834261523123,11.200346539737616,17.11184235677885,21.8185874875128,14.092904584965254,60.901558244185374,131.96407814943527,15.66197447585704,17.217500094194403,19.086759504169166,17.127007068098322,88.2753477733554,169.667164470572,17.294664893078682,18.009630597100152,19.05468797929758,13.48238220588755,70.8649068729468,146.17845352242603,16.738823642553527,15.848961727655636,19.15341507032057,7.1839348524113635,29.71023562716225,80.40051467291924,12.423018265704355,16.17280656094242,19.64785811909073,0.8730920007649288,0.8503471742783197,0.9518553930468275,0.8434565350647516,0.7845910251414967,0.8678171667906678,0.6405895957272405,0.8738814621952972,0.8817290743816455,0.7703693367785881,0.8480576230423015,0.820880922870454,0.7867803122701531,0.9365368914175674,0.958456568832631,0.8748989117414788,0.8603138492415437,0.8992884159199707,0.6658766653645773,0.854811714355876,0.9525399841517697,0.8672636892974276,0.8036124635841467,0.8807427830183883,0.7832916014963879,0.843009028957606,0.8937567609719814,0.7932323334525467,0.749067066954012,0.861329647677682,0.5606885017979181,0.7307601180136685,0.7629787046607955,0.6131588610350327,0.49507440029987854,0.7021659304043687,0.46332364433032475,0.6791972666434636,0.790293059603475,0.6933625070901229,0.6943717289413185,0.7145247507812335,0.6042834945878125,0.8233370556248221,0.8825745222645816,0.8278298448542202,0.8055077358410208,0.8544435578250393,0.6083310489655482,0.8609759064568235,0.9452688376568636,0.9109461995768365,0.8514142415820991,0.8881695273793692,0.808673353394045,0.9339669177371207,0.9517610129461624,0.9096007660999802,0.899564750146771,0.9212588408238085,0.6541938207348683,0.8265101191262256,0.857453881874131,0.6633574230963343,0.6710859457465056,0.6986492429467146,0.4417160090180989,0.837794720881372,0.899842022648779,0.8400264480076911,0.8471008688155267,0.838501644981941,0.2411261290407034,0.7248675188882223,0.7608340539382146,0.7116957155052417,0.7155225209412713,0.7547951437226517,0.3035756594550275,0.6810981559363752,0.7183928956250395,0.7114975826922114,0.6766867938099682,0.6879638418729705,0.27035794594495965,0.6231312618155869,0.6544846455049703,0.5655648608509558,0.4561087401152061,0.5677202599562683,0.9148401210455471,0.938778684488282,0.9289507909822291,0.8891060124670096,0.8911278160893692,0.9248716900568454,0.8062346943811725,0.8777877798345083,0.8547228536198528,0.8696958628203287,0.8021550655954718,0.8620053344049426,0.48803981748790193,0.6997617476474007,0.7026483444819748,0.6358790668649481,0.5032760728843588,0.6461941500969723,0.8743712320344944,0.9259049637051044,0.9411943390578532,0.9239743426756196,0.9042362879614917,0.921675744666637,0.4817966852255208,0.6972975995033257,0.7773789641564666,0.6822454398176816,0.5605562499282717,0.6463905288945982,0.6407774412354832,0.8258137340946261,0.8942127662820247,0.7647414708245183,0.7033578372450278,0.718721875377818
jh,rest2_vs_type2,0,Rest,Rest2,26,0,665.745714,332873,335373,25.302579190822133,34.95370096010148,148.12129973632224,13.751969767320254,13.935474816233576,15.286866912784383,26.837941389062692,42.31372815860938,188.62891584038806,14.267567882231175,16.490304351578875,15.752734052559722,18.638832976426848,26.265257989164567,98.13653221737027,12.83188510123532,12.461192698408839,17.65819017922383,29.35158314322595,40.839384402755606,168.2565268056478,21.156504316321257,17.095100717439983,16.353001253240727,41.98942827688191,46.92262205856318,229.5607334796303,22.794242078610225,19.30779838376307,17.287194250856786,35.2889132146518,40.227197681162416,221.5931965888778,20.374850405505352,18.782563571783385,17.421784813259148,23.97955154467549,23.42213763516966,133.25915371938225,14.072749689100837,16.89222121033228,18.419838838754263,0.9485147705755846,0.8501703400137668,0.9459959868591321,0.8173221805888068,0.7977808160763535,0.8304508149687646,0.9580168094289091,0.8081960046317133,0.932806023634367,0.8171916528726789,0.7373109786750711,0.8076762005766275,0.9426344600110622,0.8452548224518401,0.9472332985184849,0.8558582499525025,0.8796964280914036,0.8647945727234817,0.9510341274105395,0.835056663242711,0.9451510574335457,0.8376037734012135,0.8488603073629987,0.8554436404678568,0.9440385463224862,0.7622963308371897,0.9097110909452979,0.7679836960780416,0.7752592988457458,0.8422455486001379,0.7598814131224428,0.5808666429546199,0.8470800189448179,0.590526917704144,0.5506956357066424,0.5635254969262401,0.8791983537210216,0.6538572574220817,0.8623655583621748,0.6701808237341862,0.6592419553144027,0.7191746336566773,0.8555810958669459,0.7483477014122143,0.8851951511525948,0.7704403152555288,0.785279379889361,0.8187595992687814,0.9122069234543272,0.8153865984955841,0.9515125636440318,0.8535340536160645,0.8197377064723353,0.8352451628385538,0.9394460765676623,0.9045431512386883,0.9594137920444468,0.921013269327717,0.9175986987067949,0.90019745300293,0.7724587023331265,0.7867220337827641,0.9208219586184081,0.7368097063777224,0.7190381003320395,0.6481615095642234,0.9346391861882233,0.8277080729616642,0.9046716306119766,0.789663497670906,0.8074954909119263,0.8380560274341299,0.9292693169004304,0.7163495017217673,0.8434520454586121,0.7172037829321233,0.7162900406795026,0.7379802662593763,0.9127858194643519,0.6331582532090068,0.8265209566119062,0.648091148442406,0.6506437779552876,0.7320530467382945,0.7320033330588744,0.5534492077139693,0.7784634851346661,0.5118134663277386,0.5289242994805724,0.4628202853523791,0.9625631501667371,0.933784634488196,0.9432613083178403,0.8934364546126105,0.9175958505299207,0.8995984529016798,0.9053153760953294,0.7875201557381679,0.9116683629956992,0.7726522500448479,0.7849842094717674,0.8599199049963216,0.6801207265651646,0.5700934538090978,0.8146123670579778,0.5751745379770191,0.5885790545333875,0.5392663533904457,0.9692119385322379,0.8765702672251577,0.9650901939244723,0.8781060367469168,0.8572648696530001,0.9068321699644026,0.7427595331030048,0.6127558047140931,0.865190842106157,0.6620715831203894,0.6290008661237296,0.5769550884896081,0.7953034458601129,0.8142278305564671,0.9336819539471181,0.8158313511659843,0.7803090413252081,0.6853754171945735
jh,rest2_vs_type2,0,Rest,Rest2,27,0,670.758816,335379,337879,225.73918400562607,45.05888672528394,186.6978581133436,14.53911467730501,19.17070408391886,12.894770244070967,186.9829282986229,44.49274980701992,194.1218851758067,17.0351987125595,15.604826070770432,13.317312885901517,71.41197751074537,26.318364871717645,118.87312826943578,11.537263422575512,14.958079754124187,14.624246279650837,65.6711761371665,31.151219958739294,178.58208649402505,14.401474035119858,18.0957464843273,14.722165294082089,87.03160418805317,36.357977086911994,214.188557223286,15.013368722924255,18.847035934889163,15.091428518289593,57.34043778385824,34.46002202331175,178.17800619211764,17.921069682242212,15.907960073240792,15.300190389341832,52.71448162039533,29.394080667838043,114.99963628834475,16.203177451682638,14.633513812006651,17.722140312741146,0.991674201523924,0.8530169183247882,0.961793770681701,0.8483435787732433,0.8187121535814917,0.816548947837752,0.9786085892643005,0.8239582588289754,0.9386485062971917,0.8397509711649424,0.7253230395498884,0.7715551358864357,0.9209274330181264,0.7923699985308348,0.9468556395235739,0.8858853658892781,0.8555176048114761,0.8608713893099756,0.7565451858117922,0.6206236319967644,0.9418464560041795,0.8491237474977211,0.8472478372224469,0.8572293739285047,0.767134644279972,0.6724383974742633,0.9129496167971578,0.7780131776844843,0.7482020493146002,0.8134701893638322,0.683579023667563,0.5340895208074894,0.8058348275910298,0.6364505934436556,0.5114988338792671,0.5573743216092119,0.9774051308262613,0.5933212031358797,0.8954173505524071,0.6769828210196521,0.568505777252358,0.6421204142305013,0.9350063744509273,0.6829504834697767,0.9023311187090746,0.8093411315394486,0.7365827440596489,0.7702237943046271,0.7850372906777275,0.6660037737508449,0.9252101339832534,0.8913302633741013,0.8304946238620594,0.8487738470603209,0.7985820944753911,0.8134457531859528,0.9392033937673631,0.9083126041136875,0.8868006773011725,0.8796912544866868,0.7137990172998084,0.6628251911046894,0.8648390499144168,0.7943814056531131,0.5950659649212394,0.6025908998091191,0.9099493097736783,0.8015651641801501,0.9478326534913325,0.8605500694721039,0.8378037669808022,0.8052154315381657,0.735443521096563,0.5352034563240629,0.9083851777366853,0.757939930008102,0.6474008947940877,0.6920894261532579,0.780991352769155,0.552534336690219,0.903057785558385,0.6578200049809266,0.5237059990097586,0.6590452773951792,0.7142394778077099,0.4862115419563441,0.8156774809282659,0.5048148442186126,0.39175415570526756,0.4895563052099257,0.9281773826869584,0.8144807624753053,0.9686040662036227,0.8909232950022526,0.8716223035901962,0.8810053594750135,0.9395134297508552,0.809202548233139,0.9245174767509262,0.7840281750774373,0.7211197720417906,0.8356311057865273,0.8140709041864395,0.6432698924517645,0.7668403303800945,0.6427494918314915,0.4894347241051671,0.6223735451565964,0.9562934440722204,0.866168113698887,0.9570787775143594,0.8856253067856763,0.8440238930091455,0.9049414972042013,0.7873606687886201,0.5736184812386306,0.803382442455584,0.7332202970931067,0.5543386572291391,0.6040504732231897,0.8657409580152171,0.7421875611791631,0.8993746298610945,0.7843302908362798,0.6234536963562374,0.69736104439913
jh,rest2_vs_type2,0,Rest,Rest2,28,0,675.775307,337888,340388,83.11484210357183,67.32778231179387,45.455905973499874,15.135800730381087,19.197587014943302,16.141769170080785,76.52224138781396,55.12432579588067,45.03253737636897,16.904894913715513,16.17666575776928,13.867348110966795,53.78011319355521,60.70083663012881,33.42176004011311,16.323952264156695,16.863413926978687,17.950649234086576,41.04420282437032,69.3140749380918,42.845222954514945,15.133860338619986,19.36360048683721,16.872878545611616,42.68038166140145,61.8232257736348,47.27316075784449,18.38923235316756,19.781328416757994,16.854686430015427,33.83725066291837,51.70648791244081,43.10929052541844,15.4802024779688,16.571686244802354,14.800195890444115,41.53710401432303,44.30704424240052,30.294790698249052,11.573198937376599,15.70971589183492,16.215236078914472,0.9674632049187274,0.9089317361482034,0.9008353180736544,0.8828815868988025,0.8527524401414729,0.8739094225421749,0.8043206206547029,0.8261896871617238,0.7076617282177319,0.7941482972858521,0.7823622412413754,0.8669083601242545,0.8077929021480146,0.8950278619116327,0.8507195220434347,0.8733097033503903,0.8589507795822786,0.9042678851707643,0.8110722780081755,0.875768050524993,0.8273529319805586,0.8213525727834107,0.9001951715659258,0.8643979519837202,0.8363538193696565,0.7792476426608707,0.7214179126375851,0.7352763307338673,0.8239291353928438,0.8547793137588293,0.7954663753283334,0.6119659486176933,0.635678288332883,0.4837487785423554,0.5767934261270876,0.6006565437516029,0.7351805263694668,0.6666319928729463,0.5519544698274578,0.6574904576743484,0.6933384255654236,0.7301684605758657,0.7366030755790338,0.7956724141864154,0.7812722067723369,0.7728983475068415,0.7279172161008642,0.822300214193012,0.7799452978969659,0.8601779086768209,0.8783341614845763,0.7872694160627083,0.8321621396610087,0.8490644838869524,0.8502347945451545,0.853636243623926,0.8599726451364778,0.8732995126000098,0.8612806032657743,0.8881945523460144,0.8665093484803998,0.7198492990388741,0.7761952136165379,0.6558653743701965,0.6328493231832307,0.6472971187751859,0.881518785123915,0.8593287349721694,0.8138513028794974,0.8166444796732628,0.8788561740074862,0.8609121942755368,0.8625379298048442,0.7102168745028353,0.5993164865302139,0.696470296318945,0.7426107008416492,0.7808562481240149,0.8273020233856375,0.6251625421736617,0.5011707223210184,0.5838121447218405,0.6882087576561629,0.7386340945612372,0.6621764814803054,0.483564641699515,0.36164988315980906,0.41052474408263173,0.5204747039561536,0.5115482798354505,0.9506770019701856,0.9142247661102401,0.913819057127872,0.9369204371368296,0.8783153736434214,0.9007607884471098,0.8874974576823055,0.8395130618737492,0.7947892119400098,0.7977403432079591,0.7757055620436871,0.8712387751549345,0.7083195884410575,0.6306654849563718,0.6042250347871434,0.5127090145782672,0.5387293745890436,0.5489272259635473,0.9481028359331737,0.9038249173212689,0.9229832021132056,0.8659692787766904,0.9024589079472539,0.9071649226579607,0.7541815036810778,0.6430788086898858,0.7498660922444269,0.5732334283963222,0.6053239411375193,0.5558762542038335,0.8565460834781365,0.8174854643834093,0.8673940008153493,0.7438614151676173,0.7065842772019992,0.6441033258446145
jh,rest2_vs_type2,0,Rest,Rest2,29,0,680.789367,340395,342895,1409.6974706966575,399.76070895147063,94.93773481179863,19.874292400318453,15.220507549062829,17.65980583529171,1245.8603814036119,341.3166447791096,123.72952887700802,21.078948383360757,17.929787846867562,17.979558903218138,490.0860868302349,177.71031649920084,54.818647345487,16.845946184601033,16.404713316319523,19.627586462441034,280.70170578703306,114.75009868473292,72.04140521280706,20.70665707457774,18.819537427699466,19.444897912145738,280.9879627442948,106.36497587425454,106.91347209837652,22.653784733620373,21.4757435092408,18.932393473941605,259.2702293586244,94.85200153453691,120.8725760025677,20.893752459514054,19.893690396159812,18.87883376629712,253.718246721843,83.24703888767056,79.77121878734836,15.074005837410434,15.656484818826934,19.56298879006495,0.9893312104971402,0.9388782259889739,0.9195736663236724,0.8548595005481036,0.8476663317838453,0.9036260634928976,0.9406176669740954,0.8702314412903591,0.8081614423335217,0.797975216874007,0.7638551646055971,0.7529325639352701,0.8979109790057315,0.878709610063835,0.8997041185932197,0.8999873153592427,0.7984648490711036,0.8466836133153594,0.9078191315805775,0.8404134878890643,0.8982066820871013,0.8462785793277048,0.7684752705722752,0.8494035534991392,0.9268445946318624,0.8114638246617032,0.8042408882852538,0.7491561689045919,0.7553520993798312,0.8355551865708836,0.8900135308996767,0.6746796386743552,0.761014560290491,0.6937152722004332,0.589816036366009,0.6377762216583274,0.8886448205143468,0.733500003233262,0.7519763358581193,0.6250775711795747,0.6253871250370994,0.7213567293476775,0.853132625110125,0.803339395418253,0.8688424035377059,0.7716916402653268,0.6893162959472976,0.7972524096687266,0.878543897573172,0.8138655438846514,0.9082339569775361,0.8765767663982512,0.7752815338692336,0.8165058237019174,0.9266653828297756,0.8659652500812258,0.9310132747576576,0.8708146723327973,0.8729503700675474,0.8777525344586767,0.9362951290207732,0.8396948668377212,0.8999497096606731,0.7561483410810714,0.684666348201015,0.7017846662037255,0.9555066379679568,0.8648049695566619,0.8185443318340836,0.8733327990722696,0.8382024554448299,0.8113068108008831,0.930655122912639,0.7171394189230281,0.7716487663004234,0.7461127172911954,0.6516127961771172,0.7065154884868475,0.8792995632077081,0.6400476031748193,0.7412321445773042,0.6476153646854822,0.6144321809445878,0.6959951881863412,0.7227538461654106,0.46870326957349173,0.6753587413799915,0.6075516289323734,0.4814656717047659,0.5848541752589294,0.983459334513994,0.9388341112196741,0.9646077306767413,0.8860180631897249,0.8696749055171111,0.8986740902424579,0.9285263196396284,0.8749617750994928,0.8582190840018707,0.7711573224291952,0.740114848551275,0.8446131377315097,0.7426268944578659,0.6155691842264241,0.7660789155616629,0.7131317415601585,0.5359595934094346,0.6201904211659016,0.9711478845517307,0.9485456066909338,0.8997635847632486,0.9075765495269892,0.8690621755167631,0.9094357836187187,0.8006036045821334,0.6869191486282546,0.8100421728988328,0.7166592586178907,0.606404188761358,0.623078051985646,0.9050826167630733,0.8255710570263339,0.9286905669676532,0.7769203909729443,0.7615311253510324,0.7329988770837267
jh,rest2_vs_type2,0,Rest,Rest2,30,0,685.809314,342905,345405,222.4202761711304,82.01916875140101,38.72455474842873,16.77741868492196,21.58806741021717,19.39517867399786,238.95409107127412,92.27035113371474,40.85211092395589,16.946961550702145,23.53300861991535,19.27409728668343,94.76334395940589,42.39664314106606,25.357864302813507,13.470736479258537,16.904640790098654,18.01909842780497,45.87502233655924,40.38943884130557,36.030996967298606,15.329072461407456,21.418655760579593,19.918157093105926,61.86768735515945,53.00206975127492,41.47657658567605,17.23831565541562,23.250020282102827,21.377094066136486,64.090489496472,52.38403025907674,34.84274436971042,14.995531217018325,22.227814716904984,20.55238863861747,93.2634797830184,50.388758572979576,29.118664728760397,11.665752171136507,17.786507625434293,18.266332240575995,0.919819089139405,0.9052473809690749,0.9104964051163265,0.78326473128559,0.8810973880842589,0.894385081178864,0.5808593899354874,0.27535559992671393,0.6512430697163842,0.7273526651386976,0.7934797516473452,0.8298654110531113,0.8844423189562916,0.6678810850196366,0.8486187879606936,0.6939628408365641,0.7794348358162198,0.8185053999168261,0.8426892582838952,0.6812216609830791,0.8056661392744354,0.7001311640572843,0.7911447503677408,0.8228778545083604,0.7750264878468212,0.7083277617639254,0.8160284321434583,0.6216300014495003,0.7123330682775734,0.8484971386555588,0.5781083574579328,0.6953806971257259,0.5862063229334624,0.4904710564977653,0.516936894941189,0.6572585267038292,0.3792022910296721,0.12000826918931651,0.49520309831690446,0.5082436434519911,0.721844598678569,0.7290716529464304,0.7456391661495849,0.5521739704658212,0.7323114577497709,0.596036338856506,0.7304676821819793,0.7597448529040196,0.8782856455545774,0.6775457423075364,0.7782287865073054,0.7278172013963644,0.8051063671806681,0.7896805757222913,0.9296088139611566,0.7772247421974241,0.8345968051754307,0.7857502020660886,0.7746703514368901,0.8769694499292121,0.7910590579952342,0.8096400035212079,0.7009661359636065,0.6145848291140874,0.6253567013426993,0.7576539455103847,0.6968275437128334,0.40502073300479974,0.7514501236022697,0.7317412357109931,0.8569766905457294,0.8014407962866407,0.4309071604098346,0.23766862386600457,0.5778698808852252,0.5419311713531311,0.7843310224856453,0.7255921439099317,0.2771964478749614,0.15800706217579868,0.5612077359976896,0.4648630463754886,0.7137751221559359,0.7140881294290398,0.24839734928649426,0.1447711916962526,0.35248367932720753,0.37999992518841763,0.5533027577017625,0.5672543060404931,0.871789659857554,0.8334674237590382,0.9283337460483017,0.84321432485858,0.9164339269228832,0.915009556781884,0.6884802973902691,0.731016099894614,0.8801759061430964,0.720761822866378,0.8153812501631709,0.8771184285946503,0.42161435243941686,0.5361541727044157,0.507562251700296,0.47209501618485883,0.5290186137047188,0.6272705650719438,0.9260379129079901,0.9172613221504963,0.9294418556904226,0.8474308944980263,0.8855187557814104,0.9246995870227761,0.660435076194712,0.6451555358200605,0.5594791309312025,0.5004035765732749,0.5521514104198884,0.6737610516779076,0.845910175367853,0.7769456012724838,0.68293181711976,0.6676215325696262,0.7149522253041758,0.7549728231891997
jh,rest2_vs_type2,1,MentalArithmetic,Type2,1,1,690.8244050000001,345412,347912,468.5452066529848,117.25182887256278,62.51810355031112,16.527958403582016,15.960186361744485,20.225238568646915,480.19444912513893,131.47741599198415,58.594558987616985,15.493026110328922,15.908766409112651,19.479578013204364,127.63859417457036,45.80860262733136,41.9825031264631,14.665356856676935,13.49086788359295,21.400842365311053,135.2117038619184,63.94725387872098,54.04725106482974,16.306108213226054,17.147468848668808,21.179763166908167,165.4032655104787,69.57588709674174,60.277034224207824,15.87187056328191,18.452777250784035,21.605339745353643,146.91640585735956,76.92717415971691,58.80856387275267,15.040930933148845,18.443855119872424,22.054300091752435,152.92823730454415,64.0124492566758,46.525629835554234,12.26722620986472,16.83749871829413,21.470242486956487,0.9975557937896208,0.9503137415347258,0.9497556452302506,0.8300451144902306,0.8488657913147574,0.8874547511623875,0.9521568349508565,0.839491256022451,0.9042659756853123,0.7739185809967216,0.7967493116200179,0.8476951148007561,0.9156995209241471,0.8652417549640717,0.9026846714040941,0.8070337985158834,0.8299149875032992,0.906411587083186,0.9087096787075346,0.8055145002246192,0.8702245133217797,0.7944802894596004,0.8334472277742441,0.8779312070757963,0.9316859020128435,0.7751938350706824,0.8381780694415462,0.7366943051571716,0.7667856455313062,0.867976520163962,0.949051022943323,0.8691443139326883,0.757076072406704,0.445678847675331,0.6481312555164962,0.5588247058475673,0.949105337661193,0.809361984379052,0.8429618836655658,0.668719025320453,0.7478250122483389,0.7929766270948551,0.9094869163108449,0.8312551367920579,0.863409299601553,0.7815914870371369,0.8090650766610338,0.8553525847075217,0.9039476075990708,0.825635197757111,0.8884718363471809,0.8443641149300652,0.8594143944040716,0.8444170746189386,0.9332640138321553,0.8503928288343554,0.8881924717267449,0.8434482857755855,0.8722463783148985,0.8999229652000361,0.9578833495749245,0.9180306235413582,0.8194233653039689,0.5571124230516977,0.672057425444478,0.6273027069389666,0.9370949041599165,0.8616186044321369,0.9081102623119609,0.8147624465800888,0.8490427492559409,0.8868263176566623,0.9185396676679064,0.7733066327099392,0.8276982742122037,0.6819117908249862,0.7903201597134678,0.800608086603662,0.9407852722742454,0.747391786169088,0.7679540704232846,0.6295962044267654,0.7013246802112103,0.7705795363567757,0.9583177272291605,0.7596270743064497,0.6571975600834777,0.4062081205139341,0.5649687216931325,0.4935848091938659,0.9929286780087118,0.9268181798815124,0.9516363502287792,0.8967853453706792,0.9179506052211963,0.9132927769999404,0.984503747347974,0.8431303940276963,0.9031257637045252,0.7976340355480644,0.8279138935477341,0.8778713953748678,0.9211802040898366,0.8119601228439882,0.7213877120999423,0.5230952127109839,0.6300967519879306,0.5663996282020302,0.9879893673854864,0.9468443701527134,0.9567958347783945,0.87599366231351,0.884164702943807,0.9132187139846952,0.9124626877382105,0.823783808832069,0.7776234858052711,0.5537072003020025,0.646617634637238,0.5736401983794193,0.9557945586018027,0.8512281323629947,0.873316703905275,0.6665666292702509,0.7371242342802151,0.6909365719815633
jh,rest2_vs_type2,1,MentalArithmetic,Type2,2,2,701.316125,350658,353158,947.4789433355334,389.4354121914058,47.59707339946106,21.73896726282713,16.69528943544458,12.91143584772494,899.2855007920749,372.9945149975373,56.48536762802856,19.46360004186188,18.715024508262815,11.865209032254274,276.2411581686634,166.00438021971982,26.075180615430746,17.275766652198623,14.974229487181798,17.412322906431474,202.90397567971516,147.9070640805939,40.50967867197447,19.64137815516508,15.514012549634153,15.49893708463472,229.75815941025604,154.34465029678285,55.858692585925134,18.785882145389255,17.57565431106845,15.377082035335539,224.8431304818068,128.3142805057437,51.48893545334695,19.60626578164206,22.702509197869382,13.121849337574464,279.4225963176057,117.23211117778798,28.65736863931444,15.293641904258548,24.47671827123844,16.1598359199769,0.9905781791189204,0.9671264423466364,0.9029953475419636,0.929797741336503,0.83347275073452,0.7674360866113196,0.9475624661891215,0.8907983797122504,0.8070965091841373,0.8722468237458724,0.807450172830362,0.7673638693947333,0.9395957183331672,0.893783482540838,0.8917997531946273,0.9086523938889475,0.8401445747760095,0.8011017439416952,0.9432836005690791,0.9018731840963384,0.8620476379512148,0.8754021925321405,0.7658650996653641,0.7373245965479204,0.9494734425391641,0.8457523996723538,0.8043099097028994,0.806018802767076,0.72449624864358,0.697248469183309,0.9345411708986919,0.8766950317676336,0.5984773196652933,0.7234831434035239,0.5541821840119578,0.415056427927812,0.9014381090072615,0.7975846269547517,0.682339043279951,0.8015912619993891,0.6383547472239626,0.5707526821203904,0.9146862768364611,0.860116179906525,0.8216643654964864,0.8726843971820556,0.768462188567201,0.6632715946782871,0.9417535371087329,0.8974467049611785,0.8642870350443441,0.861101977531444,0.8126716502602426,0.6728674779551557,0.9631051376239519,0.8934105360476322,0.9092652201030779,0.8537060932493333,0.8730747512992358,0.759130959775431,0.9624069893969741,0.943245235645016,0.7555154714926168,0.7718609983851304,0.7051998857814472,0.4312212201967823,0.947872915488213,0.9087581794691514,0.8279677233646471,0.8990751314164653,0.8302108242219972,0.8053337602144695,0.8991863731385891,0.8555583776294368,0.7171611240850366,0.826387177417725,0.6408618175100873,0.6463882210638027,0.8691413053093365,0.7790692832121607,0.6659205090918527,0.7443382189965889,0.5622473709198419,0.5437227219583007,0.8145701503605666,0.7331307775377572,0.44733501608164794,0.6464127982323742,0.47457389747883727,0.3323969691701461,0.9734636427837016,0.9708654669565254,0.9495965544478372,0.9433862930017672,0.8526737516791423,0.8419119801368075,0.9377008954242917,0.9036467794795442,0.8616341394760791,0.8556582811656107,0.7669309172024004,0.7463734895949937,0.8572086155941884,0.8170697912673255,0.582506288709325,0.6874901195745393,0.5833444862314445,0.40383469368284686,0.9790344162246888,0.9217788453084208,0.9342577379392878,0.9157462996353066,0.8860425372676854,0.8188759462733372,0.9078261570671778,0.8541152267485314,0.6519828247653033,0.6560965502494652,0.6705638527235996,0.4068718210809543,0.9640681355481898,0.9426807747183399,0.7914535328882629,0.7196000274764194,0.7986594583203003,0.5582883852473555
jh,rest2_vs_type2,1,MentalArithmetic,Type2,3,3,712.0288449999999,356014,358514,1052.7353352147077,184.9546276564596,38.072737848066964,14.080096228820514,10.331872832650609,13.680658481352856,878.2147938010298,183.46127027986935,39.67843152529003,14.681505285153639,10.254181632875754,12.169443142520501,361.5149493767126,61.62177809766317,22.618950596615164,13.199739078176348,10.564813960181265,14.620221598653414,258.2563784196887,53.209664388764494,31.96132314312396,14.238869700778505,11.13557760137412,14.01044531006125,249.11833388789307,68.02219483414261,41.77251479625651,15.532087582495084,13.079852251885036,14.220784287093657,206.86435989100787,62.606961696739305,37.822862444672246,15.685146641134045,12.869591518645924,13.164006688794231,181.3184676628539,48.48531888912968,19.88232371800676,15.551713967019827,12.786731183971085,14.250743580013781,0.9956073283980734,0.9750577115669135,0.9702976100194709,0.925845526213798,0.835306487113615,0.9238420100117951,0.9897317753373466,0.9568774553113826,0.8839607394069351,0.8468027842855638,0.7025538295976091,0.8107334475357322,0.955527521923098,0.8512241671825729,0.8393908043988599,0.8078784437939949,0.6485797483070023,0.7854451909536172,0.9352582677903186,0.7577820763611703,0.8056813626632605,0.7277596407241642,0.5996690220769311,0.7431371141037852,0.931187688305264,0.7705336850388752,0.8068376128387825,0.7030213802910634,0.5491865819643286,0.7770032921620633,0.9602430619520167,0.9098989191782939,0.7614293580937623,0.6752721120874531,0.42895171839775126,0.684947269567674,0.9778108806189513,0.928267785904326,0.8417003588570621,0.7483441511811161,0.6271338901633496,0.7683368051980501,0.9530429296882676,0.8510186004798862,0.8401561294486761,0.76495970809675,0.6049380792201754,0.7495017711152347,0.93071720465153,0.7863567511767107,0.8519416143711969,0.7691315322872311,0.638008599477361,0.7315281826402287,0.938923361866158,0.824279994895291,0.8722913374905886,0.8021757467168381,0.6699699906949874,0.8039945055337903,0.9711568311866138,0.9450181614293534,0.8402843470078677,0.7574824376094854,0.552916681609176,0.6643904809230958,0.9661074022837394,0.8449495686979119,0.8966453977202518,0.8660962520553055,0.7476370954726747,0.84150969704891,0.9472603372844377,0.71199085326363,0.7891935832262688,0.684513133783537,0.5990041598139336,0.7177058612541547,0.9311565529772384,0.7390263981100759,0.8011857350960447,0.6517848326510011,0.515709436812643,0.77755072854272,0.9432457363517641,0.8938143032678979,0.7126644171819838,0.6072646285346514,0.41499349415757647,0.6236318641228524,0.989900148818092,0.9433426651749226,0.9408692214969954,0.881519342454606,0.8497355688775624,0.8791481591817495,0.9883418826553343,0.9161590853126331,0.905384135567164,0.8024453687268116,0.6714773131974796,0.8962751057449779,0.9597870477021768,0.8644164862813517,0.7067238176226673,0.7051800416210803,0.43908633702830757,0.6342663986253742,0.9808477526088586,0.9454870251621614,0.9583632734605422,0.904083742585995,0.8487245872553736,0.9132674730524215,0.9382662678233306,0.8123153460354902,0.746524553186357,0.724987591161285,0.5157702850054864,0.6231900228970808,0.969771823210949,0.8687070231657346,0.8378638481932981,0.7926135753042792,0.5802006197064292,0.6743601557396754
jh,rest2_vs_type2,1,MentalArithmetic,Type2,4,4,723.11429,361557,364057,376.8901869742683,115.02756845324365,171.39533607896774,17.737816726659744,12.058423447716347,12.223036519928629,378.6857379729489,134.30698076928675,183.86962692028575,19.893878275790442,11.546094853132093,11.046792685135427,103.12439086748822,32.73667415299791,104.05494534213518,13.61128360101751,10.956552880641706,12.048472232140957,99.27691804434878,50.49302918543826,174.87242855114698,19.40789480542763,16.17766663764615,12.465631120592967,116.22501611207475,70.53210047590592,224.33003568229717,21.46949554340177,17.41374711947306,11.946742587442914,117.4291186828207,69.4407025071836,206.9749189817619,21.073749575637095,14.60259324410939,11.720862876841675,108.64724143490409,57.33731431216,131.58168280605406,15.522296045293494,11.055607478464268,12.157287899417272,0.9701885140838197,0.9522570995963168,0.953717330589126,0.85264651762991,0.83182524872129,0.8391594751962556,0.9157534140507436,0.7956909758951912,0.9000053889545973,0.7185263523395419,0.8065755519091005,0.757995107240936,0.9128044787541252,0.852452698484324,0.88202993270586,0.7447316005902153,0.8012180743885905,0.7247469962454098,0.893653859642384,0.8236666076905532,0.878554604397061,0.7435871487188688,0.8078266015769435,0.6756225924087894,0.8747405413160604,0.8055324575068489,0.8632796930798989,0.6974545895569116,0.7526377581589901,0.6767312595506297,0.804240246445958,0.7881889115902215,0.8617808680999361,0.5548781544152951,0.5328222926865426,0.4826723912987357,0.8346351476848285,0.6620619391429609,0.8226089593780761,0.5425327888452371,0.6074502298805717,0.6982054037896941,0.9048840003214136,0.7812501723436265,0.8402478055786886,0.5969808665269281,0.6150594119352478,0.7141754127147304,0.9254081994179931,0.8009678066487841,0.8886386557870585,0.6954884268460084,0.712378940001771,0.7067206905228429,0.9366325481815102,0.844025989250462,0.9003483502444023,0.7352209367610455,0.8198797152624984,0.7690840649020163,0.9069174234788151,0.8896340480094392,0.9201125200159644,0.6852261049385252,0.6653103718684809,0.5770007946049279,0.8938507134418313,0.8153710763432314,0.9349833817691854,0.8277043191953588,0.8410671063434213,0.7435286103093355,0.8109273145703252,0.6947623150601926,0.880370838713014,0.6142760975438323,0.6883151520098872,0.6119125807238341,0.7580977489260766,0.6493131717432792,0.8473928575983896,0.5072149528094134,0.6062904936405137,0.6333818745154353,0.6496058957404194,0.5406128299160405,0.7870871692872676,0.3837147212801143,0.36257252477906143,0.479370779616933,0.9762112794723095,0.9569043577491866,0.9648849981042537,0.7577386702537355,0.8467366815710962,0.864429198861868,0.9358791066938105,0.8802752131792042,0.9291592673832639,0.6671803301542046,0.7320009007564782,0.8708915748029605,0.7865282395671024,0.7142013794768538,0.830753722802088,0.451438131949563,0.4103843137699289,0.5901842565842007,0.9782676903387663,0.9322437411063182,0.9812312365908638,0.8932607938212419,0.8840779175969933,0.8738692411432817,0.8633017539321527,0.7741888838110642,0.880612029066344,0.5697053112894989,0.5055355075929212,0.5706093977600484,0.9250197765224991,0.8942229517686187,0.9280127343223725,0.6753649905191406,0.600175636240263,0.6626862851162801
jh,rest2_vs_type2,1,MentalArithmetic,Type2,5,5,733.632267,366816,369316,877.6580643750266,211.40686595994381,55.43003600359968,25.406100349809748,15.324633560900097,17.649537476828243,791.9404636873812,195.13638637229175,53.44528291254891,25.660541663819743,14.64405032327506,17.182789411279447,252.2475741648305,72.56665422540648,32.63867982115999,18.439245674196574,12.583361034308338,20.92437375826491,274.7398411520952,78.61362490727747,44.907777022352214,26.437745286790076,13.210489975581591,20.70356682558084,304.8015373625819,79.85604516475878,55.99279555108465,30.15455287275971,15.876087192338147,19.493910444172705,256.41819255889163,58.65333531366163,49.60246242490496,29.268332587948,15.003500015422986,17.530985471230345,199.94604668698358,51.166297604617725,35.67010223772723,20.111483228467936,12.122763005361783,16.929833715351517,0.9938516821562756,0.9751255477989473,0.9139578496346467,0.9168986473167374,0.848684777106787,0.8545289720691527,0.9787822074997399,0.7924929472374247,0.8244943813476413,0.8887830658613716,0.8067389069396528,0.7840093723159167,0.9524337059423417,0.778157335021341,0.907824297811554,0.863991799165,0.8213345662270806,0.8012200577637029,0.9361549124121366,0.78207644207551,0.8520155967860805,0.8688218935764184,0.7963684695324981,0.7834823956222633,0.9294283061053895,0.7885685820385375,0.8026864065621785,0.8059910312394882,0.7519838545022903,0.7796018227268743,0.9556205113170169,0.8652132051091305,0.7436053862048682,0.6542724881459988,0.5379455753616086,0.6135837863294259,0.9641646183770223,0.72448858124124,0.6743805078413108,0.8157062884436698,0.7475493768973425,0.6830987292311776,0.94799166872018,0.7180313216067437,0.7982300422803261,0.8124268542063907,0.7428025465703323,0.7315938649582906,0.9379741575141888,0.7551709794362489,0.8422498866565284,0.8568521548218976,0.7913769035206327,0.7248625103165091,0.9405480239832026,0.7969837144741274,0.8827877889757506,0.8607436121317819,0.8166086253058632,0.8418905639127716,0.9744360395341375,0.8873323184522464,0.8361756135894375,0.7320899418456813,0.6758970928798492,0.7045543336513589,0.9658555752554624,0.8923007507343321,0.8275521238470386,0.8502079438580026,0.8061276406673701,0.7984183689813321,0.9466029689940294,0.7826099004514008,0.654702457836803,0.7611456237647227,0.6860259931300987,0.7181263503311076,0.9401614003362183,0.723872665783343,0.5850589336982536,0.7305486112572035,0.6955773314451602,0.68880289547322,0.9342177464569622,0.702435907600751,0.5326654516985212,0.6075570323914848,0.5966565531222264,0.5627364354981824,0.9951066430353664,0.9521358204553871,0.9215809022603372,0.9117598148122733,0.8747709304543012,0.884765303257054,0.9834472658035077,0.883546830033687,0.8241415891715167,0.8402998782712926,0.7922576486653568,0.8298906274211925,0.9437919455788769,0.7343486950340942,0.6212800754169672,0.6133592349022681,0.5149063369693041,0.6216774947372135,0.9910957161804435,0.955578088916655,0.940005565469928,0.9149576737547418,0.8751673123772002,0.8525433965861207,0.9463100503766047,0.7596639492305958,0.678221594531722,0.6792728739312637,0.5508051887607992,0.6253944356779493,0.9662989796660041,0.8273148125567624,0.7917321150346175,0.7878934606590337,0.648550354555645,0.7329590873782089
jh,rest2_vs_type2,1,MentalArithmetic,Type2,6,6,744.257284,372129,374629,121.6988883595924,125.38574729559926,65.55485287123479,17.947723412849218,9.618592309200263,9.943421288723133,102.49399611998564,129.83415793255693,71.24543754746489,20.921450298047283,11.678591077090372,10.584583880271458,49.627400625663036,50.16601970025585,47.730934666451056,15.635561321449117,10.378381713853129,12.325515608780794,31.519837844857747,59.296699079868496,65.92170587029221,19.569939576657962,10.391339321047324,10.380679120355007,31.960939338620214,81.28312317475732,92.3208621418676,24.388623710509943,11.02925666257372,11.282950580387789,31.19797053733806,72.55384747790058,81.56304440045763,27.556586072389784,10.76379129169266,11.143319704725426,30.657401367337414,45.731275753527854,58.95605485582982,19.442706126114,11.521359107204702,11.701097975934305,0.93425713484236,0.940171946502588,0.938791480062083,0.8624600826700194,0.8254393310150949,0.8093476989773712,0.7448873066666598,0.788851412225184,0.800994012596411,0.7903268551369439,0.7027368675370032,0.7697114910148009,0.7095164053464501,0.8379961959044387,0.9100007588034605,0.8714873312198821,0.8293134209085418,0.8296830960132533,0.7083403359345056,0.757721836438223,0.900602030910808,0.8872746193202365,0.7803597478622932,0.7047224714197144,0.690726915877585,0.7017610428883747,0.8206169647097852,0.7725206702128604,0.7303451670337241,0.744273942847755,0.5242464188664017,0.5872182391251048,0.6367159861797914,0.588513390853145,0.49759541180770234,0.473124190677115,0.62647144516455,0.7110023751275224,0.6952731631912951,0.6376194839940387,0.5899641503441598,0.6252232722712981,0.6523134597858792,0.8247871883383405,0.8432848799083935,0.7652452516557933,0.7514464856106214,0.7396274527242267,0.6715910598514219,0.8214766461325194,0.9096166122716859,0.881188971990163,0.816837289462528,0.6834782501005392,0.7538323070259084,0.7958665754319214,0.8862481065652281,0.8949447424565415,0.8611833079912076,0.8361588477494818,0.6689668229716199,0.7107286845597578,0.7328352543396071,0.7174670065514591,0.5653044095080778,0.5491182611715153,0.6442737115545906,0.7098600880773354,0.8643370991055175,0.8763177904564788,0.7537574098137665,0.7795305425730914,0.5448740302189624,0.5431674266030162,0.7354819433942599,0.6961599944842182,0.5627979985213265,0.6186781195740207,0.4923491368460258,0.5295478485001519,0.673445731366618,0.6082734078311045,0.5133592271170498,0.5909496473093837,0.3064122862178294,0.5025308342581857,0.573357654353738,0.49114198293853584,0.3843041341076263,0.41103415493213924,0.9085020449541191,0.9346697794210372,0.9435903967676212,0.8739716728428766,0.8618344931966476,0.8465655627878029,0.8150337389998916,0.8509613355611277,0.8594474641976181,0.7637388458478045,0.7485343131318378,0.79876212471966,0.43336746604806736,0.5451074203492391,0.606252692595269,0.572411946424274,0.4634332881220226,0.467707666055648,0.9065628059096884,0.9386384436357453,0.9470320848230882,0.8857833998237937,0.8658172004171305,0.8049295063599964,0.5206835860005945,0.5857769540393214,0.6478176220077718,0.6665012541929868,0.4941398011957919,0.4685370756427791,0.6862625973486977,0.6639779824620379,0.7720156571004078,0.798470497862741,0.6135383511439402,0.6422150834237628
jh,rest2_vs_type2,1,MentalArithmetic,Type2,7,7,754.7742729999999,377387,379887,231.70997795305655,168.2781499020252,75.31823357188524,19.77042551890232,12.371522526210951,10.669323999218197,201.01537007424227,174.49510140317616,83.6208146629377,20.441814552030475,14.456036744400928,10.211917420006284,70.42922391880691,62.2299182068675,55.19111696869781,13.019209324572104,8.551784967006169,10.750795234960046,62.25599308006195,79.89892198358017,64.93228016582749,19.58640989693498,10.363219372666169,9.234486228050924,69.66556914461687,84.03600963065973,82.97609669814634,21.984617098676917,12.264657315799342,10.659936582552634,53.528459759679876,78.92125692988199,83.34312937251312,19.04657616382027,11.918887555554914,9.36932880132559,52.71424537238888,53.873856527951766,63.36740870182468,14.067244513884132,10.570041840189823,12.001777964139077,0.9835906944294609,0.9325004785272099,0.9191499487744419,0.7694423228788765,0.7838714196394027,0.8140517537990075,0.8936196890676614,0.784717099858363,0.7471141389089514,0.7351248634004345,0.7479436837293012,0.7008929671993764,0.8561455802048988,0.8412752236186904,0.8732530617469803,0.859397465449015,0.8264474402718072,0.7652056323844355,0.8006974390299556,0.7400345573380518,0.8566507402886941,0.8443844438054511,0.8046570009779981,0.7348597489620035,0.8409752679804209,0.6031083605105427,0.804060909979684,0.7007803189691774,0.6644120307129049,0.7582047740725254,0.9036531094443495,0.6525631107324561,0.57320001887781,0.508484181156233,0.5625809324367493,0.6080350144114477,0.8615922201243396,0.6557161623851868,0.6093030940903773,0.4750085661269243,0.5769581935064236,0.5604176101290002,0.8577530404911672,0.8170584315725974,0.7723875885748155,0.6031844493154425,0.6801105022742935,0.6779011771436588,0.8250631497357709,0.8187835386575062,0.8327094000323744,0.7317187926790206,0.8088285956814094,0.6914321140611854,0.8852720155900707,0.7247167901800367,0.8631179147139834,0.8237620043597437,0.8575800783886678,0.8029730502259139,0.9333919881800092,0.7950517450570378,0.7281733093860855,0.7160566382890592,0.6310202220095316,0.6261270936523183,0.8605378933247185,0.797052641863263,0.7827976703373796,0.8583889314723899,0.7464571396931123,0.7578650383825921,0.7599519694233292,0.5586569095961098,0.6220025471506537,0.7029200447378531,0.6398739861854106,0.6368287895508455,0.7891873359191379,0.433317360369069,0.568251527124233,0.49033509281090304,0.5584297873447637,0.5849326393729604,0.8385566130673698,0.4108585608840865,0.4258413097967729,0.3824015419454914,0.4099125320326801,0.5146026194324622,0.9587623113392362,0.8780243378197183,0.9328773339831338,0.8882085662125985,0.8317811980328514,0.8692511196434991,0.9444909191889401,0.7534349911747401,0.8491952523033174,0.6689086017745645,0.658693823522215,0.8208311917367974,0.7434638290210479,0.702544920575703,0.5637984206999622,0.4536808327632627,0.46264103363971965,0.5810457152802957,0.9596633683168415,0.9042794022605181,0.9435413830517113,0.8273031659296967,0.8148585309662202,0.8588647784883631,0.7132342692735542,0.7888973419861287,0.6280981992326042,0.5541773295776202,0.5590680170835671,0.5357068260619641,0.8080539493278733,0.8211670970260759,0.7600139576312633,0.7758534613973614,0.6656950571293709,0.6744400161569538
jh,rest2_vs_type2,1,MentalArithmetic,Type2,8,8,764.6372509999999,382319,384819,921.7597711649381,140.64202315470496,38.74541319507666,13.5025040139158,16.350987091374474,12.64876139658051,926.2513799981551,134.26802091073577,43.15244761554458,14.575899203424047,13.744118300777908,12.070483035489408,258.3366858459949,48.85036423950349,23.888710576416067,10.345923797768089,17.00014929032338,14.391190374888062,211.76756178095923,54.72888660436911,34.75421807690418,11.487970245850395,17.256419806690893,12.795206075919102,217.9247793784752,72.45336722750967,43.95549001195884,13.164715693319462,19.004956651551744,13.27874122379675,227.95522972749694,56.09778694842781,41.17113000816287,14.567231659421632,15.998124995323549,12.171747449610034,244.21285517942226,44.83927967871817,31.280115467844293,12.928674780227414,9.974416128221186,12.717981944254776,0.993751285381051,0.9524006490320578,0.9345349523986096,0.8063007997842631,0.8477613346116885,0.8531229929253203,0.9705111794156304,0.8565400974226332,0.8140904951371889,0.8163528814463373,0.8256924759344008,0.8328263521637245,0.9475831685696852,0.8224250739236056,0.7876183061234421,0.8449778747339105,0.8580869274068768,0.8494879457151285,0.942952889340901,0.7984406093561729,0.7717979280045734,0.8455348550988642,0.7757700053415612,0.8478767050936091,0.9603478978345246,0.7400835498474269,0.7691618581645064,0.6969248862757398,0.6649212667304454,0.7801737599034572,0.9473766500544135,0.7800316767229489,0.6601932501779003,0.40349262796998303,0.5699290332658695,0.5678139911653716,0.944583282123416,0.7518141201429949,0.7299616271427476,0.6266193837324951,0.6927896631944922,0.7055167687796976,0.9253769419667132,0.8043939409764058,0.7722503510203127,0.743618539332515,0.779808602394968,0.7743356906190797,0.9284125068688089,0.8204385041487684,0.8102454705958004,0.7960043790384803,0.8294541143432778,0.8117235921412949,0.9615080567235149,0.8167155821562847,0.8560527965927717,0.844018492074637,0.8278305024405543,0.8344029903081824,0.9649070591090334,0.8817816271488123,0.7509545990050002,0.5650304429146698,0.6517301718613889,0.6511367681882235,0.9626817296611,0.8103886768760014,0.7747398958127005,0.8530715020914931,0.8554038893122661,0.8158464499259874,0.9320102954766346,0.6911130529288892,0.672438138352892,0.7435112508573241,0.7072733148085645,0.7482808608195288,0.9233675608409161,0.6409221440654487,0.6591983277792913,0.5781427724397249,0.6116830608675545,0.6965507174972883,0.8921266073575347,0.6378224965237337,0.5200664796265031,0.3619721963267248,0.5356161368224385,0.5422749946821362,0.9874898984932895,0.9368715719371651,0.9326431823578826,0.8788726228021722,0.8526675370970587,0.8982198900710469,0.968181948112444,0.9185735110060439,0.8959011843591858,0.7453263070883296,0.7495549242550131,0.8294801446910701,0.8982969812754825,0.7650228249509327,0.5914247943798202,0.42712446851623076,0.5863296670609162,0.5568685205507979,0.9822795461087118,0.941290304390244,0.9549435738065561,0.8282215294569573,0.8869650088321835,0.8789313981876266,0.9081868964920918,0.7622450575693871,0.5896108118425033,0.4637303219826188,0.6235082105137921,0.6241985031208468,0.9533654813174067,0.8507748668147309,0.7058816816349197,0.6743210563653205,0.6617160335072846,0.6590902839458377
jh,rest2_vs_type2,1,MentalArithmetic,Type2,9,9,775.3795719999999,387690,390190,368.42944271860034,152.8958901632418,193.38752589101756,22.825615065868494,19.27143916305691,15.881532602144349,374.127549858826,158.99163952495996,188.13539774163556,23.842128332967558,18.29757725475585,15.87880427452609,117.50457235465791,79.82441122624526,128.93106369931834,16.421841762795168,19.90827874617059,16.448246207767273,99.87145711362781,83.32141534303167,166.29929561071853,22.104192103123857,24.081983275077395,17.78137317782071,112.4163775250843,102.37354877789544,209.98565125841188,27.173942293428333,23.760097621740655,20.24600012317001,103.27800781277031,84.06012324162309,171.4386262510973,27.604813025842745,24.499193499432323,17.172982693639756,150.74466549330288,76.73016891366176,114.10073774606583,20.82081701617085,22.269823690852352,18.200170222794384,0.9644848097288193,0.8732596390900697,0.9547421061061783,0.9071938846061892,0.7804235781018207,0.8932231706454435,0.8155084521245403,0.7844489884501166,0.8577641157923146,0.7230356926425404,0.8258934493522769,0.8217548241416293,0.9146069767012669,0.7899497926149599,0.9389751962175852,0.8939965801608795,0.9085816362409682,0.8894162390198617,0.8838391780139202,0.7802332094358196,0.9226095632861572,0.8932792264696057,0.8468998182833426,0.8874423797330027,0.927519035442558,0.7641109472726544,0.8646066932249068,0.8142939200919941,0.7372420325243147,0.8949036828726146,0.8533105017335391,0.6862965094778652,0.8111746595732192,0.7116997177731638,0.4918128566468084,0.5675450754339619,0.6960442320658379,0.541467911824308,0.784230141439154,0.6635784410761748,0.6391797925987194,0.7850766777484346,0.831704878729799,0.6237262600116678,0.926622302536877,0.8077832103459451,0.760789337344099,0.8528137988795594,0.8421721324901937,0.7494369097400674,0.949226591560917,0.8489343268371898,0.7994325964799428,0.8457360515961855,0.9304367646220779,0.8549662623748927,0.9334355476381271,0.8972784272357784,0.8615845733209172,0.8973853514575711,0.9230574615694853,0.8592936031659413,0.9083755209375614,0.7548003302135421,0.6782283183627995,0.5782835822056107,0.8752497328406926,0.8595660858180216,0.8864630089914554,0.7837092584813475,0.8433382022254381,0.8713460612730191,0.6938189711697845,0.679200963432892,0.7764580388155178,0.6669831126935021,0.7162376906359259,0.7596958629741262,0.7427177891465083,0.5842028546829476,0.7297753165048986,0.6286207214730685,0.6125202477888012,0.775506127717822,0.6220863173707623,0.41456447632453275,0.7068415357282924,0.6265513211224273,0.4251323380295964,0.5112570391758032,0.9206168040197994,0.9116139326257303,0.9597605344644082,0.9174619693787959,0.9136489159696998,0.9110906885237877,0.9302401499991558,0.7908483387067327,0.919681286518555,0.804220832953191,0.7723900545279752,0.9046445371221423,0.7295391557998494,0.49600664762637275,0.855898736272486,0.6783745329084953,0.5136452180359196,0.5544975956680871,0.9198431334200308,0.916256294547176,0.9709400457102152,0.8821262608729311,0.8478442626351803,0.9223550483710329,0.7408445766140174,0.5981085005538932,0.8811029742018572,0.6523310537404255,0.556787395137493,0.5472905361013052,0.8733144722437279,0.7526050675759048,0.9278005637199416,0.7906981047983015,0.7141723784177827,0.6438529767451869
jh,rest2_vs_type2,1,MentalArithmetic,Type2,10,10,785.750179,392875,395375,547.9683491086189,144.96009651047802,65.04487258402955,12.655983357271628,11.181280065754414,11.581273656556442,551.0850266586905,165.6480529911903,58.18401484513374,16.09545990521262,11.446644375717725,9.800815393284864,149.2508959817516,47.783242407349874,50.999895583135725,12.084605590214945,10.358115615625785,13.004442898854158,114.4676586137157,50.723995842006374,65.424295270867,13.070481899542688,11.310537457060894,12.630613893821744,116.4860983162491,71.61770457157799,74.94007281528737,15.003164088993751,13.791531481219486,12.57936708650433,126.38244853673379,71.54229745271269,56.01922399250354,14.533831400718947,11.188465446114689,11.23154027530557,145.31757873301967,62.280650570495865,45.76610172954735,13.626242953320281,8.981195780675709,11.489332444400596,0.9899308551764339,0.9114742126273399,0.8589655924439908,0.7414043044401121,0.8126628406506317,0.8245080902206958,0.9826353037103114,0.803316698435885,0.8042365709891698,0.6930168226765225,0.71207073440482,0.7862025707910348,0.9131154970643505,0.7879102303250283,0.892507271034394,0.7673259762771163,0.802759113255239,0.8710522459476404,0.8655485800156123,0.6776571397492962,0.8709126732886776,0.6895700617101116,0.7584048664621541,0.8026601794859779,0.902140880230753,0.6955666342033903,0.8263462184780004,0.6750645402361816,0.7066783479367535,0.7939513633913494,0.957654964108972,0.7325552698208644,0.5150904098849283,0.5114268210297145,0.34918543730520907,0.46186947504866954,0.9618369297162735,0.6146777052905282,0.6561494857392189,0.5075174772405259,0.5911064581724166,0.7118595148024996,0.8928090112542666,0.7217945861566918,0.6866210738508723,0.5749298918811518,0.751572389480761,0.8475209454127611,0.8609476607158165,0.7326548878424881,0.7710395076778702,0.7313822641354382,0.7562619560498762,0.8324653947118481,0.9138534572620745,0.8091436033852866,0.9125961265952773,0.8656401212937617,0.8504144434547637,0.8832458959866082,0.9785331370179383,0.856642942848412,0.6800558279532087,0.6526127553345838,0.4492681215892135,0.4699168026882488,0.9378930054547153,0.8183008636893109,0.830511183437484,0.7168922014732334,0.709430877286013,0.7835111079449355,0.8767223419319246,0.5744662318274067,0.6968541281891923,0.5344730261954812,0.5659322519943751,0.6537923756249057,0.8939154308643862,0.5371602595700872,0.6473046127325801,0.5032958125387998,0.5524234447753782,0.6658300504232338,0.9235475035578227,0.5648558568564362,0.440471674273809,0.4310532632175268,0.3137098148033015,0.4087453240858313,0.9793537898192026,0.8837770830410985,0.9236475531155903,0.7764480190641317,0.7792330004684971,0.8551732649683681,0.945912097244718,0.8192082503267575,0.7667008356205546,0.642110835499117,0.7636257123118558,0.8326103316524853,0.8832788787238987,0.6949305441690644,0.38179530809739887,0.40963527800256194,0.3436369990280165,0.41265459841835206,0.9655999764187769,0.9223022906111193,0.8762712860485792,0.7974757978805093,0.8106010282082092,0.8522236937685491,0.8784656657882784,0.7111757367893226,0.40063661416585383,0.5009087967124309,0.29061757201620975,0.40396178632180363,0.9483292715742238,0.8347392435631953,0.6591446462197014,0.7138392257833921,0.4536738842555672,0.48630902958193406
jh,rest2_vs_type2,1,MentalArithmetic,Type2,11,11,795.8150019999999,397908,400408,617.4695488320147,92.29003392275189,41.501292590916,12.499085885732388,11.92344766180988,12.949687269439314,525.8819380477422,80.51688518258626,46.46783844578247,13.161169249150323,12.229795195088736,13.083193863450871,167.1578167284949,57.21473188752768,21.728843747842426,11.156540720746792,11.392293728163816,15.05646047250126,152.9263966870759,53.10007860155936,39.65407853907529,14.282808047233612,14.363006978186252,14.455444805518491,175.8021914510121,53.97905966616553,54.08638013887976,15.986230549332728,13.768388087211656,13.632672459983196,140.45157272947415,48.312940460941725,53.48249492632329,16.117763354307492,13.078648437286349,13.85817809702452,110.99005520515695,37.64876310504257,26.198267692442702,12.728827185853755,11.685408032667773,14.848779644999333,0.9886208522612225,0.927715513696684,0.9010647776679308,0.8390553086446769,0.7945796205140395,0.8809897807002415,0.9666054401117313,0.8998328919555088,0.8196295962276515,0.8090971921002537,0.7702133394094488,0.7964931694130907,0.9193736387633828,0.8079197209852231,0.7900535305944387,0.7982111935875008,0.7903857063230404,0.8240959312478611,0.8915064477187012,0.7633697044998149,0.7667451556912344,0.7523271713676307,0.7626076785771688,0.7943427672869076,0.830584020009089,0.7492715447461591,0.7527449703693205,0.6944495936851747,0.6520694762147143,0.8251302076517896,0.9102733131587074,0.6753618712431604,0.6473867823348152,0.5353904165397656,0.564400414815573,0.5134742869390717,0.948107398002238,0.7477311934513712,0.6982636947267659,0.6979552384139058,0.6311230797761038,0.7146542321083503,0.9488198662394355,0.7296895254214265,0.7000938914317834,0.7465951389230051,0.6530083109810783,0.7753188443549188,0.9283220083666368,0.7577494931126116,0.7444582219656356,0.7923544712071722,0.7254020136089749,0.8221633146881974,0.8920790945587035,0.7920387975610765,0.7751759107259861,0.7714906047224207,0.773931487826939,0.8662429609336724,0.9390669695713969,0.7297231835339127,0.718033730561799,0.57593105110157,0.6024853020386363,0.5467286730318774,0.914208660787928,0.821782280514568,0.7788289620963009,0.8693108819993377,0.8174526009745368,0.8491142047787708,0.8668627492109483,0.6885187744655246,0.6446975458855826,0.7506762527040254,0.6332706081143779,0.7427476954719928,0.8039549693689345,0.6395957678374475,0.6530230576442932,0.6723458844313347,0.5844195089429047,0.7141404562123778,0.8821052258714964,0.5878242603257643,0.6091710688284515,0.47917058646448446,0.434745872482386,0.45631349857061215,0.9874692897812486,0.9437299383834813,0.9279770352466459,0.903462729827034,0.8353458328790593,0.8739720426963603,0.9570422212367721,0.8442995738721457,0.8571043875715791,0.8171780431040979,0.706494969655529,0.8392504661538003,0.9229838394226063,0.6365279981571568,0.604597480798761,0.5853921050592436,0.49268400609688284,0.48262889284260874,0.9637913211854566,0.9297754904163655,0.9192499820320329,0.9041722521385542,0.808909000605985,0.8967299458746107,0.9033924281840097,0.643197806390834,0.5857408116552636,0.6345818587287655,0.49749856715240365,0.5025416735548881,0.9245495251011574,0.7676273759398938,0.7197752181925147,0.6841579976453921,0.6264952855067091,0.5674121820179837
jh,rest2_vs_type2,1,MentalArithmetic,Type2,12,12,806.5592979999999,403280,405780,132.21899737611545,85.4815548209211,165.79607351165913,12.00702250558703,11.327192341850141,10.852060540448461,114.18641173156732,68.5541801144605,187.1624154506793,16.131584443325913,11.62995493238486,9.836945116554675,53.92911269809124,42.69823674378641,114.40735748494646,9.913320228091884,9.817230761196251,12.41199583081522,45.3428258487873,66.7881606067758,181.96288060347726,14.617525759004835,12.322916800162446,12.44491323198564,70.88484923359198,71.3165572367072,226.31143787367128,19.65008161012471,15.826169000918217,12.020053223718977,45.10434559114131,53.4719672733228,226.98225275251306,19.262759697632553,13.750817392199146,11.994462284310643,36.97987176859407,30.41076256396822,154.03011345597798,11.965568800656428,13.974877172928906,10.788140738209956,0.9744922666014687,0.8920937458949059,0.9567114944010783,0.8592199459182497,0.8188015814066111,0.8358934331332233,0.9321556873608633,0.8504669387022528,0.9387137323055041,0.7586291734823803,0.6781698183526264,0.7308701698959028,0.6297341055404705,0.8055983847890232,0.9605321025101168,0.8887314695082359,0.7966529774814102,0.8450479171879681,0.5089971226871869,0.7222966275561689,0.9420085659721955,0.8170652282042765,0.8042771668600531,0.7880945104476997,0.64296293708997,0.6879033437988874,0.8961666249657467,0.7790745004391276,0.784028880293193,0.7957321265331789,0.8677551388580421,0.6535479331558911,0.845074857253764,0.5959106862900416,0.3998775356963377,0.47732161121454403,0.9114354832564852,0.6787608577798758,0.8392771079315106,0.6447969589966922,0.5412711588589225,0.6726698510509421,0.6880548305669479,0.7357908383312839,0.9175043327948309,0.8450064919862937,0.6268309592974073,0.7640386131843192,0.5454931986057938,0.7687500999278835,0.9427541226402949,0.8674494033836755,0.6912586616064326,0.778982036739871,0.7211888362943655,0.8184890101569245,0.9339491181637316,0.8758347000123472,0.7622871732598415,0.8428762303693881,0.9165890080182466,0.79942128150059,0.8885603322592232,0.6637073788952078,0.4454871130630632,0.5548022317323125,0.74329506301603,0.8733321615916887,0.9320251223630672,0.7590720418489239,0.7305218942143323,0.773514235511278,0.6414759364669643,0.6967634805750649,0.8634323236275012,0.6188763546930297,0.5955051566888746,0.6789895671962831,0.7110591514459875,0.6169332636188403,0.8075898700239994,0.5705884206049251,0.626854786502817,0.6425536080181639,0.8540959568519044,0.526539985535118,0.7838533607623532,0.6222835830124183,0.30799820521957805,0.48294633160133815,0.9163541665519418,0.90096069600889,0.9712745069778285,0.8970467411798285,0.8886015507714923,0.8367181984044924,0.9467204798705766,0.8059039392162198,0.9243315544337107,0.8394155559152543,0.7979399131126734,0.8064512616352368,0.6854591069344549,0.5894126942509622,0.8799152612026665,0.6607716036461332,0.31177771550096944,0.4705527853878418,0.8855437908365812,0.8978404913364284,0.9729381803030233,0.9541032881014664,0.836783594642753,0.8629636874130419,0.529668700496898,0.6732256838506188,0.9072328736933415,0.67050852174138,0.36231782818184805,0.4614363577833535,0.7253640103900055,0.8373837338104461,0.9585074919469534,0.6688676401837164,0.502732528059276,0.578940354615167
jh,rest2_vs_type2,1,MentalArithmetic,Type2,13,13,817.0335819999999,408517,411017,1156.7593790441088,297.28208392176026,110.2961078783273,61.59331989989574,83.17124368758364,163.7198209462039,1209.6868945841695,279.9458915276727,116.32476823404107,58.83877824312361,84.03397579969824,163.83666969705024,303.1350212945156,106.86606335762627,85.14138006141457,55.17050247429485,78.8614896351355,168.73276166555547,232.1091869883923,95.59912909869905,126.97492673550975,61.27283213870117,80.56865755800094,159.540864393072,248.25071038190927,101.56215471802554,139.36522858028644,63.12280193297902,82.63838954722016,160.13522594146698,277.0788815837056,87.02775862986623,132.1438188723896,59.79526863087383,81.2568886078323,158.26192380012444,385.804004793624,96.72622652835153,84.76907164561669,47.27280946062514,77.17995885196844,153.91267175882243,0.9908520450311418,0.9701439679263867,0.9564250259601099,0.9440284793336335,0.9615151020767188,0.9776587022339801,0.9173830228837773,0.8414641061126183,0.8941051028093652,0.9548092346830187,0.9609988414511349,0.9724601863970795,0.983413893538958,0.8156017984062699,0.9475165639733625,0.9589271177528682,0.9506736301199126,0.9791451126413949,0.9512585803627397,0.7937173878993566,0.9377787615007958,0.9398695674683218,0.9454585406368068,0.9776547975180454,0.9086906444269571,0.8184835495900056,0.9180643886432234,0.9215238064150116,0.8822382178116515,0.9664695135848511,0.8455051491113932,0.8267852122501324,0.8452968678241268,0.831970044103029,0.8279645714754773,0.8855158869236928,0.8670737887529363,0.7651554604583781,0.7904465289514436,0.9260890232668014,0.9255854423717423,0.9588013106824695,0.9752644267268505,0.7714326686053493,0.8968438787050872,0.9464852221359276,0.9246904328854539,0.9683799886523196,0.9625599020458838,0.7754023630581859,0.916884391641488,0.952868557578873,0.9556812027951903,0.9746326766771141,0.9480949583244017,0.8513628043596838,0.9286321568967487,0.9645219588803781,0.9329846004704562,0.9773175406087979,0.8996328998565408,0.9014746572752939,0.874875460678205,0.8689171360341741,0.8771644584987215,0.923294549765674,0.9190348493375279,0.8671363255372961,0.9089744939155047,0.9544787826988284,0.9555582320707128,0.9748082083914718,0.8540324004599252,0.7473114306653935,0.8539779639959324,0.9199727332185804,0.9354784948731469,0.9585806254399406,0.746956669079417,0.706927792221956,0.8119956771296948,0.9105834717822737,0.8674357265510272,0.9496059709159217,0.6646957451802749,0.5721410026408064,0.7828732726022019,0.8415268898042187,0.828080467479033,0.8868499578290124,0.9791275076533911,0.9510211887581003,0.9839133160287877,0.977876966713009,0.9738950624147845,0.9876513772949951,0.9307349512845674,0.8897168947376541,0.9521287035397764,0.9510585245448399,0.9107829446914989,0.9724840607526571,0.8532585813516552,0.6332016958694606,0.8490649042561162,0.8486500466352959,0.813345270069774,0.8798468362369616,0.967384030651815,0.9362521717727695,0.9764269424107154,0.9610911172125114,0.9533419774452858,0.9817392383825584,0.8928334194438544,0.6789954244544218,0.8617219492048293,0.8435964742169932,0.865835367226928,0.8916260198503827,0.9621878589943118,0.816934069137597,0.899654751273548,0.8739629885852489,0.8787652064034244,0.9257793756465695
jh,rest2_vs_type2,1,MentalArithmetic,Type2,14,14,827.5818360000001,413791,416291,971.2985185266006,263.0284664307015,200.2529905780179,28.75890510621661,31.714883897122057,39.94444016865298,828.7072516293405,220.12343903333846,210.51978757901014,31.522594912652846,26.91801231252608,39.58636951473797,325.3593405981166,90.46743743473272,138.9588243203184,25.649764058124912,31.401683193512024,42.69080029609016,231.32559604626104,88.20968200256536,196.65547982542282,31.52478365913169,33.32820026856178,42.77511347040251,228.91395105823108,82.30734750003286,236.3145905089446,34.15730251894271,33.500613697038396,42.44209203998078,198.36054821403403,63.31375006562886,219.94844869172516,31.72901571282569,28.11964886186322,39.33242600270394,184.6595209516467,53.109732910035724,164.13723101657592,26.39338751339283,28.478793593668822,38.482593331036306,0.9920733553474582,0.9729424731759977,0.9458584016130274,0.9271009630440395,0.891347202043138,0.9432561214311861,0.9756029120699363,0.8835006882240757,0.9090377807263167,0.8436612279352041,0.8444173834629611,0.9291688409544269,0.9643917884712826,0.9291660465623024,0.9593499142101575,0.8932825194340052,0.8773838149987823,0.9281020879437496,0.9489813398988574,0.9168684802539512,0.9396816062983231,0.8838819237455713,0.8468094615473417,0.8979257638843067,0.9498537815338147,0.8837849743362205,0.8820452716024016,0.8531584456906884,0.8414232634627625,0.9024682955617902,0.9398590622089964,0.8679217234683116,0.7998042387803039,0.7987891485791128,0.6239411973085935,0.7734033444666962,0.9560656415154029,0.809773690339642,0.7891017774014684,0.727924918600456,0.7140665727038351,0.8865693730534416,0.9489406731815949,0.8765485165673221,0.9096628856920755,0.8241702897460902,0.7713439835172925,0.9060793341565526,0.9403409811472209,0.8952474519457867,0.9479118448330469,0.871580732147116,0.8234877417165333,0.9105803093160856,0.958544747559977,0.923255233033561,0.9527545272768908,0.9134910126223029,0.8978056553541169,0.9356811370304928,0.9698601271431732,0.9273835471276035,0.8516763633064203,0.8754727900759438,0.685198676223666,0.8203563203533464,0.9683636339761671,0.9173331839079297,0.9213424551837731,0.8905849473850784,0.8654444326196616,0.927629244183566,0.9464063884090846,0.8475375370787024,0.8384936032992234,0.8116781052380917,0.7681878812089018,0.8687686186072716,0.9290328168404044,0.7347854355257697,0.7560364908252457,0.6893898133281261,0.6931677241216946,0.8686817255001202,0.8822228904749151,0.6730274477035276,0.7319720680011876,0.6496950046707097,0.5746006354966467,0.7708426874779014,0.9916704358394597,0.9706527432890968,0.9723470017689392,0.9513314738770408,0.9273879217131837,0.9615213526429361,0.9709664258191067,0.8734387173124166,0.8966306818913299,0.857573189393644,0.8406763824203161,0.9483953196857084,0.8802577971072495,0.7830744719335337,0.8475639350914591,0.757816506997336,0.5757647241373958,0.7931519760450674,0.9830609909232703,0.9361569545350343,0.9554606104849916,0.9272848171897893,0.9131506284442711,0.9596600467780712,0.8864970661844257,0.8417117178610372,0.8891760509953741,0.828219183542135,0.5701965489538604,0.801413650576943,0.93298552645427,0.9391343609656688,0.9427575811453807,0.875547502524653,0.6691346497390124,0.8231632314015734
jh,rest2_vs_type2,1,MentalArithmetic,Type2,15,15,837.699708,418850,421350,1976.695345980867,398.05231130679164,118.15473857521495,17.087557514880075,30.472436108832056,40.38025608677451,1876.4198128687392,412.2235012165731,121.00367427017795,17.109228127470775,28.467071055951834,39.97201955152501,449.716821658983,93.88619889866483,74.26501856156737,15.01090003569392,29.24184921635638,40.847512414998,333.8105695492377,102.39060745805045,113.38090585007507,17.26569495502622,31.29015566252414,40.387624457594924,366.0038921324206,121.24348836317272,129.7711719997886,20.306926707924777,31.101044417536635,40.993882652964544,366.2555276186297,123.81535774784221,127.54124316618429,18.481999541832394,29.383716615272466,38.98927514254257,465.12957449171006,108.0595969018576,90.7984590472208,15.531571197801007,25.82382944032116,40.669028884464836,0.9946478606926948,0.9615774585075922,0.9324178207359781,0.896259846143602,0.886418123063676,0.9346890518427912,0.9888427004597267,0.8932029857160688,0.8938283007401943,0.8100093699214787,0.832514263608657,0.9104521003467624,0.9775741814059445,0.8700014117101607,0.8830710377610312,0.8957715373652481,0.8823481787495986,0.9278879470286185,0.9422861125769382,0.8741816066693613,0.8182566508286142,0.8701339434295672,0.8642351313275645,0.9208198526562593,0.9585054570717412,0.8489390937091332,0.7675555969824225,0.8197798175610534,0.8331772342740191,0.8988763922182209,0.9780621995742274,0.8874124266296305,0.773191357357324,0.521019170659137,0.6868335227273845,0.7178981662009059,0.9724721116251246,0.8173357104447379,0.776748085334333,0.7259063482775073,0.7490561801960272,0.8845777632369085,0.9680677980463592,0.8108148898059346,0.8628696528722349,0.8257436606168193,0.8228794312994197,0.9169740098961345,0.9403938312776462,0.8503259369061684,0.8606126445700164,0.8534707928735484,0.8620546828861038,0.9264700980685082,0.9636335167117132,0.8822159042583708,0.8584910275313045,0.8969300164989075,0.9054933734366848,0.93965890985301,0.9845989499437865,0.9201051148880008,0.8581555759774291,0.641068363466114,0.7531212368845387,0.7818802524856354,0.9748081063884331,0.9474285978170814,0.9056612603561802,0.8745682505637346,0.8906810606112691,0.908037901711331,0.9297300038423,0.903994041393215,0.8000235105624312,0.8074021925892619,0.7927399629211735,0.8524416802220972,0.9378723351568268,0.8402259269600917,0.7342580019260458,0.6936770727235271,0.7068071862433672,0.8368390678057046,0.9519722285917441,0.8015553259793462,0.7258788411134386,0.4434687437121481,0.6257602112616734,0.7194704455816983,0.9823411911841244,0.9800360040441539,0.9625177763248238,0.9446950712909061,0.939678849530738,0.9601671450260579,0.9835197749671893,0.9023755039005691,0.9110588290521416,0.8385464917424689,0.8459017480900801,0.9321300789293955,0.9706755758026149,0.8217092673831028,0.8438670426212802,0.5492272549750103,0.6617497944886327,0.7383253987685723,0.9919402382240495,0.9419638279886817,0.9667833431223614,0.9162204030653901,0.9093502410182014,0.9608897157543641,0.9581745334851334,0.8565525223975202,0.870721469728041,0.5689089388744112,0.6646071523183454,0.7534297715813992,0.9801469946579623,0.93118525010256,0.923236682743364,0.6629162330272794,0.7761925968237878,0.8065084293315744
jh,rest2_vs_type2,1,MentalArithmetic,Type2,16,16,848.711478,424356,426856,1040.2209406105512,197.5013377582433,78.55572739056585,18.947675499269437,20.16058299455647,32.34095245450587,941.0671517155248,194.396329703854,78.6217899845452,19.353356550686332,21.068091553715316,31.717159491877126,250.99669155153782,77.18162531141583,54.68888002686904,13.93790710963128,19.08693403049832,32.58393388130621,162.82022049897816,81.04851015063451,66.30156316333886,19.431900457630718,23.076410147144486,31.93485653761918,169.52859775072264,99.16650934541833,78.11655948650275,21.407942988186974,24.622732055427477,32.502405471043595,174.46694468493982,85.80082523791734,65.79687619892537,18.453108115846238,22.13138423038534,32.1771787890694,227.3914664600252,76.1511157904561,43.10734331971033,14.385979409195093,20.092577966204967,34.333690031821774,0.9911764101174013,0.9593703587764327,0.9590136356957546,0.9161114819562243,0.8518164656061895,0.9404750196872188,0.9299861517819089,0.7797884454203263,0.8238955307386684,0.846429500579753,0.8619052445874773,0.9003875629529201,0.944902304334172,0.8657007012235899,0.8065418425802093,0.773717219987778,0.8218156377392442,0.888562297818322,0.8981948392252868,0.828113285971036,0.7830198774182096,0.7407517342109378,0.7514512630527477,0.86696940410703,0.8833195540695168,0.8140894637038538,0.7929057505634051,0.712939781609095,0.748914757387866,0.8882277911864851,0.9034719773317348,0.8141473293110176,0.7225855201794956,0.6554963719199097,0.6040067688389217,0.7544598094368301,0.8891919491530706,0.657055054232552,0.7937972278715094,0.7989142945582838,0.7192201834127805,0.8556229691016294,0.9497359046457051,0.8091908081213318,0.8052523747489101,0.7976548059114209,0.7160080823326304,0.8873283535095348,0.922679879258444,0.8390357867783221,0.7823675762238727,0.8171950156536513,0.7239948601388435,0.8837058251713185,0.9227671781559789,0.8792138891923953,0.8378173421940804,0.8405231167413802,0.8198793744020889,0.9262454327652947,0.9455154184046153,0.9051688516768045,0.802473975508431,0.7458275792156955,0.6927011994074445,0.7954726595543793,0.8690012397307427,0.8102636898423031,0.8587045760756619,0.8396374000419311,0.906584010400373,0.8743653763598241,0.7854275594057375,0.6402095215281237,0.7379853590044,0.7215755319753353,0.8142811249303952,0.8115204465046342,0.7437577074316787,0.5415657937157443,0.7490466353289931,0.690238018041421,0.7625192523119193,0.817949574483377,0.7485991532978632,0.5158326994117081,0.6552246219671315,0.6032091164350198,0.5671073825347415,0.7018149650051967,0.9722414119584428,0.9337925138870765,0.9391164374592528,0.8961510506610806,0.9158484630784761,0.9515662448953898,0.9481778162012097,0.8471901443769496,0.9262605211415476,0.8448036769917971,0.828554371189159,0.9260951694407453,0.9236062455077899,0.7290084448074174,0.6873427745272157,0.6837412776541489,0.576684508750858,0.7289093038817518,0.9843451343915107,0.9524463490007182,0.9500853774964864,0.9229564154327387,0.8773932437344568,0.9481841008851076,0.9324167772194968,0.7997881991430567,0.6414187031964923,0.7174315138219184,0.5713480648646789,0.7379695987280855,0.9627259647897146,0.8823138403673563,0.7462137093533754,0.7618018339594939,0.7273796778303663,0.8101134261330996
jh,rest2_vs_type2,1,MentalArithmetic,Type2,17,17,858.692909,429346,431846,465.1917749482332,235.28566749992066,73.1239202023771,16.1782708917069,24.959633504535933,42.51333202917153,378.65348363614254,207.29383715061172,68.53206923140831,16.38038249799593,23.70630453705597,40.19928656136636,146.0157763530754,108.04265187210574,53.98197010922672,15.924953324804651,26.634930539852213,42.18136111310492,86.94778550564924,94.54454777535602,62.666723279325396,17.347455941968175,27.086688884749304,42.667005921017434,92.26905468484917,110.59094328534155,73.08199559030894,20.307479850711953,24.862144131353883,45.70512736447474,80.71487166750137,90.69135326365722,53.124180165577044,16.054780942509463,26.27024248771393,41.30468226261789,90.45109971720437,65.82655654675555,39.767340057779094,15.832243064372705,30.388765646937557,40.66713401992264,0.9829492294711067,0.9414648179084972,0.9385955079343523,0.8544875177712309,0.8906897054174212,0.9571274936623139,0.914621420465268,0.8533183568903526,0.8473802571225981,0.8096157783020218,0.8795637047798905,0.9193367902716191,0.7937324731388348,0.8189502492392908,0.9247274863909356,0.8725813579696579,0.9203505418408531,0.9471639177959212,0.7378648413757842,0.8207986530756481,0.8953689609929271,0.8344346011186204,0.8864604213714127,0.9278316908777796,0.7133634494104754,0.8208947038287442,0.8380080467413886,0.8140913037198922,0.8219266354794421,0.9227676082201194,0.8160720005960038,0.6206087732049966,0.6225562322531731,0.6552488860685236,0.6447220350667777,0.7773248976832352,0.886269057802548,0.7355110100987721,0.7036582184928033,0.6432323779989411,0.7890331527524463,0.8719445395939346,0.7992094832261608,0.6877070943249181,0.849692910532754,0.7598179864867181,0.8098506336175963,0.9292246588462342,0.7498504354035661,0.7336587315979269,0.8886108789473338,0.8046186584866362,0.8537647304302822,0.9375611963337704,0.7555457830599394,0.8241934515934299,0.9043189340759034,0.8950292353270023,0.900328381259936,0.9596583390382369,0.8819225604712916,0.7422653338010268,0.736273904095009,0.7197939211459056,0.7036052330205175,0.8029635723938389,0.8888478441737157,0.9216686139622358,0.8790460839381019,0.8607762357667103,0.9030523609800127,0.9159816979832509,0.7885143133546264,0.8434370236621573,0.7455891938382511,0.6994692142175599,0.81878575955041,0.84838190415444,0.750509099164043,0.7855859825657935,0.6629685623980992,0.6659410966540256,0.7598750530730238,0.8388055032950472,0.7324740602631462,0.4878912754985847,0.5310966945297858,0.5917140419665683,0.6732381201371205,0.7500390239806747,0.9614527081048166,0.9472816128160724,0.9444625336392821,0.8964241724682126,0.9147151162630742,0.9600137050415143,0.9347909920053689,0.8358868856543928,0.8647343338216084,0.8338044543536942,0.8147021250564137,0.9440165263652385,0.7795055598072244,0.43757564187550096,0.5920380958432021,0.5648461521574727,0.6396763423966811,0.790256491293266,0.9739560485473424,0.9045381471007536,0.9445768654477563,0.9045834176144675,0.8901359063257195,0.9726509747718816,0.7959370431865761,0.49590892212577053,0.6032554654189927,0.5922474681797645,0.6493643586122098,0.7875300738011706,0.8571893670114633,0.6486767173335362,0.7239781626829939,0.6815692187695761,0.742491917870918,0.8182506270524813
jh,rest2_vs_type2,1,MentalArithmetic,Type2,18,18,869.2731849999999,434637,437137,24.066903355944582,35.23433172082548,54.47175446009983,18.70367739016828,21.58677637031896,33.89955479570913,20.041371342244833,38.396716786396716,60.06989808792717,19.44664218433423,23.59708777129796,32.799589776270885,21.128761330871306,22.77496204469905,44.583849194501404,14.731580355540897,20.78909158042783,35.11318209075675,24.220971136230038,37.07309616235862,63.30196152577368,16.393545122215716,21.511769443795828,36.612200153499955,34.77413270901898,42.1471074671256,81.66910091942306,19.557755435082193,22.995098627076683,39.737345475336674,24.942443790145802,29.300092435944364,73.53326853339466,19.38253491918233,24.16245428085899,35.40021226365911,13.490373110488001,19.56243685477956,41.88507899777849,15.93573237775127,17.470764566678668,31.197176300574068,0.6411108958174033,0.7840671221742715,0.9136492687111032,0.8611557944014333,0.8592963153946928,0.9268178029528217,0.6049318201850444,0.6322364688697706,0.8387745505816013,0.7499192528230789,0.8281242030448759,0.90615451943583,0.7650353007182984,0.861176474268176,0.9516471706640829,0.8540870889167395,0.9062048141136765,0.9344672634058073,0.6165910663655403,0.7802009615854527,0.8705936855721333,0.8425429189638096,0.8856166438878701,0.9251592871047116,0.5080104872080989,0.6610621802776476,0.8265021959722085,0.781240848661619,0.8204199649379529,0.9171094704462465,0.2745755346804753,0.296722825338612,0.6638941674942512,0.516039168411696,0.5872740761927142,0.7191685131837927,0.2668893442359463,0.4512032339213097,0.7146667479871673,0.6202728502410809,0.7091003872924135,0.8720154319618749,0.5022036334677026,0.6318364737380482,0.8756056122416735,0.7353175209506083,0.8073407030535519,0.9139355985301809,0.5301239235998094,0.7352429409649037,0.9156331457639422,0.8145687613709385,0.8483055983224649,0.9328913983553309,0.6999312059792597,0.8134402709242496,0.9447004689019953,0.8706333919296954,0.8732737950812904,0.9646278971784376,0.7321945983849991,0.6472432766621299,0.7736946246861927,0.6656868967479447,0.6822908207977803,0.7721365871272028,0.5666207783396259,0.7079926200899104,0.827551717867855,0.8292815337749314,0.8635557512022538,0.9307616633653576,0.3676614138296102,0.5077750350662276,0.6418204747010404,0.653127272420382,0.7513352894909706,0.868485887947556,0.1801762899590804,0.4132329028655533,0.6025048565480409,0.5832417168034177,0.734178585596283,0.8713437816083205,0.09383312186507176,0.3376237342239495,0.518815495130196,0.37281112936813304,0.5428407280008509,0.7198149228438261,0.8971321496349424,0.857440365737143,0.9105991423185958,0.8928796269986929,0.9058585221597071,0.9532130859590217,0.6584988697720128,0.6640554691350544,0.8444575937217355,0.7626770477812345,0.8377341801916611,0.9302208995756287,0.25691343907150416,0.32143833719672976,0.6646466508961659,0.4707437696639022,0.6182666378615662,0.7455163685897064,0.7951577590426803,0.8687604355516371,0.9581642045400249,0.8846725113529159,0.8915090200110057,0.9649667685304615,0.3504694508842354,0.441985760254644,0.7153666897080031,0.5867947221185402,0.6433195157797157,0.7534349320601579,0.6730036909153329,0.6374743328489483,0.8025616276163758,0.7534275680142707,0.7368126370686655,0.7827148544729804
jh,rest2_vs_type2,1,MentalArithmetic,Type2,19,19,879.317167,439659,442159,1495.3144459090508,407.5773506651451,98.86118845697185,23.407652187311967,36.00334733728415,47.82551723075158,1470.5534217566885,418.55274748473107,111.82201252617298,20.45246997200649,29.92811778719962,44.027595813149794,329.0951909721999,122.19466119284087,62.073878470621665,23.254542466745114,34.96651556955007,49.18456521224151,278.51408977311337,116.65640163467756,89.27402707646566,26.24772711021814,41.497811494354536,48.21482766501146,311.1319621522465,126.8264348918195,112.58905821026175,26.369430285845493,37.97846211459509,47.5755625918149,318.28247341287357,111.98218781565303,102.53601391415505,26.90163166425152,35.813536671307084,45.57148914390608,389.4059763449308,131.60765700472967,71.60046993415881,20.51427690287802,31.453198493933527,49.17169074079065,0.9964288481492395,0.9740824506473373,0.9511543342176083,0.902405955679326,0.9044823685897576,0.9429490387959893,0.9722931058087609,0.867559551847081,0.8385446318255824,0.8343382348683157,0.906075947052515,0.9072231422588665,0.9672860841812797,0.7185099529265315,0.8374647837554523,0.7833326613350019,0.9257952815072624,0.9338000996712792,0.9266541084161389,0.7396443790317517,0.8201790291464681,0.7535699006802841,0.8592710519325962,0.9040693077879856,0.9635091952367909,0.7794218449256702,0.8098796569856068,0.7035324909425185,0.8281431888735675,0.9075992113973952,0.9664483578658589,0.7540611555879599,0.7689755703807212,0.6142499360928211,0.6780373278058656,0.7527069592239389,0.96441144616837,0.8142310698356514,0.7385349687837728,0.7503154155648054,0.8384566824350651,0.8747728572581546,0.9554631808328451,0.6728060436589995,0.7656925167330649,0.7534041394621447,0.8773696430480037,0.9119180309594234,0.9187151616733046,0.7234225324001065,0.7885571953446903,0.7687821996776655,0.8505200734868195,0.9118770900338897,0.9601175619169245,0.7877145873442692,0.844408851844286,0.7525408724860363,0.8790138694908674,0.9378919778947478,0.9698673109100305,0.8225057804722524,0.816268621599353,0.65221985584507,0.6684055035230843,0.8079402897341263,0.9395939757495215,0.8784721510087183,0.9333800295927794,0.8370868016903541,0.9074290003694554,0.9380261657580385,0.8726023247554654,0.8369439805793082,0.8584136638563526,0.7787034617138441,0.8131316030410837,0.8559372157474356,0.9172624020479718,0.8209995114585811,0.7914933560996333,0.7128609874130071,0.8073522841681882,0.8804758214106144,0.9386962902110242,0.6373240558530664,0.7413211228004235,0.5160826937965812,0.6493876420699826,0.7144663717894694,0.9733700047360765,0.9094333144497267,0.954082839435268,0.9301430835615973,0.9342228001920005,0.946356955898017,0.9834935519155915,0.8615519392936466,0.8818975138924596,0.8765255030009376,0.906969156622619,0.9466213701502079,0.9334956716888038,0.600643986281553,0.7338979185896224,0.5737765375732862,0.7178288104596241,0.7535930667244614,0.9793770895437,0.9189699629852002,0.9340915694717961,0.9027079104027439,0.9201174580731667,0.9492595441779397,0.8990043613944952,0.7004197262448909,0.7833214753323741,0.5936168480140289,0.7185252736860858,0.7689779567128235,0.9523112971660502,0.7978371921771564,0.8475062594485981,0.6960628436543218,0.7676463484458488,0.8432239711175288
jh,rest2_vs_type2,1,MentalArithmetic,Type2,20,20,889.234255,444617,447117,521.4265436087544,135.62652608175685,70.99773111130331,15.500572461896192,28.245942558551235,37.581300646442806,553.5356975158006,123.55067124150216,67.46439149647401,14.330475419330087,26.798357263077538,36.43823083319442,133.22737929380196,62.015297021893744,51.56764755825144,13.716397956239751,28.953947123804063,38.5642974505882,125.75838131734409,76.38709898808844,61.06624645025751,14.193831587138686,30.910546000365716,37.76477046950524,130.29708358793994,76.08019823891291,66.51335440388239,12.965984734941692,30.75151939553197,38.10760874237379,121.19061142298493,54.51156299320954,65.21419960823211,13.463177241970522,28.954636393431795,34.90114075055981,147.16758480660383,36.8886039295024,50.28251836865474,12.942640050997685,27.794860116530575,35.82743388318339,0.993487123672244,0.9074732821257945,0.9233150759045504,0.7938921861123609,0.9089309736465104,0.9421198049516419,0.9462457964691473,0.830877213858099,0.8707687725035363,0.72122348284345,0.8752794054342248,0.9356267583657023,0.7345040772223893,0.8088474085670093,0.9311812520300782,0.836491678032767,0.9206113867783179,0.9536817700827434,0.6854847555415632,0.8046010260588666,0.909170744633412,0.7452445065931945,0.8959030232755577,0.9195013100123828,0.8347214493522795,0.739439464128999,0.8405417780262148,0.7124942852147037,0.8683355541520488,0.9245956322521636,0.9462071127858276,0.6625935591117236,0.6780249109403657,0.4370983165458527,0.7345524698372257,0.7723754582232353,0.9079195436181816,0.6566769333222041,0.7823844387186261,0.5373910608424459,0.8113624557617196,0.9151590132223908,0.6900693941805557,0.6824822591761797,0.8811436344768694,0.7152470773203488,0.8870853215750054,0.9398430435781221,0.6576414400986782,0.7408704985328868,0.9170801378653142,0.8257766695795157,0.9186304705877484,0.9207530194404719,0.8220449995615131,0.8021517009112128,0.9454980978373229,0.8747223310627186,0.9277191224008755,0.9463203919249353,0.9698359253372422,0.7076034522151612,0.8341390747238343,0.592760336136959,0.755153449194228,0.8030738108308978,0.8139704751319647,0.8205846589707995,0.8961690885028861,0.8141440095647532,0.8819931943952982,0.9326120387095895,0.714814799435441,0.70120232278832,0.8045111340629898,0.6186347557795863,0.8036803247543765,0.8691355418072741,0.8129377240705745,0.5321370243215484,0.7646957005619442,0.5572193791430028,0.7895670618982312,0.885372449549555,0.8191213340322724,0.4561471218433618,0.6428840124866545,0.4125907203225271,0.6824071923112944,0.7670570365998904,0.965919856197246,0.9357258882189583,0.9584744200503106,0.8710361074024784,0.9383721598258301,0.9571424777256319,0.9236913248950737,0.7504888758294775,0.8822099013928526,0.776084369497693,0.9036328359576489,0.9616036171680875,0.6225354649620031,0.5712103341949197,0.7185084121960089,0.488661990937904,0.7254683397736778,0.8068046350021422,0.9373238337848592,0.8823686324041182,0.9238970256025969,0.8779763941977446,0.9351499489619985,0.9633117153418396,0.6201894872448809,0.6656764990716978,0.7482087905322934,0.5496165014684953,0.7306878992912067,0.8010299502227411,0.800314971182919,0.7713601702289163,0.9012548586851507,0.6491245972774072,0.8055164348908088,0.840131012905605
jh,rest2_vs_type2,1,MentalArithmetic,Type2,21,21,899.4150669999999,449708,452208,894.7868997301448,202.54424541240965,85.95873817205845,18.2272216325133,23.498750302638502,40.43099489978543,890.4029535391412,170.86192097646796,102.67794066099964,16.915980611181862,23.555090227540393,41.536939353107385,244.788445743358,102.9674990520694,56.95339522668351,14.281299885211713,22.375735241514644,42.757304264700885,183.73022900585553,75.35481717406311,96.4400599505686,17.643466430609493,25.043278604615054,40.89762947899008,208.487631246384,74.32644469814001,125.03028599085403,17.632636990462643,29.079440281028386,41.61483154564229,197.32866165001204,61.640214688177636,120.46597564339622,17.515438304699924,26.62096504681229,41.58331449976837,208.28046124614997,66.09700208198116,86.68652396464212,17.642251235501597,23.67034924371429,45.53387175603487,0.9950850615372536,0.9698235482108447,0.9180970519810167,0.8521446771530149,0.8966067303511929,0.9049617395012819,0.9334261793671198,0.904396352672788,0.8766538435278888,0.7697372564310255,0.8761669579847305,0.9121699153342997,0.939498201648957,0.777251075342012,0.8581951799754775,0.739482130399748,0.8978056460762825,0.9126147246590997,0.932218832087821,0.7833227024648888,0.8092720911020518,0.7004480212064763,0.8368094210610112,0.8449495233208055,0.9565149738754292,0.801045767286406,0.7416336731212081,0.5941464076726506,0.7955887176055416,0.8238517937036895,0.9771472862579723,0.8437195982286864,0.6604158838141083,0.5198898936948301,0.6384881450200794,0.718620668437199,0.9050718782690909,0.8223307770804595,0.7169251230811393,0.631812936276332,0.7754916126091195,0.8412817203827646,0.9149059543925917,0.7224697149452117,0.7901493374589297,0.6378014945364728,0.8046175674254545,0.8970181770500779,0.9161459905491715,0.7772626227159677,0.8445101186614374,0.7151564806267295,0.814529113519891,0.8762823887841826,0.951766294560162,0.8207112694585976,0.8567337043049512,0.718676336794249,0.8443156337031017,0.9063564413381541,0.983787796597079,0.8986314513758433,0.7667795872151626,0.639798906870095,0.7136607440851461,0.7851644665114967,0.9753303522716141,0.8535537957995092,0.8239523360152438,0.7913342861756554,0.9007634357070089,0.9153551335706177,0.9356772650970023,0.7698249230436203,0.6773828031000704,0.6535000255957836,0.778925736182361,0.8220985793810899,0.9324313881938645,0.7382737520648679,0.5940954398943539,0.5327762782331702,0.7444405401965939,0.7889091384555144,0.904774737069426,0.6846189109268039,0.5672514390982026,0.4670758723985577,0.5821127324062902,0.7151765391384779,0.985248327198752,0.9391962540849486,0.925948603774384,0.8935707762975295,0.9049826413998417,0.9161196394493479,0.9706150931597596,0.8710168291311539,0.842958780133036,0.712773032184965,0.8362469983744971,0.9009661000102783,0.9006843458719883,0.6763462668247149,0.7015222058556083,0.5668421674117455,0.6513259478554071,0.772163803723986,0.9853934865733202,0.957093027726008,0.9341935399676664,0.8363306749362974,0.9130524341098157,0.9417634750168954,0.9001218568145238,0.7571185397070598,0.7224934399488501,0.6034965595838214,0.6704979145833246,0.7879380599977828,0.9448015396082602,0.8312316805564501,0.8695374106467517,0.6983060342278206,0.7769465360564496,0.8263474254161683
jh,rest2_vs_type2,1,MentalArithmetic,Type2,22,22,909.9630080000001,454982,457482,519.3839180817806,109.53139513002192,60.98988715792853,18.935759633619636,35.58324214238695,49.27749860169253,553.9007173347775,115.49625169268953,68.07338523483885,19.68307120834217,34.66280823165908,47.924841316548985,124.36348652264695,46.005990073254395,40.720919798882676,18.575543067557177,35.50257660852707,52.95104061881418,132.5597216762066,56.14556880781292,50.98206351666439,21.047408549883823,40.90018493344611,51.01421041424578,157.82987312678284,67.55390770219358,68.01532481928689,21.608874594460932,37.96633775054205,50.224135964566806,152.68273424833754,54.37824318968225,61.16384407645833,19.883960107700066,38.286409921821814,49.66195982126806,169.7902976119008,43.632528061951994,55.317014088926044,13.699543811685288,41.893139976243006,47.04184869076864,0.9799967370897681,0.8958892525663829,0.8202516118721015,0.8192537393256308,0.8695753245451957,0.9502132075497217,0.9534705096706224,0.5668111689760783,0.8458472440808074,0.8750016321658595,0.9155950043489149,0.9386322113554153,0.9011824636384924,0.7051539715487102,0.9044894578359012,0.8971013460335485,0.9262386541106282,0.9469795122741745,0.7689025247864182,0.7954320605623193,0.8634353978755579,0.8385340684064067,0.8904897825721593,0.9373683711117037,0.8300799619333068,0.7183072366636554,0.7484584698713483,0.7259084177469941,0.8112534488021723,0.9258676978415216,0.8907234064198124,0.6570758601655569,0.5980313195799976,0.5174336847164278,0.6909626281897043,0.8008875495574672,0.9079337315771626,0.467063864445567,0.5693951616269292,0.7376574653480024,0.7972908591803192,0.9338635515799836,0.90590060405084,0.5285064014550844,0.7376191756587166,0.8253956186949389,0.8474969757921036,0.9343440609498241,0.8118459876461671,0.7476852485429777,0.8702219305838425,0.8781348325543475,0.8824569210737939,0.9307433784802963,0.8766999084090626,0.7800151696852732,0.929720090907462,0.9009253328333721,0.9374823449183729,0.9514741613961589,0.9420311321544519,0.8125061602846975,0.7962718272412349,0.7071359950893698,0.788451510519782,0.8463375771394385,0.8558410598688037,0.7179365059056675,0.8146396022191678,0.8786529914736716,0.9039801564081195,0.9584423956484354,0.7018246105806547,0.5422020296512488,0.6430824870692348,0.7949119973781631,0.8416355134680963,0.9067577493162339,0.7487326264730069,0.4844263577082436,0.5267889175672915,0.680534193559458,0.7597161441880574,0.9095218514425627,0.8305900732831214,0.36764620965586375,0.49657665250783084,0.4814814982552132,0.649279582566859,0.7975754446655492,0.9332486646338753,0.858644243352416,0.9139009057305353,0.9345091425632981,0.9326714611159325,0.9669445587913498,0.9334591776041616,0.7204756762584821,0.7663904587449285,0.8061493515216162,0.8407795748493134,0.9506544374623186,0.8532436968322336,0.4983789861779355,0.5141976308374592,0.5864435634124237,0.6852575102476466,0.8062889249905738,0.9680711480771284,0.9078648078823282,0.9128473145054828,0.8942775206505208,0.8935375494755347,0.9607391248354461,0.812672513455961,0.683592081278547,0.6286719327851589,0.6492383005766654,0.7411198439956159,0.8072948536325771,0.8851684222514117,0.8522364994361913,0.8001721719422301,0.6789513968938754,0.8045057979917685,0.8542570859759092
jh,rest2_vs_type2,1,MentalArithmetic,Type2,23,23,920.7792959999999,460390,462890,596.4695774005921,352.2670749839431,62.70864612411822,21.58486513925651,27.978128262227283,47.71621263410589,505.92141515355905,335.7581710098529,73.59243726833921,23.386818461743015,27.028224203544166,49.14559280019563,186.54302194348563,101.63658408593726,47.343371835239914,17.096193283272523,24.52124919968429,46.3362539324129,122.54653633536799,55.4579534483519,60.915410182972494,17.93159145722689,24.025591975744323,46.11535672197195,121.0781017104272,67.95126025902468,77.0428054453538,20.380265675187374,25.583464622005607,48.427325339568775,114.30037563607152,73.79680121658996,72.4716085980123,20.01836785241199,26.385224728616887,48.67705817603192,127.29462278219137,77.9747213807175,49.7820217712956,15.018409475874813,23.417984163076532,50.815540558884656,0.9902000243436045,0.9734137592394442,0.8840991881554917,0.9181895554129953,0.886166155081374,0.9353270356029691,0.9595297832851295,0.865728924660426,0.877012076820366,0.8495795482058802,0.8349830912325465,0.9359480948504283,0.9418484185151658,0.8312933692081333,0.8412979637371659,0.8244132039596153,0.9090056313179572,0.9434173346584152,0.9228656804455365,0.7521387561934143,0.708879752309608,0.7988541861226705,0.8734827627655648,0.9114641244290755,0.9111587603084206,0.7417444275154143,0.7143547930374715,0.8133021648706645,0.7969505756349606,0.903097669804054,0.9246087078848967,0.8217284702903754,0.7681554664416591,0.5700454171895956,0.6159507362543358,0.7811988165070185,0.9451347474749211,0.7901456789021457,0.6888778109425221,0.7743953704032921,0.7443132047816402,0.8555718623020006,0.9347530358475128,0.8144897924969405,0.7695701499400588,0.7874503537404082,0.8238806304136755,0.9169086490701158,0.9398728128610329,0.7950158673904411,0.7551505352500503,0.8007182698607653,0.875268753989117,0.9194724470861495,0.9456275871294473,0.8214514537130773,0.8185259360765121,0.8832988350914369,0.8962978655907111,0.950453603846401,0.958657685763605,0.8806955518443772,0.8588587026121829,0.6681431079508657,0.6773725234987303,0.7961329233212442,0.9764698435052921,0.8349524465151075,0.8196740438912327,0.892412290340623,0.857343264091414,0.9137033245442888,0.9456906252518577,0.675049390606731,0.6135802932651757,0.7988449464862092,0.7621090387363563,0.8433292425029528,0.9113260072695466,0.6080060845579686,0.5868206405686941,0.7733942115286992,0.6841639932822632,0.8362757204956702,0.8612411143206694,0.66569442049919,0.663796193825749,0.5826504848032995,0.5691778126610934,0.7580126396126394,0.9752352662900589,0.9164547820460213,0.9054061292638529,0.9221218234582048,0.9071901886310931,0.9573766069106485,0.9350143330086086,0.8494572108990831,0.8542187527523113,0.8419396830238669,0.803127940304033,0.9434152482640533,0.869440039505606,0.8033042449705212,0.7112308027796306,0.6392059496964322,0.5630925337902342,0.7946698875040595,0.9704459792132684,0.945699123402955,0.9425038177228002,0.907840402672951,0.8915804771572617,0.9579441210544134,0.9004208927831687,0.8732813505021055,0.7109967196824774,0.6625317070487443,0.6099581435412775,0.788553040754013,0.9536445374467079,0.9001117982485999,0.8143088027433427,0.7630116426419236,0.6807928856910566,0.8151748196054566
jh,rest2_vs_type2,1,MentalArithmetic,Type2,24,24,931.003231,465502,468002,1453.467834152537,446.8400767743078,126.07348429330243,27.198416036594082,32.43580722606936,38.73477168562289,1353.2352598915147,428.0485102990904,117.52044438085716,28.8689346176602,28.791288671374218,36.20889038716339,421.75029863036445,120.37318850302022,104.2317699663192,22.231515456261956,26.298035751778958,36.92724019236236,295.8415241519441,110.66603692053218,137.81498289883942,31.23577500395409,29.06774250109219,42.11681139251853,345.80794879849657,127.11779609707528,139.2214689700652,32.05360961996183,27.50937423168715,38.08769082902741,321.4009164330286,112.51474839391997,119.23088621724727,34.801101779573045,30.63545114193272,36.479798164923224,302.76459933427043,122.88464462640212,86.19297481321104,31.283035986082595,32.71921004819363,37.094691878902324,0.9764419237373089,0.9746339709037133,0.9413676881255055,0.8782918251330708,0.7362552562253006,0.8435335227216615,0.881245765534619,0.8080459214175301,0.8643264211459728,0.8489987704191536,0.7353941819777982,0.8319336175909016,0.9377683088912715,0.8863404909440008,0.8923284587926263,0.8534292081044595,0.6091921903540459,0.7207377226988946,0.8933784338124616,0.8567959164070249,0.8620009709815882,0.7867367413963412,0.6620424092188697,0.8019725583353241,0.8624702626279467,0.8748008996813254,0.7897046047191275,0.7497080599353543,0.6242629048210306,0.7784135671651948,0.6306433292298661,0.7959889152133209,0.6897545074155457,0.6742617894431759,0.4945893266659187,0.6393261243546318,0.7830521098783819,0.7055649612501754,0.7808006380483221,0.7121978292179729,0.7241043995864835,0.8198450705832002,0.8919186189043553,0.8411527339601619,0.8656702056159638,0.7934714372822925,0.7479756162895035,0.8333642525248713,0.8731654082576368,0.8526687718827272,0.8703030437963031,0.8254047808666398,0.8395453953494313,0.8527479049721248,0.9124260581953135,0.913093604618066,0.8413775649420094,0.8227925854638608,0.8415087437097994,0.8430445575676949,0.7176906222600503,0.8675502886400738,0.7736167955757699,0.7624510511740908,0.7329304245338453,0.6858917493680927,0.8860983522980819,0.8047497386273903,0.9224737954561574,0.7855627463303116,0.8198758615176042,0.768617617082475,0.7852264692758636,0.6619709152453744,0.8542951460129735,0.6495761536947116,0.7397495277680777,0.8007902783099704,0.6424127995883652,0.6059629012509722,0.8090474117363184,0.6076350760121683,0.6268562419674717,0.7760305980030738,0.47484637745863756,0.4575638735995523,0.7052049591676752,0.5664127779189406,0.5025492746401308,0.6241486941349942,0.9768211596356209,0.9404276647117157,0.9658430320609173,0.9272398684357335,0.9006851514751615,0.8996077204784415,0.8825315497309569,0.8692384070751491,0.90732283544167,0.8559041799362369,0.8033127197913587,0.8611682521996606,0.5979680697646215,0.7292117505371507,0.7525660080573177,0.673411470458871,0.5749253643131,0.640895730963379,0.9282910977413644,0.9287747101415659,0.9380542407591758,0.9196139392336095,0.9168133465301661,0.9064235863029448,0.6327372966530403,0.8122313898261884,0.740445864723873,0.7224708813926544,0.6490405976947786,0.6528298633165669,0.7079136689159582,0.8820038652957525,0.8227449478655482,0.7643291696921919,0.756523063095181,0.7213567695102692
jh,rest2_vs_type2,1,MentalArithmetic,Type2,25,25,941.58017,470790,473290,1125.957141546349,374.1079464869779,76.29073357713506,61.59050905081785,82.96342084040026,123.11336810429049,850.8051615161528,335.9234469019577,82.25745336301061,60.50082942240334,102.48415676279097,124.72340689920291,602.4674536198731,118.06607665825956,70.26650213532064,52.286375918648474,85.63750169861383,126.43868274957627,328.8980545488575,121.18877651374812,84.6292937113623,63.130440837914946,102.13611446994156,113.28784495448308,292.87971009206564,120.49437964091722,90.38321166741224,60.58517218004466,86.73877344663612,103.51426005572127,208.5199592252115,101.55077493904489,93.62061216678354,62.55686255079282,83.49364597192549,106.25071942909037,221.2604570041974,68.9992478011231,77.73723261334565,43.12634147427102,78.23261290238216,101.75820989213203,0.9578055914211152,0.9503300229360201,0.8549433341574574,0.717043804024902,0.782332640373866,0.6799453018818771,0.8720807196835034,0.8055292534058516,0.7432904454742717,0.7559369194095081,0.7961128129391657,0.7452087365612854,0.911113037431699,0.8423993735899089,0.8143795283076443,0.6574777308412366,0.7189434653086286,0.643406162924295,0.9255702843497495,0.8055072571491939,0.829325966087451,0.7640627922893496,0.7861595788009994,0.7451763864578901,0.9281240038956705,0.8255490431236703,0.7780857934215529,0.6777870933129587,0.7378571084662358,0.7049433974349373,0.6694634814576701,0.7364742134422627,0.5430908282751855,0.6341142163381406,0.7282605866925663,0.7127937547107412,0.746229589523022,0.6936984878289072,0.5541852246427171,0.679916936296188,0.7452982537474365,0.7205480880090598,0.8008382598451722,0.7397059516228264,0.7433244429735741,0.6971652198197924,0.6914574760471615,0.7023480710664931,0.8495514143301907,0.7357212078324756,0.8238660875315558,0.7899422766465528,0.7576948875496884,0.784548291560866,0.9362956691444291,0.808808908061148,0.8956150840741504,0.7101344990428677,0.7094279606848588,0.7343760065051065,0.8127303951095982,0.8400194225307971,0.7842409614296594,0.738159192878544,0.7555405490815408,0.7623983427504726,0.9785360432838656,0.8862619937911508,0.7458836408701438,0.7343908240362128,0.8029333177469367,0.7510999908052691,0.9014516406918442,0.809706006994624,0.6237932010244052,0.7779552932488868,0.8400580520642127,0.84970371893583,0.8138322945578257,0.7930507270635238,0.5164728797370847,0.6816455625869009,0.8122785886496408,0.8012462554699903,0.5109822894889592,0.5493900800172764,0.3410700452573869,0.5943958121313887,0.7698718217595446,0.7856001686239761,0.9579470577373493,0.9396917285259707,0.9248499100091385,0.8920577259882732,0.9387837439921185,0.9298300675865174,0.8839482174287734,0.8992828477327811,0.8101460290551543,0.844448835081755,0.9003120602721468,0.8975853892918947,0.5513530283832119,0.5541304179582547,0.4213955419956008,0.6226076143575465,0.7951153123179894,0.737655231675111,0.9407596376344757,0.9276254117852768,0.9179132081741477,0.9252698356635776,0.9548258808464649,0.9511489020809955,0.5910479911586365,0.5666028740878193,0.5434030937637806,0.7423655947404669,0.8319463450385758,0.8229282414461688,0.7812451176036742,0.7244405333872095,0.7312988400032399,0.7830025874075852,0.8695825960557395,0.8141568927257921
jh,rest2_vs_type2,1,MentalArithmetic,Type2,26,26,951.864917,475932,478432,1398.4700923741418,686.8443541425838,66.32147164750235,25.86506118944475,36.444563059319194,57.131926047967475,1364.484505963449,629.7501300300449,61.15221560836046,25.5701413930815,39.88323009560434,61.555524073582305,328.9178691195787,178.5054152707729,41.26378734680291,19.148165357675612,24.91074327549971,47.17237822691176,245.91980674446302,142.47406565672222,57.172134275400715,21.83143824416033,29.05202291298976,48.100227028859386,280.61863753316476,157.93830951421555,63.387547999971595,20.96473695338902,29.767339077142847,45.99576140884484,296.4118079912253,145.78492917854103,56.20249823027979,24.52308256568236,33.322619077726614,46.488178249888605,428.06943508881096,185.75245388021742,44.70810108807176,20.74205506965777,29.269326460953927,47.363855290622304,0.94821485184631,0.9678268502407562,0.7986275067895594,0.7437102693577579,0.679036510310317,0.6244367450727611,0.8500392820392836,0.8992539071872503,0.7406791461067961,0.7706210466581335,0.6777825242632616,0.7945746455723058,0.9315397555181685,0.880068447860572,0.7527683228488319,0.7000916608545761,0.6654885183336998,0.7596070249535519,0.915723654625524,0.8599887827188685,0.7256469351118492,0.7760553216604709,0.7461733528130232,0.7681817344211939,0.8414237849359855,0.8534948357464904,0.590259574199203,0.6463479755297294,0.6187093207302297,0.7103310654138916,0.7955372047207137,0.8082607010248738,0.27234700604659506,0.5135266789326777,0.6270515817704164,0.5845742201636919,0.6905164919189919,0.7866313878623473,0.5354064192638471,0.6474108912606026,0.5482079612819983,0.6147984430655495,0.8541918699257648,0.8084835563882804,0.5669287563527281,0.5883169247188338,0.5411098808460686,0.5933884587285712,0.9102523529558972,0.8333635058975087,0.6469938305591467,0.6992080292975678,0.6265236643628695,0.6218168559360481,0.928406525956312,0.8633246687845046,0.6626716105035335,0.5824246638639058,0.5296618442582324,0.5706927562720999,0.9108267775158461,0.8911877900873006,0.49276226455537014,0.48644335182805587,0.5631443990155279,0.622371980962107,0.8718896716159485,0.9148871706451288,0.7334592082096814,0.8337950285172767,0.7668733830833319,0.8563767512847684,0.7289471912599795,0.8142231232641539,0.593616543774026,0.7950634506363567,0.7584224655128973,0.8605289583090431,0.5567974621556869,0.7572600046286737,0.45108607922765814,0.7181389026970375,0.6578041516967406,0.8106839898743388,0.4593853652114501,0.5733860199504949,0.18579958673014307,0.5416528321683028,0.6531303936024315,0.6737772211123816,0.9529472994333427,0.9515773008311681,0.926558496914998,0.9079355420849975,0.893423078098561,0.9439118438135335,0.8358899618011216,0.8961577830132011,0.7853632961221827,0.8433961997440019,0.8460377541975431,0.903272183418951,0.7056627120411401,0.6530797263838966,0.22868921962220196,0.6043947068715436,0.7345568455112019,0.681002112633259,0.9493704868265849,0.9627300165311455,0.8784966651165862,0.866192262302051,0.8962635853968477,0.9220663460928918,0.8369386148978982,0.7467307502558028,0.30869160957558905,0.660573157899912,0.7831029166114448,0.680581342744531,0.9286790547563797,0.8249799186418806,0.4690245706969421,0.7008374040647875,0.7904368729882609,0.7333357571719358
jh,rest2_vs_type2,1,MentalArithmetic,Type2,27,27,963.5974,481799,484299,621.2894635304079,149.16802265895356,95.1013070260555,21.22187748272386,30.861746347736954,47.83990056966175,515.6301220167163,119.83433434800965,91.79179320704877,22.57849922230025,30.468178214713422,50.816603839271764,183.35191264007653,58.90318897774464,66.88096145147173,19.443049010913178,26.973145216976224,47.98436713472731,126.62887429400465,57.58408437272141,109.64187510630651,23.054912502334577,32.954670437171785,49.48815557024157,136.39043056397793,73.25406499868501,120.05995978052164,26.298479642596792,33.61148524344379,48.66670671454981,105.07449426946647,58.483273648705556,113.1171003977959,27.519039069041945,34.67620667737369,51.0735229395504,106.82300194483835,38.65717551101222,75.43196319199843,24.88571162961161,37.81508800521315,55.916571800601865,0.9946434167228454,0.9308456064779334,0.9443547865103016,0.8482454739235629,0.8414211271349101,0.9305419081803014,0.9805907658480146,0.8170360211276517,0.8751760452561269,0.8554094635857651,0.8936122636771904,0.9324809215186121,0.9588647573149335,0.8424530052434585,0.9069806087020245,0.8679932865605603,0.9029518243244026,0.9506516808331356,0.9038268418397326,0.747930773620879,0.9103596920880234,0.8585592697895125,0.8303307312290891,0.9289181701550153,0.9211004322024486,0.7037771577390258,0.8821436259141407,0.7690792750439889,0.8121255151185295,0.9099561587063268,0.9441807958544244,0.693035939928271,0.78728769862797,0.6320906183000113,0.6283080528923614,0.8228918619194692,0.9648644673849675,0.6572300396236386,0.7938316926004996,0.7466007660625523,0.8307145668620428,0.8960741822443363,0.9565360326854342,0.7654767423296593,0.8416754833459734,0.781818451246853,0.8523837272076842,0.9319726041730504,0.9189872291306629,0.7497815678300898,0.8908852221567225,0.8350946049394304,0.8949568457664429,0.9439784211934062,0.9408937463433311,0.793206454845352,0.9088483911778423,0.8537266682080017,0.8946029618249514,0.9437405679996743,0.9592161660301426,0.7921111819926121,0.8452713395986228,0.7473262155641983,0.7789303885045118,0.8613024046833576,0.9694421565184861,0.8101569377026596,0.9162002453345652,0.8601508908126109,0.9031451248625719,0.9469661908325594,0.9007190577001892,0.5961242940431405,0.8488716937732057,0.803881786729684,0.7925450347701595,0.9085316126833908,0.8979022322784909,0.511241449459662,0.8381608040749537,0.721983257163469,0.7788794065355056,0.8833671780848993,0.9006544493310283,0.5044260376305132,0.7685797972774207,0.6182277118604089,0.6095620862933109,0.8055989726863265,0.9636243609381666,0.9068434461330035,0.9602843661261504,0.9380004791136367,0.8915441247795115,0.9695603884239972,0.9454217311160967,0.7866930207431647,0.9251275114291738,0.8459148850424416,0.8439056188540552,0.9475938320116569,0.8839306603908766,0.6584193226310344,0.7587677088787761,0.6886239526109595,0.6202183574527145,0.8414959348554933,0.957295584959343,0.916174769764377,0.942713215833846,0.9139474251058797,0.9233134773715689,0.9647337359862759,0.8501065085370051,0.7334965903315342,0.7586414694765151,0.744710970618978,0.7126293912188192,0.8435183879277642,0.9338828590810987,0.8335407298737147,0.8717649512204717,0.7984617797749938,0.8111639826906938,0.8826402672279149
jh,rest2_vs_type2,1,MentalArithmetic,Type2,28,28,973.705394,486853,489353,1224.3908511452216,304.4595052490183,74.06674577520148,29.893320210046216,50.07013222217613,89.56746787121719,1189.1540433546763,279.88430077796494,84.6111218181665,30.730334613240785,61.74747852956506,85.70535019870724,400.3904883520792,128.0798526993173,58.21758797859301,25.168938366488,48.633752103839285,90.53615917547248,252.41297482138637,92.07406543147192,84.70528047022373,33.82770957484697,55.13898364433094,90.97070296547574,302.3868499669226,89.77412986911895,98.2506650292046,33.5938893624436,53.69134053834892,89.6742062625496,294.211422598196,84.2396979115532,101.43781369776772,34.74729205107394,54.00466829739451,89.93238153949358,353.54870888286155,64.29191404607046,67.30952234053339,21.51017547274266,58.27981809320866,92.7170238601632,0.9436835694196883,0.9576093926372997,0.9197783602523089,0.8383108531157862,0.8535824753827062,0.8911196807265725,0.8406232824262331,0.7074340134527757,0.7816980659683797,0.868443958074519,0.8661534814052392,0.904272733745429,0.957761453759297,0.8519605739355229,0.8568400988057607,0.8522237943370069,0.8719580236207818,0.8822301525134915,0.9157263859339757,0.8761681269575835,0.8183459385377485,0.8774043620075455,0.8936139395532064,0.9065494270535568,0.8539213937641904,0.8736882920242988,0.7869829669686531,0.8449016348460955,0.847739589645194,0.8875191672635975,0.7635821270897423,0.817488590762025,0.6715680741572531,0.7463920848326178,0.7204816110384631,0.8272250220571747,0.6821524418130053,0.5823817718668414,0.630404735729656,0.7786884552111539,0.8167208167506121,0.8606945895647864,0.8698334038159089,0.7839151610744329,0.8010663738646601,0.7376253752395348,0.816492185575276,0.8559169508011061,0.9420665518538316,0.8488394319235986,0.8415001960988846,0.8114716149915191,0.8799425412215992,0.8932813960121461,0.9545521609388463,0.9140331245082426,0.8748574323383945,0.7965243488931423,0.8754794939573755,0.8739953575186875,0.8835755005871048,0.8990135463681775,0.7926831474887012,0.8063942796871435,0.8045555477918229,0.8215913861912018,0.8585455030371492,0.821639096825266,0.7712602752727813,0.9280085725630212,0.8906785328058373,0.9226164469757162,0.6831057433547221,0.6825513312164283,0.6023057974248036,0.8831036668750069,0.8413018375454575,0.9029284521030442,0.594929277524774,0.5876808304130261,0.5297250924418109,0.8471685038806857,0.8176798870556514,0.8885791691478411,0.544825141707603,0.4841345253519301,0.5001438816529197,0.7376752914361019,0.7906583401847727,0.8432773987316783,0.9277901488378609,0.9468308361835671,0.9248254104421164,0.9384744825542575,0.9520399363253833,0.9724748667820233,0.8169037672536176,0.8680697062672504,0.8523616180226516,0.9083154308438656,0.9148487832043763,0.9612910790749647,0.6782778492452389,0.7425698274078372,0.6808510302563515,0.7323548821672029,0.7831372605052389,0.8605291422872754,0.9501319715774681,0.9478919809580626,0.9462781637735466,0.9499617293412081,0.9508015137189864,0.9772805593520707,0.7861095794451215,0.8254993362035737,0.7515210534061787,0.7843500315761042,0.7892166421266448,0.8722751980456771,0.9143009859486914,0.9200378028403421,0.865887854605513,0.8187299445666909,0.8532598674668204,0.8959438037927054
jh,rest2_vs_type2,1,MentalArithmetic,Type2,29,29,984.7215130000001,492361,494861,366.6315293532686,38.630607057110794,65.14091586720605,21.183630023794684,22.938055277927184,42.70983994644681,338.0835530571639,43.75209869942501,77.23140747674346,22.43316794802952,21.781585496869727,42.29896575187689,98.03693442844843,25.598927376288312,44.49363012643767,14.677869643299038,22.116426682508056,42.59533099626448,83.18897796154863,30.6098819438458,69.23929837820924,19.953057470697487,24.895053379179082,41.65587896823651,98.00355195694462,41.47080378037317,90.53315017086412,24.069768164332846,22.448996569535655,43.949954853461236,82.98373272101514,35.671837442856656,87.81422118417802,24.67058776855215,22.623165712806905,42.31647028942551,97.3855827984127,21.728094776832965,56.985486073728275,22.153532874633033,22.506323001196545,49.35551877844744,0.990231936401845,0.9078271596250552,0.8942143975816735,0.8441959914117511,0.8163939612056043,0.8920170822245233,0.9363434305675646,0.6996105088913371,0.7897878668977681,0.7642823657772801,0.8180246996113759,0.8971436704631384,0.8698599056704701,0.694422654463565,0.7919567724860472,0.817088426764984,0.8848931346827182,0.9213731262229389,0.8089140774582808,0.6287078090357989,0.7757569093634034,0.8034060344585011,0.8263530816736727,0.8891355522271769,0.8426838630062661,0.6422837377693608,0.7525504420327473,0.7045483985878153,0.7577825638572601,0.8493613283860832,0.8756354074409098,0.6330245682118287,0.6510267780440566,0.5876043252010911,0.5525874141283439,0.6302624619460858,0.912983727617649,0.6066992964194966,0.6722566195370104,0.680210592482542,0.6916429793860874,0.7992488425160029,0.8683238540991282,0.6723890423401033,0.734273459969479,0.8300082286603255,0.8089828897637782,0.8823454547875396,0.8370213804117658,0.7085008294210191,0.8206265420426757,0.8615880108220005,0.8632733488632415,0.9073130653183473,0.8802232551883318,0.7643957912347038,0.851198263087283,0.869497451695603,0.8655734907026209,0.9018265556287388,0.9217172385229233,0.7359670321480039,0.7615750416733837,0.743602960652846,0.6558528315500496,0.6880598911873811,0.9152607404879446,0.6152672743513672,0.8583059861650056,0.7916164896904212,0.8668385954592461,0.9277996495586296,0.8215647290676297,0.4550575231280477,0.7384017679255106,0.6427006048473043,0.6814241239244667,0.8341853190627316,0.8346939712213798,0.4540887928709083,0.6922510349042756,0.5431544787219079,0.6628799058522888,0.8107447552974042,0.8195127161046706,0.468579606822821,0.5920926802394166,0.4479650129992292,0.5400832269875824,0.611201813392014,0.9547221118112809,0.9050429657551887,0.9178940161907642,0.9067187861625537,0.871157722399216,0.9398735163844243,0.9366789649061064,0.815895945317282,0.8493259719609325,0.8047502219274343,0.7973969103567353,0.8825561358724904,0.8485095763437679,0.5619291207841637,0.6332406164707189,0.5940834338975379,0.5448737680798216,0.6308737483007324,0.9857131204217873,0.9374803272910442,0.926007523466749,0.9173543244581646,0.8954728938618605,0.9139869125646916,0.8765497603582229,0.6285229347860719,0.6783516904917949,0.663520070729165,0.5381831868085706,0.6345495761851929,0.9351774652393335,0.7617911907314356,0.8023157957511196,0.7520462711798318,0.699163645249383,0.7198253405097995
jh,rest2_vs_type2,1,MentalArithmetic,Type2,30,30,996.2312,498116,500616,1210.2522587577173,569.8353722466328,114.86852715191353,26.381637104729748,34.918536953008854,47.83350171743819,1153.080231231656,616.8834543897278,125.34459193320329,28.50776426801727,35.70783559010175,47.10080096794194,313.34320159576754,143.71151973582505,76.29868784371524,22.834924640081407,36.71712044301618,48.38156028813439,272.66391425939895,174.30636049984133,92.5640556363585,30.25842053820079,38.17925604940161,48.629232622906734,298.8559810787918,206.65270838711317,126.53231206043377,31.05542709716975,33.20421747518301,46.103633482759996,291.5439464958955,219.79137990038836,141.38314678071922,31.143141083377138,37.31810157189253,44.79612937616088,329.8713686742135,204.50792631815355,106.82330645786536,25.819844588529527,39.64288306086702,44.79985590894406,0.9884199480048509,0.9734766132576659,0.9476442854374225,0.8832482568913852,0.8710016281417478,0.8757528064841413,0.901888299633279,0.9392943373817906,0.810603574073286,0.7539219511128704,0.8433187917547007,0.8937180842676182,0.948726327490416,0.8876616712655767,0.846888197713017,0.7179575916162749,0.8158751080020405,0.859014725770121,0.9354167715685345,0.8724783705684219,0.8304108651812243,0.7482240890630457,0.8378675034206825,0.847784070262836,0.9322273133820039,0.8648229321927028,0.8048380819279075,0.705544049280306,0.7397171229035602,0.8206709051804926,0.926958406623095,0.850704801583265,0.7408839834775335,0.5247588852529269,0.6654739760272906,0.7230350874631767,0.8423007513101234,0.8762849162669668,0.7029490152581211,0.6385008403405659,0.7620159574981955,0.8247617926850168,0.9353414171156085,0.8739666897994304,0.7708834491090324,0.6136878453641053,0.745974926419883,0.8509557896990217,0.9424983305699616,0.89558431130071,0.8381267551601036,0.7048793808390642,0.7959443767198271,0.8538606768252143,0.9539309010486402,0.9196199130647054,0.8438863157577539,0.7042302251434787,0.7524625580831519,0.8297788307721709,0.9611270494556899,0.9217796818829613,0.8203138985893481,0.6303084223823794,0.7412726233208022,0.7380834674243656,0.8947865371691192,0.8938896887743415,0.8723381166841595,0.7676877204392761,0.8111176847226359,0.8970599064342581,0.8178750339518697,0.8416026381430851,0.743130058026914,0.7151559300706285,0.7610743790317104,0.8346621381743173,0.7813427416010997,0.7848297389150876,0.7202278702645772,0.5460614741132293,0.6788421683125401,0.8288410466495131,0.7377402934997835,0.741739421214082,0.6270622538412873,0.47407087223663796,0.6174327353069028,0.7379473136405398,0.981298073065179,0.9695983962459729,0.9186709130834991,0.8893272582924177,0.9173221658440577,0.9495885082942197,0.9572061377687001,0.9039915400194665,0.865326094748507,0.7438221985306684,0.7967497886045175,0.9304312177735135,0.8858476722894898,0.8167745631748958,0.6788732570849989,0.4851199841845938,0.6306621279912888,0.7617399608854509,0.9859743313594898,0.9662124610833842,0.9599053052209655,0.8258165608920499,0.8775669187724148,0.9462891165399119,0.917273759600889,0.8824795156937918,0.7622238978719797,0.5799666045126871,0.7076533423374789,0.7542735271238273,0.9609085416100281,0.9413196261409346,0.8352530322817302,0.6630852142900061,0.7733068009963207,0.8030300267806318
