subject_id,comparison,class_label,class_name,stage,epoch_index,attempt_index,onset_elapsed_s,start_sample,end_sample,BP__FP1__delta,BP__FP1__theta,BP__FP1__alpha,BP__FP1__beta_low,BP__FP1__beta_high,BP__FP1__gamma,BP__FP2__delta,BP__FP2__theta,BP__FP2__alpha,BP__FP2__beta_low,BP__FP2__beta_high,BP__FP2__gamma,BP__F7__delta,BP__F7__theta,BP__F7__alpha,BP__F7__beta_low,BP__F7__beta_high,BP__F7__gamma,BP__F3__delta,BP__F3__theta,BP__F3__alpha,BP__F3__beta_low,BP__F3__beta_high,BP__F3__gamma,BP__Fz__delta,BP__Fz__theta,BP__Fz__alpha,BP__Fz__beta_low,BP__Fz__beta_high,BP__Fz__gamma,BP__F4__delta,BP__F4__theta,BP__F4__alpha,BP__F4__beta_low,BP__F4__beta_high,BP__F4__gamma,BP__F8__delta,BP__F8__theta,BP__F8__alpha,BP__F8__beta_low,BP__F8__beta_high,BP__F8__gamma,COH__FP1__FP2__delta,COH__FP1__FP2__theta,COH__FP1__FP2__alpha,COH__FP1__FP2__beta_low,COH__FP1__FP2__beta_high,COH__FP1__FP2__gamma,COH__FP1__F7__delta,COH__FP1__F7__theta,COH__FP1__F7__alpha,COH__FP1__F7__beta_low,COH__FP1__F7__beta_high,COH__FP1__F7__gamma,COH__FP1__F3__delta,COH__FP1__F3__theta,COH__FP1__F3__alpha,COH__FP1__F3__beta_low,COH__FP1__F3__beta_high,COH__FP1__F3__gamma,COH__FP1__Fz__delta,COH__FP1__Fz__theta,COH__FP1__Fz__alpha,COH__FP1__Fz__beta_low,COH__FP1__Fz__beta_high,COH__FP1__Fz__gamma,COH__FP1__F4__delta,COH__FP1__F4__theta,COH__FP1__F4__alpha,COH__FP1__F4__beta_low,COH__FP1__F4__beta_high,COH__FP1__F4__gamma,COH__FP1__F8__delta,COH__FP1__F8__theta,COH__FP1__F8__alpha,COH__FP1__F8__beta_low,COH__FP1__F8__beta_high,COH__FP1__F8__gamma,COH__FP2__F7__delta,COH__FP2__F7__theta,COH__FP2__F7__alpha,COH__FP2__F7__beta_low,COH__FP2__F7__beta_high,COH__FP2__F7__gamma,COH__FP2__F3__delta,COH__FP2__F3__theta,COH__FP2__F3__alpha,COH__FP2__F3__beta_low,COH__FP2__F3__beta_high,COH__FP2__F3__gamma,COH__FP2__Fz__delta,COH__FP2__Fz__theta,COH__FP2__Fz__alpha,COH__FP2__Fz__beta_low,COH__FP2__Fz__beta_high,COH__FP2__Fz__gamma,COH__FP2__F4__delta,COH__FP2__F4__theta,COH__FP2__F4__alpha,COH__FP2__F4__beta_low,COH__FP2__F4__beta_high,COH__FP2__F4__gamma,COH__FP2__F8__delta,COH__FP2__F8__theta,COH__FP2__F8__alpha,COH__FP2__F8__beta_low,COH__FP2__F8__beta_high,COH__FP2__F8__gamma,COH__F7__F3__delta,COH__F7__F3__theta,COH__F7__F3__alpha,COH__F7__F3__beta_low,COH__F7__F3__beta_high,COH__F7__F3__gamma,COH__F7__Fz__delta,COH__F7__Fz__theta,COH__F7__Fz__alpha,COH__F7__Fz__beta_low,COH__F7__Fz__beta_high,COH__F7__Fz__gamma,COH__F7__F4__delta,COH__F7__F4__theta,COH__F7__F4__alpha,COH__F7__F4__beta_low,COH__F7__F4__beta_high,COH__F7__F4__gamma,COH__F7__F8__delta,COH__F7__F8__theta,COH__F7__F8__alpha,COH__F7__F8__beta_low,COH__F7__F8__beta_high,COH__F7__F8__gamma,COH__F3__Fz__delta,COH__F3__Fz__theta,COH__F3__Fz__alpha,COH__F3__Fz__beta_low,COH__F3__Fz__beta_high,COH__F3__Fz__gamma,COH__F3__F4__delta,COH__F3__F4__theta,COH__F3__F4__alpha,COH__F3__F4__beta_low,COH__F3__F4__beta_high,COH__F3__F4__gamma,COH__F3__F8__delta,COH__F3__F8__theta,COH__F3__F8__alpha,COH__F3__F8__beta_low,COH__F3__F8__beta_high,COH__F3__F8__gamma,COH__Fz__F4__delta,COH__Fz__F4__theta,COH__Fz__F4__alpha,COH__Fz__F4__beta_low,COH__Fz__F4__beta_high,COH__Fz__F4__gamma,COH__Fz__F8__delta,COH__Fz__F8__theta,COH__Fz__F8__alpha,COH__Fz__F8__beta_low,COH__Fz__F8__beta_high,COH__Fz__F8__gamma,COH__F4__F8__delta,COH__F4__F8__theta,COH__F4__F8__alpha,COH__F4__F8__beta_low,COH__F4__F8__beta_high,COH__F4__F8__gamma
lin,rest1_vs_type1,0,Rest,Rest1,1,0,0.0014289999999999984,1,2501,268.71313133371376,122.13438673028497,35.48804852202734,18.08010539139327,14.023928796126107,9.573985265391814,214.73383432189198,110.14772987630464,26.81272788252821,16.163268631115102,12.370486787411194,9.42063440917433,178.69661652420177,65.51057759255082,29.49411356703192,17.14524205309727,16.694721540083275,11.634714861171064,121.8008174137071,54.35227573371506,30.859700904272202,18.06420072461611,17.430370410384377,11.684122122208027,106.83044542399094,62.26698851801268,23.625559419631116,17.713843371545323,15.413934172214079,11.154296566373404,188.046164507708,83.74878114804466,21.87287190455437,38.874358142273756,32.24971011152631,28.34423507175471,98.28688400985385,53.910085730768905,11.261135307193642,10.931335051756635,8.403031901510413,10.345640138922674,0.9780077432168959,0.9581980489446518,0.9261080742727457,0.8784134746069714,0.8484496010026502,0.8472647604374056,0.931664895493901,0.8512153412592951,0.7543372773436626,0.8544259835558732,0.7562637075118505,0.7671426661743025,0.9076947583142378,0.8394845615127611,0.7150881979845055,0.7667005257672729,0.745823217504404,0.6892643124050684,0.8764314354307757,0.8004880342451957,0.7229659743334406,0.7540800054882816,0.7834108741583521,0.7426414083163215,0.4355327251561565,0.4280453420116937,0.28238269674757344,0.33028534994433706,0.3180801033086127,0.24840895671672145,0.8327510656624296,0.8053068152089989,0.647517365978402,0.6870549056665556,0.5596530240134254,0.632329070473529,0.8647459037453714,0.7355005106803885,0.6558364852761427,0.7323695737734291,0.5935324286998883,0.5565670362216928,0.8569877722887008,0.7400984118300561,0.6673419245437333,0.7266522353814961,0.6071810971074078,0.6305620454497495,0.8513442950263821,0.7833554349181188,0.7766031971156719,0.8025763981070783,0.7469600118079607,0.7814832587637521,0.40202892920618344,0.41086416669264414,0.2633601059853688,0.35965844010130577,0.3518291594481663,0.3007324591917907,0.9162718307488559,0.8971424870488753,0.7918378423225118,0.8405121746476973,0.7126001373412515,0.7784044264036005,0.9437771351349186,0.898856418466526,0.7575613017263795,0.8136025557136203,0.756391115200638,0.6340540501692067,0.855722349107945,0.7458566825227204,0.594333531535544,0.6766286417035957,0.5968467576198447,0.4791876943100612,0.5298776025901729,0.4377254584764356,0.26050346209906305,0.3981728936511074,0.27922551809229657,0.21541924115079436,0.7039541893807325,0.6068359079513405,0.4410644923770521,0.5864369570584443,0.46664448898392097,0.4605029172038649,0.944514559871081,0.8742939134110335,0.7926185426659169,0.8117565709407868,0.7998824498644491,0.6329387028785016,0.6201763602592613,0.5021275281426137,0.3984845516497609,0.4085079639358546,0.3485302731011549,0.22337582790100008,0.7014429358177768,0.6112036714249163,0.5262355324235828,0.5812565900977023,0.4862531425399578,0.4997835663873918,0.5264003346852599,0.4967991750592231,0.36111659364765286,0.39259838729229557,0.3608511329329366,0.3423777780888628,0.6991151556638995,0.6925507679552783,0.6531094938047722,0.7227339758869835,0.5275342885739189,0.5897814746500532,0.3876968405116262,0.38490871098301843,0.3259675168830781,0.3845316341222183,0.3233892701207478,0.2614208583595867
lin,rest1_vs_type1,0,Rest,Rest1,2,0,5.003688,2502,5002,320.4511246704217,132.4303444312983,40.60914552036993,16.330133373078603,10.130637430133683,4.522135046680978,318.3950309751178,126.79344190694003,41.611310188749364,12.954750807840428,9.290760300671762,4.405984345929225,112.11052149214274,53.348962156427596,25.01737967242965,14.00860719333479,9.244718698847395,5.981473263262355,111.1023123138885,44.892517147255376,26.131583908128608,16.08575819260236,10.074168084446312,5.7876130349798975,135.42122918067807,47.56908528690941,28.853390823657996,16.470579595838053,11.127894288984978,5.398231307270841,144.2616617952264,47.466489794712935,26.143584353696724,15.46074314209487,12.820204425212985,8.916064662368608,152.8753599558422,66.90905099176724,21.250862302071354,7.509239734540125,6.194846369539388,3.9107236272053214,0.9853084584187682,0.949652813457126,0.9329805264329553,0.8562284497338949,0.8467548081772553,0.7490373222370351,0.8345824567944647,0.8276595540647731,0.7166792403545308,0.8129589853593319,0.7072619475118576,0.624501197363953,0.9072151967949845,0.6948521239435499,0.7722419807543757,0.7460593336818284,0.7849486662216848,0.6178961414198646,0.9075236019526111,0.6077317355397274,0.832918129609779,0.7440188792571953,0.7921950568561095,0.5859422855700032,0.9212818284584476,0.6971440371493915,0.5897121743319309,0.5342609661264311,0.5296719829538179,0.24079335219945505,0.9687133601082425,0.7867684176019669,0.7090734937197819,0.5367871339303607,0.49775393575494775,0.5465554046381255,0.7548259668039788,0.7620447217000835,0.5889023414327175,0.674808419270789,0.6230393820528749,0.532732478734123,0.8861458238487403,0.7109723218171474,0.6971038714990258,0.6694681026183597,0.7325764142761868,0.6400344156282601,0.9122521174620845,0.6844226336876694,0.8342417473714411,0.806501078305393,0.7983660289633637,0.7096838137015348,0.9404457916838344,0.8015648008592755,0.6973413974238551,0.6559269070826499,0.6306536072294158,0.4113911054462091,0.9928060058234424,0.8956820040083053,0.8251478843256541,0.7047885802754489,0.6893411385139064,0.6793131113750704,0.8324134355285459,0.7771085944325258,0.7629823231180746,0.7971697319179345,0.7458427468344201,0.5580720086302953,0.7502838323088595,0.5953020513252769,0.5664658845685875,0.7055611192416187,0.6530798117035236,0.48182656487413605,0.7237338371624912,0.6751315000848835,0.41792254645350224,0.4560298757773667,0.4629494733148497,0.23699384609131843,0.7322874624406267,0.6382258773755657,0.47422885108732415,0.4447793843820405,0.36022871712566423,0.4295301396329691,0.9739963434107102,0.8818202637996967,0.8557631491646568,0.8259484047935436,0.828771971473056,0.7166567973818639,0.9530529180839648,0.8074782740512876,0.6044317374893607,0.5007210301855134,0.5400445972768566,0.2527828806294003,0.8801715818682566,0.6452011175766521,0.5417864740937125,0.438724136753231,0.40391808679588725,0.509489493801427,0.9765215458533031,0.7926627291283296,0.6871786423686342,0.6876941367294922,0.6472577366030354,0.31596027287429695,0.9118079487038279,0.6277297539588913,0.6185637311761084,0.5705054078521475,0.5097926822803063,0.4541829018798263,0.9492694987597919,0.796766126872789,0.7402881262333014,0.6527822218844506,0.5328240580851501,0.3729010145788578
lin,rest1_vs_type1,0,Rest,Rest1,3,0,10.006501,5003,7503,19.322030902846862,31.27728253050362,11.61012806527963,9.651109470275193,7.795454301515595,3.8919613864716385,19.944097246845985,26.088231175823584,8.974654273788136,7.347595415103696,6.683997061053549,2.998454553213586,16.32464524186221,20.973045725299198,11.862561955868447,9.360240103760741,6.454126585524277,3.283977639266426,16.179156843967274,22.77852252860514,11.918756208251313,9.985410872199878,7.841817394827369,3.5634718078457657,20.40640278079949,22.96834997646916,10.75609301222946,11.200493790735404,9.090891152324724,3.2846953275383792,16.363542936534074,20.05244493292811,11.721891076599857,9.862576666700862,10.676361881670768,6.013328789435488,18.030913713629108,12.866866607797942,6.972567246290674,5.352623362520046,3.914505535109091,2.0854967547649013,0.8029708213316894,0.800590376656429,0.8144140391311211,0.8505802641633845,0.7629479007872676,0.6484212847596982,0.8683782333491875,0.7741706477279352,0.7915122887682605,0.7733080752348712,0.7250246091253137,0.4979721419712263,0.8017132351397519,0.8327111613894531,0.7601061568666247,0.7191917286428235,0.6681489732601029,0.4471675412902258,0.7314808385160697,0.7800159524573718,0.7451952469899339,0.7722295664037715,0.7014415389271564,0.555213270227,0.4362440519741034,0.6151916077227659,0.4359342950014543,0.4138981968041865,0.39000933925357495,0.2787300623052572,0.5714532630950976,0.4700252180542911,0.5634036969036821,0.6023507352609941,0.42842442387602997,0.3510519347209795,0.5884680593531397,0.5816758907094602,0.5748205751114707,0.7072492720419327,0.6182374889505478,0.4362094487066455,0.6077838689828566,0.6685380617294048,0.6223217498416973,0.6399676165103706,0.6538851141115126,0.3518488616885745,0.7776588368060589,0.8409864603154431,0.8059247150483408,0.8064949181351135,0.7375887899822066,0.6283767901703802,0.6895033395070794,0.8301622663169617,0.670981327441481,0.566299497488859,0.4612438996785639,0.3936191543389004,0.8310306106898642,0.7666411468752323,0.7874171171502417,0.741161495048453,0.6016203374508416,0.5738924022844647,0.8486976222957162,0.8873323793111395,0.797655610409275,0.7840612953099487,0.7387014364459096,0.5500720819810653,0.6034602992008425,0.6783058792965924,0.5734459634957404,0.6730492558413738,0.681521818574774,0.4384606789645605,0.2591843361481894,0.4964303231465144,0.4050431118262615,0.3773482064358088,0.354894414235483,0.24608649813263916,0.43717528562362507,0.3517743902770669,0.394825645392262,0.5165081425521455,0.4287472296178194,0.26088071219775916,0.8240122735449349,0.8071223291742242,0.7683918949176209,0.7395463995910949,0.7826392696057114,0.4982195158469572,0.37143929324785807,0.5778173212653246,0.47818533347969777,0.3333160230874594,0.39705796228261286,0.221682563068151,0.5154738805411928,0.43083484137642725,0.4402612400252971,0.4489571209145265,0.4127712239717751,0.2582202533002845,0.6136099622716512,0.7367375610118082,0.6423530471377125,0.5150864626058497,0.4520935937978354,0.3603940107609808,0.7085946132135089,0.5780743476841311,0.6557896328074205,0.5987936204458445,0.4903696113020867,0.46971356969854905,0.762829567651588,0.792249293061756,0.727524952743599,0.4748254743269805,0.44883353487584976,0.4381383772924413
lin,rest1_vs_type1,0,Rest,Rest1,4,0,15.028737000000001,7514,10014,22.201800454650563,23.0655568817322,29.031644634836983,10.814824170042431,8.354921397069,3.80791121964641,19.917960111923527,23.777452265688698,28.567634464937143,10.177288277128111,8.790221164153861,3.614792517176391,17.44220367813273,15.72797105882741,26.116067949750125,11.796267851061822,6.787403539219269,3.315915791323147,20.8608358810639,24.436445709783463,43.68762971298047,16.60323499805715,8.764405589456533,3.9850900076999487,22.291395346607732,28.69079464065561,40.966456924258885,14.143423648835016,10.49217081286321,4.4562040639058464,19.790708711728083,16.39194718288139,39.2300089562534,12.464621524198094,12.049640646900146,5.603284134876782,13.376508206874664,9.625236369592077,21.383178982340556,8.091696986367253,6.384168375158589,2.8772697333086126,0.7618620585392852,0.879996594366321,0.8665991236378503,0.8386465683105875,0.8035471846062171,0.6951862562024468,0.8722780031720531,0.700626756872332,0.8210908491609775,0.830632005651714,0.7519661955228606,0.5347556793878919,0.7208193411554805,0.7607352498123721,0.761878978626292,0.7990710280975082,0.6463058410199496,0.540501466050271,0.7176323824242722,0.7724803091530903,0.7690710200211083,0.8204708131256174,0.6556407728884068,0.5314716309601727,0.5749952450519012,0.6938091598883543,0.5947583515415684,0.677196566510775,0.5603584734876926,0.39015855800046917,0.6332514508958714,0.5600215062227153,0.6761504613078987,0.5465862512231543,0.5134004387264344,0.40469367055446953,0.4919515328801945,0.5547579801649567,0.6988088253499283,0.617372217542262,0.609183569849416,0.43443694857808485,0.5369891919336678,0.5901979706910567,0.6787703274920175,0.6622697132605364,0.5957618412942425,0.46482826594524,0.6045928609692766,0.6964265340473709,0.8485560740004677,0.8273927759925963,0.7364775261499291,0.6308224271858158,0.6674656383613166,0.757318401255342,0.7681917353327744,0.8335454525265666,0.7431466176065642,0.46972653133754233,0.8231233452017676,0.71386140056084,0.8265711249325431,0.7723294727711817,0.6915998231195866,0.5505848936687638,0.8314855456676596,0.8200936816697673,0.8358624766402982,0.7914326340604431,0.6578273407085915,0.5179992350485906,0.7378678008293081,0.6139237431976825,0.7117376057731605,0.6798792524536068,0.5436412480769164,0.4131090136049323,0.48836720118090454,0.5300079146294786,0.5950095677625441,0.5064396252615117,0.46138258969184787,0.36472271907277104,0.3788756675549269,0.4168787031588078,0.6150016410432392,0.39794523777717483,0.39483058166539264,0.3583933120980547,0.9441738749057041,0.8181728943415365,0.8355273275314573,0.8114154421758292,0.7328154986386001,0.5204154183978913,0.7561859202177964,0.6947954395812512,0.6851672971919902,0.6196406130403734,0.5190310595357686,0.3928390701705317,0.45353650754959957,0.4473598634994419,0.6553419875430774,0.4763853853408337,0.4238886680267425,0.31010689607078507,0.8232224246388907,0.7758639272440301,0.8073537001107478,0.8167527020821445,0.6255964786789432,0.4516044276126561,0.5457454090061491,0.5187275947908645,0.7477712750348046,0.6534958828025904,0.5996826781325667,0.3609420038693243,0.7397797723271099,0.7025013858228428,0.7866190169301019,0.7680230718439688,0.6461220748341004,0.4187560659447964
lin,rest1_vs_type1,0,Rest,Rest1,5,0,20.052668999999998,10026,12526,98.06401850688434,58.88882969164511,21.236063115258563,8.532274284578413,4.818356061699027,4.20071178327059,90.4924403784857,57.02064768423736,23.02035794290651,10.201544579441014,5.7026481833221645,3.862046663410629,41.67081008650461,33.35229114085208,16.101281524927636,5.745764006551584,5.580993331551919,4.450684696247274,29.962141744655913,27.132487043640797,24.440101453471932,9.608124637626375,8.999813595342848,8.078251249693384,33.45054571919078,35.41303374645958,35.971339364465024,8.854411299803996,7.298259290653473,5.37252723970995,33.84438370885471,30.705823852199273,31.283386637945043,11.030779500973459,7.186960333266081,5.855263438256293,41.191761974600155,21.098196234631992,17.382544862952663,6.428308033128068,4.020497621331034,2.575050834551737,0.9673403499915456,0.9624848437335369,0.8902161035189936,0.7963311000269907,0.6912985373842799,0.782777268645298,0.9561292607703321,0.8910769615523518,0.8401087878003006,0.6889071908357396,0.6632416587506733,0.7368364498654764,0.867796472638409,0.8503897481734851,0.7969971043414615,0.745589827190822,0.46439788194236853,0.4234019536363621,0.8573147540337113,0.682054456121707,0.7820327755317676,0.787881084520082,0.6565201040430538,0.7200758697195275,0.8264755799268325,0.6176679541345111,0.6394693727809901,0.5317579216517421,0.34935330951410476,0.41953956606405457,0.9195990726881619,0.7484941091487956,0.6051125397462315,0.49102383409767814,0.38207656317529903,0.4984415860958622,0.9161900516805624,0.8167523054935208,0.6562751359667354,0.48181235089229224,0.4293167149475086,0.5759720824589631,0.7947542651729024,0.8098031034947303,0.7376461159646371,0.5274134135702225,0.34418755955666713,0.3919953618823566,0.7966813071480651,0.7101815320729595,0.8341313998535677,0.7957227940101955,0.6829350792110461,0.7580751803048876,0.8793870438672915,0.6697328611702478,0.7811421106276382,0.7188302523375975,0.4973486011146928,0.49939440768554477,0.9507853662089017,0.7937255356897429,0.7594780737610389,0.7241608194576568,0.5625048888191848,0.6193571017526323,0.9185951030272053,0.9054349521818108,0.7723854309479045,0.6357439090972239,0.47984872970219217,0.3767989582590644,0.8908898102068047,0.7025376929325022,0.5909648805435268,0.5235351232541036,0.47515805976231046,0.5290660523815167,0.8515939241763255,0.6010022454703299,0.49515921247973216,0.3530161380465576,0.23312557817642543,0.32061444222195035,0.8766928816768532,0.6606052831757068,0.43274174973708723,0.3506552313923067,0.2418363456012183,0.3429632480048406,0.9175613641894101,0.8351981183312112,0.8214407543203386,0.6829450362828932,0.45410149762547103,0.4681079897351513,0.7767986163335899,0.6679458755590649,0.638698537772878,0.4098508032555421,0.2839879557926769,0.2761421118222486,0.7747373160568299,0.6504823911507562,0.5458057410927567,0.3154213097372794,0.290652214547408,0.27291853527108345,0.8422544691233161,0.8220694684503629,0.7519819227420824,0.6280693870746683,0.5142971814603368,0.48460667497435533,0.7744806193038594,0.6364009883848968,0.562745047442659,0.5455284844916753,0.33962842670384685,0.5164524168205684,0.8997930399634405,0.8019320917912655,0.7588335671360117,0.6392675994081433,0.5265914306511998,0.4310329502075933
lin,rest1_vs_type1,0,Rest,Rest1,6,0,25.059896000000002,12530,15030,18.74250686853488,17.159109789640638,29.221185736481786,7.17006375930781,6.532011312598719,3.8635147125520244,20.09155370331868,18.17173921666629,25.32316811843429,8.72305354417372,6.034270314372032,3.458023076594804,14.649333870682947,18.322460139179046,25.39371184979705,6.136272629374319,6.958780899245204,4.196362570223269,20.13371925400077,28.715394411245803,35.852974555348624,8.471679853161929,10.550059192803547,6.363852451160224,23.909458816373032,31.462797468970052,36.938512396337075,10.024334756627095,10.538658894294867,4.678058743769777,18.590682300202246,28.766440116376092,26.97761259110521,9.149960368027399,8.145124483046144,5.315194764774641,9.534981858418268,15.371261345912167,14.98440416993901,7.037971670221418,4.347944661614561,2.1153090694615373,0.8688733622126247,0.8075222352213565,0.8603758688096871,0.8384032172425939,0.8058923436847923,0.8074033151587076,0.8391519458949473,0.7156179232877061,0.7589567668383904,0.820379731885532,0.7369815848274787,0.8346735107029303,0.9354406210775418,0.7818017300477896,0.8124808055399658,0.7393373342668443,0.6571773594474543,0.5972381059806963,0.9165196970881794,0.7874899086188855,0.8915560259844021,0.8250583973152542,0.7312806106172831,0.6892958026938489,0.8362091850253649,0.6129304335704463,0.7166908203784332,0.6346727123080258,0.5866347656275339,0.5487976290343681,0.5829920143209054,0.49810596756428754,0.5226815346979138,0.5306707177503236,0.4761337993923448,0.5697126489963783,0.64036972080969,0.5231176653493399,0.5693303414128227,0.6351623819184304,0.5343849909539492,0.711250526502431,0.80051030305038,0.5660915391436726,0.6154023308525065,0.5584132565417187,0.5415975414052691,0.500677850598004,0.8952702719899569,0.7985002701326354,0.8382224389886461,0.7195358267539699,0.7178878075788476,0.7010000091498079,0.9280276069888339,0.8188059226817183,0.8556635211773678,0.7296651980026788,0.7002373617768967,0.6089428693293555,0.8230322200997692,0.7888839035797662,0.7075338367855114,0.7616664608941106,0.6866968794084755,0.7386072702734989,0.8328063286059256,0.8703512925783281,0.874956651587409,0.7678114180580323,0.6989686570217695,0.6907814295203897,0.7059358641221424,0.6264931285588073,0.6791406579396551,0.6552668185656453,0.573313700436616,0.6294522362021816,0.6648419380819047,0.5171367728822063,0.5451142217740996,0.502365031793177,0.46350960352796855,0.5043658654028617,0.4612375143068759,0.42137825281942437,0.4368629671626989,0.38876311832093874,0.413452906293184,0.5190641580419915,0.9157871118475734,0.7819910494295047,0.8254008540670512,0.754933558031005,0.6602850385645201,0.637580964312207,0.8065236420282256,0.5875758880396518,0.598676287433611,0.5029848664443662,0.5526232073260356,0.4738549142981414,0.5237645329569169,0.36557629262705676,0.42702807706789747,0.35416050148712086,0.36580490444432956,0.3642624605556728,0.8613704388047033,0.8164392880179164,0.7688427068578303,0.7099086202134224,0.6908600430605272,0.6408357595708554,0.6059022944273021,0.5525317953082279,0.5527903111307456,0.48320379490473275,0.44411133911991285,0.5526673834466561,0.813216875270375,0.7838102329008935,0.7567974004495663,0.6982842438723057,0.5989887253948499,0.5228073237552524
lin,rest1_vs_type1,0,Rest,Rest1,7,0,30.069778999999997,15035,17535,7.255592564360938,34.57135252322541,36.57010463408888,8.714412725053744,8.18547832140235,4.668558072485831,6.1979828279539255,30.64474348515199,34.2384702117149,8.773667977615036,6.343097404769685,4.337779340488865,6.52044485365327,21.453544462898197,29.645466927760346,9.634383169074082,8.78658555149796,5.3544926710851675,7.501762302547062,38.322557472098204,41.727501958821215,10.413490180945237,9.238374660302421,6.510054342722577,8.042478541870501,40.72250546268075,48.27042925496592,12.019139060094522,8.30044468083111,5.665196332352696,6.191226976067295,30.023315115847915,38.32505362653489,11.404308734961045,7.425069890818238,6.3180497560106526,4.752534443865288,14.767282766096859,23.537525451608072,5.092390922043962,3.2690034879414527,3.038863573131752,0.8578257988546065,0.8880727786713667,0.9392605869320854,0.8533133692384963,0.6675271962194986,0.8302117599715431,0.5285438411856603,0.681419249729591,0.8472887028794848,0.7433648989310205,0.7287292505622844,0.7278403004688212,0.8748124679217285,0.7399904087295328,0.8469206180912249,0.6782229026368324,0.7481732896097534,0.6847296947924736,0.8481406427996813,0.805969326234345,0.9096237862809607,0.7918023397948266,0.7457924359683961,0.6560678461368393,0.8238470824748236,0.7448857468393542,0.723725563179324,0.5209437543953798,0.4333529050915345,0.5331765074755673,0.37593501991342876,0.6398114468869791,0.7101556255024223,0.5594664670427839,0.4016658446142339,0.5880829109671892,0.29237846562943626,0.5634853379682134,0.7303867026381756,0.5933223784731071,0.45573394169683307,0.599369970266694,0.72793252833754,0.6062085145568584,0.7744755005509865,0.6275411996419288,0.48770722769741476,0.6564745035558561,0.8333644647312077,0.7061977172731203,0.9055570581425177,0.8574796272201333,0.7540540763180317,0.6437233671823275,0.8234227826408352,0.8630567753564424,0.8326019574829917,0.7041362860839067,0.6034377238592941,0.6444887784287255,0.4544820953841778,0.7813994710063605,0.8358087332600587,0.7501437343510339,0.6035019649781093,0.7173815901120588,0.5492415404152614,0.7945447743441632,0.8852250341576958,0.7397542975975495,0.7766338576934162,0.6540552360027353,0.3438926949274394,0.6263376557755387,0.7799141201870938,0.5771358490222049,0.5548066662232024,0.6144559440628847,0.3663731916935696,0.5374834656810014,0.5735366461341,0.3766061068592927,0.34162785856994216,0.4712159034476024,0.22545338448507116,0.42913859142362537,0.5175692325449516,0.4070326012710213,0.38979402186371176,0.46379487333896197,0.8555771940830802,0.8125543322726276,0.897297943752364,0.7410346044504722,0.674788797106056,0.6831938842609179,0.744284243053691,0.6686944709934514,0.6823127776188909,0.5264695032690282,0.39186573250207124,0.5473743369076893,0.3197997319441041,0.4734150389188286,0.5999285754737165,0.4029613671669003,0.3650265706196908,0.5293498834948894,0.8289434946325344,0.7645827454146756,0.8136748459009817,0.7538954286415308,0.5109772679255858,0.5416035057799778,0.3672691028794112,0.5056389412585279,0.7374463071118676,0.6061429095047949,0.4609950782463497,0.530556923472611,0.6309939013655381,0.7705088588076492,0.8865578390771232,0.6878399476702806,0.5269522857337856,0.5988249886399247
lin,rest1_vs_type1,0,Rest,Rest1,8,0,35.070532,17535,20035,9.289010479683284,27.524059292501143,22.644532444015365,7.211536923828257,5.784213611692218,3.6346033937396416,9.983056038130735,23.590166552931287,21.162145521677918,6.940014700075879,6.3330502214913444,3.66873759967375,6.165718913636371,19.633006526807947,19.423464591702448,7.490141701553029,6.335693796613671,4.731514450041866,9.25545784889786,29.119254982124318,35.38944919995286,8.748897927841243,6.637530407351161,4.233538368980666,11.204467192548805,32.69887001055255,38.25992619453817,9.82703870101232,8.456206646227606,3.8127049385824185,9.556002229929055,26.141780636839716,35.69183919416558,8.35912724968435,9.375247931197158,6.116706550418863,7.033561969138988,10.41132122818584,13.030716185824815,3.853144896962746,3.8088629706516697,2.475978872133792,0.9490964023209442,0.8004107927348083,0.9059216704994334,0.8001144817702539,0.6757266690899633,0.7577925869651525,0.7781051722913342,0.8340548844592638,0.7832428310163447,0.8017299865939307,0.6363759467248687,0.7368733300039167,0.8392687226589697,0.8445000635181563,0.712392211932906,0.709894768122342,0.5670252315131512,0.6711906616473219,0.7982792845759077,0.8089401796379563,0.7877783919501381,0.7380342825201643,0.627652427060387,0.6820465240676125,0.8045844335651183,0.6161265014999913,0.5813529509984965,0.4309135456564876,0.3127940168223102,0.2172109373529387,0.6164988034662191,0.4191060467185609,0.5564519232419813,0.41115329341612966,0.38058201016151993,0.5625605577065176,0.7324552111962709,0.5081471952053426,0.5997311618051933,0.6048713504237411,0.3767150842464701,0.5528175558278904,0.7447745669954041,0.607084174704208,0.6478808635341564,0.6113643760728104,0.4431319385106681,0.5184116748728002,0.7482444472607618,0.800661137107455,0.8188285790595835,0.733277547853205,0.7077908934076821,0.6737392569214791,0.8071439777759496,0.821266119049353,0.6870920391302292,0.5153598779531737,0.5652834919151111,0.3048207376830678,0.7066147853663219,0.7155645415346966,0.7432594181434127,0.6266263734200682,0.6269479083166191,0.6310471119341206,0.7658298459071323,0.8819445877454556,0.762714012247738,0.7096879019887848,0.5966162311279813,0.711666724493085,0.6206282083860343,0.6610326695488259,0.6329624466111141,0.6145403876151352,0.3926615149434481,0.5827559900426399,0.6815949848918631,0.4469360106364585,0.4309331381233788,0.37983529900518065,0.24375976013594558,0.19307726609254336,0.6102243479676551,0.22991069749598586,0.3624129843172169,0.33424832353925965,0.2585435986846501,0.4461673026790739,0.8602982884886777,0.7966828211392687,0.8557105183363376,0.8372842656437254,0.5966024366657854,0.5982430771329191,0.8375429647555489,0.5840973968656267,0.7042849416766409,0.579974415089527,0.3295957720952459,0.2170220477106077,0.4258248183370477,0.30762455155704466,0.5224817198604319,0.391071743725368,0.2919433996515661,0.39173081579007213,0.8498744622647235,0.8020221679289186,0.8101656346205628,0.6568106516397922,0.49036579378160383,0.29755069712697896,0.4275840705580194,0.5011840547269697,0.6994633044994001,0.4676814572840372,0.4507552872348547,0.5114513407503335,0.5252525722418466,0.8014778357129612,0.8593016024764328,0.5323875714322244,0.465321947794428,0.2599543312453922
lin,rest1_vs_type1,0,Rest,Rest1,9,0,40.100638,20050,22550,11.717148412676316,26.577716586583907,26.464337687966136,9.136259470283674,7.40707787816534,4.726228345277448,15.94903014333984,21.029597265093514,29.49596321854207,9.060366841304484,8.166607750370972,4.367697804426847,8.076605598106648,23.542575527283677,17.782744722835968,9.367252406648138,6.067986857200382,4.890206163333089,10.242078083791242,32.80090804871014,27.630100052607283,11.046103274968509,7.9579595280710675,4.995614333622636,20.130606332040987,37.654236332296946,35.84860960027186,11.286728150888479,9.3696166633763,5.917096345477257,19.55691962889645,19.468789915419254,37.240453565511764,10.82033726720988,10.50411505056116,8.234678731359324,16.0417086029856,10.593383021032771,22.075588432922306,5.975509635417855,5.918121168685056,3.1165738531209857,0.7175199006091758,0.829741361628612,0.8554640887648919,0.8026583655200589,0.7082381364334238,0.713995877545776,0.6690951965751406,0.8743142004039488,0.6319116359924798,0.7006001440612329,0.7008627036972417,0.7188430278566798,0.666703818770126,0.8794607792223408,0.7337118076984736,0.7233553604514986,0.7251899332809255,0.7096245131293346,0.5133147234126301,0.7652897319573055,0.8080049886775994,0.7554567416780228,0.7114812880182324,0.6833581832113116,0.6017311904208822,0.6229917613193279,0.6032547492836107,0.5464885856293515,0.4062878689271203,0.47056380118409785,0.5881710213143581,0.5223777673410865,0.6683550362761139,0.6070394213580589,0.47202109268032205,0.5376725779657645,0.30533099350269644,0.7170562539437836,0.41909289058054267,0.41756213650663637,0.4459030364886069,0.48363929601460065,0.5170882171534705,0.793825265931916,0.5437854625466416,0.611229389572569,0.506714741600444,0.567602787285128,0.637952447900592,0.794209340025583,0.7586110632964459,0.8030030459532594,0.6412519658288113,0.7184610268756668,0.9100049767831463,0.7635344323815794,0.7408558481635324,0.6575492056575885,0.5660747484298593,0.4929689895894249,0.9305567845429975,0.7891051713123182,0.8110863093640562,0.7320175330505914,0.6647045877153704,0.648895741566518,0.5183882599598365,0.8063165021859304,0.7470493868872432,0.7399864177951081,0.6978287617980785,0.5973110101606253,0.32926613798250187,0.6684998901983809,0.5213057197669261,0.4607281276363527,0.5496142216498787,0.5438665667485518,0.2390730589106339,0.5901631115423825,0.30975568825430644,0.32939565478459765,0.35366928685221494,0.3853291329012491,0.2828251463207401,0.48144271810700523,0.3001169906086886,0.36540843472560985,0.3226720239430563,0.38428267121092563,0.7378270036176403,0.8997643547814257,0.805011642042437,0.7686767636406192,0.7418369602018352,0.6406938907902782,0.5460334569449815,0.7421751213835835,0.4896878331433019,0.5208615817149747,0.3395858211712613,0.41294863100282664,0.49107755184971597,0.5660507819453403,0.39068153748363815,0.4813163445169895,0.417629394958293,0.427297245830737,0.7429783216463245,0.8303696342331508,0.7769130615615786,0.6413723511037107,0.44715961954527056,0.6239730636433353,0.7222545289779229,0.596352003469456,0.6488023920864265,0.6284322642108998,0.4814747060356255,0.5628499490066925,0.9401957786027596,0.7454073503073315,0.7980644493853971,0.6739691224341682,0.6132907630892361,0.5263715703002702
lin,rest1_vs_type1,0,Rest,Rest1,10,0,45.102142,22551,25051,12.785231771342644,31.55759541423103,35.542775732304165,7.578176675523953,8.32686310425343,3.8973844391923422,15.827044821715976,27.375795753975908,32.42545749524012,8.940121763213105,7.559701944672545,4.85783343080856,9.49508280321735,27.402135095806898,25.30073870593586,7.0133605276255455,7.985488620238426,4.090571270389661,14.198716217784868,35.3008533732071,34.352596830526714,8.039662902599414,8.394708416291937,3.944594654366295,18.301051551183257,35.06815072604237,40.49448157469545,9.591363688603275,8.547906674774367,4.275248837038995,17.763608702184474,24.40332565065846,30.621189928354113,11.39189552842683,7.595213180881651,7.073419746125375,9.278828440427468,13.11591675688617,17.031205262379842,7.258415125157976,4.1360415529100925,2.4403283004296976,0.9498867451846945,0.8409194784791837,0.9040137900561336,0.8182316678066365,0.7903773402270744,0.7779683127991261,0.7973924145867568,0.7913650638400982,0.7508622570052935,0.727668557658986,0.7149374310253963,0.5842081933994926,0.9213860933892257,0.8289114123250191,0.6494818319834812,0.8187791616246515,0.7185407322988094,0.6817122598399435,0.7935402759194421,0.8331841026797571,0.7814471374424139,0.8145912624262218,0.7547605982890359,0.7265169616505197,0.783072855209304,0.7294205595179561,0.5685478334862245,0.56239671852748,0.45358425170712896,0.42683402443290014,0.7974611572826751,0.670665794329415,0.49685521715256764,0.5250623055660958,0.47905851965691115,0.5406555027112075,0.7110836980021863,0.5279883614670008,0.6035022825907257,0.5226502551858777,0.44721963120897257,0.5024096281976661,0.9361817887876626,0.6568178802208585,0.576111088655644,0.6753638810079977,0.5334910644651044,0.5910264345660681,0.8796782165240451,0.8614266984116207,0.7894034003246749,0.8103511937546831,0.7256567813760191,0.7224045135446441,0.8445993894069025,0.8903951430440971,0.6908283021207903,0.6863652445073783,0.567065259704362,0.43485596668519694,0.8447869179350938,0.8383328051586083,0.6638318263242133,0.788319416502857,0.6429005837186654,0.6360617862635901,0.8341730682917139,0.8848170412150069,0.7512594567745172,0.7193120876455616,0.6389300992469529,0.5371125289392196,0.5266905534198728,0.6494649502842686,0.6743786222581228,0.6157305954027957,0.5324549657850031,0.4806267409984962,0.4874249650494808,0.505959196253597,0.43927637345858733,0.46812216977082943,0.28144058709656783,0.30074296475330703,0.6303231914006204,0.42188845038379713,0.34705925025050927,0.2827330463108362,0.28116914133032794,0.4003675195546142,0.8332959385746319,0.8272523026335277,0.8463435125689693,0.8050218578461523,0.7632211191601423,0.697420862135174,0.7864058042820684,0.6571400498472377,0.5938014835702943,0.5865305032017208,0.3919315319697726,0.39906228670958044,0.8564215930794111,0.5574662901013921,0.41037418351200483,0.4388675155497244,0.3632021499179735,0.3776667114077824,0.8805755949084465,0.8667990203462964,0.7471649605967956,0.7314619934539854,0.5553433301328375,0.532046108293072,0.7916363309079172,0.7124867909224953,0.5521144832732261,0.5724531426529785,0.4876965851273429,0.5959224291320876,0.8454841006765141,0.8674220546309938,0.82718445747495,0.634202356306367,0.5682340236142776,0.46970856907829683
lin,rest1_vs_type1,0,Rest,Rest1,11,0,50.107744000000004,25054,27554,16.620940183634595,21.65755909029319,20.44968466825751,6.325968595679428,4.578018875586514,3.719764682520554,16.137338215058858,21.992570561450734,19.44111313315107,6.395560449629757,7.644320422753443,3.8607364858512616,15.482363432231004,16.25860649009404,18.369467741739754,6.672108411696303,5.800274270414554,4.790032195525596,18.10801244147547,21.28192401675523,28.11138924237136,7.701968693113454,5.965910829986971,3.920092543477127,18.66232079874715,26.788242760629185,33.196949371102164,8.879549392038301,6.826468154340178,4.506730420214204,23.351960969574616,22.083165094551124,35.2062309598747,11.23304698476573,10.756349269249819,9.923987661761936,13.928204269173419,12.149740363741195,15.689500170144877,4.021260796258103,5.312536309993223,2.4512080295119008,0.7484717283950232,0.8649002397616028,0.8337579682081108,0.769186239558206,0.7222474566733948,0.7268288005717604,0.7743704321327867,0.6477327598842495,0.7780607562620622,0.7588829460968111,0.5656652400410073,0.5607841451909109,0.7551419234854219,0.7938786979116714,0.8579163139036268,0.8179773065450892,0.6928925957213927,0.7675081814674445,0.7524926116069488,0.8486690949168637,0.8720300331933132,0.7459918641685688,0.706305387213357,0.7807875627169782,0.7143586073274758,0.6816495690485518,0.5788720859239047,0.4597126305064208,0.37772348245202386,0.3379082993262644,0.7339182950651354,0.6869751257277469,0.508518715085594,0.4291602873864243,0.5186795533703211,0.575527927346009,0.4730847269730682,0.5204413176772477,0.5449092091190593,0.48597499984635617,0.3200728265829444,0.4200981817975189,0.5259105247292073,0.7189209867105495,0.6820937585427658,0.6965566421352978,0.4465244940951113,0.5931442602834402,0.7940498938639663,0.7992121892475231,0.8389602334679644,0.7770008640727362,0.666377146127741,0.6594050517603928,0.8192921536150001,0.7625948443098186,0.7504246716054672,0.6168573811775914,0.433376846196062,0.36485223946818657,0.9033463662567233,0.8054951681981837,0.7548824374316309,0.6647297045897531,0.6179643165931388,0.5730245767939978,0.9030389411295111,0.7744332379050954,0.8543701495185234,0.7024237343745884,0.6879398748535948,0.5406097373455879,0.6209873056333431,0.6410817035955019,0.6655447858721603,0.48458043335840034,0.35059929931576445,0.5584755458856369,0.5564573557033706,0.5011543347541385,0.3769832031071386,0.28398839705641366,0.2048685316599698,0.2446381920940481,0.515868235802243,0.480854368321732,0.2829209475185085,0.28449476580152294,0.3077803054457427,0.33998619795284063,0.7804221494949917,0.9121317577962527,0.8572047213549385,0.7999560367976583,0.6416698664462646,0.7069312588020193,0.6902786266200248,0.6835225666956862,0.5954008456509745,0.45867021379748113,0.30110531474997687,0.271381548283032,0.6018940855179932,0.666327260705637,0.4794537907157263,0.4534281241391982,0.4425182567910628,0.49700108721592373,0.9040009336928249,0.7919562029539899,0.7642154590877774,0.5913780679777394,0.4984993322046242,0.3741526998578067,0.844894955587327,0.6786649263376328,0.654402383935323,0.5536933575820029,0.5289265544226727,0.5749324912941266,0.8252273862717949,0.768652465684444,0.8847725839254709,0.5708377135119197,0.4352914762412653,0.3548786511602169
lin,rest1_vs_type1,0,Rest,Rest1,12,0,55.135381,27568,30068,16.67649128905004,19.356785680153816,24.325958282082297,7.314572204151916,5.642671839676276,4.091736806574244,19.733162195621727,17.01870174412248,20.78677626825277,6.921922008223912,5.570768415540054,4.092798250765528,12.161245997390823,17.376393234518556,21.26603636558826,10.573029197065424,8.625744961876967,8.760003753583582,13.912328844222902,18.895419319387788,25.371308036011897,8.988069885026654,5.683675202830374,4.231667882723945,18.980350418854286,26.505314413131913,34.48869180681108,8.440608419940466,6.745756879165718,4.546770864997008,25.19883570927169,22.454735519571578,30.80352410416222,10.16731746359351,10.066891844882399,12.756203458283093,16.205221149064414,10.758950509876279,11.2693732306658,4.410989789316858,4.2925770050394645,3.5898007203243156,0.8916399056317897,0.7712072352857876,0.8740814819235112,0.7841223133943407,0.6404068546424748,0.7487715454420403,0.7682498140035632,0.7274907049004049,0.6886910492175271,0.6991469127825424,0.39351820065408194,0.2439828996661885,0.8974639589393952,0.8053011449982622,0.7923305723263996,0.826931602192,0.6878629602572202,0.7045345296568349,0.7335162647615454,0.6059191748131708,0.8377877917393018,0.8252948293115914,0.5979744361981554,0.6840259618844909,0.7009445252617746,0.4322588789513433,0.5040599315836845,0.4290574281338865,0.26650691083926203,0.20290836438519347,0.7632925000378603,0.37317014070973814,0.4943468544179906,0.5205667359377861,0.43672303599991624,0.592456153212451,0.5542912925806226,0.5551146042351046,0.5215242694281275,0.49772257071601494,0.23710088339234484,0.14004049689834172,0.8485889697690995,0.7438311689664128,0.6984832633466139,0.6658375677808778,0.4627047395506856,0.5520546965826243,0.8745818449549664,0.7487651133911692,0.8476476895743443,0.793349181397228,0.5788670887792934,0.6249223310861604,0.8799229984481686,0.6530513710098722,0.6058198663269656,0.5169280739180502,0.3006151260645514,0.20485091973776542,0.9381339981190061,0.5872225432144416,0.7221198947971751,0.737321093471269,0.6614477434541658,0.6442486320117308,0.684602315200865,0.642782428182068,0.7604933066927121,0.6746961088200746,0.41803711948519895,0.2856964045673513,0.49792640565119967,0.4372515218644375,0.5700305902988094,0.5310229937722418,0.26990347588862035,0.2249480635372491,0.4100752898421865,0.4075811166245129,0.30388645877721754,0.31456023989457843,0.1854759746568429,0.24334783544883615,0.42801670615884113,0.37130899754805824,0.27420694461896455,0.33398640829163856,0.3088051152646844,0.17446208465482999,0.8378688642659059,0.7821535976516661,0.858797722781593,0.814075462151223,0.6522347197595815,0.6593728310313892,0.7789298490510858,0.5317524754232823,0.39089719777805787,0.4688022357572457,0.20561927038599634,0.18496818358097494,0.7686847686291505,0.40289668750292357,0.4438874431229811,0.38684344851865304,0.3980918133436574,0.4830422751854379,0.9196585314409725,0.7225099418584362,0.5698842328293179,0.5389499229180422,0.34223458997407086,0.1881013146972331,0.858383078570362,0.47472672478320765,0.5827538638020368,0.5961726376047168,0.5080511651815554,0.5528554509988991,0.9267567252709905,0.7246644810431179,0.6403047061957616,0.5176389388980244,0.3564402174325553,0.3320184462857531
lin,rest1_vs_type1,0,Rest,Rest1,13,0,60.155821,30078,32578,102.74482288138108,54.86952100636111,24.758615199419392,12.185804465745731,7.11287835020496,4.296272605076406,86.21448815757107,46.17460757857187,22.064824136268836,8.898756530226342,8.2068423772208,3.995866894066631,45.883013992996474,29.161201917085748,31.70517907159949,17.320070301005458,14.459935310833615,11.757743870901885,34.45428454418061,32.048872280182096,29.892541985617427,13.2536563801119,7.588245316497604,4.90535372655397,38.86983137359671,35.75375262853805,32.158938216810675,10.66301477391692,9.180936801490498,5.052290495290649,34.65269457776248,28.035274970700446,20.245275066479586,11.548004447886576,10.946414253848552,7.464131456869755,42.943969046262744,22.69262042817723,12.710467354843162,4.899565663019467,5.3275004101974,3.2529913902912075,0.7150550970740749,0.9215504677980187,0.8751686727176853,0.8341638755514006,0.8299289304705194,0.814635517794381,0.8826949478368377,0.7176540501843824,0.6139899274611279,0.621258096096264,0.3910276465733776,0.19286494614232189,0.8054710653056981,0.809553767311811,0.8724427142980336,0.8640678641885227,0.761391684339064,0.7345735606927182,0.6157822387185438,0.6826496769163231,0.8362845620758381,0.8449992167405049,0.712981006942772,0.7184574018564339,0.5226371766250529,0.6547521724418098,0.617580404672182,0.47502725580667243,0.48550528209586147,0.4474778256488381,0.6913517813022714,0.6707611571380974,0.5642114725168096,0.5314736889654067,0.5270207807340757,0.6580958340331171,0.5939495560637835,0.5837574329357585,0.5075909790691113,0.48682932700354503,0.2970347971909517,0.14678893961250758,0.6769759723086608,0.6868533714171219,0.7853461101415934,0.6841972717511302,0.6763335581144708,0.5931633468776333,0.6192067746770644,0.725239677572844,0.8739901778179859,0.8413326917431542,0.7176792251611156,0.7034633413660168,0.8082861996289604,0.7714050821074423,0.7576033461235369,0.6811434237236101,0.5653873890273421,0.5160244951753097,0.6911137553156473,0.8279228965785287,0.7703107025457081,0.7407909924510114,0.6678327682560109,0.7630968982431044,0.6440712387066786,0.7975770120855944,0.7070410117896394,0.5976062906663097,0.4487433217249689,0.2117520583868727,0.4603919882242316,0.5346630438537012,0.5632716781701038,0.5911258018982108,0.3963452406743808,0.1282523922820346,0.4877899035482309,0.5047086308555846,0.3690969269269798,0.2806602610654174,0.25332997725781914,0.1807785872278351,0.7609657765429025,0.44557398361649025,0.31645633689414626,0.312379844657843,0.25777231014722296,0.17928854327785881,0.9121233281893867,0.7949415394413898,0.8984562294611799,0.8276618789669777,0.8062471185653738,0.6771194115466592,0.6901807350082995,0.6706167332888843,0.6143482715031103,0.39876573251864567,0.5528205428841922,0.43592443763048416,0.4522273456572517,0.4481099125267436,0.5479448972393175,0.38884712229618856,0.46690559805491966,0.4818552153251332,0.7433513603018925,0.8553342540538631,0.807380908430319,0.5880568015925325,0.5392152563870936,0.543122405207349,0.3383357905597382,0.5760507015673809,0.67859935836457,0.5744226898685569,0.5000661077592095,0.5352358154462623,0.6288483086279952,0.6923009789335844,0.7123181417655615,0.674494689335236,0.5575013947592975,0.47651065704762663
lin,rest1_vs_type1,0,Rest,Rest1,14,0,65.178973,32589,35089,12.583293765456553,27.305379265388716,36.05115180783432,11.354938013767377,5.996709199057883,4.060915471848652,15.819290820282102,27.111479374389308,33.98946099193805,9.799349040043545,5.785763071657578,4.098795523278205,11.455188319878552,24.503309862150957,35.48055636481926,13.367540879204538,9.498579726497509,10.26222848520317,15.281993157011232,31.425643959166262,51.55484263862707,15.830921033574583,8.258856954827465,6.370902579898746,21.372206922191122,40.324267033798264,49.5137556932991,14.721764735389455,7.3722631412998965,4.643257513922185,25.384560648020425,26.27159142050399,34.429538908039554,13.746679205501987,11.313729285000846,6.633595396504748,15.51744025154469,12.386681621235336,21.286234970883026,5.078641541456925,4.305912648145106,2.873683783132377,0.882023154690137,0.90372816782267,0.9285507741537238,0.8402138858017605,0.6890340408496148,0.8096545964407227,0.5907653190438524,0.6958942908754897,0.7512092198535486,0.49922198083740316,0.38512038810023197,0.1885921907830026,0.8188976915348046,0.7892814073754422,0.8809403480246084,0.6602282233733842,0.6546958065206351,0.6476209282958869,0.5509993840549839,0.7394043423878198,0.8959174954678139,0.8744286919199046,0.6656782926356853,0.816125890337132,0.620274579057095,0.6796307834910591,0.7498909411017094,0.5859554221808044,0.4440743044737375,0.521479359344622,0.6222588867860249,0.5976363749625715,0.6719506082807996,0.6222980916625181,0.4292298998663616,0.6574969791023306,0.4757191513724079,0.5237770206202124,0.6030975609978514,0.4694140542239294,0.3270585795795087,0.21479160321931293,0.7403492734694185,0.6794032488411642,0.7823814140077509,0.5307505684421486,0.5591725418149835,0.5263433172537856,0.5946229521811484,0.737400944893673,0.8995507470517229,0.8409081029608287,0.6533831668912087,0.7719011432949514,0.7240742240885285,0.7362652819173154,0.8298058034471134,0.6712134438942321,0.637131384383396,0.5769832116937927,0.7586991042283384,0.7774068033844577,0.7978292987294909,0.8243476582944405,0.6541872951534119,0.7625769562159214,0.47799349470735325,0.7134580062567797,0.8064402166650302,0.5536760309061506,0.3815717832336378,0.18495416634154266,0.28172992130254304,0.6238230732817837,0.6236388321820288,0.5019422642257128,0.27128268620512636,0.18564724540333566,0.330197618348951,0.4370712511347124,0.5169582811387411,0.37573373983450914,0.27267492313146496,0.17848857803915902,0.28063109774649325,0.2818119871235266,0.4360769075272614,0.4091321728267711,0.2562176919158509,0.19501485276312971,0.7860930376789504,0.8239358118131989,0.8622468306017291,0.6358301561229835,0.6770410711255607,0.6558789688464608,0.7951543496551586,0.6959748273479689,0.7252302990588444,0.42669730009917683,0.4635251438643763,0.46726821407896413,0.662582637377623,0.46632613964613595,0.5548493851542221,0.4205533480070387,0.4278749307415334,0.48077470652778015,0.7762110449916015,0.774972366286565,0.8109466934309767,0.6425505897203484,0.5833163654281267,0.5013462636957535,0.7046698496318116,0.5440531133111725,0.6197966685655193,0.5923504355114237,0.5209687410164447,0.6476621827942407,0.803190815271391,0.7533724959446642,0.7987778770205674,0.6636069717526173,0.6124770626806892,0.5460336066889
lin,rest1_vs_type1,0,Rest,Rest1,15,0,70.206386,35103,37603,15.894114484139928,27.632476760656782,10.528287026632485,6.5935940434575935,8.340766581352147,4.311350038429736,18.11142835857906,26.72279978983005,12.035351474991456,5.309648998506565,8.611991357559274,3.897917554433251,11.07367280668714,16.076535220374893,19.329472611901895,11.727313333873168,11.677987561480213,16.19129411851974,17.343675782945482,25.58475947768845,16.635528006598353,14.85531222653851,10.079693159118056,5.416097171558073,27.206783769886137,37.07162134672619,14.75079776291662,8.678004181604964,8.226687054959235,4.444855971388481,23.76053108800437,27.15717706690174,18.11954317150996,8.337476991514672,12.549841590616346,7.897607712030585,14.74603831804482,13.38105701397566,10.939257774846084,4.555554998578004,6.292704412708278,3.362397846821656,0.9061344895031177,0.8180429215478446,0.7479770431899875,0.7556054559807103,0.7831868955644414,0.8029729501315567,0.6520607636396939,0.6263737782420549,0.5265774227317599,0.3818912531815383,0.1596982114730156,0.18649491355691686,0.47581991957955,0.7553017244611577,0.7086111656695719,0.7567160379729688,0.7581160633207158,0.6048257596902809,0.4638155627556877,0.7639833791959557,0.7723214614470024,0.7690512407151743,0.7462437318993091,0.7489217944214992,0.3640950928244459,0.6583315766939579,0.5228280715271918,0.43797283230731293,0.42716129613212744,0.4567861524345236,0.5534340009965919,0.3822720508955546,0.4043021971203221,0.5120646529062439,0.5252556426266616,0.6053848616817287,0.5452558651043988,0.3644244118563865,0.29799207629513974,0.30273266197737947,0.16287683113876023,0.1796689707963641,0.5368620258625068,0.6346148038236114,0.48804880023763486,0.5808532118426529,0.6106361169017276,0.5508934035591103,0.6000178826817016,0.8120255592901899,0.8387643283059827,0.7556916464029454,0.791070024627472,0.7839788479877189,0.5286339387172454,0.8144973411805267,0.7753573457515345,0.5275398082969213,0.573869794060552,0.5216889539305876,0.7769569017271584,0.6621119898350658,0.7293272330376007,0.6945776043578125,0.7499959958757597,0.7433439564396257,0.5204771645605747,0.5910897982145228,0.6458515446682953,0.38121825099959883,0.16981107518419367,0.27117744986363,0.4968659538275415,0.5080018128066501,0.398518088911635,0.3171897088557194,0.15175517904377211,0.159179406412085,0.2795654517488989,0.3309835708589219,0.2709321939711034,0.3223877458483559,0.1905701501435388,0.19336299507275329,0.3489244055837048,0.13057056459520577,0.21365383700067303,0.24844136895876764,0.20356027960759965,0.18596198952643564,0.7982938032246287,0.8198325017424954,0.6529778144975672,0.7017569780513639,0.7427414898224376,0.5840726633720197,0.754794777709351,0.6701194527268789,0.4726314810210862,0.37570057804445334,0.3511974690951839,0.42571389097590123,0.6234397037744888,0.2761575707528399,0.34413867761559946,0.5436826703298477,0.4080718119258869,0.4727172269794812,0.7271282199504326,0.8027441113586469,0.699862477085316,0.5128280635837162,0.4987967064505822,0.517863626467262,0.7151583034261485,0.39817630355065886,0.5789182086982512,0.5428968330789273,0.526688678085657,0.6035630978048933,0.7759939414191317,0.622745446828722,0.685490331933069,0.5439564381377416,0.6031088921321512,0.5130592754332939
lin,rest1_vs_type1,0,Rest,Rest1,16,0,75.217424,37609,40109,30.35703382950809,27.213741236098116,21.84492777521553,9.286681291354371,6.205972188403638,4.715727470345055,30.294409545320185,19.303418213804456,21.13608178656168,7.834899390086751,6.822529840224806,4.313298822853521,22.665527303350597,25.412881773772778,20.205674289914683,16.69829595854346,17.976765417176317,16.36193036435816,30.287320322894665,31.1179296546038,22.957070593099616,9.375753316169948,6.805702283770531,5.6037599104467,44.1974876839861,28.97197340579174,29.762107406226658,9.227601429092601,7.5576341784188,4.902194045177875,27.610836628878356,15.47274770280019,29.6161162794997,8.064763323931231,7.911399191868089,7.590408528726766,16.762127262822425,8.662814002382708,14.60928590913064,6.084844717258998,6.237357655464494,3.3837937316686264,0.8680968261459153,0.8284969371476834,0.8394069115386763,0.891390361392193,0.7672465341514625,0.7712497689361901,0.5749521841835098,0.6202349648355199,0.6545989593696205,0.38828682305768414,0.2421394550356621,0.23947455826396682,0.7185099041555101,0.796355375875931,0.8677271220043297,0.7619509743484609,0.7361394850297903,0.7051963538502334,0.7751089960377547,0.6569907763157304,0.7313670089134007,0.8093716430964751,0.7398142247433088,0.7785120058257519,0.6704994659033693,0.5520576912137927,0.5408822881377532,0.5447738411134871,0.5148848556486263,0.3942831922598112,0.6745420676050484,0.41464281303746314,0.4046110656503723,0.6066876151883761,0.5649605550057882,0.5627143814808729,0.41292510876679495,0.4564606404820593,0.42330458494640444,0.26702553231855014,0.20329376488833506,0.2255537410311355,0.6435578232252722,0.6827111625772619,0.7427323717447232,0.7074056432048239,0.5940479405678502,0.6258295373332745,0.8718625827014322,0.7955645987466403,0.7804395432068018,0.9038033997916598,0.757025587791757,0.8021998117554108,0.8449691756363592,0.7420158146556513,0.7511244948262057,0.6984718870558545,0.6823135298666505,0.443632621541363,0.861276539043364,0.671735663188042,0.671021011790278,0.7497420483568743,0.7693341117001483,0.7847277230421636,0.7580136596126295,0.5665007339018574,0.676736645782011,0.3137699044306025,0.24699346146696524,0.17077591367335948,0.5014118968998381,0.41350323101984354,0.41531443993777895,0.29600665017336275,0.23435749354509344,0.1955296300583276,0.48835495256045025,0.40410280231016804,0.2757408227642447,0.19288377504022272,0.2376942851453455,0.16614313956649127,0.37185929595081385,0.30508385756422807,0.1980087416301758,0.16826755361108772,0.22450532744927781,0.2567136785825462,0.792780466510354,0.7984444781273586,0.8010625577790812,0.779671930108511,0.7038671109465262,0.7083137720116234,0.7438297713651659,0.6316442207388073,0.6069163484783844,0.49837775025288467,0.4431684038848733,0.3930394688311123,0.5241625180326325,0.3359934926403694,0.4661784135719323,0.5448761875304905,0.44987929796113,0.5130981918682387,0.8763261472467218,0.7981338705407433,0.8105322234294657,0.7328706659771981,0.5873540402710697,0.44975103205778105,0.7287685467283804,0.5011261881465675,0.6094657180947807,0.725383642004877,0.6025410076393312,0.6294413465399712,0.879315687274067,0.6942936450242781,0.807253366516268,0.7388622368404295,0.6535311036043503,0.5038032278545325
lin,rest1_vs_type1,0,Rest,Rest1,17,0,80.246208,40123,42623,15.270461130616885,35.65456716436148,13.149547900632454,6.9796377829132,6.400361950608772,3.886846267361727,18.824236637552154,36.225443213888575,10.453262103311106,6.663825844912361,5.378321954026315,3.737017716254459,12.08802968516692,25.993189791284333,13.895552999263309,7.375394062530089,9.266026811410233,7.5349550857216565,21.583015763872222,29.582720263071,14.86934411053391,8.259255091657263,7.037383439873834,4.354237327587842,34.62602159972397,34.21686259172202,16.56817224157927,9.500784430745748,7.8975657104321675,5.006998214693286,23.89752654602725,27.104564011496098,13.02318349831894,7.845602988867579,6.672728586006597,5.609444608587593,12.44260806235736,19.751097934886346,8.524621226989257,5.010157687777227,3.702240973579106,2.890900607711816,0.8509190189623599,0.8185261738350545,0.851117423592437,0.709158212326196,0.7211190361516371,0.7074321609364499,0.6419110492013451,0.7378330013506049,0.5628848402434679,0.5301596487093174,0.481086413479468,0.2828136016730853,0.7082139021146624,0.7238172999813655,0.757769048190738,0.7884125120211422,0.7401692082705953,0.6446815286283647,0.704700697125865,0.6580701871095285,0.7929836234344408,0.7837156679223162,0.7844327201147842,0.6923608388836636,0.7955566851159591,0.5656000961963084,0.7193238090220087,0.5001412110455282,0.5433156842021981,0.46485214068451775,0.559723598837508,0.5752168581644506,0.5247919047298281,0.3776124726607972,0.3931539077363978,0.44313117503135396,0.37391785206292655,0.5210324540096488,0.3738240402871054,0.2717269671711395,0.30514141322394206,0.19470004874212238,0.6328015345057717,0.6203576496290698,0.6381323122112372,0.5075958817476666,0.47434000725193115,0.5228111525547265,0.7234724861087006,0.7161764946132727,0.8400067789962804,0.7708344967129224,0.7320316200143873,0.693277639587759,0.8798472278336172,0.8112521331996796,0.8109883625042553,0.7107407288854429,0.6566964671257229,0.5538862421395243,0.7345050179787233,0.8269852999021969,0.6391793613849186,0.6800206647812143,0.5894519770563951,0.6566561193791937,0.5926387939504895,0.7571471003863581,0.6569209748141327,0.5538908452945791,0.43218831502226757,0.3393448941866534,0.4449184842009842,0.5174422632317665,0.4225039012828324,0.37871407323235184,0.39385352803506046,0.32444088176607333,0.41742832971549276,0.354810387703298,0.29632373973565007,0.2751233194445912,0.27810877140954304,0.31523209732777724,0.3035800988381149,0.3526699429344926,0.1897330524987596,0.21346481890144348,0.19873079433556812,0.1833542094019357,0.9279688316887372,0.8288395878479211,0.7868109146999893,0.7431220426490404,0.69355179163946,0.6736363200803654,0.8215057505939484,0.6560698217636732,0.6406124493202479,0.5266277171310662,0.46929135049595627,0.45552801429446865,0.40322656381609384,0.5452049075860015,0.4352455819852132,0.34784893631245833,0.345277725616289,0.36927395897833976,0.9018971547737521,0.8170104157421078,0.8721212487437171,0.7428022418109712,0.5753587705044956,0.5474927618791177,0.39254915983743777,0.6017483458517313,0.5644842753614778,0.5455304750136626,0.4410921981830619,0.47856520366044214,0.6273413228141159,0.8610672774773326,0.7034528118233324,0.7156886450875167,0.6318566897053672,0.5517140836210285
lin,rest1_vs_type1,0,Rest,Rest1,18,0,85.273738,42637,45137,70.08046270157429,50.098244285751406,35.79655531723335,7.824457667243059,6.871521592634888,2.9134562894082667,68.94456286939709,35.348029349321834,30.190307666853275,7.438015624513928,5.392248715629572,2.8224002890314925,36.331955423390276,34.947742640913866,35.02626449673637,6.82031866672706,9.585121281253137,4.705930756208936,27.676842403338398,42.822924667039516,48.651957221159655,8.022475175982597,8.504865004171728,3.3717876383475094,34.040683236166075,44.713217832293516,48.93189662543579,9.360313502823931,7.687323585517295,3.3104755290654286,37.31434158185089,27.979754552928295,37.530473541257685,9.763977836986411,6.757702621399554,4.673371441145483,37.23104038178213,14.121796179897345,21.352051834370126,4.3187556821798045,3.2854244249182125,2.3040909065877115,0.9702656540581774,0.9163943880609623,0.9437672778961097,0.8188189120749508,0.7862449280431147,0.7449547073536578,0.8894106767340144,0.8386283502807846,0.8801671214758537,0.6270891359227647,0.6012351273573101,0.4589547744157106,0.802338138036489,0.833410470239966,0.8533545997353051,0.7527848963605833,0.7478202650038381,0.6435066252418037,0.713809361122474,0.6970158590798607,0.8754086860432624,0.7741680542997978,0.7378141836153917,0.5979736939245838,0.7988131313419032,0.6190175299747649,0.7031837175193548,0.6463909616795743,0.48243933811408796,0.5133712442495681,0.8981854646472325,0.5186338687015029,0.6276329092429422,0.6548431139124367,0.4268673353424074,0.5355484374184537,0.8314143805100797,0.7137431272693195,0.7838383161438974,0.4794369939624262,0.4605810826950051,0.29951058898170835,0.8124472888244575,0.8101076156984839,0.7858597709749982,0.673113279537101,0.622323331406482,0.5008501125387642,0.7683423035328443,0.7808984406210484,0.8732258601985684,0.7384636052928298,0.7739984449024819,0.6909822971028271,0.8639720527009733,0.7663112970690172,0.7708072006387385,0.769726531211674,0.6463493782759544,0.5606722191459877,0.9512561969746743,0.7040267917839607,0.7743964931876437,0.8569829463252712,0.6402664634333721,0.7134729732522989,0.8680654004274544,0.8984881338742773,0.8564698293232686,0.6028458739509855,0.6544927790264785,0.47166748593137425,0.7637914606304648,0.6742324404080086,0.7531059990699063,0.495697409998034,0.47339915524645404,0.30409437621288443,0.7599203154261395,0.5718077331852622,0.5765884031035953,0.45475633685841343,0.3324922666021443,0.2874427881118596,0.7032866955898465,0.43250325866263767,0.515466768646112,0.41111072062685744,0.25411082825448916,0.2727436965893492,0.9446887251846164,0.8703902730544211,0.8860016061947006,0.7320720374116185,0.759897864296695,0.6278651629934583,0.9069621148223649,0.7728695120726965,0.667893316295913,0.5545506791734667,0.44569024033999005,0.4205185153952426,0.7074054551876579,0.5954106089687385,0.5290277733211595,0.5768524896901827,0.30367007853282446,0.39687141612202825,0.9506125134692148,0.8912202310985133,0.7730697377519654,0.6621988340970753,0.6313586639353584,0.5601694310014101,0.7066812184629708,0.7069139956215128,0.6313213417121658,0.6284446997242219,0.5017721595996821,0.5727769316386848,0.8331296028603282,0.8056172119587309,0.722818759618556,0.7433393992235906,0.6115591524618827,0.5513387524168871
lin,rest1_vs_type1,0,Rest,Rest1,19,0,90.276381,45138,47638,16.163045079999378,19.225145809577626,52.35641095872976,10.822303349100723,6.320707935540077,4.669261383287842,16.518880772995637,16.67516516370111,50.702648246339045,9.892719096999562,6.774832825699525,4.450785069281395,12.725696046683408,15.658528421724208,37.291612389661125,11.002711395528987,8.253867431979321,6.726168667082461,14.644282795761512,19.889015425836735,69.44275146503814,11.214806362507643,7.3971988390790155,4.585781626817838,17.94639403063077,23.791398873762997,86.49437897297524,12.996288569402218,8.160990917614832,4.9859126028523155,18.32553122941505,16.753573702189794,60.09315833424904,9.825681066390672,8.197510488231297,5.850626250469883,16.112420812508226,10.617063822994258,32.47710396915582,6.054785542966413,4.710107491085615,2.692876210215221,0.8894588272379682,0.8702145767050671,0.940152209072914,0.8387688409149813,0.7117365241688774,0.7868835187474272,0.7286094344395025,0.7029431322034526,0.8104615042810895,0.7142883247899459,0.5469685871078989,0.47413170499155793,0.8144497440072275,0.8107321391068397,0.8504066390815158,0.8131676764152854,0.7636644477330381,0.7719021811950516,0.7261440282326621,0.6943947392724098,0.888289864919592,0.8353794615986259,0.7525749637823489,0.7486637874691702,0.681632892008499,0.6720547223981701,0.726012859724061,0.6156021468181408,0.48814956227924017,0.4264357533641379,0.5256886684856472,0.4439658099942426,0.6550228346969531,0.5470442767563244,0.5054912205746352,0.5401196455159496,0.5864317131779849,0.4884202802508215,0.7101905384423093,0.5015907404906459,0.35397216912062024,0.40063587859565,0.7789502150545154,0.663587489293318,0.8119674587028094,0.6923728403780646,0.4518466589712576,0.6614845392980904,0.8020647379104876,0.7643552928491587,0.9063963434828566,0.8236379426443372,0.635503813831754,0.7334871976869033,0.8371730639859255,0.856941168614841,0.8362538758736215,0.7784263042990041,0.5843021814744582,0.491714466955851,0.6016342628866989,0.6839120850610632,0.8118634150381517,0.7806996088545624,0.7269685950137041,0.6926811963652413,0.6373749935541885,0.7756789007148661,0.8857420286329567,0.7495548841226721,0.644668679376195,0.48814113616878785,0.4702149367599815,0.46190104626139056,0.8017955391763767,0.6296078319198941,0.5045504760844486,0.3846635332983268,0.47095318146498694,0.3832589415145269,0.6137332335080388,0.37042785943430523,0.32557134134744875,0.20653722078512615,0.48843542786631483,0.16051380793232845,0.4987647676054209,0.3277577356373921,0.2645057116823898,0.2795052787195446,0.8581823629901114,0.770060480270101,0.9196629060744386,0.840021726691007,0.6587918792955759,0.7135000675799741,0.8429035997121126,0.6402590029669329,0.7721944852894667,0.6091188106872814,0.412826374928055,0.44797897237985135,0.35280262415017605,0.32054143810863067,0.6564220470062887,0.49326215356598263,0.34625677661025167,0.5059684682264256,0.8423356764233713,0.8432588472569493,0.8598248382834871,0.7401786484080491,0.511725206811837,0.5224541511259275,0.40036203706152246,0.48220535047415847,0.7447190901972263,0.5513425346617838,0.4198855289340758,0.5410003303113697,0.5127160549322785,0.7613603338543353,0.9085117697520669,0.7189833011058627,0.6283158797864286,0.45451633697135146
lin,rest1_vs_type1,0,Rest,Rest1,20,0,95.307344,47654,50154,81.53457581335407,37.07346725303234,37.64717385135925,8.070201105789273,7.423310994189517,3.046013004767284,74.6522531665822,36.19984884561623,37.430748815518164,8.494226925626904,8.765075045594415,3.145669549334516,43.32392206126659,21.510112475788237,29.29247126727155,7.420745246149514,7.702690710057071,5.120673132296305,45.033549267841316,28.92077058816441,45.356642080793705,7.829571085127955,6.390806623194143,3.196948919056142,47.853851709561724,43.389953079816365,55.725170281630525,10.967234353762754,8.16233674296695,3.330390926937238,36.285309567796176,35.27134740462671,47.79892072877085,9.67469796523582,10.640266971423074,5.584637901972953,35.11841402852261,23.34665927039142,22.20117872055929,6.19039145847948,6.625698153528314,2.4952118469282683,0.9466276455015489,0.901668247026841,0.9180273978441635,0.8830793597548073,0.736696639824266,0.7971683868560792,0.9620220448594704,0.8445164966804414,0.8211551859290491,0.5924545863853606,0.5542470294680155,0.569027907663349,0.8932426617337624,0.8092395255278836,0.802635418376638,0.6997820027559145,0.673994215547697,0.7066143436316719,0.8186408315290379,0.7257858459520956,0.8327576761010856,0.7702084984769175,0.6610321560641805,0.719185889355667,0.791220961786852,0.6067762660120817,0.5598640917074635,0.6168516632043942,0.5300707138117848,0.37705353680389053,0.7028070401296186,0.6842342115445608,0.662692574125633,0.581026064888204,0.5097683081271103,0.38222832279533303,0.8885854105677063,0.6514845750930873,0.7186539023046965,0.43836570010702275,0.4214437535324572,0.44176447941542535,0.8620744306622982,0.7259116706141358,0.7657069649098803,0.6679742198514,0.5436378439746673,0.602558589952302,0.8154492312721674,0.7800071829538495,0.880038911983333,0.8189277049924296,0.8150329119537544,0.711997795888495,0.8851570666260655,0.7288734518953244,0.7104769423667519,0.7191532625090931,0.7211514036953277,0.5448280256806671,0.8580425654236469,0.8855391978812526,0.8164946120949551,0.6776465014690377,0.7437942538383455,0.5754255270681288,0.9125094583599519,0.82693828837085,0.8918203522715513,0.6687760937563448,0.5658014407262295,0.5912267428004158,0.8151822105197072,0.5956141677963035,0.6997416273246531,0.45140078120241506,0.40083858874319356,0.46620457259161135,0.7695274716182169,0.4875686748282033,0.518886201313525,0.2667237395160206,0.3119082906750433,0.2883923468930906,0.6503676329198367,0.42320091531425447,0.5539064936973176,0.35808780481033037,0.3175669513664131,0.1622580404019116,0.957854204073409,0.8368245598167754,0.8484448242173126,0.776945448037601,0.6290906654967218,0.6995006155274913,0.8743871914447615,0.715392856387512,0.6921564662272133,0.5568631949408832,0.49726474937229004,0.3795748199060557,0.6409810598202175,0.5194110449149625,0.6580574213775455,0.45379300019773067,0.43778560945915973,0.27750734350911266,0.8993570398582132,0.8832232360836192,0.8151188136360583,0.7441270077092604,0.7335649381684247,0.4413444847788014,0.5938722270381854,0.7120567247353078,0.7611235878192897,0.5241921850703214,0.646373351747962,0.3793685664707727,0.8021466680447462,0.7303677734389685,0.8322490159188941,0.6799593094756581,0.6582597307567879,0.46577746313485857
lin,rest1_vs_type1,0,Rest,Rest1,21,0,100.332268,50166,52666,36.23598515605009,27.719974263765458,26.944300187566867,9.32870689608714,5.548507968423595,3.099408053700745,27.20730729921069,27.35654285521942,24.92246675726359,6.853202867568786,5.699887453466099,3.642205707426409,29.042314573581763,15.367151925445745,25.920943688340532,11.243918753392903,5.655459498924054,3.346089047546735,34.675154865258634,19.330191492565152,32.59973530472433,10.235813634074992,6.049942289473465,3.6669627158954885,36.33312843374989,22.118145138083957,31.81704493792844,9.489209325542898,6.235414522761849,3.820448565419951,27.09878112516554,22.308682119314177,20.747654457361875,6.386114578103617,7.896982779222775,5.685381603996605,16.042506877205867,16.09910662703441,15.300978681959801,2.9225769981683185,4.115827262088397,2.494699589263981,0.9566329073039391,0.9209562970381844,0.928934491512839,0.8602813857783114,0.752315311925875,0.7506562888708846,0.82065212397529,0.8446113871286587,0.7919055000420628,0.8111925190400963,0.6967490540516766,0.6397836261118868,0.8909162437570427,0.7785462943647818,0.8588095739091539,0.8517535959924835,0.7066165702853,0.7022390990970241,0.8949001491992923,0.7177267627297207,0.9142503480890932,0.8529442847804383,0.6522777825712027,0.674654233950379,0.8767404628576712,0.5798564547489783,0.7430110930356465,0.48909972088342135,0.4639768856619247,0.38904998418869086,0.8382285979858798,0.6377255876713794,0.6755022018194133,0.42845740242773467,0.4247666269653839,0.5506385790707846,0.7183389019804028,0.8095783121955931,0.6331065870666541,0.5923677844954863,0.41170123945690673,0.5225974215336993,0.8383409688417688,0.8362946618035703,0.7343562858730801,0.6610199380769922,0.5202411351601323,0.6164279358844157,0.9046342958481385,0.8253382522202398,0.9062384448909142,0.8361916563031485,0.6693894708276529,0.7053692683447171,0.9064874274393325,0.7542572401265448,0.8401433482412042,0.6119631631624275,0.5988986807170973,0.4867764603006884,0.8831708472474856,0.7851260023222505,0.757452697675889,0.6401478275469497,0.6381261377660458,0.678928446940466,0.9172453523272185,0.8708870691931653,0.9068926232243844,0.862426465006099,0.6692170096215715,0.655906277484275,0.7837798281253746,0.7339421940905614,0.7089430724229869,0.5996243689910716,0.4403338138499329,0.5141794297988791,0.7826451566481322,0.6519161493841444,0.5427690148427955,0.309377512392745,0.2859020876332924,0.30279100968239436,0.7511267246200358,0.582519262165633,0.5200933227178963,0.29036158967416137,0.2817300896452336,0.3985699275663161,0.9241109350914666,0.877606155343055,0.8153598664491233,0.7642657586694046,0.675019299814613,0.6845599233175581,0.9173675697281034,0.8060643892865178,0.6157923115160122,0.4016674510002051,0.41058092986557443,0.32809708951372835,0.8888591896434218,0.7320856944525634,0.5536715303192299,0.3162418056738109,0.3670524239719741,0.44680244739593794,0.9372897326226033,0.8400183618776507,0.7955820347713245,0.6166121732304167,0.5200234418175249,0.48171269255462545,0.9108053736226921,0.7846152599230933,0.6742013344838983,0.48127473791268954,0.38845437855365617,0.5553838964633631,0.9452152821395284,0.8379341346311373,0.7976913977814928,0.6340161285703593,0.554848177088973,0.5615410552224179
lin,rest1_vs_type1,0,Rest,Rest1,22,0,105.351669,52676,55176,22.161158650199432,21.26723190234984,37.49721462763755,6.1403667372868105,6.2277798190294025,3.620827386366517,18.197579968119648,14.998945372930214,36.34708758465998,6.014029139888777,6.935065807564364,3.5240188485617927,17.137085612735405,20.09104553524275,33.29958574396733,5.803556888028191,6.244034614203815,3.9927317780956493,16.826280174508263,20.17605723541856,52.02025146021853,6.9905795731316225,7.496311378928647,3.417374898331956,20.46688587289744,23.537293508520992,57.759050204972255,9.348515231939412,7.752223968325759,4.1428635416006845,15.25548050965723,14.228629234413532,45.155746651169444,8.7935017115074,8.86039104269459,5.543109588909598,11.84485578137441,5.6817047246163215,20.614871407737777,3.6300297526163057,5.35581734087257,2.0615846672201656,0.9564685622145911,0.8446085407163278,0.9320549914958874,0.8471221769032781,0.7322706466067694,0.8015601042917759,0.9203195800302035,0.6883091512861769,0.7766161636710429,0.6402389376519703,0.6736539058329588,0.6333786314039378,0.9378875579336391,0.6895904149588166,0.8359756995849695,0.7314718256260244,0.7304004816628618,0.6902864012750078,0.8976935574098196,0.7511563642661605,0.8546142838128947,0.755394764407687,0.7106637632657778,0.7740509822078441,0.8667148852445147,0.598308192366252,0.7109621738193761,0.4811602738236485,0.5228034782369392,0.3360392308470634,0.8667495090807339,0.49141806009970673,0.6886740499377659,0.5287015573670141,0.42115286748798697,0.5201950842025059,0.8133023236411062,0.4441817472531332,0.6294311911784465,0.5175737272174751,0.480108066322916,0.5080585951274402,0.8723713513166453,0.5064745667281807,0.7445966867629814,0.6266679454553371,0.5723816982831156,0.5756404523739812,0.8903385666434067,0.7517755565103219,0.8740457590154108,0.8015475199187099,0.7163003294824758,0.7538862075896604,0.8940021471240279,0.7399735414624247,0.8178364060219685,0.6371110087542488,0.6492755449947321,0.4493360272538747,0.8738521439373121,0.6873702210714956,0.8358890480090004,0.667325267099175,0.6535863819510519,0.704832749651166,0.9259828378026317,0.8511702751980332,0.8414652902440629,0.7402432713561594,0.7535046770629876,0.6089614617777701,0.8305072959665382,0.6252855853622772,0.6069129356684203,0.518981347907008,0.5239946026065377,0.5736257112165821,0.8116409267457843,0.35257997943760955,0.49951919311006643,0.2727981064353182,0.4145462310166844,0.3151254488966832,0.7954031558589897,0.27938007807877224,0.4524700319798443,0.41422524948273826,0.33633092559459266,0.4438280833299672,0.9312717577174089,0.7750657255540176,0.8469069232699983,0.7711099441245705,0.7444688426590045,0.6986136980294657,0.8666966144929341,0.47239155574555125,0.7180606160224248,0.4571949874376764,0.45290468857141003,0.4374343757715723,0.8067620316042667,0.40090257501459714,0.6140418714410633,0.4543960197053011,0.35728299736548774,0.4468229928334303,0.864398558122096,0.7136075580278851,0.8946720831125322,0.6912605273601454,0.5581978220006772,0.44696313155577166,0.7729728016426485,0.5788126331121575,0.7951514805309949,0.6045149928322241,0.4537072288135193,0.5411150634899867,0.8920840787773502,0.7727101639792258,0.8830652854798394,0.7008673826041691,0.5658309672375621,0.5106419075846332
lin,rest1_vs_type1,0,Rest,Rest1,23,0,110.377928,55189,57689,39.215149046458784,28.211162300925192,45.11275404498472,7.455466043291593,5.738203904858273,4.943030403357975,44.35131399428111,28.209146030242707,43.16463270710419,8.001947798282966,6.080133316182635,4.431276305206397,22.05541096190178,21.45576420370707,40.800270744961495,8.433308079477712,6.303542749166847,5.434721368284869,40.35408289369955,30.50029904478096,59.5853525155913,7.25128119509523,5.938358902435901,4.327190096456777,53.07735207909065,33.62656869015343,67.93629383732657,7.95314915659957,5.86701777924437,5.11589930954678,45.44885657315529,21.996775771991423,54.675173404518794,10.352025095102597,8.703116609568262,7.056889956654044,23.97280576203116,14.946649604741017,24.78047804818705,5.357519989473948,3.8868118715062745,2.8132439430124143,0.9111690969440468,0.8168965676045461,0.9035575756317169,0.8528893459605511,0.7255731130950103,0.8187807155446448,0.7606574531807152,0.7525996732425189,0.7642051078894014,0.6406024320676569,0.5718762051558324,0.6586441912577807,0.8061895472750357,0.7884579862341092,0.7837678051509241,0.7129635066912948,0.7350173557120823,0.7886137577511918,0.8348906816943851,0.7280177781703947,0.8536712306139803,0.816082408131043,0.7565373295643054,0.8129452046355075,0.8723828782726887,0.5524306069333078,0.6270755160214121,0.5787008070449765,0.4475372827775663,0.4077354233062095,0.7614521123167051,0.5959419820024975,0.5818244081043822,0.5509412887555202,0.5255793428916529,0.6049674045028026,0.6113649917462329,0.42989900920480506,0.5932712479224092,0.4633921170900727,0.36029078572017603,0.5227841363623172,0.713438437498306,0.604940479774652,0.6700932391071754,0.596431516643741,0.5040569094347275,0.6997534261228644,0.8549834337829423,0.7298921756598237,0.8393027286404152,0.8194394146459594,0.681403243908112,0.8412246384153901,0.9203076412982214,0.7379224812623966,0.7137559514981577,0.6339827969873058,0.4511030925353447,0.4522833855872121,0.9212312298394486,0.8358884142018641,0.7086879406157642,0.7628685659998421,0.7017165973890097,0.7469366516118608,0.899914225290288,0.7615164469953266,0.8492892141455574,0.7228278381467226,0.6918984918520812,0.6096250529337977,0.7275032541345042,0.49920015064996526,0.679040286081832,0.5689086874402323,0.5067384512605209,0.5306924829644962,0.7122468542607425,0.29605597484278173,0.533071972552067,0.5090507142874691,0.2091641924969742,0.2866148189163685,0.5226385574980227,0.315933690023163,0.47118123109552085,0.3030359812786928,0.27621012705313,0.4541641607350846,0.9044596897540611,0.8826537851915428,0.8583090705374007,0.7957331877791993,0.7864179515109517,0.792714059297141,0.8268942547244579,0.6380977255896477,0.637051950508397,0.6129959724425494,0.35963428849152657,0.40009369613143375,0.6229450247561961,0.49254244325528107,0.498397933776866,0.36073381814533995,0.4113825215316373,0.49415194564140347,0.9232462366310417,0.813162471825515,0.7731309365891114,0.6471373346877624,0.5390970260560491,0.4478800989453106,0.7612597326828773,0.6480257617452778,0.6091819325851233,0.600876040794544,0.5487444405917302,0.6405220687583391,0.8890892143033616,0.8417808886887413,0.8111896858168433,0.616084382069325,0.4729434481026772,0.4649697636909703
lin,rest1_vs_type1,0,Rest,Rest1,24,0,115.39706899999999,57699,60199,111.38213655560537,45.458738896208786,18.851634235090884,6.627474201905048,5.821820062486742,3.540808053227062,91.99320575547333,42.77236732247861,15.40184924508003,7.527795232309994,5.342057969627567,3.0553680439026563,60.620557354896334,29.288621896251808,14.567027414481007,6.932805371148196,5.959327551853348,4.148527576038898,46.48371827617057,33.468566466186076,18.22149822185602,6.9402726942723625,6.6031506037666325,3.8936391542834334,41.90365822941138,29.121876947632998,20.56263740592797,8.664470434647653,5.351232580630219,3.8963841263326557,35.985736386704055,25.72870177395438,18.992330453568293,11.32749325284088,7.556527862116157,6.681549509406286,40.77196166823079,20.164056624391332,12.633242571816213,5.106677859841969,4.021279325544492,1.8268287918624881,0.9743784677602085,0.8563773914733224,0.8581600725358809,0.7850616039300073,0.7000996471704368,0.7526868583784253,0.9210311415448155,0.6334765893459767,0.7118192594180249,0.6516588198444213,0.5756997424620651,0.609014413771347,0.8545582607808738,0.6976946867126117,0.7519210469822463,0.708914067035569,0.7008941241612832,0.6967687539903274,0.8011967983195122,0.6424906614208131,0.7504132812456101,0.8149118695768705,0.67655978868789,0.6453384044020765,0.7807619249451303,0.6155991734757977,0.6428101870438679,0.5300032245259987,0.4823654108799059,0.417894422915569,0.8873654580906721,0.6276859427486641,0.6329896031689944,0.5358818977475499,0.3234253628758497,0.4780002690303201,0.8632945278468916,0.5199813241569066,0.4632289684151565,0.480901858670823,0.33485638459235056,0.5215888724772237,0.8247371725184022,0.5485950342693982,0.6139661582438739,0.5076377495173364,0.5013993029441781,0.6255845343021843,0.805843826371356,0.6150016385095036,0.7738972001977904,0.7026775387570047,0.6693207019446197,0.7101442579155682,0.8442752140832289,0.7612359825213788,0.754834720606111,0.5788835401411137,0.5402312798799405,0.44493129185024277,0.9555448696160025,0.7994977331959601,0.8469570149881426,0.7668240836866193,0.5644502186533804,0.6698237373835148,0.8994074701399387,0.7476116807994074,0.788867831919027,0.7949115816105,0.5435190434661588,0.6335268244775312,0.7472950985277632,0.5262781019093234,0.5075620683146986,0.5956245199840111,0.40660540238054244,0.4850512110257811,0.7290621073268003,0.4336124342070278,0.40828284551534433,0.29785280025361177,0.23873248561639193,0.2905825065813452,0.7898722541013008,0.3566639518960761,0.3512681070347316,0.35416379341930704,0.19629433710689909,0.41488509389920725,0.9300006578164909,0.8083040348044299,0.8053020736392604,0.7390209328890347,0.749216469944035,0.7493959016034398,0.8478398777195677,0.5844437333750853,0.6334381207986708,0.34630855227000706,0.39713022562830863,0.48299700166057763,0.7789064622701701,0.38587814597318126,0.47194788656412723,0.3485057746034451,0.26315963107092494,0.49230754936527404,0.8979089776656832,0.6780307170041053,0.7654137397074218,0.5254361984642115,0.5334051983891357,0.48426179796796454,0.7840109431077726,0.4618808981013487,0.5990323278171308,0.4738999099901691,0.3790380543611654,0.5228127117264998,0.9008464738067868,0.7698351780726358,0.7495236568329318,0.607789703843021,0.45165256728359066,0.4238057943099753
lin,rest1_vs_type1,0,Rest,Rest1,25,0,120.426593,60213,62713,18.213074908981525,33.49744330731223,61.80641104616438,7.736350380844424,6.805536052909429,3.8726298961826298,18.227711609943142,29.463986949627248,52.782856741736175,6.557216594906777,6.5774427488018015,3.112082605882015,16.18317659283952,23.10866765223055,56.475182407711834,7.113559609089193,7.179077440330783,3.98302765751309,18.768070557123224,32.57604536591858,78.05984078496729,9.49743105090905,7.527304341564326,4.22591905863827,17.145106321620148,39.30340184403304,77.37581930632736,9.411980587341027,7.462505144622757,3.367146427372217,17.491617021024787,29.025959125129862,54.589644009789275,8.249970773799705,9.134430958040934,5.8975348393878955,13.621715004831241,14.02635288429938,28.4530751715092,3.9765278399947173,4.518098333949834,2.4186563722225345,0.8788536974839848,0.8154698553686677,0.8801922889329786,0.7533829605844478,0.6965668243783766,0.7766883810099581,0.7981286206084192,0.8008130123979218,0.8439002707690401,0.7528687159468751,0.7294869891255106,0.6812235253866742,0.8530307693721086,0.8495812825466423,0.8921098794454032,0.7088548050686508,0.731792063714056,0.713231061375382,0.7987685392631407,0.8579155813790512,0.8531311893732207,0.6758150374770748,0.7030738567582605,0.7695624766864874,0.8068071896536505,0.6953146345511345,0.6233582297286604,0.4315162733309758,0.3928761039967625,0.4044812892515628,0.7467499265437249,0.4744959274755838,0.5412571975706021,0.5174801840927149,0.47661198033278496,0.5398510287413419,0.5939627085828755,0.6307503895220088,0.6906853846985691,0.5388882649614112,0.4072456413681276,0.5153352833679409,0.7304414177310571,0.6625732021344186,0.7691201697923971,0.6457062603882904,0.503690483317883,0.6017668501799739,0.8072556649088612,0.6897832918400203,0.9136524920245455,0.7159572112451439,0.7053351692609348,0.7735964013118402,0.9158951538443838,0.7932653124915208,0.8174985840397309,0.5642862839450011,0.5479109456187654,0.5521280085709834,0.9514471342292312,0.6771984075496096,0.6736239246854281,0.7975276617407125,0.696293405635941,0.7826318106048958,0.9150532878567433,0.9126869581114194,0.8968784944960977,0.7469484030808223,0.7648887001390261,0.7396316775914273,0.6957572585606554,0.7991078572818587,0.7190458847498599,0.47819342143868726,0.5449572333880701,0.5988753927868886,0.6025119228259174,0.607028270285203,0.5342260503397304,0.26521163810093434,0.35158044820648143,0.290265061185817,0.47906277746289927,0.4761888742982709,0.5179026491207896,0.3070434186759757,0.3664746587707609,0.34919239246905903,0.8798953372003068,0.91043638643805,0.8446591044431765,0.7517474786352581,0.734186291903408,0.6957276241225743,0.7572581698133404,0.6818080440007661,0.6322172231156218,0.41815464400578295,0.4181928847468191,0.35780814359731594,0.5987007303179821,0.4387531359696402,0.5361705996741869,0.5011662330054427,0.3703165701760629,0.45295100239122077,0.8121360457834331,0.769521349306566,0.7948613005625232,0.5477631502578295,0.5004654258531236,0.5042860737188561,0.6775898893919511,0.40597751686239086,0.6373443992951289,0.5962946786124762,0.4792662667621981,0.5565836202626285,0.8805142998074013,0.6362356222012817,0.820424297562688,0.7084191406512318,0.5245748987830521,0.5466947690672794
lin,rest1_vs_type1,0,Rest,Rest1,26,0,125.453742,62727,65227,108.97678330186518,59.13870133835551,31.133043499405378,6.900922029719329,6.7039886978424255,3.664077950557512,104.32799312977299,54.399175975085456,28.613761173512543,8.152443685766022,6.956010404788246,3.5309571819244496,49.32993371576639,29.809651798595187,29.120531881997223,6.331585871389143,5.567626581189646,3.3100408789405558,46.351242953626254,34.947175720585534,49.95965528342746,7.005518884066078,6.948514123229947,3.9123427789283425,46.9486312984608,39.16224741898353,49.49356934464255,7.912905411142925,8.336588748989422,4.119883933078999,43.34747801667961,30.850070381739854,37.41440952679994,8.38147450026511,8.446637364602644,5.468144687907849,46.26072585030776,22.35264909943761,15.707471620122055,4.94532858234895,3.884704508413692,2.3423036461019504,0.9802636466841115,0.9181266081339715,0.9544092081371293,0.9134346657232568,0.8250584487495921,0.8366232046738032,0.8988115346031966,0.8505708054734877,0.8077546815478381,0.8169098159192671,0.6852457125754384,0.664695161571768,0.7182988770480057,0.6928011404682763,0.8111795036963698,0.779059876276709,0.6871502837229377,0.7147316383455691,0.6746857145227664,0.6275954925638145,0.8242674052544536,0.8272742786211856,0.7243228328607791,0.7452797892034565,0.7677734899169275,0.6152568452670453,0.7807811747684914,0.6399291480571146,0.4529949139106204,0.4784632879089018,0.8810495438322546,0.7285600651648046,0.6864250112111263,0.7522738617727788,0.5584213381043978,0.6453365384597988,0.8308734643262179,0.6997392153783172,0.6932148923491146,0.7151381641566307,0.5613352581776654,0.5180008591715324,0.685510557816272,0.5547311985325258,0.7218564352647964,0.7373798948306411,0.6040509113258261,0.6303084177857923,0.7064299173161604,0.585222816991632,0.8026522674391302,0.8548662376755001,0.7059339738592978,0.7611924200922807,0.7880065424272574,0.7064405628497229,0.8172275330497991,0.7521689705755346,0.5408606740024176,0.5744358308960263,0.8882136317012251,0.8827622246286018,0.8090698025845281,0.838757293798232,0.7371859049146752,0.7973382531279921,0.8678544921798043,0.8916429665964255,0.9099490232299395,0.8685749256216824,0.7071394254395559,0.640580151045391,0.6914259892104256,0.6992927703037625,0.7192653590350047,0.7297524362978047,0.5565492341701848,0.5651776738806288,0.7827329604793495,0.6132647475759169,0.7045730609415324,0.5615063213731756,0.3287251823406098,0.3884255815704173,0.773775797230373,0.5684273062909836,0.5482928537785885,0.6521410826419901,0.3870697433896693,0.47221383725073024,0.8901769776507754,0.8649949393503779,0.8793391162399885,0.8213515278963932,0.7632936975103639,0.8044219457858506,0.8955338748152863,0.678007077929688,0.8207155235629688,0.6556462482245118,0.4045019518292355,0.4121497816819649,0.6137055958998532,0.4558074997543416,0.5702658680330949,0.7114617836184597,0.41485384637964373,0.5578772423278784,0.9394639983583106,0.7682533832317702,0.8644111728372422,0.7668459678624167,0.6308019976792513,0.5244898699978818,0.6408387766403457,0.49685459647925656,0.6312524624937289,0.7738563316223546,0.5799154006341587,0.6369710370328135,0.7808629812727946,0.7656351808653458,0.7604900455947095,0.7609179158362712,0.5644327603692333,0.5305961144772212
lin,rest1_vs_type1,0,Rest,Rest1,27,0,130.461705,65231,67731,36.995762130053095,31.43975781129503,53.68814828095951,8.854557254836214,8.17008322816269,3.7597412955195475,16.254900976593422,23.39758504031,50.515444297438904,8.063845165615403,7.303448320482535,3.5873832317193437,65.52604293462542,34.74018390268597,50.15580145678139,9.284369357395319,9.844322375975032,3.9515069836004217,33.47097207090927,33.18697583809794,60.88030735162268,10.683984027682248,9.604709306666372,4.278459493915815,31.114906294780432,31.342220493549945,69.2658430377662,10.424675917316499,10.685882838268961,4.655789092935248,16.272282842928544,18.349906604944422,60.993861674932845,9.49475479254164,8.75156464408427,6.0530674564240785,15.168425294236487,11.715129875938025,33.18690070434982,5.91127334470835,4.252759758365031,2.3905928219495793,0.6109465610409196,0.8503539572006948,0.8463533591957708,0.8350480144563696,0.7803339759008245,0.7511649437420421,0.8684199959005942,0.8939540829215509,0.8585773680147486,0.7994307709108016,0.7057321019580052,0.6357771402692688,0.9079108013581956,0.8316532703274373,0.8724587165251358,0.8202608704245519,0.6983009215688044,0.6423527577444589,0.7555129927077994,0.6790572783148887,0.7882776197992263,0.7985821071661751,0.7527406933742179,0.652160035560828,0.5519697460087538,0.5506714850338117,0.5728545109940905,0.6232056661687572,0.5556427066243813,0.36571377442457836,0.06668762114248723,0.3941601630852366,0.4688723541310148,0.4868910545222796,0.4990799574803063,0.38793469386732526,0.3117713660372455,0.651879142526054,0.6448425187528881,0.5768999388479973,0.42188789726535025,0.431353237792662,0.46965722288505624,0.7548983360974584,0.7809854280601132,0.6247675822678159,0.5466460157282436,0.534403658725428,0.7168345015133061,0.7670061106737164,0.8999459566664652,0.7362933615884716,0.7326849893925877,0.6223062725570333,0.8148262850044702,0.8014892242322306,0.8154903591117113,0.7270606190881989,0.6895620945259738,0.4609974426109709,0.27768834936969006,0.6038833215286079,0.719211600055891,0.6646095813121249,0.758372226195443,0.6067634882667191,0.8882985369472441,0.8253100962580404,0.8520708612977389,0.7914243567616162,0.6647656121366461,0.5879520530216181,0.5967755800526106,0.6225232739495785,0.6551297719056548,0.6253686735070326,0.46831648225336453,0.4915863455097443,0.34463568829586005,0.4115750732061882,0.45663553496464954,0.4095522218300964,0.3445558885709918,0.2726496610805172,0.08824419480390146,0.3713620933695781,0.31991677975341665,0.312324690278928,0.24396538569156972,0.2637010630106326,0.7819122369590129,0.8552483415483324,0.8545159842445568,0.8575913442133601,0.7570321543311873,0.7089965556852017,0.570732717766868,0.5883453907655501,0.6370957996688713,0.5545917987049245,0.48611826589999935,0.37543002582462837,0.03398456300738615,0.37385959872272057,0.4522094238590171,0.44528271614453097,0.3183149082271641,0.287342790297875,0.8671268474711539,0.7064942957188609,0.8377335255194179,0.7326954796593349,0.7047940331579607,0.48709482054940756,0.11492164446190556,0.42486064770730037,0.6485420304164049,0.5584763099831325,0.538656731721468,0.39213710411391794,0.1948999361379453,0.6328446354673359,0.8247913308258091,0.7282866037207498,0.6419810352438305,0.44364219527908966
lin,rest1_vs_type1,0,Rest,Rest1,28,0,135.46546099999998,67733,70233,33.135285813679545,51.863765753177304,26.776925435480315,6.0476823164058855,9.280904196575234,3.142427214297384,51.80608105300733,44.83366468146786,22.900727686662172,5.7501399790777485,7.529023219978208,3.084909607800266,38.37331135505371,44.740499417642106,25.03656675616172,7.197318034731163,8.392741926750189,3.687131912198465,17.149002287549983,35.8878769113415,22.253182048142385,7.662303802211703,8.458878890911723,4.124268296583203,19.835740258458472,34.56155924225567,26.905212742013855,6.22487160464431,9.233808130771417,4.844502186902064,26.422415138250788,25.011749057256008,23.270571664660473,7.330398202767534,8.006252212299652,6.512328176381793,65.271885487638,36.962578190161835,16.928392417435777,4.380293094688168,4.7495700044842994,2.463361932674796,0.6495938316104961,0.8609008667344382,0.9039113349419645,0.7244457444773903,0.77831788149925,0.8028120289280788,0.3897784115612047,0.6986433691016158,0.6852509601548367,0.533101759721557,0.7080928123500099,0.5447982774361667,0.4986730675890014,0.8169094963455854,0.8128840188071974,0.6078651235528578,0.7603316347547981,0.6088444811552536,0.41396716930449423,0.7483687059596653,0.8880507614724775,0.612744516673777,0.7205588798122549,0.6863860941864487,0.4485831218965524,0.747783337751599,0.7020834951752926,0.49625178357325794,0.5798281028438572,0.5338237344521605,0.2906545574394906,0.45699775975898266,0.6643747434178395,0.4486646827809757,0.474762365514371,0.500093701432282,0.3741876900073306,0.42560263829788736,0.5012944111686901,0.2628043449873068,0.40088689657948684,0.390552515469764,0.25014878657439726,0.6063743065763071,0.6851409534314705,0.35615960289296206,0.5414596596754305,0.49496869322517595,0.40425512461087726,0.6765383416137306,0.8622840735606229,0.6275130762639577,0.6740780719944688,0.6322495228686069,0.8346400370142084,0.8239278646207628,0.8040722003805367,0.6363124414335891,0.7209291042507427,0.5405026636286971,0.7913956827011718,0.75475813646528,0.8250349790025545,0.7646145244209869,0.7120392987384563,0.6716068854913796,0.7431210770525126,0.7748997523054624,0.790268571506181,0.6602117698339394,0.6953630361484169,0.5053548156240467,0.09341008377974756,0.5945110685107559,0.6088078654640249,0.3625624120546865,0.508248571911228,0.45199303492763454,0.27482412826898334,0.44511302466514313,0.46418458690836617,0.2688187558905643,0.355138949917507,0.3561337881118007,0.5632103027895633,0.1770594230225163,0.36391047237373364,0.24615317848739873,0.22597163896381733,0.26271236051643315,0.40432818687499156,0.8380975844864098,0.8611117342087955,0.620387105755156,0.7100370989030618,0.6723769350274715,0.21053365655011325,0.6808935990593626,0.7206397983876442,0.36109729164358495,0.508790119447783,0.4093211720901163,0.2590787852792543,0.27803875764022395,0.5420474398916119,0.19759252175300088,0.32609704644830445,0.32214615712673283,0.5563904960162346,0.814589253696548,0.8325703820107743,0.6277423851136595,0.6606020697409485,0.5645738503405402,0.20934998005196456,0.41189107896207333,0.6782849393472764,0.46438706813699254,0.4262550339093563,0.4001267776782823,0.764497094381498,0.6809441449069932,0.8319177552614697,0.6542396806868146,0.6269408486244,0.464623789124473
lin,rest1_vs_type1,0,Rest,Rest1,29,0,140.490179,70245,72745,19.20512933125807,26.3827624915931,42.68033626045416,9.06132572511138,7.085857396051534,3.252068291759409,17.129376790627738,20.418781805890305,40.4694690859393,8.262926791142903,7.847218440040008,3.4412987976757896,18.529492322203392,26.524781535482152,34.345008912158264,7.764197650909732,7.841397331021584,3.7036912485723996,20.95248748670344,30.582171884097946,41.79963175256479,10.940060728414965,8.003002327656011,3.9281721790556055,18.217293936189098,30.959867733176218,47.50524654794748,10.647135750669008,9.155851292598244,4.527147114743504,19.18737715587346,26.762290220939285,35.48540907946165,9.595086876052143,8.825631579803511,5.619575650274899,13.711843432418485,14.200950861892814,26.041320687612448,5.488635742432633,4.780851651977123,2.3544559545641457,0.8371069116219227,0.7896809351064671,0.9087820690525025,0.8566184453947489,0.7697415343452894,0.7876707634006018,0.7090534364139418,0.8023879703717337,0.8939240856215338,0.7281445447231836,0.7720088670819497,0.6462816267805944,0.7361159654464123,0.8303074536603036,0.8710755933889512,0.7438334453967365,0.7186242468246278,0.5900892939947425,0.5842808443187787,0.785057161104375,0.8824265187707953,0.779770384397633,0.7096413996713634,0.6564172866834382,0.602382808540593,0.6872174274348248,0.6219831726408063,0.6955648404901542,0.4337496345357904,0.40673282075451844,0.4236820677721184,0.6953240976831491,0.6304249047042659,0.6153528992234031,0.4839976695404845,0.531889363802296,0.5525407221607224,0.7403193253463671,0.7399291882994936,0.5569404653362193,0.5668695501335629,0.4865458828194971,0.755591633843189,0.789553073553426,0.7619700699494486,0.6612992675400379,0.586708318920581,0.4595412667648226,0.6799371432173745,0.795459615202268,0.9088850514302109,0.8422326800718457,0.6734645553721061,0.6852109434057888,0.8251349957681001,0.8791276371673153,0.753996107657903,0.8379173271267585,0.6083168481991594,0.537741770382193,0.6682291242468358,0.8863476307355416,0.8173426974807642,0.7898005614741156,0.7477869661507218,0.7298442822950462,0.8147499818232151,0.864252089746585,0.9381931333630404,0.8115989591315002,0.7098636553866637,0.5955788346723999,0.5550689030965869,0.7548612567404405,0.7928343244872311,0.629417732647041,0.5829084923629408,0.43844820431206305,0.3852700900301029,0.6783594933298117,0.48055192120819984,0.3993676784682325,0.36551887590710114,0.31531683929759696,0.23338447836285478,0.6543776987354326,0.49961942765487166,0.4084720753087981,0.37203456212736263,0.4703185270384204,0.8029726599327743,0.9022086181966775,0.8649999855328747,0.7981284746520144,0.733086257370752,0.6543966884901652,0.6649163082843265,0.7936054546290825,0.5518858871192243,0.5888212184204782,0.48837785322247446,0.3159122054694395,0.45538868311236164,0.6646286039441622,0.5507169054837855,0.4790428484257664,0.4079055310832048,0.388863650811546,0.6552067374040177,0.815832737187723,0.7608425737927045,0.8194444212047276,0.573324002906673,0.48865708985844225,0.4042357544214539,0.6773044270414292,0.6993534520448981,0.6133798734458449,0.468131031572668,0.5057999072117618,0.8106192476193463,0.8352951582795345,0.7557369276571263,0.734701929395267,0.6672259868940119,0.5696748170949186
lin,rest1_vs_type1,0,Rest,Rest1,30,0,145.513215,72757,75257,13.991163572291038,33.93902838166582,44.27106854839653,10.692728413065339,10.18267903433529,3.854103889188207,12.24534308127004,28.35173513889451,40.60690707190649,9.441453598817805,9.564919669039002,3.567839105482187,14.062233756514447,30.531243669851758,41.00016520138802,10.405942545222738,10.444449090190457,4.151871121035272,18.873790792485277,44.385121933459246,67.42715323029643,11.706428542371965,11.415744228822371,5.581388760002628,17.026520038896777,50.09636294782521,71.76998153926107,12.415900552535025,11.469831692802789,4.5687681442334815,13.126681996212954,33.88859663392267,57.38709328857041,11.897461985128862,12.157447936086921,5.162664592362088,9.076835297425065,16.29876716144644,23.78114133059916,6.481255187187376,5.222607552955698,2.5068034478118895,0.9071319443812077,0.8482988015847215,0.9134802866033164,0.7994580279988754,0.7562912274055847,0.8119484775865062,0.7702944336862613,0.8158024734277267,0.8757980618813835,0.8079363521202408,0.7493749283934357,0.7567967170358002,0.9019724473285918,0.845902897817659,0.8920813608228603,0.8150380932917626,0.7936977338628577,0.6819362675999255,0.8213162752285509,0.824395199599073,0.9258214376138276,0.8522240699722968,0.8130478052091906,0.7700023542522474,0.7974300629882181,0.6912316774239227,0.7100439799467113,0.6092060465443662,0.5578990656428591,0.4565252765867095,0.6468558174565328,0.5635771307133763,0.6355520655681584,0.4539781934654317,0.5232295457142393,0.5563229575175852,0.6606281514696382,0.5968582606423753,0.7249816070905303,0.5826357990296149,0.4551357652828839,0.5852637933347887,0.7919366317991505,0.7271042005327544,0.7937164224965998,0.6593937580535262,0.5656262492258193,0.5809659701893961,0.7865789997001645,0.8630794641150501,0.8944945142901505,0.8353324419144398,0.7618593001139423,0.7304923672224941,0.8998346086107986,0.8694750680497928,0.8372460336527718,0.767770622957958,0.7662741039483201,0.5187053027634388,0.8069899288438819,0.7603425268271937,0.7924474723954853,0.6995136572364259,0.7676507537088776,0.6528432657226306,0.8251477665716404,0.8739380089379734,0.9204112632118194,0.8034112418476583,0.8034706887452085,0.578672655906297,0.5602717588237754,0.6871537917166588,0.8289857673482285,0.6826314259257033,0.6062140779874257,0.6184562021164,0.5763059181316922,0.5517576945449211,0.5972633588880112,0.48534288482051585,0.40686140227255896,0.39839107131887813,0.4748606515859127,0.4356182277201037,0.5616907227932105,0.3635008521909206,0.3222425339804135,0.4706494210597398,0.8422620174285803,0.8857630555298359,0.9391963151224628,0.8355068688064758,0.7500753725068826,0.7009214238882503,0.7772812951556766,0.733603954119453,0.7153362155476587,0.6120066359046873,0.48760362230843945,0.4685288682978847,0.5428143170489106,0.5146900920440391,0.6217317563355509,0.42173481755080955,0.42682063643293733,0.4473755613364812,0.8659502174734808,0.881878636017317,0.811037775179928,0.7467857471134286,0.6548735483636268,0.5653213306700827,0.5573327304694138,0.6369027455180547,0.6904119269983695,0.5453205280015746,0.5276690474344381,0.4998820461920882,0.8127233939786599,0.7990116648098661,0.8919703600741903,0.7473750959970215,0.6744259576876233,0.3979082936411948
lin,rest1_vs_type1,1,MentalArithmetic,Type1,1,1,150.52912899999998,75265,77765,19.764278446401825,35.9314453763121,16.972655007069587,7.783799557737431,6.506913185587235,3.544415193749673,27.791186792943453,30.76435001803684,15.709122440715765,6.834839911594774,5.347094105117612,3.6826794467053574,19.555524519994375,23.632751216885154,15.034685189812711,7.959153445031478,7.914268629165719,4.8153984925205755,23.008030498279275,35.36185186905501,20.159938273078033,10.93347001577773,7.553247545687178,4.623120287876606,32.36935808127515,49.90421727170323,21.787416983202217,9.829873101959228,7.575932263323572,4.522055436160442,31.512067163927284,34.16679780723176,16.270659579143555,9.641378371785281,7.885990650052988,4.976619622043748,18.386438514665837,17.60391247904163,9.049866534542906,5.341515182992526,3.0577822387829605,2.53335365948429,0.8451510524532275,0.8618967932615458,0.87477902729309,0.7535412653203514,0.801452324505569,0.8208506305615387,0.7856142563415726,0.7794889265534098,0.7313004405616691,0.7848272908419961,0.7524072851461054,0.8136669908398295,0.7882453883096082,0.8707990751869699,0.8501108093987245,0.732014016870506,0.7267958604468079,0.6595176645997778,0.6976163920400026,0.7859277369559737,0.8687744823915571,0.7239032629122485,0.7568060819500604,0.7489312027412578,0.6709256194256569,0.6865378750953711,0.6950942021312247,0.501561292959774,0.5741587633458934,0.46422212720779477,0.598341114688736,0.5905935547323665,0.418432128842437,0.45122488226036656,0.5200569661944761,0.5568340831541826,0.5019632708717352,0.5834282045363035,0.5017585998948938,0.4972891756219951,0.5685528526664971,0.6009945222469412,0.7113847672464785,0.732623572646686,0.7593657572502508,0.6271942104498833,0.5607936927154886,0.5436384939942775,0.8001269282788356,0.8017139127745223,0.8983262869696524,0.8352513516927418,0.7416931484149716,0.6745345798248491,0.8845621472818085,0.8738372838469489,0.8662290379465153,0.7624130341250405,0.7123679191330647,0.522434885605808,0.7137536097505169,0.7943818588004986,0.6273649384093399,0.726768971069361,0.6879834114532137,0.6824447282152643,0.6945396983973858,0.8797242998655179,0.8118961547087895,0.7630568554630379,0.6760543010839759,0.6556265627040044,0.47184642538038507,0.6364251072194423,0.5757523183264425,0.5417127531437667,0.6267052423785066,0.6168413060893464,0.4045677504784025,0.5573370852214161,0.44038297690691613,0.3407585736669662,0.4631963356944565,0.38632283849040683,0.35750082370390385,0.4391697983731443,0.21410110033547794,0.32415500589417656,0.35967554015529235,0.4357578404998151,0.8860314168792889,0.8098861146170846,0.8395651623192804,0.7307359340894102,0.7633655371086642,0.675782217012343,0.7596030717728229,0.6852434048467868,0.681900185120034,0.4972185495166589,0.5162553256636089,0.4395071779368058,0.46152544974518345,0.5570910331163559,0.38040249383536456,0.46589385391142024,0.3719725697343136,0.36630390994000483,0.9030480619876586,0.8122128122314106,0.8357359201143252,0.7656078511826195,0.7380084363281875,0.5501829792745695,0.5309635423691489,0.568373205558895,0.5127178423868524,0.565792656724487,0.5474522405710472,0.4896472813805706,0.5642388495611822,0.8460022063433058,0.6943299315594825,0.6836909654767697,0.6349325322042534,0.47514120506929153
lin,rest1_vs_type1,1,MentalArithmetic,Type1,2,2,162.566118,81283,83783,20.592729426521988,31.30897273164821,17.02184991361189,7.234315577373157,9.722371177930327,14.099508023940867,15.87208943515705,26.73335878261902,17.133811677796633,6.881675466800434,9.733196931270998,14.34742546627265,19.067265470410312,24.16301948689268,16.592386166459256,8.634139664107561,10.0728778961654,15.927852724844568,24.938808682713553,25.53036449124053,18.737799607071125,9.508445660156742,10.398982705906937,15.239872616897486,33.0080424593029,34.15970784030131,21.074279589963922,9.389756488378643,10.930082766718176,13.952886612262526,17.92186530349555,27.222495087912804,20.021090746370977,7.272880974432998,9.828251183577487,14.532652915810589,10.86795020038094,20.274289070881775,10.934868918457916,4.935567693699991,6.643668934804361,11.084855344223486,0.9358302815945342,0.8190625482568712,0.8570021286060097,0.7744918031818532,0.7876296333842912,0.9146461061044319,0.8815917801868443,0.7089969334970138,0.607553877636612,0.7608989107960035,0.6832207941563435,0.8547020059511028,0.8728623655355877,0.8024611598653796,0.6646469328246549,0.8064689424350612,0.7185443792242159,0.8048013661568301,0.7418348710969718,0.6655964180628635,0.6943062375011733,0.752631198147938,0.7595009820451131,0.9104951997440694,0.6996047697709423,0.5066932365508655,0.41669528835063313,0.47263001170921026,0.5117683299402864,0.7070670227915338,0.792975712777023,0.44762960164810817,0.43101744629382244,0.4590803467352713,0.542336435293641,0.7358822663046763,0.7568599735985796,0.5139321033083614,0.4013772205742157,0.5406443927134065,0.48338305617050104,0.7474342134202984,0.7911442133304109,0.6314992265800661,0.5330947764674836,0.6477014505625414,0.517276340729885,0.7506307294375,0.7810330712348006,0.8112939122272014,0.765562597603896,0.8087978861805519,0.7919062372260172,0.8921281073516557,0.7852121062371563,0.7143518880058737,0.575612358072054,0.7107380304572616,0.6900574876677258,0.7757064504764997,0.8621418494806982,0.6211640667776611,0.6368255003157829,0.6695827091758276,0.7492276478635309,0.8025030417319691,0.8417804874408111,0.8358446074236724,0.6875096624197169,0.7954838443885006,0.7580524341843151,0.8140259723062829,0.5853161980533053,0.5276931620180877,0.40843701114051695,0.5615501943375615,0.540828192027133,0.7822076344047868,0.5938326170909456,0.4607708575146286,0.2984299160135283,0.3531952682704863,0.4561693907690362,0.5874557701231713,0.630726816605626,0.3854637434029286,0.19939821106838787,0.37875836489254405,0.3350024791455669,0.6008525327223049,0.820899855292985,0.6455490716752854,0.7479288999264884,0.7813543133732702,0.6955510048987736,0.8511165447239187,0.7389992279700309,0.5464456991503274,0.4675111687346762,0.4849865530146892,0.40140744520221094,0.6776774417244532,0.6468227359547609,0.4793752410925297,0.2835618133029758,0.43681298819480513,0.377241086920756,0.6304630058554419,0.9101117026641586,0.81215035345054,0.7180871704578353,0.6902665251895239,0.641358861136778,0.7245486577999144,0.6028502962494225,0.6378114403943985,0.4609186800064237,0.5411257642652156,0.5804508446101841,0.7262761369411391,0.6481672630812215,0.77525735965627,0.6625440912010978,0.6146799726095431,0.693174943657438,0.7457436800072068
lin,rest1_vs_type1,1,MentalArithmetic,Type1,3,3,172.997059,86499,88999,19.16353135075932,43.100643826212554,17.696664740269277,7.441575108733814,7.096930091064319,3.990551738791558,15.784914177743563,35.26445379580443,20.07258828094843,5.960053963427697,5.526006782945269,3.69863388969771,22.257374612013237,36.91352902420659,13.466943661429529,7.281119931163371,7.308219505477507,4.184290660045672,30.870505500373632,50.48528990945568,20.14218883671361,9.321525619327735,6.71741685938269,4.0509075066909235,32.3276603748487,60.05889645697901,28.895057937983402,9.328624206689108,6.864181506438744,4.940504953831323,22.938014851014195,39.831361484358496,23.557579667803893,8.814983115240098,7.896633523274851,5.784999664176534,9.632780006911116,18.507918824634906,13.683641016313242,4.979846865734727,3.98577647584004,2.1946851632427102,0.857080196248742,0.8670603334507665,0.8967026263512154,0.7649118975230597,0.7423196591373984,0.7783026190222679,0.8782121364360412,0.7293328322645513,0.6724994628247766,0.727990223447513,0.6661231176145008,0.6909564133044762,0.8003350063592314,0.8190803598263805,0.771706919181623,0.8101271297768439,0.6930441219048477,0.6501566254245776,0.6585806570302059,0.7985045440335569,0.8072135747438537,0.7038140427043987,0.7593850767325987,0.5981875744058271,0.6141347333453925,0.6895494202574657,0.6975101548396441,0.5017459090311389,0.4513374753777347,0.44114001955829424,0.5307727369776974,0.5598957470359274,0.49582062744165334,0.42855131601151947,0.36108149308405446,0.5344974085037902,0.7023146257489565,0.5464525395721838,0.4216224110263916,0.4330072001315161,0.40114975378189743,0.4878230241063241,0.8123067749512684,0.7087192666706126,0.6562471987259088,0.5738539710958621,0.49248666470370955,0.551150351974474,0.7848742698058048,0.8388682655038728,0.8268882251063691,0.7341891278396954,0.729879972408009,0.5813282357094078,0.8126982476647507,0.8279475822766907,0.8147482804386559,0.7381390780013131,0.6291662299589511,0.4678182318884271,0.7425654816897879,0.6900226718322072,0.7048160557319949,0.7189573772075865,0.5811671979721813,0.6407563285898726,0.7446875551061444,0.8581202175403433,0.6986771083463584,0.6418881045258653,0.6772942045007712,0.6679711719090918,0.5887543143379445,0.6610576512028071,0.4495143214966797,0.40431944885749366,0.45922024542730755,0.49391319723208754,0.5713450009331242,0.5419182184300786,0.3478115011056526,0.24909932421846262,0.26527290957567307,0.3431262298039174,0.4630356722713013,0.28862564228662035,0.18464725997925666,0.20561104543999664,0.25431028693054475,0.34653676043347587,0.8867996073608951,0.8952171112733895,0.8005749066207567,0.7180429749438652,0.687329320490984,0.703844301442961,0.8082011283325841,0.7725280170385107,0.6228660153642023,0.4120059501306681,0.40440090616178564,0.37456912880236465,0.5865183776572365,0.428142875257801,0.3716732381048714,0.30998164507429815,0.31850806957314387,0.400919701396,0.9117945375830298,0.9127543193097525,0.7867863219367186,0.6737835148477286,0.6019233451465291,0.5428662158009109,0.6684426212895528,0.5568250190454929,0.5435794102572584,0.46563001521228253,0.3859709229881825,0.3785773671402346,0.8060111350487537,0.6073617024147535,0.7409148347824401,0.6643470319099488,0.5267711383149579,0.373294255281506
lin,rest1_vs_type1,1,MentalArithmetic,Type1,4,4,184.08769199999998,92044,94544,21.230661597388764,41.76338696432225,25.626396275964154,13.560516572236146,12.072076021858143,12.271951868656922,18.334997484240258,44.7820186638123,22.56124904160416,11.610643727073215,11.279270726281794,10.397229700744507,23.769224652472147,35.35130902984333,24.65538187630818,12.689608790098442,12.930243560026142,14.465025106752625,23.995024197652985,57.28313304902802,27.183238108917855,14.232013079023613,11.326601119297093,11.696597875215856,22.107753339506797,65.10941201272307,29.48269356756596,15.421156100374127,11.699216087953506,11.46697455597859,19.88496798967417,43.821455920822764,27.52082516337645,10.963619029626004,13.414180834906,11.666729544827515,12.696810583326428,24.580906547677987,21.13180660833861,7.830688009135888,8.054780913896169,9.796271895434725,0.8981871587168516,0.9130120735683114,0.8506149570409836,0.8310115478185199,0.8037755478452848,0.8557248054437434,0.8450183935658461,0.7936401404159407,0.8773899137514876,0.8018063160821095,0.8095655776088986,0.8329073286197193,0.775001282463056,0.8959823365165455,0.9062162085715837,0.8416077228238008,0.8074397821410002,0.8641122159231742,0.5888774311459205,0.8704241568710214,0.8571330706026286,0.8666542902028069,0.7432607862903284,0.8710521063933145,0.6393309387634482,0.8842106933073101,0.701527838856898,0.6911644310747483,0.5955320779938782,0.6262474845645861,0.6529087542938394,0.6490367568326461,0.6689604539862384,0.611574629819674,0.43209229928932313,0.6111168302107036,0.6505344323664644,0.633335994752517,0.6747539768405313,0.6039463744152019,0.6022206316960033,0.6712977501636966,0.6890127941720929,0.7733571149496679,0.7659940491779388,0.6571283052879454,0.6506432907711235,0.7409424638474148,0.5737234986062112,0.8306821028188386,0.8523337652864604,0.7987647119376442,0.7765978937267036,0.8187508110108789,0.6819978582830931,0.9267922528902376,0.8453211242540208,0.8382099339241247,0.7065639979927589,0.6590276977283848,0.781426688315836,0.8003084264888893,0.8225214904884384,0.7928198410682267,0.6401451882673279,0.6653711872691322,0.8456044200461261,0.8838985971293134,0.8719195224555323,0.8279214398639209,0.8006734928481958,0.8770935750234607,0.6524090354486187,0.7376798244583489,0.7357118442976411,0.7206682608908661,0.5970089234152065,0.7468756126814763,0.6743520414489318,0.6668634869961552,0.5422370669640093,0.5592310291365448,0.460579733730356,0.5590376013428707,0.4212835139753332,0.4259088351035665,0.5766417053076116,0.46673151069924307,0.4002474583204382,0.6015295728124558,0.865393962461667,0.9241986147399252,0.9068521862778054,0.891073744829579,0.770005704608786,0.8500193463120754,0.8547957854077296,0.8320576703547028,0.690458331589771,0.6220593850744861,0.5728073015440198,0.6254366555450074,0.38883412684965313,0.5094021426216985,0.6224625880052205,0.5186373803631328,0.3674131595282418,0.5514340852939472,0.885430781526899,0.8884592747595874,0.8125223167169107,0.7329324787184212,0.7535648893766222,0.6414197892002901,0.3775620191456315,0.5730768857026782,0.705116900367986,0.5957062980008724,0.47863171198221355,0.608234063089355,0.4374114270996518,0.7543409359052925,0.8493158029166921,0.7665115123617487,0.5798576616561172,0.5189653671723972
lin,rest1_vs_type1,1,MentalArithmetic,Type1,5,5,195.39588899999998,97698,100198,11.765038567196486,33.61952449931154,18.535075169368138,9.863912192082527,6.5727315725618,3.773670499019574,7.0910775309756415,32.83218441211843,15.966148326429284,8.231533789352754,7.701300776450165,3.824177318859577,18.168358598033116,26.126912359231014,15.89527054562667,10.078881575842487,6.525045800410796,3.6624236439097513,15.695976670740752,25.739335298312444,19.520325307442175,11.342095192452524,6.6784430208530114,4.198058510629761,12.184620677407256,34.65453848977776,20.38257472703803,11.716382167467739,7.399540027079868,4.789636741894794,8.970907661710692,25.591595777930934,15.832206838633729,9.905780786327869,8.9731415453456,5.652404396711119,10.330987242759836,16.547735859481143,9.697675014540062,4.035343481104242,5.3475576177581985,1.8272407946798328,0.5923012788288514,0.9143228529258808,0.8949682499280872,0.7509287422381458,0.6744288059253691,0.6490553544651735,0.8384861147158628,0.7238855579546317,0.8317836006474153,0.8489883760009808,0.7371254129367395,0.6368733683879453,0.7642925123771791,0.8076560146235929,0.800688226983967,0.8374924753985393,0.697226841037552,0.6809458617556524,0.4794069123140994,0.8042980850759751,0.8367593781512832,0.8082357789199309,0.7602941276734925,0.6904610837348215,0.2951720366352691,0.7552031409958881,0.5719689122177565,0.5376225746749627,0.48903186060122844,0.36498288631804654,0.22207715518466756,0.6405688440056243,0.5561595769904011,0.3786010772266465,0.4353538237802622,0.4760497218211614,0.38151669361637924,0.6135975250759795,0.6768389439538891,0.5611400133105395,0.43407475722318656,0.40570427827142014,0.44407161391479016,0.7978786223985869,0.7015100433887538,0.5899862737005108,0.4950276600342228,0.4460969544198649,0.5668364679678862,0.8894595280736164,0.8194809368383467,0.7284099139802592,0.6591034995671528,0.5230092271182506,0.5111221741513501,0.8887161395567605,0.6591699477988125,0.6514252022824677,0.5149852561626624,0.3415812150891453,0.41168460425264647,0.7916639434828888,0.6850261504211445,0.5911862653462894,0.697271311649182,0.5427405891913625,0.8821384115877201,0.7255353552061764,0.8082955166709489,0.8723573465231391,0.7222071536985497,0.6332592736765792,0.5292851993486051,0.5730414996487001,0.7133651058314836,0.721059432594201,0.588346655831437,0.4920618154504953,0.24091079862101653,0.5156773908049033,0.4842301634273479,0.43709953616904895,0.4185390325634108,0.35687777188771314,0.21867936941349797,0.42463520371879204,0.4493222815070778,0.3151951277771738,0.38059897974536916,0.34180076066321224,0.7831593612522653,0.8646757579125582,0.8803166763573186,0.867712861963258,0.7619762475211095,0.6787738352646521,0.34232823249340316,0.7997194370738195,0.6108424420968659,0.5823016858942704,0.40503077610586047,0.3295536448890981,0.17206288718823612,0.597441486953883,0.4957912327970956,0.3731199091881617,0.4275943806634829,0.3735097792262856,0.6731600024985313,0.9110943263064604,0.7294526025706439,0.6871385242101938,0.575763696220837,0.3515560509091574,0.20432325740130128,0.7169250399517975,0.576912810181821,0.4439486511469101,0.5167340849762709,0.4290868280244149,0.5275052656556024,0.8262841312360353,0.6628244042371002,0.5548511393019221,0.5291542470773194,0.4040941496083139
lin,rest1_vs_type1,1,MentalArithmetic,Type1,6,6,206.78920300000001,103395,105895,38.02245470715369,46.31717105541125,17.376485383656764,9.18399656956621,6.695145662719542,4.280786602945731,31.71245036971261,42.33137819495308,16.3579335333975,9.142570145496023,7.423690552089312,4.331779676929628,22.082900903412387,26.765070063599566,16.29370313838657,10.06694410920296,7.1591623035495315,5.173024189990569,24.57320248562777,33.349209485206536,19.73249901211173,11.831813823202706,7.006233393623467,4.7820860694145555,24.835962407819117,49.57556119905344,25.918067025742978,12.797835006942199,7.807953016244985,4.922991264611217,21.936579599982338,34.57830658082598,15.742033418235412,11.749891377402,8.64078956579308,6.63682736487599,19.55457231268555,21.66294493238503,8.547084092021061,4.5437609504188625,4.305282387402209,2.668813445331319,0.9321774907983588,0.9500014172843914,0.8529713737653575,0.7638007484898032,0.6780358617069578,0.6941100954131545,0.89970471467318,0.7519405553447385,0.8149203564203512,0.678400205639678,0.6959105796102628,0.7320925060426894,0.7806448933614082,0.7554567624791177,0.7558004374042109,0.716930848223619,0.7685472419228582,0.7304790869859824,0.7724148968860322,0.7568444113785073,0.7724637617233014,0.7721573117636261,0.7303908465557056,0.7131682472081496,0.7232675700046333,0.7943694153002917,0.730085962842247,0.5119449372627305,0.41724158435211256,0.4019486572574965,0.7549093236358577,0.8074003862398098,0.719790316985938,0.49158472910888534,0.46755053482084225,0.5074655371366179,0.8521000067775305,0.662001591206876,0.5681640475967219,0.5100967687567388,0.3287028429987694,0.4458443438342201,0.7803616365599103,0.700288570617579,0.5634581563431817,0.6476826945722433,0.44433397580391054,0.4915187654133142,0.8026270127868956,0.7649108373029216,0.7040875867960598,0.7799450300869581,0.6261272005636985,0.6728847648120663,0.8276755993789194,0.8490372980444783,0.77046709046027,0.6448919322550548,0.551315584494878,0.48504516160375427,0.8991102433576739,0.889435759511352,0.8222539244057044,0.6878166783214523,0.6106939539624333,0.6062549876760177,0.8193183875185551,0.8402837372722587,0.8293079681938893,0.7472639168428401,0.7774648471220897,0.705199095602638,0.7403492008431932,0.6489069591571593,0.6944755448935236,0.5139272815053547,0.5158010087150176,0.4914751147077595,0.7351952432426515,0.6328979241567871,0.577356724216818,0.30459766265589583,0.25280549016950693,0.3315102855919346,0.7360897289814163,0.5059848697596756,0.46602729867107906,0.3007906933749007,0.2808564972276952,0.3513764125019197,0.9603830455237184,0.8352335259477774,0.8695382488126725,0.7715904802712946,0.7695257545410323,0.6452044072698992,0.898177617000902,0.7293836575556435,0.6269012083129432,0.5425730741554262,0.387569977484994,0.3368918742441046,0.6927541926545216,0.5437480665279999,0.4820604686146437,0.48657460962637583,0.32494188239285704,0.38400021751506136,0.924273707338246,0.8549150518252169,0.7578348128693893,0.7651233031843352,0.5849475096140831,0.5099655675270874,0.7286592945246433,0.6055057883243231,0.5699218355375513,0.6029574374901724,0.49136653846303935,0.47101541237280625,0.8427242390627621,0.8133756223616273,0.6949980625723013,0.6512078191071922,0.6240361884113302,0.5011908356196059
lin,rest1_vs_type1,1,MentalArithmetic,Type1,7,7,219.150529,109575,112075,97.99357865784314,59.870645884099865,19.834345708732656,7.238613963853191,5.576334306777329,3.86885032787979,92.30122359750142,41.56711781362623,18.594513953820893,6.507886327122772,5.476658849381826,3.5296337925072083,51.12388414901722,51.25543501965341,17.027265157930636,7.697863931852063,6.450668667391982,4.374129114638854,49.65528397543271,44.30568910768572,26.32469704567496,10.041415811378867,5.524492192831928,4.022579063205547,58.32264819865469,43.895967467238805,29.666432023963484,10.110201040266855,6.334343439213129,3.9979566896192313,45.33833089945139,30.123764075639595,22.391847604552442,7.865208662100761,7.3768086449252195,5.394650675149054,42.74638483872632,17.184397377475324,13.797550916580859,3.795415477604837,3.2932863727451682,2.382130193889062,0.877853312968344,0.8954197211207051,0.8195229493234054,0.8672097184098412,0.5788624285116533,0.6931940457392315,0.8843580398447878,0.8520021641762114,0.779310623567999,0.7861768788430732,0.6240713854344925,0.830919952781645,0.8234041533076134,0.7783567035381856,0.8099433759549791,0.8380756076112029,0.6886290084023052,0.7044566814034883,0.7630574480241905,0.729775946440782,0.7836187727443165,0.7638737537260615,0.5151542144258174,0.6431285238409287,0.7841445653080313,0.6682711028452883,0.6131462926216654,0.457381219434803,0.32491927159914413,0.3689763677235099,0.6447614120687156,0.6687314123826941,0.5043061263776725,0.39100447704540603,0.33322262292329313,0.46062175543245054,0.6878265910427968,0.6730187595060789,0.5187067074386096,0.6311152990073862,0.2897178493719175,0.6063808592960044,0.722731148026888,0.6670935846984454,0.6047595597903452,0.7924951055667592,0.465055539295771,0.5539151887709411,0.7611331743849887,0.6942189309564444,0.7533330212787471,0.8138817584561491,0.6817191620667674,0.6314640410714717,0.8540988182376084,0.7836039871320121,0.7059481035027769,0.647806273491249,0.5779098382093225,0.45103551764390165,0.7729105251525753,0.820143341488742,0.7577576292608608,0.568142165484098,0.6540692115458023,0.6284913785804618,0.8475878787778833,0.8808249646923683,0.8034601659822688,0.7862641802425742,0.6259367255623021,0.736099630189557,0.7191394546939945,0.7459145584843545,0.5806640511250325,0.5859699412937963,0.31130783530032724,0.6036234694028018,0.6729772346711967,0.5925030773813837,0.4908946679298505,0.36004920909707344,0.2498381669133416,0.3411852990651451,0.6039133859278022,0.4698904608206867,0.3023641055968421,0.31302931434763664,0.20016203574766117,0.4634521248385324,0.9381834206594198,0.8249916305132657,0.853579709565414,0.8411994595160469,0.5977053998445819,0.728480049826241,0.8184902324588186,0.6750248255008422,0.6781772139460893,0.5687363310699548,0.33779108575065975,0.392794205287686,0.567876476068789,0.5159437677109601,0.458915075653297,0.43596372794626453,0.29365712844233743,0.44092229373422703,0.841426015854783,0.7658316891411012,0.8178220436065395,0.6519474706549439,0.5431223163454593,0.4548298393088254,0.5891797262530222,0.5410760203257929,0.5858091062832227,0.43021029071554046,0.498292072250394,0.4888732425318087,0.7311334280062728,0.7736182146263797,0.6966833496409834,0.6800005191359588,0.5348516688059156,0.34943154225722506
lin,rest1_vs_type1,1,MentalArithmetic,Type1,8,10,254.073014,127037,129537,29.439418091640423,30.11827350596382,24.274718465993253,7.395734986441005,6.450709521104475,3.1907309763885237,23.228504418994383,27.879085589522727,24.02092755067351,7.953372919910473,6.955615819782134,3.1427502742533306,30.47750536193971,12.026751201228373,19.096110508082436,8.111227846642123,6.66087766497781,3.722631280016798,29.70773676203954,16.27247234660231,30.008993271406176,9.164957820647814,8.203223225792398,4.692559991546744,29.813095618151053,32.41377845445454,40.568318627293394,8.53956269713448,9.382194419288876,5.311212703144975,25.104399881971723,23.59524242916087,37.591638643134196,20.798907569101686,18.698221451442123,18.300979884026624,14.327511214076718,15.741059573351418,14.407946401975016,4.211927783411187,3.532795737995196,1.9957367841843996,0.8824612146249814,0.8322807702200844,0.8837357291580009,0.7349918875165835,0.7537983353704599,0.616526175433474,0.7167980391481296,0.38760774257649355,0.7698640220982487,0.7288591640440704,0.7046966455847107,0.674520261733088,0.5725070502104764,0.43307650070815445,0.7921504390640596,0.7710642924065346,0.6908635753248838,0.6409499663895026,0.5886302142916463,0.48525682733534614,0.7797753164966348,0.7309982645789571,0.7018857673436572,0.5553826096910917,0.5701365531277572,0.5408834694027681,0.4987683434542765,0.4158072258265846,0.3285033920712013,0.2258653202980005,0.5356989457573481,0.5605571780104217,0.6161675020222296,0.4822117546332865,0.3869677534188354,0.45956821044827234,0.4862359156668665,0.3174639614868913,0.5613529734532593,0.41182923555495315,0.4642386013119292,0.5021657464379482,0.4919053425988696,0.5279499904238624,0.6254293896448794,0.5816548323315479,0.5433419194848346,0.5218108542317321,0.5620713106460792,0.624286675024966,0.7467955550584549,0.7741541360566393,0.7001108146152468,0.5383764282282623,0.6963188267329842,0.7033383063502878,0.4959263897506867,0.44316966750093234,0.38002062439355433,0.18682772903793804,0.7146531910505619,0.7005454672939386,0.7698308778764786,0.7660831634259575,0.6116356421498469,0.5805932510832703,0.7720227235274569,0.5083339121249447,0.8270769286493819,0.793701058074468,0.7825491506807186,0.6016266605607242,0.6263291309279106,0.2943315367707196,0.6253775237504702,0.48728710538905357,0.5927729797053556,0.45299049894978993,0.37213721470784517,0.19665258100295446,0.4657716327929206,0.2055932553129006,0.3004801668488445,0.19212584247228037,0.4511053214749032,0.2725867621435047,0.41945611424285456,0.2669118658729335,0.21270446092938666,0.33227199797003326,0.8953109439294241,0.8174914631407326,0.8480139263019261,0.724768018587591,0.728920634813468,0.6620868288764739,0.5192749442896065,0.6049343131170697,0.6058881846886183,0.3257470068768167,0.40050364814065953,0.2612257661753258,0.5177060924443126,0.5130607212470035,0.5445374600953211,0.4371324858254733,0.3349994881709196,0.28499036915973325,0.6906976961851373,0.7993526777902262,0.6224812384104602,0.46589116533466324,0.3575016296732437,0.18502093591357383,0.5450164043201274,0.6799640177533293,0.6152013136678023,0.6414246326234965,0.46742963592021314,0.3106066941650169,0.7225169753687052,0.681013696357762,0.5797558889672658,0.38020169186452885,0.323757906587841,0.25710326859879945
lin,rest1_vs_type1,1,MentalArithmetic,Type1,9,11,265.543199,132772,135272,44.34499355023442,50.870693794114,16.66454823662896,8.4953010662251,6.590084884919261,2.979640941731208,35.46211159464383,49.797976904488344,17.31148784245517,7.262287595188472,6.115252943207569,3.4242462123582396,41.97895622078575,32.59685007527945,14.938571269798821,8.090426875814817,6.855468226310636,4.405580782536118,47.54333613718587,50.148533926739574,17.690988447014718,9.29648982845628,6.777870180160649,3.8360095146034987,46.029272824099046,68.88399464215412,21.85829015263451,9.96634208452705,8.124686595855211,3.5059359053350634,35.11024225214082,60.75546185938695,30.08264688116593,22.461642647849775,20.34798576517508,26.450779911663105,21.403943139638578,21.000677249728522,9.37416460107611,4.48702791672314,3.6561899573680465,2.1000957506471787,0.9272570443364229,0.8989146181277203,0.7928558005627575,0.8169002169791053,0.7288157522449334,0.6532966202466356,0.935273756606669,0.7787592115010596,0.71072122370632,0.8178009154574799,0.6581974041853871,0.7157285587279559,0.9415719486618105,0.8295594100913192,0.7768422499381665,0.8109371889071626,0.7002243663485779,0.6704084547734002,0.9223239531890469,0.7940118965005757,0.8048975767047676,0.7918408418472852,0.6452538675844474,0.4372528903057388,0.6900372496182494,0.738913403872433,0.39909699516295866,0.24502009613766,0.22767291376547924,0.2153643808871909,0.6518527570242051,0.6770647531309214,0.3347601019223556,0.37418575851177166,0.3593791575551975,0.3218019874934288,0.803847425091484,0.618480953853785,0.4535621969883456,0.6093542678542051,0.38746965657956317,0.442225039084822,0.8990016156614806,0.7889474612502994,0.5326088087427501,0.6801403459131444,0.5021616897966832,0.5196002168568955,0.9433600916206683,0.8484976443994465,0.6855385452203917,0.7471864073161985,0.5930262048288916,0.5085922173052725,0.8338239673432325,0.872382751945491,0.4945456308156911,0.3573954039301723,0.2895038969214962,0.2621622887495814,0.8448383892028487,0.8254239489217194,0.5538776145461414,0.6132490134641003,0.6047830879716064,0.48086003683826634,0.9375918781048043,0.7475814107652212,0.8819047460949495,0.8080087486349746,0.7508465863556056,0.6162841426336918,0.8504490709237958,0.6037338701048536,0.6508844947210843,0.6396253324143168,0.4176744642795008,0.31908543851458676,0.6551561563606101,0.547575155486899,0.36947873925684316,0.21188713940670192,0.1182166642084849,0.1877434052241302,0.5318600780455585,0.391324458940066,0.30574658578086905,0.22695246998539037,0.1465163006773796,0.23145907695146814,0.9571680219017171,0.897165086089968,0.8146768390971509,0.8021309131197759,0.6726169294576683,0.595291645543964,0.7621222412884242,0.7453326163897105,0.3394508708882306,0.34473859866243195,0.21540647192232787,0.19930600755209868,0.6717776250544091,0.5731190890884612,0.27800573647434007,0.38480421290285033,0.28573623123443703,0.3359403796823013,0.8116320891620431,0.7830281498719479,0.4933028745325185,0.30586823675783786,0.3035242051576279,0.17839145623606265,0.7438403573328598,0.6363844804255735,0.31012139865062716,0.40950139908576216,0.4252450661422073,0.34065436986978626,0.8680591179426121,0.8177650629044195,0.4729348888841291,0.40706759497244815,0.38852879704897103,0.23007097589000025
lin,rest1_vs_type1,1,MentalArithmetic,Type1,10,12,276.224015,138112,140612,21.245209677478428,29.610817537234645,30.84001000285323,9.23796878766231,6.589704803914574,3.7198851171311023,18.79194495763124,24.517219915071674,25.375272634285132,8.365364241148443,8.22621556435698,4.145305172297729,25.53835966378734,18.81942358569872,25.34475157450492,8.17777139575531,7.102927069519208,3.8887101399007076,33.06202599269205,26.558055618005568,31.30787556863194,9.9121812140071,7.66474505069785,4.5912917843855885,31.217039090931323,36.79533192213614,37.497678106307184,10.61926988279121,9.373935863466876,5.517708904297848,31.294963710628142,24.901686850075404,29.75887347550234,20.303135560814535,16.807843225193004,15.415662751233995,16.208955512844994,11.544662196563653,13.602432059900165,6.445150862910572,4.985063585916874,2.23335261915999,0.8320133941501414,0.8800879333225802,0.8705684897383357,0.6238156809401952,0.6653347811202428,0.6958002815087734,0.6480971313272353,0.7687569893591235,0.8066807025507925,0.7682006535925024,0.6551854104783836,0.7024970261036037,0.6270846596099507,0.7994530628387497,0.7746797906215452,0.7996862525028432,0.6864128073232678,0.6241477721352258,0.5655775444653534,0.6607824971408583,0.8334735850012696,0.6487418965646167,0.6318543006437316,0.5127490201254564,0.41779250114712374,0.4373642797657475,0.5527142519389512,0.3554280361859736,0.28477225036062315,0.18371171951581192,0.4923116409212929,0.5224131131411056,0.5731891121896212,0.33540388110429104,0.4262747034901329,0.44423397618426314,0.5130292484516895,0.5857072584053973,0.6146344446803125,0.4095652521163928,0.3156057608106341,0.5319356891524916,0.6442266280058996,0.7217563412786095,0.657847921896012,0.5449629373226094,0.49833465075200456,0.527175479724744,0.6248876771355839,0.704705135053696,0.8309436222324538,0.5788058645043123,0.628512744961363,0.5298565491301147,0.5867688336814794,0.5284503654067239,0.6665373590019634,0.43462446462874066,0.38078250115728157,0.27620998339647856,0.8020513498614456,0.5779271321102573,0.7611779536392399,0.4932044086949227,0.6459127950212793,0.47773875664689186,0.7309619892195031,0.737232951663882,0.8020285900140799,0.7154966127248222,0.5905499830192379,0.5822046230879764,0.5660841748177684,0.5447651299923524,0.6330685843285788,0.5352126412090066,0.2884565953373137,0.421106154029863,0.5278036819763016,0.2951321188502997,0.40441038753526637,0.3256152859726336,0.22358971914441042,0.22017804049042008,0.37635078263843474,0.34234051346065736,0.30279077807640037,0.335004861285071,0.15672924197393837,0.388605928943559,0.8695963258318358,0.8853748739820246,0.8317641255951476,0.8133289143755738,0.6552876725275443,0.6870855220349502,0.8371877683995227,0.4959097776615339,0.6402923561143009,0.38115686053152664,0.33969624341783744,0.2251431513430951,0.4903780306608622,0.46639599286461714,0.43524732804053146,0.38456768234940236,0.30167735796145,0.41186807641185114,0.8018299030767227,0.6054814374757754,0.7318192579497923,0.4863832438439042,0.42889287986799457,0.3010098954721546,0.5050800682044874,0.4336210320104682,0.6474676135307007,0.481962965677663,0.47487369635817583,0.37515154776392234,0.569354773349515,0.40394956472084986,0.6240546281722599,0.5277806527665632,0.3428537607188756,0.22791417280652732
lin,rest1_vs_type1,1,MentalArithmetic,Type1,11,13,287.14076,143570,146070,25.041877586916435,34.94845370584549,23.96386727053447,10.10623167456863,5.3656910171271175,3.0983895191739883,26.129244449203057,38.793564452282716,18.53168655013271,9.493934937080649,7.101919630556252,4.413758949190538,15.713450088288726,20.97459055966163,19.66993090231889,8.35692686392064,5.676619255694293,3.3677443741076774,20.727918927922847,28.822575306267375,28.47552011737566,9.717384538196232,6.537547130373346,4.082392554741848,28.814253459239836,41.17224455728704,35.56065041996327,13.055528478243236,8.378049120491866,4.311486227846725,27.72996908114056,31.474222214068902,19.29364291689155,10.702636389618089,13.063105601731191,13.310755723231289,23.67193558440946,19.649187392394172,8.422832996944367,4.9223107103289445,4.1663235101492,1.9676998721049255,0.7696375221873814,0.8465233371285705,0.8855016755618852,0.7247310024233367,0.655339410149474,0.3841458785193606,0.7225357781624706,0.7422867592518282,0.8725086489481377,0.7992447268447005,0.7149080006348678,0.6470175884499201,0.6438970863771701,0.8404013168933491,0.8804306698827264,0.8257957457789152,0.6408724846941215,0.6338856961079545,0.6151404829051039,0.6737852239687999,0.8919919623018776,0.7643524964677466,0.6257445001182732,0.5686206149367206,0.6044026382653936,0.6387255285875948,0.677418446339755,0.4340038630828085,0.29230032885877455,0.2806380784984085,0.338999023102395,0.4978034508619085,0.45006843002415237,0.3936554401470068,0.3976178129714439,0.38684618842189905,0.3265496241478832,0.5046967719524718,0.7219999972061778,0.47791414670424054,0.4451078333694415,0.3121879705798086,0.5145305691413733,0.744451541334677,0.7708766066236405,0.6048378329714519,0.4364503037152193,0.369105716111011,0.5455680208677958,0.797641992559081,0.8232860598901347,0.6344871299956801,0.4487270797328642,0.4045170088558254,0.7665045417186764,0.7877722852505608,0.6986356112467503,0.4206601176709555,0.28262715748369566,0.18088765574562032,0.6165136702642723,0.7429924370988554,0.5778360761128678,0.46142722779548734,0.4966633006343769,0.39192939634082774,0.6185081572289417,0.7929101647946046,0.916254314263055,0.7729215070977549,0.7456545042242521,0.6482790818779594,0.45797312662749895,0.475973623111048,0.8014163791793816,0.6357997236340223,0.5555546948430881,0.3455411326927777,0.28450922978646315,0.3518567903638236,0.5227518419276393,0.37775651034824775,0.20392879817744994,0.20488571941333206,0.3179069783313782,0.2217540958623357,0.29582025155538155,0.23761151197685612,0.3145411974245691,0.297129020650071,0.8737641889429396,0.8317234839179485,0.9294235355978641,0.8183823386576271,0.7232478740256537,0.5810060040307993,0.6344518090544727,0.6261649871440178,0.6427860253644166,0.45264864965309304,0.2679205435685882,0.23549833692471145,0.38947918135043497,0.4973917086860278,0.3984321546409662,0.3170310556713405,0.4127485791758544,0.3483545701640315,0.6827068311297325,0.758204874547465,0.7535030824336362,0.5355948859495283,0.33614682701361204,0.25055973541776505,0.3191449152554971,0.6694979465336426,0.5106354016747654,0.39188949302888226,0.4049172084835341,0.3793584579031533,0.6452397261325984,0.8039119361276337,0.6569327243382184,0.30288729039437745,0.32768899925032985,0.3067697210040526
lin,rest1_vs_type1,1,MentalArithmetic,Type1,12,14,297.75332799999995,148877,151377,27.095572092672892,34.71245472986942,20.559705123207745,8.096893866703997,5.349634667266882,3.0467757425073385,28.245910301784157,37.34620958644864,17.34904122843868,7.134680454349372,6.619785854580366,3.364886574529005,24.21618127864452,23.19923631978986,21.700534194220346,7.804064286394908,6.713546333819879,3.7219329614242773,34.908008175593324,22.94744560295334,24.781599872222184,8.571601648025803,7.327159300298827,4.235391778654999,39.630445147152045,39.41382898050465,26.9892873556599,11.014836725689495,6.646643386226432,5.0100304675182015,32.551449980536816,34.24666121317455,18.98664284674765,13.38561708461704,11.390497032131657,9.81326131859505,16.325572627774694,20.546138618118963,8.395751528878353,4.660218580227659,4.75866702372769,2.8490016940614207,0.8918858637744824,0.8422281981618629,0.8832630960597984,0.7713131791340743,0.6291725906442512,0.5862935537319512,0.8524670761411333,0.6778542349589616,0.766446281658992,0.7597848544874227,0.7544903162622882,0.6022731278719304,0.8888371399120215,0.8076377733976728,0.8233678359728469,0.7511541308211896,0.6623568579532177,0.6395816689727425,0.6367477518935257,0.6776922463381534,0.8406869929905054,0.7509491794031256,0.5581761642297889,0.5519471516363906,0.6104688081420702,0.5299410297709952,0.602237583750943,0.39055470363018635,0.23431651884815846,0.298324111442834,0.5815720133116461,0.49262010499828,0.4946997383329375,0.42179282598141976,0.3524264008892697,0.47565284065900726,0.6296251373513594,0.42715430227211815,0.5594174704087497,0.5304552552306562,0.44922358331294143,0.4223116905423127,0.8051884913429482,0.7140635851398361,0.6729020549890784,0.6558665156992375,0.4245287821537601,0.44702668669583656,0.701356453851434,0.7655200442761811,0.8506546806762403,0.724748733344659,0.5945422003503603,0.49136756797433645,0.7868511861236493,0.7417608112555114,0.6247156495961682,0.5230436571947545,0.36462326441133314,0.27724781358690403,0.8257060076378369,0.6947113023411731,0.6208338835997885,0.6254257355517477,0.5781733874607251,0.47980909418651563,0.7922865726490853,0.70120195031224,0.8591977851857433,0.7826005040526792,0.7288222747793485,0.6154733638581449,0.5081916465029584,0.38479988462776976,0.6651195387297815,0.5810756232267196,0.4152011025929174,0.44478471769403355,0.4080617513372316,0.2625450377014214,0.5245146888730412,0.2918117205783822,0.20692149688429726,0.21838381125650314,0.3916314794460091,0.2843743245151149,0.3268633939337163,0.3318304568109905,0.2615011403397291,0.3126430868381092,0.8275307575058047,0.8394458311521019,0.8104828196739714,0.7971371507770993,0.6184782071044753,0.602477725201108,0.7435377938825388,0.6044056491133012,0.5799202651081296,0.3997928540229164,0.21187269139455528,0.30037337596691277,0.5089081359048792,0.41390630474523,0.3861088541263647,0.47790955856747946,0.24213521802228502,0.33512539932664676,0.8952561560653307,0.7921138736284024,0.6909950948122341,0.48318530991273717,0.2622375425791136,0.25980577760200313,0.5259048620585061,0.5371511691636192,0.48619902344158356,0.5602968989897082,0.3628694343961609,0.3177292233346168,0.7031856950599756,0.7489774164380136,0.7095950183326344,0.5662251217204164,0.36572361537737896,0.269263340161985
lin,rest1_vs_type1,1,MentalArithmetic,Type1,13,15,310.17003700000004,155085,157585,37.031700762846135,75.27065339769227,25.155404862048595,8.813259017241048,5.429306442730426,3.355422243691674,26.531574529901757,65.87038247107118,20.685337057808788,8.47327076975419,5.536906621607538,3.3960412567187106,45.84992820715322,42.63217454399475,21.18876810982106,8.1107472644209,6.586552226129528,3.630103417797159,35.53609705443349,55.29242444524055,22.687861764604648,8.749339768465632,7.82135464406348,4.2170060429024385,35.37837002482128,68.41229876206897,26.073317717858007,11.775615204001221,7.558630620086246,6.414271714317494,21.201204036043308,47.053770604099185,18.74591273657061,9.785127120139057,8.873004989273172,9.279077934154454,11.866508028500023,20.216032611095372,12.985030592996454,5.472698564959852,4.6302196765955586,2.2563273512110404,0.9186451226005253,0.9310242354880609,0.8787513989421599,0.7101983564577752,0.6643435506950628,0.5876041817816792,0.9246216010808638,0.8440874170293469,0.7645553837231641,0.7189071678871592,0.7127281706572943,0.6289335255742282,0.9197756346090644,0.9407651781725768,0.7836028693966979,0.726021839588058,0.6978024858260007,0.6676805551306325,0.8628973600619577,0.8940901158563596,0.8118637827160715,0.5913869444614573,0.49845558308281673,0.5088080181704467,0.47178111593154465,0.8487127507833984,0.581404127222012,0.2781100432378446,0.4564445752811011,0.23394612481197857,0.2043423109363051,0.6206118896320761,0.4383737793052097,0.31308461804963855,0.45469167825628165,0.3428109644016262,0.7813307957023911,0.6780939183402916,0.5748511201367796,0.41824445242158514,0.42862761727211823,0.39826916702837284,0.8378277039179057,0.8545774287943265,0.6699666516577432,0.5193342334267842,0.4656480714833659,0.4150052406044139,0.8622282475055928,0.9051958606207381,0.7925794527896807,0.5536301793613411,0.5006064012366467,0.3579045839278564,0.5830973864084866,0.9260379285386982,0.6694513799413029,0.41928018251646476,0.5039714213683247,0.29147561927258414,0.3892301752855782,0.7891231995047782,0.6073221557204389,0.6362335253325675,0.6419596299300144,0.4490764555127303,0.9268393392910718,0.8906144430303324,0.8855053273071887,0.7757192852758996,0.7656523320787882,0.6516440856765732,0.7436668238559033,0.7052367639369902,0.6935554227684657,0.39079408935069854,0.36726143593311694,0.4082889080776252,0.39405746027636424,0.5817937756211375,0.5450210856208668,0.15419482643406263,0.30361534970626963,0.28946130636614775,0.13488524681065064,0.3523771231008129,0.373296669638852,0.17013171911193609,0.291313978764861,0.28424668431126726,0.88999710207775,0.9063120019294066,0.8412989878286327,0.6358779109212556,0.5447866634634677,0.5612221323413614,0.561243734517335,0.813725664209861,0.6536376952548297,0.3157537010474229,0.2988820740426924,0.26466282087652554,0.1914169141488149,0.5420043449033346,0.4648230479101996,0.21257633675281726,0.2786109649460717,0.25329746237601575,0.6770180998755433,0.89125476586324,0.7196505827510336,0.43672385523613816,0.40369630389092687,0.15397269439353237,0.23708939117270922,0.623405591064547,0.5012237051875811,0.31118710163412816,0.2988586210182237,0.17219587745825068,0.34708846969597534,0.8007941328053559,0.6250731889975388,0.4685441276882312,0.4401536104073502,0.30219783017556384
lin,rest1_vs_type1,1,MentalArithmetic,Type1,14,16,321.041512,160521,163021,17.291452024423393,14.604757424691748,20.574798467542745,5.596072589386102,8.069941282825653,2.915109084620935,17.735076606362846,19.75559694822981,18.208811087162633,5.501811823096806,8.268412757723398,2.686489909413036,20.774378566770963,13.345172512860943,13.51793884847694,6.1214498681173914,7.200762825195736,3.5078432619571895,24.969758241886517,17.306073279796035,18.58026565997423,7.6618536261817995,8.926481581977287,3.6397031917389238,28.707774992691398,35.094907721589124,25.779931021631544,8.242065543856596,11.443188855757471,6.661371209363256,21.767543794581808,29.52786208835627,19.96374275069501,8.472403973500953,11.420054314695866,8.972763308100461,11.925097438996227,14.946904203648504,9.073172845880295,5.282048541292603,4.869742575900758,2.4611604215082874,0.8102482262602823,0.8150028137760258,0.8971183236366951,0.6522866335334004,0.7400794146112504,0.6795723735027076,0.8040562329000852,0.5652394308272385,0.8014081615605587,0.780213050163028,0.7110583059312943,0.62724423560037,0.9211216816312793,0.6782239715564877,0.8471295554871988,0.6907141698519857,0.7417588355327422,0.59242665465956,0.8589181828777134,0.683303218790251,0.7647538342373682,0.4941354629096793,0.5193801139013052,0.3490085477714707,0.7336374919515688,0.5720264209019634,0.6647905271630935,0.44770166836140846,0.43788555073294794,0.24893786264468243,0.33222142901995205,0.39977774250963616,0.5013960648255394,0.276210753498435,0.481630565155199,0.36306851086770175,0.46007986997945677,0.3970885447420991,0.6736779904652005,0.5121355079907264,0.4779595761875468,0.4002125271574355,0.7038253488165515,0.6088050947134706,0.7634392934564934,0.6480769358348967,0.5266400570868853,0.4421423919553262,0.8931262495155831,0.804383122570166,0.7567560751339257,0.5661345929394351,0.48740412687736445,0.32762159391356666,0.8810625795612187,0.6997267384888156,0.7499902172410411,0.638593986466275,0.45450067044736553,0.2310277606809974,0.6586528272149943,0.6917695258765364,0.6686323605644462,0.6462068422989306,0.6636842519206787,0.5141973588715804,0.8140558480266599,0.6878544279292471,0.8386679910176454,0.6775855268486186,0.738516914715792,0.6404348226635835,0.5449288698436713,0.3564095961853661,0.6274989717193559,0.46020976096940946,0.390959206817203,0.2971769558871526,0.42370888414759506,0.23764900302039693,0.4745487942262244,0.4147742934950642,0.3268287545560381,0.2127576943670707,0.11109927986515793,0.1516323466216632,0.33484670001610517,0.2582215519188162,0.3208066956907467,0.25285440521701646,0.8575695063774114,0.6704675725526612,0.7999310753403857,0.5974018293903521,0.5530296417721815,0.256075893314677,0.730596326460664,0.5379906802049386,0.6643017106560103,0.6248181312391681,0.3952955850875165,0.18696385225553075,0.25525151424345144,0.34632301619855915,0.4908726861288323,0.41504056773418874,0.3664201471384614,0.2790156092858481,0.917133723047305,0.7272158727971049,0.7383874762136677,0.4998833494306565,0.4015799841317307,0.28947654284368424,0.4737753718171949,0.5580104562619743,0.5303730359783863,0.38564746910275477,0.40176523349905213,0.2588477880597854,0.6056036267273465,0.7352561225731591,0.6799449444048639,0.5104619511298322,0.45423958234900824,0.33385226884449587
lin,rest1_vs_type1,1,MentalArithmetic,Type1,15,19,353.622755,176811,179311,21.325200318596846,40.32112327772023,22.122077774343186,7.350628495133107,7.056458271557936,4.3851105744913,13.062932304721237,38.28849380590571,19.57209125670895,7.66236513587273,6.279892712768382,4.319336942788351,22.026522488660543,37.67405720579759,18.736689190083982,8.32885884509017,8.220276668054007,3.779994381252079,23.329407441913347,41.52159858502258,22.24485150567078,9.385679505759198,7.577973308584889,4.379812653247792,18.95856053840501,44.98586427244595,26.81571527976469,14.041160613988673,12.63546700974686,9.317269946089363,13.731669873971603,35.718874662248176,24.22926121144489,10.22013104206686,8.402673393528618,8.208544228493489,9.642171908522903,19.70502805564723,13.582786613612567,5.855705547910737,6.080588959138175,4.185530512628438,0.8890984350036716,0.8514484495246615,0.8247033666491672,0.7509033689074347,0.653545396130017,0.6303328751632292,0.8478090689015492,0.7952209356643006,0.7692933970019403,0.7195949280318533,0.7381855302764267,0.6403062811143889,0.7393825495298718,0.8762260542590224,0.8725932943976543,0.7544712857974035,0.7428087753035458,0.563165782043225,0.681828449598393,0.8129396926226398,0.7564595461625777,0.5856147905522776,0.37951078456406306,0.31638120488741117,0.6227557827512207,0.6979777566850272,0.580864899161775,0.5723663144533715,0.48002432999361827,0.3204341533251027,0.5869161064971765,0.41625585112213476,0.47483138076192033,0.40811867011233777,0.3434413605620074,0.3471803708885469,0.651126247996202,0.49349790610620403,0.5837326088008628,0.5213587104939137,0.513865114528669,0.5379456112090413,0.6385397490079504,0.7510360350385664,0.7498475245029509,0.6490538652692556,0.5925584699490151,0.5060518967899211,0.6932156347740501,0.8146212553244256,0.782909626816226,0.5295256765981413,0.41344417922875404,0.33401603549832454,0.7420850914190681,0.8681272672765671,0.7533222155699083,0.7861096989635611,0.5962905646455309,0.35728032970883283,0.7300746365481429,0.6789676868366368,0.6842735707475739,0.6298809401254403,0.5698075812507174,0.37458433982006284,0.7460217170278759,0.7854130745430103,0.8390343547004655,0.8247003880184499,0.7502377782185526,0.6954615665710281,0.5336867180294572,0.5801034745433306,0.5127991073719301,0.49974200083346015,0.35234278175759953,0.2593993711394747,0.44466811188415933,0.38659686233765655,0.44985916724995034,0.39790133691328416,0.4419872654254598,0.29950470041693855,0.37392380929598423,0.17472489670813693,0.41458682007852127,0.2503824451607045,0.22603100155544958,0.2772184283216796,0.8490235762161774,0.8567790912201501,0.736437120632543,0.6089066099065715,0.41639730333233765,0.36092079616440337,0.6241485786102553,0.6831324050628729,0.6226193612883099,0.5159855545770826,0.5841443290159875,0.34204748171819205,0.3610770970064506,0.33529033987139406,0.4791974522350041,0.37170028529288573,0.2820609651972397,0.3032492047072842,0.7471048392730788,0.7664287264522348,0.6141216454014424,0.38305972819451445,0.2888851457420182,0.23096439956040182,0.5092123843287312,0.4080750133378771,0.40293394363696056,0.2766706492738743,0.22728385322731218,0.30954568464556964,0.6949013334231275,0.6943008395910107,0.7727237801076191,0.6556133849140584,0.3649746976927387,0.21013726783158185
lin,rest1_vs_type1,1,MentalArithmetic,Type1,16,20,364.27522999999997,182138,184638,30.254114318504005,59.34007970397545,21.998110547104382,10.513304616492144,6.108121134330887,4.6315062444201995,25.04108812939676,53.82234668448159,19.279251420911148,9.690196320305565,7.340220314279202,4.201135163011024,32.470673064183565,36.32973894821255,16.656883796082333,8.965290157763881,7.185679627866625,4.444385718931018,38.532870212610455,47.48984879763473,18.383777460801813,8.77927150030203,6.046663191295703,4.592898981620338,41.41399244150577,62.59067430983111,25.46667906689038,11.617468482943556,10.827006105432243,9.719574045709026,28.858610019860755,40.43763770028893,19.069564905067505,7.929259816369504,5.450303140186972,7.3146450850406515,24.32531913647293,21.63806910621914,10.228417511940066,5.256453420709316,6.605871903125256,3.670079050185644,0.7890546964443415,0.8919620738998304,0.8606471475777984,0.8134076630708094,0.564432665037139,0.538082062433724,0.7847952250988627,0.66350679471656,0.8705842138048958,0.7813033435129767,0.4957611128794963,0.5258133512210598,0.7781125751421246,0.7674405524394673,0.8183166225690973,0.7807042744343374,0.6123700450865097,0.4388595926671745,0.760369772240057,0.7624302456866002,0.689362314794377,0.5734192736309588,0.31209027668912587,0.3102028002512869,0.6092231919579141,0.7293157996660502,0.5599076285395501,0.4922857551399682,0.3066260476214596,0.28116911628717806,0.44803874545414324,0.45534681489314655,0.38213280140751277,0.46767338049211,0.3250212543943132,0.19942007568375947,0.48181860231488827,0.46949063630177573,0.6898082277399443,0.5980072384452377,0.2859305890312662,0.5403891540844169,0.5433201636167017,0.6460394089180972,0.7387940049732901,0.611913500602646,0.4521624869646129,0.5983599784054758,0.6692096397743074,0.758002597245809,0.7610014464083523,0.5901944543911168,0.36572079192088175,0.40750299718672817,0.6616952881294266,0.7939128825136776,0.7256710386606919,0.6098804424089481,0.42670554105843106,0.4636936850886925,0.6642662277568538,0.6639647819175245,0.5950815130190966,0.589052693019826,0.5679223806046161,0.300373989561205,0.8657603968095332,0.758947428314686,0.8691292618487119,0.7976616049301429,0.572493671811465,0.6825232184004154,0.6554464020269993,0.5054675794528974,0.622362366602741,0.49223146160901965,0.25231564642341686,0.316864239915761,0.5417368459552334,0.43386869108741116,0.45336647739893365,0.39109853884459655,0.16836150172224693,0.33288404735737515,0.2694026013610466,0.14246848457121744,0.31613214798876266,0.2948404353589836,0.2062071143685346,0.18758726710584422,0.8555250191846103,0.8477816359904637,0.850050769181186,0.6596048622484554,0.42927333913533755,0.3758460729470145,0.7501457834202429,0.7577449452212908,0.6706355232971849,0.4631376717472202,0.2832629644408067,0.47484425910359285,0.40491670239489536,0.281785506647157,0.40377968570911166,0.2961541962909097,0.3089784499221189,0.19133733174287654,0.8157758084635658,0.8288854259103524,0.8082015574921844,0.5179399932154914,0.25690206556511525,0.3078962074677684,0.5446701367051596,0.4314926736744026,0.4866282515945336,0.367550344836192,0.31029447137504435,0.20836763336557093,0.8038474858888702,0.6799592018724017,0.6686944477736505,0.374623337943921,0.5104410614244248,0.3013483027682705
lin,rest1_vs_type1,1,MentalArithmetic,Type1,17,21,377.73215999999996,188866,191366,9.751477366217085,35.81916533260125,21.52451358558145,6.928244578612221,7.476840817438564,4.442422959415213,11.096565676479774,35.80623283144818,19.26620104949522,5.622911573298615,6.584609364578056,3.7033295837970988,17.750887315921815,23.767528790336414,15.173056042254158,8.459170038039383,7.653517527860074,3.459045859348892,11.146414427024355,33.97962508156718,20.433855464371025,8.616820939477986,7.487328235139246,4.049969191970012,9.237766080286946,55.48629742346585,28.62799366813746,8.25105987398199,11.546890159360943,10.32286286075036,10.1901484962892,34.169637579850956,25.759368777984857,7.231308965894274,8.727300604856636,6.918113197151093,17.27946965910353,15.036853649499184,11.004523942469726,5.018742363039687,6.70446285118226,4.801100105553108,0.7713628457781804,0.889067807640905,0.8877393376813119,0.70572023278084,0.6995137118268573,0.5813490863305807,0.7390368266101565,0.7316145931579754,0.8383722035108617,0.7076397727802617,0.6860306290493537,0.5431290639377941,0.8761822135712443,0.8051564505294688,0.8486218215147254,0.7339299847687054,0.7011428126751295,0.47560797093025725,0.7719136080779524,0.7624537541444529,0.8490933134257992,0.42549627363829906,0.4483038820214949,0.2865858759475417,0.6350088677045704,0.6320751191841575,0.6115291505838,0.39811479550666246,0.3840685449407247,0.22550642271592578,0.3619930321934324,0.39907600484942896,0.48899383562302673,0.2739856674722797,0.2740340121713981,0.2721565430744216,0.3367035156874371,0.5407274090194636,0.6745990322262665,0.399772810656778,0.5048674146678869,0.460993650138552,0.5305395179122547,0.6848499898330332,0.7698725433251618,0.5666257161543824,0.5073574595481951,0.5370691193535364,0.7166168933378935,0.7110707899391128,0.8623095032856078,0.5046784332975703,0.35099596489229823,0.38648706622721135,0.8896884340737587,0.7550703905212315,0.7687088181012898,0.5285210813081052,0.44066583635784823,0.4310699951080827,0.75726230076326,0.6382415677834945,0.6494072977679445,0.43557770502716064,0.4464754877149841,0.41221958152318344,0.8739528728699307,0.7695795290406571,0.8701265699059674,0.772627286681982,0.7142177087651221,0.682091655266225,0.5442817612412657,0.5554797163451591,0.7219620952470863,0.3432963075649215,0.3546704643757851,0.31834902173418045,0.2769704395167462,0.3770331577140129,0.5030919475840052,0.2609527966254756,0.38100695135409346,0.19734025270967684,0.09965238968337321,0.1487458115740976,0.33527844265183254,0.13995468158672295,0.2625680127579165,0.2287136678438784,0.7131958190382135,0.8471375129426855,0.868668551324135,0.5074069663604227,0.5728514900819401,0.3779221496970473,0.46335896658723796,0.6562689817444964,0.6086189813775992,0.45519602442770896,0.43702329213506674,0.3589471714547058,0.18136077928925687,0.28156063787615143,0.42037664345459874,0.21354900723962772,0.2738039656048887,0.2427473317590395,0.6217997449228078,0.8162315163532385,0.7304666175803879,0.5396910598509799,0.34724910457779923,0.25791761449254447,0.4519075885006405,0.4089326335477456,0.4792514747269074,0.33205451525176727,0.20712428719619033,0.19380546254506018,0.7768162364627393,0.6499686407911592,0.7530598029892716,0.41862924058657447,0.450305867097907,0.25330141055758737
lin,rest1_vs_type1,1,MentalArithmetic,Type1,18,22,394.281874,197141,199641,16.424468060872428,41.55517655284639,19.269767861033507,18.43711521328829,14.527133289713994,8.045143378857983,16.624395839594033,37.916637488097905,19.417281956827576,16.9030513834601,12.360351712816904,6.681569001529761,10.898413497865342,25.11826115890082,21.525077230296215,14.605772688754826,16.465420537818414,9.320284210250767,18.723037793078152,38.17693189335413,22.221845778783845,13.155110953558063,15.18848020098271,8.205573946100516,33.34004158923578,52.556732880685246,22.35223216477935,18.73633375537615,16.35226595883748,10.799828618058456,17.91459332965523,44.02857800032868,25.484457032490823,16.7216536391503,16.677108325070446,11.141954917556005,13.706138490999948,21.94543980663373,17.01491844616995,12.486715628179542,10.198963666130464,6.944296036720536,0.9103053198153507,0.8668742165861993,0.8275148629243603,0.8450634219630563,0.7889104198378454,0.6474533979960031,0.5769074620718514,0.830048893505122,0.7931902246241312,0.8537791702682783,0.796777372058411,0.71680033116495,0.667035846735002,0.7893319723386022,0.8805415407137694,0.8510454605169316,0.788484578361936,0.6322031227025311,0.6223762838840776,0.6841605268567806,0.7675718627603035,0.7014441592422133,0.6616689061536747,0.460141814696131,0.6484732947097752,0.5801437649669927,0.6722813888814981,0.6616153786876532,0.46018839110928866,0.42952832192326657,0.6475796248778837,0.5392012987590185,0.5009485443172061,0.556914049271055,0.5585156240715461,0.4487020576577466,0.39982237529034065,0.6442400664299442,0.6077549924850105,0.6826066110570675,0.6427207654622684,0.6191125544924322,0.5370435269295318,0.727875096579921,0.7736316333463351,0.7591214247135757,0.7225082070390945,0.6293017748164611,0.5288524435364367,0.7734502166538169,0.7728768791079812,0.6774930522533982,0.6383632285734565,0.46933613035912486,0.6959823101319046,0.6694775596474624,0.8769638641753051,0.817711539407327,0.6286160937410337,0.5079131197597603,0.820896922259792,0.6144582230705329,0.7156838041127284,0.778807079243845,0.7574039661792564,0.633915175700879,0.5473415816273896,0.7895210214340758,0.8335216107990979,0.8607643399161067,0.8339617390438473,0.7735295572249965,0.3655369544471278,0.5299436242853823,0.6061524286910431,0.6518014474670434,0.5296049013481726,0.46233218149082106,0.23448574332481162,0.49953489246630584,0.49048582124160295,0.5554798344552183,0.39642522883789466,0.39147142723377254,0.22541080135454625,0.5206312972953239,0.41212459964816983,0.4473832639656773,0.48587759972867745,0.43242827720785937,0.907608069466476,0.7844130949834829,0.8113805679521808,0.8077164922542786,0.6866451490837213,0.5047681450965121,0.6963328308121003,0.6333731497556083,0.7047091563477821,0.6835788092124825,0.5337152092064534,0.49472702683640274,0.31832776313894734,0.5535886736987439,0.5303350000643186,0.5513359059642327,0.5369198540481642,0.4128770515411964,0.7920035723539889,0.7356537003574032,0.775760977792744,0.7124894742235337,0.4201309267456031,0.3875885660299246,0.37556785423020883,0.6067879828921435,0.5248570572738849,0.5539760299431794,0.4133292568930485,0.41575485932989914,0.5958806604348413,0.7507493030850785,0.781206649609733,0.7979735240572493,0.5443709736792823,0.36725313471848336
lin,rest1_vs_type1,1,MentalArithmetic,Type1,19,23,405.13451899999995,202567,205067,38.38799838340748,39.620887908955474,31.718420226064982,9.825038609654335,8.64526612991138,4.038505700828205,39.27681249951749,43.026728572698175,27.782161478835633,9.31416663273678,7.056189077884763,2.9184473675999922,26.255743492438228,27.645027514578853,22.745425036057593,8.728040769653948,8.217016488570321,3.8528123852263167,31.01495479946541,45.193832125627544,29.019643001698327,9.301665911169675,7.546792135075599,4.345032245231512,35.48004656746669,58.57950437966446,39.791880796228085,11.338914714955331,9.373694852270939,5.487159689466562,25.941461618937964,46.561079698728854,26.65630363691257,10.119602670321958,6.808271557011315,5.743861348194398,19.307711053774344,20.420528043030153,13.513679170585645,6.089482933853008,4.982942436524161,2.525703313410847,0.9479027596200783,0.8986602891773501,0.902623291092835,0.7906054544646804,0.7235522802227162,0.5374858705373087,0.8664875932839126,0.8053965117861017,0.7230358672316671,0.7323171196192423,0.5984200617085744,0.546737313415557,0.9305708021668201,0.8631587453386,0.8075183634681229,0.7094893744212233,0.6458256163618827,0.5201022358850488,0.9127550120003097,0.7885864679589911,0.8797416672228398,0.6126092276642332,0.5620367200680888,0.37233526283860013,0.7971021813274849,0.7677557104133926,0.656277672023404,0.550923850201274,0.4990848268343198,0.3214347199106623,0.8369314419087739,0.5990957997622379,0.6602856915693129,0.44121815453196245,0.4208117528043392,0.36237462277374954,0.7220898673566647,0.6236390498977207,0.5545689935423289,0.5669765637098323,0.4240845259209339,0.45256545141553445,0.8658383987121866,0.7568304823272289,0.7045249769129069,0.6472801085579706,0.5722344850475338,0.490733120320248,0.904996365922881,0.7855806919854393,0.8336585671778982,0.6200369274464758,0.5516926674239138,0.3838013523710273,0.862419935418082,0.885907755198001,0.7139600843742402,0.598207491491034,0.5288270346270014,0.41756511384399736,0.9281610538567927,0.7697159382183969,0.7824999954177055,0.5630584841457089,0.5984436300196533,0.4745556037355214,0.8750811089481106,0.8714484458301098,0.8528292641614026,0.8125858752468968,0.7628285327750891,0.6522886475890943,0.809070229529623,0.6920029413915737,0.7224232637420653,0.6441679634387504,0.45420164763412674,0.3619488888676414,0.6732567376646013,0.5683021342455983,0.5283057511928004,0.4554174736792619,0.32449817597491526,0.3029195333712577,0.5687210125828398,0.413249538914568,0.39520407668495156,0.3223462849893633,0.25009068575359933,0.22236739046806425,0.9628084843583217,0.8934283058176369,0.9144819576982922,0.7582503013206205,0.570660407084735,0.45382480484018817,0.8695275751434735,0.7552710112343372,0.737611019482993,0.6059729369299375,0.4544767658110711,0.3876000316639843,0.7556871109969033,0.5266520321492032,0.5893693307494454,0.44953774658273155,0.31145641111629907,0.3042766652664124,0.9371906396761799,0.8916191732868517,0.8084899764864865,0.624221091210832,0.45273290280472683,0.40285107190319097,0.823503205824711,0.5803803128892729,0.6904545671749704,0.439366072957895,0.3394710613441319,0.2469197245165749,0.7963691577476782,0.7078375691401859,0.7691484781324154,0.5355869764646729,0.4738750097863556,0.35460907462642477
lin,rest1_vs_type1,1,MentalArithmetic,Type1,20,24,415.372135,207686,210186,103.31924986412369,190.4947707140838,25.237835908756104,8.575032745709128,6.903703282999217,3.2552347235379866,87.50141486549411,208.1468000321592,24.208581375443025,7.364611824031026,6.650376375523393,3.0769595990280516,55.38102096180157,47.7218929637305,24.982046602106315,6.91595061723524,6.524615142794809,3.262824961793931,46.08578787680761,74.75339556449845,20.982868826825417,9.451337168312632,7.2011041870447565,3.7283808512044314,48.75573729693988,125.78002116116355,31.107107416898412,10.493910464354148,8.475828217102613,4.964969053878283,45.46292197899066,81.29952420901517,20.595919203370272,11.197858833836808,6.571615681245895,6.480712542054532,40.73036131829993,47.46661290494054,12.402712614904766,5.678918555320978,3.8534988233999266,2.475102078742488,0.9849599420577201,0.949270857633877,0.9101342476197172,0.7092373549711166,0.6425421898160959,0.5552537952571185,0.9021749609976721,0.7190115785243545,0.7182992669069792,0.75522645132222,0.7101183417394171,0.5182889703121195,0.9516999132975856,0.8781096220292864,0.8161309290510073,0.7575058513248477,0.711857928101362,0.6169716209238156,0.9230872394042606,0.8708476171381635,0.7646357904831316,0.6818564610382972,0.6447763844871569,0.35180605326207126,0.9254995410529502,0.7895816709833186,0.7185940744664603,0.5773346736552313,0.4124311749231352,0.3035649141904583,0.8760570063237006,0.7452328172309004,0.5489037543976882,0.36649031146141997,0.31623033720787636,0.3985822676804069,0.8611283194190755,0.5888499150545831,0.5846812136672398,0.4812854067638684,0.5016275892893415,0.5564375710112391,0.9266768031730065,0.8233260174173208,0.7495669192760884,0.6411796338516733,0.6329475742462973,0.6025712512929577,0.9121893911284028,0.8904610813137994,0.8301118364862896,0.6444888435448544,0.6927428839189175,0.4547185939055441,0.9412248798966324,0.8909216924402387,0.8488788395829685,0.5365668589910044,0.5307912036379965,0.33291085702183876,0.9262656731499056,0.8616786470300707,0.7015489748008957,0.4964832821606235,0.571950115857941,0.4946432909969696,0.8723653282653494,0.8044580372834067,0.7962750798783997,0.7537971289317947,0.8375823260710907,0.6460601829368389,0.8109187655727442,0.6073297518938828,0.5478963348844997,0.6015880548460552,0.5106875151592513,0.3230742391113958,0.7907005403690741,0.48393105335165076,0.4629849969105437,0.4657043626324898,0.33994530728856975,0.26357122513313996,0.6991033265936416,0.44612726586660867,0.35093745296877416,0.2662390112682593,0.2532613885475679,0.4123147394693214,0.9679148103945349,0.8997084075583031,0.8138367972928569,0.8336417314574422,0.6389754104877394,0.5299032887150021,0.9323776450440363,0.7799070626037606,0.669962128024623,0.6321025205066652,0.4120075339317893,0.27065288201890375,0.8215954917591158,0.6420198837840033,0.4688388836495741,0.3098216519223085,0.3663933468567403,0.3577524350246433,0.9405259608613353,0.8615061884816771,0.8614747377136242,0.5784318902797809,0.42567960360732837,0.16856841272480994,0.8310253977568175,0.7295434664519669,0.5798303918320555,0.29732330242699945,0.40595606646656535,0.24582202573926923,0.9175448313534195,0.8909778576787744,0.7026680720286286,0.5756258127885167,0.5028707877072891,0.27874766844613624
lin,rest1_vs_type1,1,MentalArithmetic,Type1,21,25,426.23907199999996,213120,215620,119.7639072232273,51.772522681459705,25.013842335227178,6.898602219962375,4.099969054369946,3.298845629580511,119.44888884486625,49.864754899225375,20.762679673379132,8.116335684429558,5.757269217101188,2.87486115724143,57.041902638684775,27.1724076953145,19.681269742629375,5.748873031554285,4.387858634951679,2.891871588958652,46.316511467076474,35.89269555765757,29.172756335532895,7.006608345836612,5.43393593481996,4.133113319182874,49.66370109657478,53.42601567871199,28.53201309652061,9.604549063430225,7.699184472832667,6.014702119509836,62.05699054249348,33.19153594227577,19.967831645527024,7.910044265680219,6.920641426665476,7.101994666369527,60.82642896943823,20.390125198647794,12.519007542145344,5.622904389109118,4.354839529630779,2.5735788711258016,0.9741432536234615,0.9406158308514972,0.8759211506436866,0.7471261267394785,0.603082123681518,0.5916514355988285,0.8499130617691572,0.7968928898975104,0.7528489980727129,0.637278194478698,0.5447799539506551,0.5340971826494806,0.8711238463922121,0.7754079217470019,0.8011033228936413,0.6253121818142345,0.5343842898819313,0.41440276828639105,0.8181538773010172,0.763425806305145,0.8126647964750608,0.6870115356433814,0.4309476268998199,0.3894984537280879,0.79642561300503,0.7157991059015357,0.6752008643221602,0.5163556278248925,0.28998481124469067,0.26072843001825985,0.8842055120204059,0.7592355780974656,0.5979270344569938,0.48140792178623204,0.3386890162962365,0.3420956223132085,0.7643541564017696,0.6502806524348159,0.6029941875229589,0.36304467256494316,0.40967008282110307,0.565866949477331,0.8417859860480382,0.7225554847063933,0.677590604594265,0.5322944825139233,0.5128779332082556,0.5440444462365924,0.8215115207689744,0.7892648762926892,0.7921235996106282,0.7408077364262043,0.5771997541081311,0.4196445077880107,0.8502309845603153,0.8171208662606856,0.8062068507425639,0.6428888275849874,0.49418791697494935,0.28491168217349855,0.9435018818876969,0.8667675924198665,0.7672203468366919,0.6754727269306241,0.5487255974107982,0.4138387737690427,0.8277643272278944,0.7730819781378009,0.8224772181796789,0.7378100723372644,0.6531481348742406,0.5860065777587574,0.7481342628378772,0.6221110289832553,0.6300712786339325,0.4785532158193067,0.369259979589639,0.3139475220791664,0.6642643919938603,0.5292300101486632,0.48860929409111165,0.3498104644741806,0.23520952033319378,0.33878821564866696,0.6611748953360695,0.5020086254087313,0.39638867182514625,0.25089362407496724,0.19616174645034679,0.27729794951122877,0.9641472887500319,0.9225413182079463,0.813284328094505,0.6970962432566293,0.5298860122723298,0.48333275428276984,0.8919861408409432,0.7937619393822006,0.6653083668380907,0.5475725320805818,0.308446851462246,0.35588654762743477,0.7952725249323215,0.6282086367752102,0.5408462314066943,0.39591610033875047,0.21023674652983187,0.27324206652069677,0.9396101192402547,0.8895220241279965,0.7553376576605059,0.6449886054483802,0.4443734730891077,0.2536634970199305,0.8064873495586076,0.7406045724341258,0.5527814183613269,0.5009464632922296,0.2857695778257748,0.2498013951733079,0.8888797210119693,0.8564817035264729,0.7505416728198581,0.4939738638024047,0.4338433156612097,0.25607579244435363
lin,rest1_vs_type1,1,MentalArithmetic,Type1,22,26,436.455304,218228,220728,25.713494696489928,73.94402622410817,27.479923202966575,9.315652543408534,7.226807135629388,3.935861664613365,19.216602500507555,71.046575981331,31.364437549971704,9.634237310228622,6.505684509084795,3.8876701805433624,26.734513519894044,35.421664233398445,14.695012379181652,8.187670413636175,6.671529164650114,3.4838515550162086,29.06734077196611,45.26464323637915,26.40363954986396,9.705054832648598,7.228555942421003,3.7785267984268645,33.54946958988172,56.33822934121565,44.06969147987005,10.996544959582591,8.017199006334726,5.365271705567816,21.46502758062987,40.87790015099784,34.08408475791468,9.407943801582816,9.738323072759808,8.249885921006603,8.524067311816992,25.546933752242136,16.91799791141214,5.633980151396153,4.983839630501161,2.903761235618572,0.8239641156802291,0.873944320791173,0.8991283972675388,0.7230458499299711,0.6396087430562425,0.5195581141449045,0.7028208706105267,0.6893511816825213,0.7947589588580714,0.6387278278812983,0.6823690494902059,0.5423321211605354,0.7472866112566244,0.7515972556223218,0.8439296470566274,0.739544449849293,0.669840676405413,0.5483249648638259,0.5988702629765953,0.661018379732979,0.8431782952344073,0.6944253755321492,0.5553500206181285,0.49927354351264264,0.6518604135963662,0.6156575364434219,0.7025779072123424,0.47266919964229037,0.34818881959901726,0.3035616319233162,0.4237856097886838,0.6624172082022708,0.6236976107500153,0.44464781107278817,0.28852413742854843,0.3047112875900158,0.46741292478616653,0.4590926577995573,0.6381791929990547,0.3615916496269563,0.3985735232578289,0.44131442728882586,0.7434358893480897,0.6185422682552081,0.7733308361491054,0.5563668286847901,0.5363940189420051,0.5079632961922368,0.6937840531916756,0.6191042043468824,0.8474011599413922,0.6869126316368053,0.5812064714083128,0.5032010723064682,0.8020657442254371,0.6921644650656008,0.8482458965102341,0.6341893332838203,0.458752476015014,0.38758455685262716,0.6697050252392307,0.7766988464851776,0.8103330242141314,0.6413855870753364,0.5604734618272051,0.4871670056165472,0.7336972275905279,0.8557667160653483,0.7820387469257554,0.7809901013238374,0.6888715914919498,0.59202251393558,0.5390069307263756,0.6184729882779247,0.6743410286099034,0.5473422640239494,0.46954329793881816,0.3485502658610749,0.3830290986294207,0.4988218815881392,0.5494450627850932,0.3097771416364041,0.25630496432869415,0.24961408870374843,0.2699332049040824,0.38785510654522204,0.4441482260500842,0.21355101016771244,0.23403179250180955,0.23704398246220393,0.8774404103122825,0.8722534668697952,0.8984266595019272,0.7009245258768034,0.6681638659013499,0.5275293301450403,0.7034733927413447,0.7480709012298163,0.7421227788290892,0.419694721399725,0.37469878977814475,0.3357861939727023,0.39899063148870084,0.5383587948213676,0.5587602275628848,0.3729092362629805,0.36203735420203487,0.2504341704453711,0.7044687393048948,0.7567108568879856,0.7996345441558972,0.6061139301842972,0.43969284126019464,0.33763836030757316,0.4092661402749325,0.46226999001488656,0.6447591773101166,0.4795728568072513,0.35832715956451155,0.3475576417504861,0.5288419824180445,0.6968200360581637,0.7985598906288093,0.5592230014619,0.4036603107994271,0.23613788170729008
lin,rest1_vs_type1,1,MentalArithmetic,Type1,23,27,447.044702,223522,226022,116.94494790281159,130.94044810941853,14.273797228118097,8.171773561691797,7.93050463638171,3.8996722722924058,105.73253375626749,123.69857572507595,13.675063297730595,10.263853354963484,5.9928930782433545,3.1733883425004197,57.875929579211316,59.11008312041904,14.17361190409861,6.488608538187946,8.385270896463231,4.250863309830163,43.67078349646311,76.1354932635791,14.898014515778009,7.164706634973545,7.952587282583398,4.852598437510131,42.80878810771406,102.07994666948579,15.469108821132286,12.372906509968097,7.353536426650609,6.533582803469786,47.71003044674157,74.00467209288178,18.11893208706943,12.981511956269507,10.358748333600472,8.195054229589504,59.30469213014122,32.436941470891156,9.844356585100952,7.897774815372101,4.43685997755057,2.0214316162387607,0.9383758077807823,0.9206352459090902,0.838091427642189,0.7822066749824358,0.6844588297474138,0.6316454868621935,0.9320962668430038,0.7996428047669404,0.5971439546501058,0.6309781795749599,0.7131156466688302,0.5942629656732059,0.8510153090457825,0.7682161509461182,0.7737833651120697,0.8003071948714817,0.6564614227714808,0.5668468908058932,0.8208005441661461,0.7502272158752625,0.7854450507928913,0.6748594821809538,0.4668619789547025,0.2929794410418643,0.8450052532199447,0.7409072528277452,0.5288326546368778,0.43046484199779667,0.32752805715150674,0.32901543567653646,0.7536186180267221,0.6714426679543715,0.3705734558670912,0.4269504347135244,0.3087054944962692,0.32337760929378606,0.8301333762090475,0.6459139751016526,0.37930298963860587,0.4175242033602848,0.4453597856922906,0.516906838166398,0.82544292539755,0.6951042193294927,0.628153084924196,0.5964114516527451,0.510270365455906,0.5584985254911267,0.8554940659717953,0.797961754298185,0.8129968260490582,0.6544914560620091,0.47439302581867204,0.42606204330824476,0.9308865993254987,0.8427040778581494,0.6918844722284141,0.570779554268655,0.514356774132972,0.3782083781746195,0.9037728316261077,0.8090641983406209,0.55336252673002,0.6946558158417293,0.5303020010337333,0.5236471516857205,0.8647628704553622,0.8564210152711488,0.7522533588047733,0.7422347294758007,0.7791805587023177,0.6628340404587754,0.7281027520949518,0.6816833562767544,0.50942720028781,0.4694118789391603,0.42701720026277085,0.32890095665577257,0.7218258766729561,0.6172876247210967,0.2815904861107081,0.21767713364257965,0.30411161634923445,0.3861474456551654,0.6377612216993889,0.5609936306686688,0.09366096651779346,0.20759855007277722,0.21503406796768693,0.38511244046967985,0.8968823718330926,0.8638572343899832,0.8496430549818648,0.7555373561824952,0.5420973471366543,0.45677076166263586,0.827666597270181,0.7866286008096357,0.5203923569341855,0.4103700937839294,0.33753568975337545,0.4085058580611048,0.7083891951247776,0.6699993952353477,0.20635908010148193,0.34944503628915086,0.30484974228198874,0.3994770982546873,0.9386729800115999,0.9359472254088237,0.6642853702946458,0.5699206476145745,0.38863411589187863,0.37069249543154087,0.7651706479491397,0.8001888858622405,0.36305928218335987,0.49678856350495987,0.3547715137203001,0.3094051686901224,0.8939306252785699,0.8758022542502473,0.5979572517802664,0.6316309877760338,0.4237621780518441,0.33225737089137325
lin,rest1_vs_type1,1,MentalArithmetic,Type1,24,28,457.601954,228801,231301,30.328883634784866,31.01775073751582,14.188323148133938,7.230918440024702,7.02728209584514,3.4147193190719074,28.680751464330378,25.935380909529094,11.038855014448622,6.562493677156241,6.896911200013714,3.20367296650123,26.106134988279226,21.394460700665245,13.934417103271116,7.760461718221553,6.763665179522675,3.06153009778444,27.767880716943584,27.7618281317263,15.418674985298779,8.928223737483531,8.15792469889214,3.704150999362225,33.067862711474675,32.15409579091588,16.01810494696127,10.995387932206281,10.187092016053295,5.757020845951914,19.47460593189123,22.64963033896276,13.203390446052985,12.688277765909405,11.357865672076198,9.302308573101776,12.31562717106173,12.515511499135496,7.207308359555482,4.980570102970407,4.009916164146752,2.4982709127422513,0.9294535720271263,0.821664805839793,0.7483749395014792,0.7269481103162168,0.6896312784214299,0.6448846684108906,0.8376133769302708,0.6590426147502858,0.7957981403988305,0.6568876800405038,0.5790818113503696,0.5704479326701128,0.9535936188248549,0.7442316356940011,0.8218205988133249,0.6484285345067723,0.5924858555996615,0.5373926109376445,0.9130103876209462,0.7736364089718668,0.6635755944224309,0.6662577020962228,0.5800198421251836,0.40876610390990525,0.8355692778548668,0.6283113644265798,0.5470151616401505,0.6368070242913347,0.32232305909529646,0.26650095495618215,0.691005908229081,0.3915246823206867,0.32703292576346915,0.47860867983169003,0.378248853841446,0.38682992089735196,0.6552787985870685,0.4111508756607044,0.5126534395772893,0.48018946802058854,0.31459904276026684,0.5417087823230935,0.8858466842552221,0.5578713241923621,0.6531824664554883,0.4955004528594916,0.3625445185030075,0.5289532704703277,0.9186399087130844,0.7935439119902432,0.6687061421255905,0.6392499346079433,0.5809999581443934,0.45737207209877584,0.9418783278813044,0.8012655362595066,0.6675431331344137,0.677344577442539,0.45393873676237406,0.36413736584606904,0.862698460615587,0.6893288812755649,0.5845007930720856,0.6472459305868119,0.6235776073521554,0.5708308067932812,0.7973279754353649,0.8227483008510754,0.864909492695953,0.8309798704473593,0.7078213172025077,0.6339629056592696,0.6615517207164816,0.5976444818112674,0.5873098647319441,0.5646315397461811,0.3473403912346774,0.3585096468884937,0.5403656726572369,0.3027275535788169,0.3960798283400908,0.4177390537033424,0.2055849286617292,0.24344322708544505,0.40176160237842135,0.14768589996998083,0.24711911501907532,0.33415617762261435,0.14779736034880187,0.27799500585763937,0.9238285144712698,0.810938751558045,0.8049229290934884,0.6749452272711841,0.5427186878901606,0.5041740722843088,0.8032914145850509,0.4949015937758317,0.49582623320185953,0.465152925214604,0.3186309000510647,0.3221126669729609,0.6511680480529015,0.23913811706260615,0.338114372375932,0.2980936769105709,0.18598524088556964,0.31080533009255257,0.8650877238370027,0.7531629314599629,0.5919796169122238,0.666675367549038,0.4713908591365824,0.30520975923093274,0.7008421502820065,0.44035221037617656,0.4149572314760583,0.44413460401895877,0.3715682685078792,0.294486664765865,0.8434702098585438,0.7112003489087896,0.6589733864400913,0.49320788391126824,0.5189440476570918,0.347839391641103
lin,rest1_vs_type1,1,MentalArithmetic,Type1,25,29,468.038476,234019,236519,127.73260147825044,57.248598652567885,43.35719306778608,10.422844095276147,7.152756927051581,3.6999023009525587,114.20147564050698,43.14887928296865,48.99107723569921,9.88410458575271,6.4496188770246805,3.2955639834048265,72.12618976813282,35.958330397537594,36.05371047095497,8.910998157287645,7.116582105651872,3.8272314785446735,50.30772277078325,32.44941269842579,45.34009628961644,9.829062612692992,7.69126202564895,4.049709240794174,50.290002763649895,36.411351536048315,61.774186387629214,12.531757668998857,9.45443127241124,6.295446845978463,48.76283687070563,26.762726045427172,48.17268378171902,13.643130872569436,11.142895373461194,7.4104908092215815,62.843808268236494,15.81254407303232,31.1720162787106,6.317857596123215,4.117817606979493,2.347640109924994,0.9732232089961538,0.915021347057003,0.9176976419868608,0.8269215576328183,0.7943471925521312,0.5813694467769305,0.9050402163293917,0.8273753951438452,0.7225829046692273,0.7708104981807657,0.6676890626852631,0.5889108418707004,0.8576223988550922,0.7560293079236018,0.76521928927451,0.76134788685473,0.6879827288648201,0.5713482334830999,0.8967335980562163,0.6686583929768246,0.8177024983703263,0.6770488265400953,0.5687814753677316,0.49168699533045895,0.9041094750217783,0.700205383530696,0.7699099809533014,0.6160435156979963,0.401568281774633,0.2906895295960249,0.8960698656442578,0.6200803646165127,0.6360746030244628,0.5527384161218,0.49317737201682366,0.3773184115219125,0.8250575081016102,0.6667330177989523,0.5656239302853343,0.5898404986376528,0.5140334556124928,0.389730767915194,0.7947533553147217,0.6980670420181593,0.6353758640388641,0.6527407356853221,0.5793502258920518,0.45355036742225796,0.8837435314835945,0.6861278935091415,0.8136066721258303,0.7274165578399342,0.604597037556575,0.5090429122625504,0.9249333175261137,0.8214308589018933,0.8678862521916845,0.7038514987973289,0.5063821645546105,0.36064917587157286,0.9426251718043331,0.812810665581463,0.7950777658978267,0.7368395483212528,0.7129668624485782,0.5818215794735014,0.9228464066354936,0.8108435469518053,0.8308133566538588,0.8059801898749269,0.6917207645231012,0.6623410095816821,0.8658359588359853,0.5827167625994161,0.6096770836570038,0.5801559674106732,0.40096362047432044,0.42483549556967687,0.8307757139077411,0.5692610982878445,0.4910100653215993,0.48000460099304537,0.2908348740952735,0.2599871630117113,0.7476533522866231,0.41429260781348465,0.44211885936005146,0.3246584469125435,0.35061970213817995,0.24386972467479529,0.9473440634068154,0.8512954401799142,0.7938900330150281,0.7663070476946682,0.6425426993511609,0.5629496152625958,0.8655887455742218,0.6780699872508196,0.6488885525981438,0.5864279966172486,0.3784755201891967,0.27605310613438333,0.7388909221234168,0.45736692099602555,0.4549233158060647,0.35676234285043146,0.38521222280130296,0.3144982986411216,0.9414765063907881,0.6685551234555139,0.8684125863062813,0.6292496215784797,0.5221609479531004,0.30786925723651937,0.8294743875795905,0.47641985897779926,0.6581249591304635,0.5105723453921371,0.41710107487416004,0.31140925321857166,0.9027317079735585,0.7953348388547288,0.8095025179393947,0.6265987213438029,0.44053796526743055,0.37695681372111933
lin,rest1_vs_type1,1,MentalArithmetic,Type1,26,30,478.95376899999997,239477,241977,36.42686144164377,51.248152464881755,10.49402399048924,5.487731492511437,5.845262798978999,3.3488580665378183,29.737993798739765,44.770723256318725,11.16048532327003,5.777865747522188,4.321478236479557,3.5280169520725684,32.91810541802535,39.991231602321776,12.824491724385537,5.6177909330307205,5.57207709072302,3.3748334356662917,38.64452522419098,45.4170091369015,14.249450123640873,7.7143646035338325,5.657037624130089,4.322995754942692,39.02622224786538,59.70545379753367,17.205319556972775,8.272184415832676,6.7877896154626205,6.0146680653178635,27.430536429085187,37.760333436614644,16.726943560065248,11.026218863401224,8.297148982663598,7.758879122952305,14.664568724544418,17.232288444521213,10.245446190356517,4.3628746086975125,3.19222731748624,2.357184407135276,0.8866897017892562,0.8748066406443042,0.7366947046638485,0.7272405171638471,0.6937759779737274,0.6120589866414383,0.8483568944126282,0.7137821845370735,0.5630426127365105,0.7007715744224615,0.6548983893294642,0.6925834375616196,0.8167655231565503,0.780487306091929,0.7742253871038755,0.7384296297855643,0.6933987687667159,0.6259315831700513,0.9146088090559612,0.7712822519194003,0.7352722436535647,0.6138058281675983,0.5755580538559547,0.42743089949914737,0.7934519528152575,0.6978562950463568,0.44110631584341764,0.33880598948408347,0.3262468260051392,0.2901477443790093,0.48430180356869185,0.49857794454885423,0.42114864258221046,0.3401765393183938,0.3889310717809897,0.3980140675791915,0.6563859099533275,0.4925171790332156,0.28031363326866454,0.45872190243613964,0.4110865493462912,0.5037144096724498,0.6762130023255035,0.59552850558096,0.5495728920800159,0.6433780719774285,0.5126971281221518,0.5283831147914174,0.8267731000768991,0.7838557446417231,0.6890899885241263,0.6694160650937999,0.6084648961552087,0.42430234589827204,0.90991910924682,0.8391111281026433,0.7109417090075635,0.6304281859768321,0.4339703126056781,0.39908103737789397,0.7353974369092185,0.7634211462088816,0.7368733577370343,0.6425231642687174,0.5565071917483762,0.6039520651802144,0.8525304734840434,0.8094836039804778,0.7213353582752664,0.6849129795815347,0.705444412536169,0.7324134214150787,0.8241612419864112,0.5378464489474929,0.4422175532227227,0.4772728396702792,0.3886356327474346,0.4086735705605576,0.664448232308183,0.4528831218018274,0.12357774286985741,0.20743356084122416,0.24721576556787248,0.2979236015261876,0.2644426310807608,0.23520627357409196,0.19157575620372164,0.21545080138779493,0.27536489364250394,0.30109409025105105,0.9236510733147063,0.80201670628796,0.8032625414166968,0.7064942393291477,0.5536689358246446,0.49469984820631135,0.7386518566727683,0.6389190655247167,0.3818968615428292,0.4128946155441366,0.3320540867053571,0.3170541499746734,0.3415421069007268,0.3446930742522747,0.31167924590209006,0.3741211346826269,0.28722777730929766,0.3176065383988534,0.8181469552218706,0.8737725911900899,0.5463123287620946,0.5220061200674767,0.4020563722081151,0.26967453119897405,0.4772982881174837,0.5287427536922865,0.43938131545946757,0.4480374784281928,0.34244206406796407,0.2544978050776392,0.7334739063897614,0.7542023899621786,0.7170591208676824,0.5902024284540978,0.3702616316400461,0.43281900778164367
lin,rest1_vs_type1,1,MentalArithmetic,Type1,27,31,489.323908,244662,247162,21.32968876292469,29.236746189776362,18.095365047022046,9.02226932245867,6.732662601893106,3.3003073865642327,19.65500046150315,25.51421982654028,16.469164521117552,7.974472362505423,6.152953690288162,2.8019688775362934,22.24970851527573,26.137229147395537,15.338312090630456,7.133998713254542,7.117933206081034,3.6462733254561797,22.826471238906596,33.594399577398924,19.65142878386559,6.290424716670543,7.437243019150993,3.8294076326854998,27.21546670269973,40.040552009492345,27.32268351588699,8.246335236097769,8.90905661722572,6.951813114564517,22.390001992168653,20.97335193266129,17.603596481407067,12.024362510450763,9.35806526896291,5.3003330052906446,10.623326257137622,10.925526085877804,10.345380944413847,5.657824702861857,3.6442505318876757,1.7163322209248275,0.8020898028017379,0.881466031269257,0.8067086024574136,0.7541814349672873,0.7008759460249012,0.5820133441121382,0.8356565959398594,0.7958188357866154,0.7711627572084204,0.6175806683410378,0.684662116704601,0.605769040692754,0.7264035354084929,0.8025539484879812,0.7207838257918693,0.7425495816479527,0.6855961115596244,0.575023205979239,0.6564328992690616,0.7163396126775489,0.736387042492273,0.697695694159372,0.611938630817626,0.39536536291271707,0.4961130153058953,0.6055859513099245,0.5489702881374009,0.47264537180578853,0.3898363777344262,0.2282000487811274,0.44416800349727126,0.39271011710324966,0.4382693102262455,0.37995542459556203,0.4959753104769897,0.3122771955719493,0.5550230747600444,0.6093132837199381,0.5129171489410249,0.35668944899829,0.515981419458997,0.4730758390350904,0.6816762066056175,0.6973325240418844,0.6067007364920458,0.5789315587996696,0.5831360606128212,0.5093344483998304,0.7547258741087401,0.7765971548317918,0.8139197413111713,0.6596003224428463,0.6658026368868544,0.4133063222653504,0.7630781852965666,0.7602150992027186,0.7047865740598779,0.6645996932252445,0.5091705517434577,0.36282568487273015,0.7690158074436321,0.6218446665929267,0.7346058772190163,0.6486743828567026,0.60733969820428,0.4722141516028656,0.7407222356598789,0.7797468840777069,0.7609412677451929,0.7133500673290151,0.7259159747058808,0.6741059630598715,0.5933178029841727,0.5080750403955918,0.5897368030390483,0.46613859596001944,0.42336210653220735,0.31824057097370867,0.3697103926979706,0.41141070277039066,0.536802146731432,0.2976869225585871,0.3197965993752053,0.2594100149886832,0.22036415919035476,0.18211922660499436,0.23547015435421245,0.14999543547443334,0.41408066388098314,0.2895256010782502,0.9372256458812692,0.8100141330591898,0.753431076381543,0.7497707099428934,0.5870085521770523,0.4080172292501701,0.6675809357786334,0.67608266602773,0.6492046649051609,0.48596741968123836,0.4214827500059822,0.30910540909814144,0.3222523446494992,0.295638285010269,0.38895423032736937,0.3021284801723373,0.48775270902823964,0.34373026359522874,0.8143688576692983,0.8428148853786664,0.7654449350066038,0.5115677593110933,0.4250160380239051,0.26451383848954413,0.44933415749328814,0.45042543329339546,0.5493358239529313,0.45406713861204256,0.5355391594549826,0.29522567184581805,0.665162281317668,0.658480216437063,0.6088769348240588,0.6331434843333605,0.47848203847332105,0.3030907953785302
lin,rest1_vs_type1,1,MentalArithmetic,Type1,28,32,500.08608000000004,250043,252543,91.43981798758344,29.91755685797736,12.942631630974592,9.64807212402594,5.627264893222508,3.6655043499720232,73.88816081589763,28.837540464857092,14.2848076359734,7.648602347027113,5.0632013347758615,3.858402164948308,56.860408489942486,25.06717098485242,8.623165852846023,9.665721113755401,6.496823506202537,3.9627313576025336,34.75498943824442,22.61017430237988,15.574274724765221,13.203625060622691,6.139792750802955,4.853187315845891,40.91134430195573,29.584573350709327,22.03211162581833,12.851823819964018,9.003719927565314,5.66132123892441,31.60484251371277,21.685064215983054,15.12930367874362,8.61758234375512,6.5643572453588455,6.485569546203827,38.615178376724565,16.26576630094761,10.908244627205825,4.767994517807524,3.122358160705242,2.6276645237268434,0.9527397724397318,0.8855763590599047,0.8034090374276313,0.7871626728710673,0.6612794106093757,0.610084049708103,0.9084574572150076,0.8127073166306054,0.6111100293605051,0.7706258115443717,0.7469378314274367,0.6799901446272324,0.8128668329019471,0.8326771240887316,0.7189819809671832,0.7899389926485035,0.7204915146584534,0.6199737115850225,0.574926057423129,0.765913411799581,0.6526882889656579,0.762838105578717,0.6340667442425809,0.4894583102701798,0.6532206494116221,0.7287065551334528,0.6030706212007638,0.5012607874854823,0.41938083890111433,0.28535714379664096,0.8275912631862017,0.6380542303363145,0.365700369608048,0.43035321617421196,0.3065355383617873,0.3509961763018295,0.8195489660093404,0.6225449358002592,0.4119444025480717,0.495180371337876,0.41635015234240746,0.5305589012172666,0.7831088290679569,0.6883267392432901,0.5882346705865402,0.5984379798874774,0.49740174631000816,0.5844117439919009,0.6173854822561178,0.7819391497480349,0.5619551010711836,0.7093330058450339,0.6165262052053422,0.5129627892354078,0.755589922811336,0.8359504125133426,0.6827133918132661,0.6457798246859303,0.5661591543243507,0.43033474390258686,0.9063870858079394,0.8441719577634305,0.6129793179716105,0.7077037249286638,0.6391650612962796,0.5292690684121255,0.8063438419592884,0.8197345708421966,0.7517925349248864,0.8162933877048537,0.7618055934305135,0.679309749970457,0.5362093933015315,0.5489836570480426,0.5002992330773599,0.5687352295232704,0.43091034039323706,0.43469421966439786,0.5637606382309994,0.49819362860562666,0.4311983214270779,0.3439785352620711,0.3002527922054206,0.26178911074955524,0.6621065470252966,0.38927130762133927,0.10659656232300467,0.2716130358376824,0.20718503880135675,0.23823492772685032,0.8659801700449937,0.7817740766594163,0.7918798874419488,0.7830107769942497,0.6135673928972667,0.5235147666555782,0.7928110019502811,0.6937831746463955,0.6449991339182655,0.5239268579214144,0.3896083307887529,0.34365721558702816,0.5949885356168155,0.4960683356614033,0.2469261223700753,0.3109831709762507,0.2721682540397764,0.3244359870190845,0.8905764498319546,0.8309599898188917,0.6761387111026729,0.5773791486152685,0.45299069755254584,0.328512134507024,0.4661098757284026,0.614885797311336,0.33606494548221544,0.3744494775758214,0.3950853477000463,0.33511915238669254,0.6884213185917244,0.8070263115251839,0.5070080821050118,0.6002205166180185,0.4501648927734706,0.31116769798624944
lin,rest1_vs_type1,1,MentalArithmetic,Type1,29,33,510.788415,255394,257894,76.60566702935355,53.83790519677636,15.797488059810078,8.372001487744384,5.896651340579252,2.890259677040916,139.2147643097324,63.618383735094525,15.06304743001929,6.447040664248378,4.9769663601897856,3.1048477831093497,18.64238654929305,38.52696097666243,18.412855288939575,8.770824065780754,6.278918864969792,3.4273514467194515,24.44207317203313,42.633876051903464,17.68844901992411,8.987735513023669,7.165242584686703,4.430634117115478,41.35995955782942,61.96104505548011,20.06228901331611,8.575935447618336,6.341412302286037,5.157131663980691,67.13757379846759,45.77138787416802,12.816286859608594,8.968799101475819,9.404223857800272,7.235342782857377,130.91967100640449,46.05902840579951,7.702746939028184,5.03093083602839,3.6550192394210685,1.648873113615282,0.9718554839446352,0.8639321968900205,0.8389354949572599,0.7380532056743213,0.5205402881515208,0.6161489207839416,0.21638879986151505,0.36433982739381027,0.7206831691637057,0.7316795823317619,0.7110333319700426,0.714168040107346,0.5534599727282407,0.6745581233853992,0.7655704225074498,0.796615230371882,0.6593461918630554,0.654218947177121,0.7951502482090307,0.7818501181783888,0.827231297907155,0.6546765911999141,0.5322673720651073,0.4604934553652288,0.9257568092772225,0.7923195123679705,0.594174672747827,0.6031412818161017,0.36210774776046584,0.31375041832532347,0.9218677195313516,0.5398397370043397,0.34626719528719363,0.4494105846143096,0.3536198581268048,0.3362552211492779,0.18192202610097294,0.2632251354067177,0.4919733070068177,0.5113826906058959,0.3936119233819774,0.4576255975184361,0.4246208017429563,0.486349424169352,0.5943771354037313,0.6124154768270795,0.45448645834231416,0.4859710609765039,0.6846883126846043,0.7132640239799422,0.7760882631312408,0.6245367055286363,0.5149875424310982,0.5102601059374067,0.91581774968814,0.89673303238331,0.708325054321241,0.7133509165616807,0.536837126499934,0.3260046340808988,0.9772918530337891,0.8117082574088934,0.5312138156844487,0.7058823670614611,0.6286200714414273,0.5004337634885057,0.6074647066212258,0.5332645709096525,0.8610802736172627,0.7700599951328482,0.7758382166503972,0.6207616234203521,0.33289048985646613,0.2962006500221531,0.6684511211403696,0.46849286714731714,0.43848483422510415,0.38505641850014555,0.18906596281593127,0.25641422021716215,0.4173755226795636,0.414105501008004,0.2616629789157364,0.29057150768909257,0.18266560413409316,0.2867776699102567,0.17349829199165567,0.27842062801785644,0.2436666216757931,0.24829603392737182,0.8672204668685112,0.8419928252928773,0.8329055024727179,0.7356143632885567,0.5485808021463227,0.5791406029121311,0.6003429122755818,0.572706858963182,0.5568672795957245,0.5186627451917513,0.34383963922510963,0.3564391131271349,0.38252620346354577,0.3288771592291179,0.227221776083115,0.37979314507851214,0.2948656822571773,0.3337458908606464,0.8313143453057678,0.8009301494861523,0.7354399307471761,0.5938887232024781,0.4997288748827307,0.4025436222768377,0.6299609371447635,0.5192761579727654,0.3872289988968002,0.39670922906520767,0.37085804398989375,0.36655395237950045,0.8985571784941994,0.8153752933111768,0.5237450999642506,0.6085836234061385,0.4692982814407583,0.3010781363368937
lin,rest1_vs_type1,1,MentalArithmetic,Type1,30,34,521.28217,260641,263141,13.270997435005695,47.82918697358347,21.33280136628061,6.813984754967755,8.161722625932294,8.67386751420837,11.623672798604991,46.78676444507231,21.03964617769646,5.245810521573882,8.80899318937028,7.574431113451657,16.49231674384372,29.488506190465312,19.682550907559158,7.889480176245603,7.792817718290923,9.31105989469911,12.9183926933397,44.87942588752283,24.162056765653862,7.534597257867929,8.852284656464299,9.794404699793173,15.959766410791115,50.04006744940877,35.11654045575788,7.364378125981178,8.073434841790183,8.44104127239248,10.890182185480729,33.47798629462657,35.636165047022615,6.957215393435627,8.940243719275408,11.054784052333082,11.673582904605256,22.968007975027962,18.278720378657976,4.196685196189981,7.4494054770867715,6.857976721899747,0.5952732114047596,0.7680030153028392,0.8956469442380749,0.7377543800287452,0.7353423985264514,0.7602844582293713,0.5525754388272328,0.7030122130023587,0.8299652625689766,0.6895673974171574,0.7736501343893354,0.7545683025647563,0.5066353686352896,0.5905972925385804,0.8945386753248543,0.7018879708318124,0.724338827214198,0.6720101187174959,0.4527452426027321,0.43963693315432334,0.7723873321746736,0.6838343405539636,0.6645169983818032,0.5806569442053374,0.44880557755009637,0.5160229847473841,0.7394597678511046,0.5072485642630187,0.5365924982053978,0.491913255735625,0.3014297551859157,0.40693750044487453,0.6565377404217128,0.455562024687969,0.5140280877476922,0.6212244270437719,0.269050971364155,0.35495278238196437,0.6487862281519148,0.3979970157148273,0.5536286195028823,0.6332315367086391,0.36148701111448095,0.4956130015214487,0.7781572259349471,0.42866727095458435,0.5779337630625162,0.6152737277064334,0.39537259715246725,0.5026149193645879,0.8103007636971308,0.5825033808952904,0.5895519872719228,0.6050965626212984,0.6812388072159111,0.7662317459202362,0.7873441180733265,0.587782041021123,0.6324492213012305,0.5616341015637967,0.6799055897672589,0.5973039077722004,0.7665431564702929,0.706152965305571,0.6827697206771195,0.7412102492265604,0.5089904514573832,0.7101325305545484,0.8836077779691427,0.7563109036423351,0.7545253993242305,0.727577951469088,0.28692350559084884,0.554677888541266,0.6078641944290699,0.45942748663892446,0.5652913384174145,0.5544646529834805,0.16541140150214007,0.3922879187948196,0.5725654065755033,0.3301027655646499,0.4160948960332533,0.4625730829275315,0.0730532165385568,0.384735806254602,0.44863287032810417,0.2407226330559778,0.3538291992906514,0.5291498325503071,0.8445979854236597,0.8991826362655094,0.8318232101913582,0.6695834835360598,0.6661920234859269,0.6488026716495117,0.3317190778762053,0.6513530267500591,0.7747432528193509,0.4756758358946172,0.44802660433316277,0.48975755810625177,0.1372164685375915,0.3047904692501726,0.6106488209114129,0.2682775228172674,0.4685383342543565,0.5194447022986006,0.4917053260841156,0.7516174249280714,0.9074394038465904,0.6684939007673278,0.4735343919286962,0.46030591876124954,0.20552363702483423,0.3631884576582145,0.7159996437239332,0.42486585528959553,0.46783624964512843,0.5220363406441305,0.6580736883327537,0.6819064070244001,0.7757538018474295,0.530416178309656,0.5478433988846383,0.5508257290183968
lin,rest2_vs_type2,0,Rest,Rest2,1,0,531.504718,265752,268252,16.459466880302266,25.428372993696943,15.525367860044721,8.702007977840694,6.7632945537810905,3.803457689180607,13.368609764177558,18.43201982098073,13.505231837235776,7.886791501492952,6.4028276397559365,3.2225527256829967,13.964915663768716,20.158237656462777,12.902095534165731,7.332049936289793,6.530821803645903,3.281260547209975,17.20663647920222,22.608400424340033,15.873132814143897,9.670346404164029,7.716362884170223,3.7579093676763744,18.491621368680036,26.189668030097206,20.155749476209635,10.984421704922756,9.696986620997981,4.807980757769227,19.05057755845898,17.34082433243484,16.04275864380966,10.072676787448927,8.504897492365922,7.957666098260627,12.140170868444994,8.240602118920403,8.712490447614057,3.6786120919411345,4.196520492347209,2.1651308302184016,0.7414722823698544,0.8549052952113728,0.8027796278906342,0.8030204450980996,0.7038034369796449,0.6268467693870803,0.8697401766214113,0.8777180182912592,0.7928649417579994,0.7833025209698986,0.6226813842501686,0.6452603822098705,0.8306287422810529,0.8940111269701775,0.8451585210589332,0.7009730314127756,0.6325595961602551,0.5706765455752624,0.6801790247611231,0.7246937095288792,0.8525100115735575,0.6715597112782312,0.6305009082917815,0.5747860298219288,0.5120607713599125,0.6108895798249492,0.5561593438762203,0.47277702140157735,0.41597641801482255,0.36717013364256273,0.5078567244430187,0.394499184369283,0.519735117353439,0.49691930910099585,0.4600041857107044,0.40144747094366184,0.5302185962264642,0.7074121096891771,0.5051326638259543,0.6446584085830113,0.41088219873736354,0.40964068171039003,0.7440579467417291,0.7516335942797475,0.6337493744511008,0.6239426293807309,0.5181719500905498,0.48147695837655,0.8409260886653217,0.6339263384057574,0.7822666584637032,0.6903737474001346,0.6248381854106564,0.5130033389962887,0.7167548893174379,0.6811858932560404,0.6856899874961243,0.6096081197696744,0.4674485473386751,0.3740155700011094,0.724399999397379,0.5919041228923776,0.6888168346279073,0.7063338464888377,0.7048732296670102,0.5747098980727827,0.7998283635756255,0.8565965334863738,0.8621530863220915,0.6891212439877937,0.6379022594280189,0.613273151271287,0.5634848201350562,0.6477385187590463,0.6443453723983112,0.5809364139299744,0.4605165207933126,0.48458024964761715,0.42756453707945297,0.512780216347136,0.4376689114421143,0.4397817650750121,0.33732701244115804,0.298919884002206,0.36165956609123945,0.29666471403520606,0.41416732544626533,0.4394315754555039,0.27940718879151855,0.289814734591484,0.8422097100624241,0.8524360430967843,0.8460669818649604,0.7818503881710311,0.6662428620729764,0.5639799857018178,0.5284287516451868,0.650891277093516,0.5198548510696597,0.41778615064445335,0.46987300032679735,0.2993390624540961,0.44894927500563414,0.3441461611923524,0.4744448278628153,0.4190952738104647,0.3831350166300986,0.35886467347667417,0.7011615010648845,0.6543792601831844,0.6082470035929981,0.5277075042458499,0.5128836521726094,0.3516423760512718,0.6350460088747715,0.3017073230086029,0.5268757846778669,0.5394005935377069,0.5005477014851145,0.38863532493267205,0.9285663746563463,0.6637130051203926,0.8082932658311511,0.6877019149035897,0.46524439421311986,0.35413179851830845
lin,rest2_vs_type2,0,Rest,Rest2,2,0,536.509284,268255,270755,117.68391478764698,37.324651670312164,21.495781276844834,6.978472770189104,5.556555722194277,3.9734223829423985,113.41787302788116,31.38432637834071,19.945661947625805,7.211859268155083,6.383671448243724,4.107399120516089,58.40657704894432,25.753886649526493,18.863585093635557,5.6376110827915085,6.206763307920715,3.9669540771922196,56.53541472212612,27.32442292849649,22.46770846298098,9.414228294167676,7.023883572805332,4.274119642947496,67.59112480919343,34.40730154759099,25.334978732806743,11.107178715520545,9.54959946900673,5.263199561702544,63.70139539129727,20.916795092684406,17.018638088844437,9.028712186679593,7.078484426402967,7.323089040419773,52.45016100444876,14.70546978151455,10.788764043402496,4.294664320103957,4.22920854033479,2.5027230199276853,0.981398439717473,0.929933180724235,0.9188460097625448,0.8319226888102748,0.6232860816748163,0.6379982727410132,0.971976151923699,0.863151773355227,0.8029710287318655,0.690006464635436,0.745132010117205,0.7657972891915424,0.8354765591486837,0.7595299902100517,0.7850400921411982,0.7493359783496991,0.6376856812545705,0.6065511520837464,0.7853733835370185,0.6617334152962031,0.8458813943229062,0.6942604489347826,0.5953899182584699,0.6285773191140396,0.8186689787423252,0.671594916641207,0.7104218925437793,0.5858037800070391,0.3633191476901688,0.3769300408212855,0.9085339433744912,0.7613086613168176,0.629428036524616,0.6269796930364568,0.38894619185239476,0.42504964245779786,0.9371356343403486,0.7503298475523781,0.68062806285966,0.5260623797684595,0.4073447980954666,0.45144053120219874,0.8534549585542107,0.6974998369952313,0.6925845485752583,0.6221600634357476,0.45606590305955425,0.43897446126097256,0.8307171867242379,0.7219688485310612,0.8130486269598034,0.6885520371835934,0.6111166021313279,0.49321183012862796,0.8798883903040912,0.7734449371402852,0.7867660923737033,0.6861613155846565,0.47934481889900094,0.43254252073638977,0.9510458783596479,0.846893091394187,0.7406018442566414,0.821109685425639,0.6741707230827354,0.6518330031790914,0.8753175699295866,0.8331191205948908,0.8691611457833952,0.792417455398439,0.6362727996402108,0.6791375928940584,0.7974633764259095,0.6387535371886361,0.6623410075923062,0.5702241471940748,0.44740985646890535,0.5545676694154206,0.8181573924704466,0.571110327912948,0.6183315816541002,0.4358103716563342,0.326073354672259,0.3524793763896341,0.8571720447021276,0.657953741275866,0.4687592398401848,0.3974186697759588,0.29282311890382384,0.3062678721505704,0.9694536025285642,0.8279255700131921,0.7794113822316053,0.7780772191486136,0.6102932894228162,0.5370228955963902,0.9370666449455799,0.7727296883946023,0.7086602434809699,0.5699579723210445,0.3532703163872919,0.37716750207320554,0.7956827402907303,0.6393833724951357,0.5591506107207763,0.493328213519396,0.2919529350379531,0.34560174026404106,0.9630280100862977,0.8143607904215697,0.8270115234113208,0.6973431610728731,0.43003148667428687,0.4196828084635973,0.7672027010130913,0.6543001341697546,0.7339715241863682,0.6235143710540906,0.4165045685706789,0.3562957674205148,0.8504889391944315,0.7586187693559007,0.8424715490815666,0.6193355561623131,0.4723535786313316,0.3866154963235751
lin,rest2_vs_type2,0,Rest,Rest2,3,0,541.515524,270758,273258,50.77125304016482,64.18948391346956,41.47879562439159,9.123178641599088,7.232889212512585,4.73480380114368,54.055914784290344,64.15030858332393,35.779600015488946,7.00967022460688,7.361325601271934,4.731260792277067,24.31968461890039,27.443161201881736,34.48452259391613,8.099286609276616,7.149027913266302,4.396003388932752,20.351507966499497,35.84929244699276,40.90452083756651,10.523674116979812,6.983184753287498,4.685990508210087,21.360216313651843,45.20301942254397,40.50192766556012,8.32071585610911,7.357202525045612,5.0950315743865096,24.49335592390218,30.797018020672912,34.34111274815472,7.044196935025865,8.188167228495734,6.225128657547179,32.275865023434896,32.3004633963767,19.960581481620924,5.312656722380162,6.651679477824081,2.673083591154398,0.9464181011247046,0.9448388227250221,0.8945622292131145,0.7866910513821754,0.6963658788055412,0.5978056988475817,0.8420184513755681,0.8857598405821075,0.9126410849986286,0.826480578366944,0.7524698613834566,0.7098860878827619,0.7538727857406524,0.7614602878291864,0.8717879273461884,0.7925536519444378,0.7132496036597631,0.5975719180536329,0.740402595267852,0.6966642384467598,0.8258739427511289,0.7059044705226635,0.6182557142561879,0.572051403679309,0.7603165790163176,0.7755642041075895,0.6176932147533437,0.462572843058267,0.35089356553097095,0.2699158184801637,0.8132215269727737,0.7322575438033009,0.4197383926108545,0.5198935270847785,0.4079401821674969,0.41474923940718433,0.6767679613474256,0.7813427134809265,0.7507554485268858,0.5132639040838293,0.4035795087111578,0.48132103409029414,0.6063595293999219,0.679413336757472,0.7980896540058138,0.5557371380489684,0.479698289002722,0.4962451831632775,0.6634718252235786,0.6967903789898969,0.8152914122967667,0.709693127549268,0.662521669035604,0.49903273295233785,0.812050001901504,0.8527904249785649,0.7816241526603024,0.5710648338365875,0.5111251551324828,0.2969865435453239,0.9270958178970701,0.8314960800764173,0.6566750117183375,0.7466606416618459,0.6589977125280432,0.5803963397743509,0.891788964874824,0.8607003994334077,0.8961076112911849,0.8406987702668997,0.7051494945048816,0.6674181711481715,0.7797536238643001,0.6851460962246481,0.7839229378174334,0.5922368729034723,0.4369215043574082,0.4889928360438489,0.6611095656748728,0.7098043863193615,0.5155848939637881,0.35578565107180343,0.2863571230398801,0.2739870187972986,0.5444293663336129,0.5646223206299976,0.33326650765038074,0.3220904737196758,0.2074382574900168,0.3384531020346118,0.9085918188227634,0.8455400541666094,0.9167592205846598,0.7451500181672802,0.5521770504344582,0.6270733879087795,0.7245537459298111,0.6984463894754551,0.6835717662426738,0.3829024132082486,0.36693482746340467,0.3272977734330421,0.4969749002411617,0.417597143426536,0.4383679050285078,0.3635565064921183,0.27293095780800397,0.37050605943689235,0.839681205104429,0.7865814295524898,0.7435096175394689,0.4519358206758755,0.43396433319271105,0.3289057133849672,0.6161921531214828,0.40760065621154906,0.5248366067008172,0.45628163375118647,0.5099347550147961,0.41464220068771684,0.8429853053444175,0.7138435190188308,0.7434939622110781,0.6009078838139555,0.5795919486709668,0.3335651338566719
lin,rest2_vs_type2,0,Rest,Rest2,4,0,546.525191,273263,275763,61.248019310821476,31.662228612248914,67.47997085598647,11.589942060774833,8.362542440098649,4.26343732117265,79.48924545079218,41.44918910612994,61.243747086638,9.494109378591661,7.71737146257673,4.113370440286995,56.20140030465306,21.83151243080166,54.10581080169873,10.643599448947773,7.142953744705666,3.6759977241908603,41.82787669076135,25.39641260786378,65.61794164538735,12.069841715263783,8.229381744794814,4.104005598748498,41.97465571748858,35.84569898325281,82.02263870252052,10.274411615434364,9.591491402889064,5.406479337467584,31.892142405067656,32.62425372092991,52.35830864501058,13.779268354601884,10.494438976905005,8.289646575159166,59.79544138151169,36.9411883938729,33.14488409929741,7.926443717973165,6.015731175787687,2.4993983195529905,0.8852596998539681,0.877957105138222,0.9324828198331655,0.8129076184863955,0.7575326852885654,0.5995832448555194,0.572825139066114,0.5544838798799416,0.7424915463413324,0.7979005179163364,0.6960948126398927,0.6794817686408725,0.7707641930162992,0.7036288118296442,0.8459267873901724,0.8251812803773441,0.6992095609171661,0.5980612874969248,0.8668843719044176,0.7379395713326817,0.9115116910682118,0.6846005981762238,0.6594295436650901,0.5951106607320529,0.8572296263695017,0.7975651852525107,0.8140215924419409,0.5010922786247148,0.3931655465193339,0.35232479328912414,0.616115702009567,0.6217599288068734,0.7470543805045636,0.4924754250121742,0.4785244991733947,0.36217404312847606,0.34059228223694665,0.4114777443132327,0.5481617695105013,0.582879893838618,0.44977601020249713,0.3717323712644412,0.5530847193076854,0.5582769021691172,0.7122229577828965,0.6921772082304558,0.5907886070141994,0.4188740684517886,0.7657240591466569,0.6780590737214107,0.8774022534308596,0.7472396405505507,0.6629556422926364,0.5568515096441546,0.8454564686886686,0.8633376891997955,0.8961670774730329,0.6597036029785992,0.483861650612074,0.3953568134235877,0.8772695274004879,0.8181387047758678,0.8822503570711128,0.7372500246336503,0.6392619859061435,0.517694666499245,0.8170332519481982,0.7190974130459944,0.8908321018848888,0.7646476075300017,0.6680658833254456,0.6663248329790624,0.6206002995714693,0.4611410678407629,0.7264586699994217,0.5273478457948757,0.43726668997620255,0.4825027212521585,0.47673501599586876,0.4599923326512335,0.4802792542941313,0.44852526414554933,0.3151741068245918,0.33782053398598927,0.23348847935772152,0.37487975701322795,0.34164674624254066,0.39805537075640135,0.34325713569599714,0.269174989769706,0.9074584793064139,0.8001836618533199,0.8784116476779374,0.7536763864332822,0.6595788120960672,0.5774707372769342,0.6796465280336684,0.6415583535938432,0.6573655737907811,0.5343419423122484,0.43499307467786713,0.32914071864896144,0.3253397336226776,0.39450946051405245,0.52861701747029,0.4466034610779208,0.37416278766395966,0.3806698830745871,0.8571122857484168,0.7486852212674193,0.862491387060593,0.6222564376480738,0.4203630024420583,0.3941099869683243,0.5362909566658407,0.47170567017909304,0.711944497402164,0.5082619353665161,0.43902524375083674,0.4470689657979307,0.6804481708863611,0.719172805926572,0.8539115942764987,0.721602511094939,0.5363570256946966,0.31938770509785464
lin,rest2_vs_type2,0,Rest,Rest2,5,0,551.5281160000001,275764,278264,27.58075764939787,22.31696308891897,48.539144671159654,8.867682958225995,8.219190852237586,2.6658234156370213,16.25876820644405,17.29605275628028,46.810353097929124,8.837536899187203,8.7976550589022,2.971689648978072,56.10520686819591,33.12042982199486,40.433266205341916,9.230470112319702,6.014537672014317,3.148310637616805,32.56238123273948,23.390405552446172,59.91332083734125,11.415145766802341,9.235830207168057,3.4529476964474357,24.518885337869158,21.085206026095484,77.3142142630843,12.61200253853959,9.537075178772728,5.213267989055864,16.49476762409749,15.516172395037099,62.65052579780987,9.954054165981283,11.1207911560236,6.1378858723046905,22.057298180148134,15.680408776204322,29.168229631318944,5.096877024548525,5.20030437725945,1.583943892707797,0.59312463580271,0.6964917366463884,0.8840398763855644,0.7250715592214634,0.7752798631485238,0.5145441691615411,0.8704615051709045,0.751878271864077,0.8198736814729377,0.7672549732463244,0.624309681465333,0.6861103102888103,0.8835789767744275,0.7992044388371364,0.827323637170146,0.8214911417334695,0.6799816242248007,0.42760468791509887,0.7582786533478211,0.7196696558258333,0.8274217191057828,0.8213574308244039,0.7847818893075587,0.47501725466424427,0.4394163428834932,0.5395256975251119,0.6701714122234466,0.5763367699355284,0.5019063957581218,0.2617184112600771,0.3929701634315463,0.2807682376261834,0.5814372313292215,0.529564005746887,0.48313225575694335,0.40601871264833617,0.3514045713842126,0.30285193234330193,0.6043629094702375,0.3955629611905917,0.43788178761447777,0.3698946755749032,0.49253255292370346,0.403748916296961,0.67318168883274,0.5606425718987638,0.5312348024679683,0.28855398275339367,0.6906188662748797,0.6077597199095,0.8282634326586594,0.7771294665143829,0.7258492111246742,0.5004352966581619,0.7116658610399403,0.7284621041762698,0.7767123540936709,0.6578373847757524,0.6233670679461231,0.32832401695563007,0.5603246000131061,0.46382099947236427,0.7650488872306602,0.7161883513843575,0.7466040537283853,0.5347097805316382,0.8510281733452976,0.8226452601876666,0.8825640910046044,0.8308999667943967,0.6326666588547936,0.45216189794548683,0.5433299752400177,0.5384458637144933,0.6692910663490595,0.6275702832931621,0.5333250948469364,0.3529459153758463,0.2992932640493286,0.31433403596805976,0.5063543106566157,0.39391009062286636,0.32598839753048786,0.23830320834897295,0.5058542620521107,0.2527156717580628,0.3813046267519157,0.3105147456723736,0.3194188296604621,0.3191135875956274,0.8071171365238551,0.7487554550228399,0.8455534566951807,0.8127629631612961,0.7312359848810598,0.46783982824792025,0.4159277867848999,0.446487118856532,0.6769828047548454,0.514182757417459,0.3930095299263487,0.24567979123341432,0.2901039999918486,0.24508763604575234,0.48518443485728346,0.36368534331914215,0.4002730900923973,0.2675500675618228,0.7146962614409903,0.705102393695803,0.8381725292635325,0.7008988045903601,0.5232927731454278,0.3411551431101323,0.3143052682217114,0.2768695350072024,0.6348068319029113,0.5649072741481911,0.5323199762346996,0.4136692292607816,0.5499855739117226,0.555717812975259,0.8233747901340112,0.6735486335672586,0.5632578135410695,0.29891647566699864
lin,rest2_vs_type2,0,Rest,Rest2,6,0,556.544634,278272,280772,29.5673848453475,32.45025241390286,45.39864697366957,9.44538416240663,6.323003807688634,3.840106600048086,77.86484533877525,33.997660683658516,51.80376881917858,8.809201264436167,5.581546356631975,4.357600983345397,29.28387472316705,27.693667278786418,33.9383158071906,8.301213630055024,5.92825930905257,3.8517780840595846,11.57929792639495,27.648672292378535,53.764304944826286,8.610939848291737,7.388023343139147,4.875406588291518,24.888031281788106,29.07918467774648,62.67465905475927,10.939344091071943,8.578917411324332,5.835381769940153,58.64468815029208,22.899629304665236,47.141455697092475,10.738633379764194,9.026779705754777,6.728571018249049,100.25487217643922,22.83804669285267,30.554581528831303,6.516418164762903,5.354748935282906,2.474636904103881,0.8792602364598129,0.8489604762517822,0.9235523681754196,0.819565600160882,0.6293389543058729,0.6255593912258861,0.19280662520251182,0.7570734680832479,0.7427641932356804,0.7218763513430063,0.6685148300529867,0.704107766525354,0.6186061362085712,0.7451596565040445,0.7648904165896672,0.7030526276543075,0.6827971981732986,0.6180006319953112,0.7788530979134322,0.6580983710676127,0.8377610486549617,0.707704365188491,0.6216203429913875,0.5692891950599788,0.8017056923194703,0.5082292683623473,0.6541169633487991,0.6209078338931332,0.38723774267343913,0.3055089370351885,0.7489494071134306,0.5616275430683653,0.6654284621914331,0.6039585209238048,0.39506479436780284,0.38842052943584554,0.3847606252128024,0.6395240555057667,0.6821437147812806,0.5191665626656454,0.3367633724758057,0.4726126755329076,0.445688485747565,0.6880837451012644,0.7117839255820204,0.5738239351557165,0.4314719151266046,0.4946595543258449,0.7999426017236493,0.7291590891481755,0.8198830295955057,0.6815611493287156,0.6239935895775341,0.5119715177375873,0.9199863720705411,0.6980450614285051,0.7621704968326688,0.6924503132054348,0.4784467761992633,0.29757391427926155,0.9541063476914635,0.7017883821804048,0.8164551304436909,0.7335975322824463,0.5782395127666438,0.4824189665677924,0.3072675311183724,0.753693382864975,0.8234049746498012,0.7959922895490176,0.7324927438159621,0.627844046307213,0.24037227250366658,0.41461663923239434,0.7319256107049279,0.5482453764275826,0.42613723606698056,0.45427369960725517,0.3851502048796674,0.446755504569988,0.6561103496300321,0.4536054442280255,0.2218872591535242,0.2462109777926418,0.459416308791258,0.6997746017031465,0.5305343742959884,0.37578264257062555,0.23294667322809573,0.30326634590348545,0.6774946863888399,0.7336806401272412,0.8992032609580416,0.7121981002856609,0.5874625611965839,0.6223458987071304,0.5495746307427116,0.650448165337337,0.7516103259163099,0.5114761467292723,0.2986120373683462,0.24659689321144537,0.35614312862206904,0.5729628445925098,0.6053857554713773,0.4326631492773388,0.2593013568851108,0.3367100656098898,0.9141223416359794,0.705983548168635,0.8461378546303454,0.7117029408300671,0.5002086970545325,0.2709623192663932,0.728789811647446,0.4219370346038051,0.710921171072337,0.6128172038194479,0.36584668957847627,0.37981181586085344,0.8937754452341706,0.6528492018533538,0.7917149781908688,0.6558683774780284,0.5997508305455083,0.4287014792891721
lin,rest2_vs_type2,0,Rest,Rest2,7,0,561.573346,280787,283287,86.48411538920314,42.78301533503131,31.020017052510138,8.236792283639462,5.643476360462663,3.27768936626874,84.3701546993393,40.9490810938885,25.946592196938276,7.5111369995118835,6.245552305016965,3.6777099966272955,36.70339676940991,22.836224167446282,25.634745350572114,8.9941120588113,4.63175242059942,2.547243772739791,31.44500758574578,22.430331552665997,28.942416249382756,12.449794223283044,6.183530756487257,3.147080316077591,34.90086198191632,29.92273310030647,34.640586685181134,13.725284758568112,6.587397987401026,3.5723745319883045,40.14745373041169,25.909941381697834,22.350957633534158,13.418590216023112,12.086302693476371,7.9042981971520705,42.49252649579278,19.642205483810155,14.741060339281677,4.785636774313746,5.047283164782855,1.994546353445859,0.9717506996930835,0.9178675639021013,0.8414566064335285,0.7679588728496263,0.6182083739316385,0.5137581247754253,0.9161503550870694,0.822702946672779,0.8835101024292591,0.8547555443776831,0.6309623979693824,0.6432087814318573,0.8254511218430736,0.7978331457368795,0.8897308404743696,0.839211367950078,0.6963809662476004,0.5185301089613277,0.6975037574409807,0.7500076982477812,0.841947677942998,0.8382101275764501,0.6635207720954599,0.5786250044583245,0.7867436427683684,0.7568949759941771,0.5648070455059703,0.616505254644462,0.4941745588252383,0.27262047334387723,0.855507622878895,0.7689837592204525,0.5911034708925487,0.596554816862679,0.4849222137946997,0.36655241074355444,0.8786298950721587,0.6358690809967282,0.6732385657561413,0.6306240436103812,0.3010838829270051,0.3428632238221503,0.8070194830001989,0.696899505280146,0.7773252412191928,0.6486219993937661,0.4233476882098327,0.3283448056392602,0.7124775183657905,0.7453532240373998,0.8856278347340514,0.7832867928005592,0.576141280232064,0.4484996780693579,0.8318486932214649,0.7906430192809932,0.7484467132581368,0.5952967456790981,0.634521683564576,0.2483711266115767,0.9147286482844436,0.8579701983112293,0.7419712453713764,0.7411134947354858,0.6076756568518121,0.32165638034014243,0.8586812785829503,0.779532123709306,0.8693591604832461,0.8116880931126811,0.6634202946170185,0.5770434323209571,0.6334352753614244,0.6007062341646476,0.6830000471938301,0.6944350925485561,0.43705499863727243,0.43816136905532693,0.6967264357539452,0.5878139281421977,0.43422293359788056,0.5304256736511841,0.2582907015990631,0.2811926005064186,0.8128822752436801,0.5553441569163141,0.4587705654101823,0.5017066950069475,0.25063795192750604,0.2886525797914767,0.8362984846292489,0.8634550632871197,0.8743133560732943,0.81510303101084,0.6498219499756959,0.5466726027640018,0.8444209403483761,0.7727272627603059,0.656284876626949,0.6630207550006739,0.37372981305882924,0.2410859493388001,0.780811525587571,0.605131578223536,0.6025623571827897,0.5516445246989529,0.3292136904856805,0.32942204128253155,0.8790578118007075,0.8881020482807858,0.7889465438345438,0.6666194505824439,0.5271787100547679,0.269249652723968,0.6867806163462721,0.6565884547809249,0.6776418757275691,0.6859624692287098,0.4420271163040354,0.2952898407363103,0.8629842828017513,0.8285860276904687,0.7162895028996468,0.656629919894978,0.5799464409505191,0.35030073196690537
lin,rest2_vs_type2,0,Rest,Rest2,8,0,566.5740890000001,283287,285787,22.834588585006745,31.083434084065203,22.778977368921108,7.25795424918274,6.368837922130459,2.893704827141046,15.710773278669791,34.068407952526876,23.59106461960026,7.927775791647549,8.947060898924118,4.760587006239893,21.024175577072914,18.7336376337292,16.929736630131266,6.609648712862375,5.450524261988049,3.074377827736159,29.656318088748364,29.783190446578768,24.97775767567831,7.499144100718254,5.977344968031174,3.9888899078087743,30.46226609716144,41.068205381902395,37.06463858387847,7.503524380737632,7.464165382045884,3.7446517256215412,21.044939903151793,31.11755465833419,27.807533700704596,10.310300688559487,10.174893289481622,6.540399563951512,12.524175501480965,15.050873846784805,12.319361491568937,4.500510002156579,4.934718017284431,1.8002322484948274,0.9312756528823444,0.8030369751711961,0.8913828571871069,0.7386759522565498,0.580739951396997,0.4635626653434107,0.9420774136357665,0.80036472576297,0.8049710988430666,0.7979266201630025,0.6970510959728784,0.7172415724970345,0.9304997495549867,0.8757742483026787,0.8980845129054359,0.8359792734737196,0.668634393044212,0.5894104933990543,0.8754679285877325,0.8655109238055949,0.8961167427502916,0.7536507514660177,0.6633082947747134,0.6167793486742482,0.8247665412214381,0.7318219016321234,0.706564038177121,0.5434830647400476,0.4271659722168584,0.33532295896120345,0.8541111382690744,0.5972067614198889,0.5729742001377781,0.3677259042097073,0.4983643167751238,0.3832960715771237,0.8642378701876545,0.48378573338980935,0.6344705934886505,0.4947598807019216,0.46546092760232466,0.4147964517454546,0.8478195814784445,0.589102161891223,0.7825107570274004,0.5476439266160059,0.49155751243863854,0.37902578396283004,0.7569236854869182,0.7318151420564941,0.8720640363317974,0.6490006952159811,0.5275831583289922,0.45778080535543914,0.8424748839128114,0.8612612252343707,0.7758189937607209,0.6937355383992942,0.4809210264907495,0.3235787730223854,0.8938100454243393,0.7625753426023076,0.691015135405432,0.6829280707651907,0.5720162074996681,0.4190692421088818,0.9269608890974442,0.8825621439797618,0.8480198333409585,0.8491053228996412,0.7329232953575524,0.6699476484862384,0.844343813913946,0.6777219138887954,0.7125185982716984,0.6309157903892507,0.5025676683046794,0.5647058892658355,0.8389735014595311,0.44815093266037215,0.5960970977376775,0.49568083214307485,0.3157048248998342,0.3658387856054563,0.8352391988782834,0.3770266968989965,0.41367661574438114,0.28681072332544494,0.3675781874163298,0.34929341918394435,0.9405441742497652,0.8344507093341763,0.8993622731495098,0.7853933061800136,0.6695416774555701,0.6305587432377534,0.8717758631413112,0.5948476978994117,0.7020904738296802,0.5253905875421474,0.44840544767790924,0.32846961344675385,0.8290240472326619,0.49053003980706683,0.5341584017191086,0.29321668241847226,0.4107347913567576,0.324615057129324,0.7796125335745719,0.7869592192514859,0.7858816429534435,0.5794503506746883,0.5409021350950033,0.36363831991476914,0.6972042990473896,0.5446758057678829,0.6050406239737608,0.3663750659957215,0.5480370315656319,0.3515483300385302,0.8770378256130221,0.7643778236251331,0.7844383519501378,0.6360121478845351,0.4985512157385347,0.33030551661989876
lin,rest2_vs_type2,0,Rest,Rest2,9,0,571.5858519999999,285793,288293,79.23588381997163,77.26190151173505,26.675071029309315,11.03610047303731,6.7850608974966615,2.4668861739719863,74.52388524346325,75.18097900945531,22.0793067617061,9.937141323892556,9.205545434318562,4.680969642804784,44.07486362349413,47.43066181197325,20.868320631949356,9.298534111443429,5.471575534222384,2.168207402335579,52.84989368105811,59.300710333698994,27.985434651117384,12.176179361204449,6.991884043040012,2.6547570121780426,60.935377341790186,56.60819980341795,33.4195540845982,12.062273094638062,8.945434977335463,3.7620037087372356,50.9606207270786,47.703711357376,24.16371313649698,10.130319586188186,10.652877539353486,5.013893407937198,33.09869873383548,28.269439312245286,11.948217938239036,4.654183668921274,4.92422115987012,2.4251117058223133,0.9077229998428197,0.906550896289364,0.8884182423602655,0.7414782676001196,0.5869368327528874,0.3968977326678178,0.8924471198736046,0.8915625505622916,0.8774008996424343,0.8284322954111751,0.6655543469438708,0.603310719041642,0.8342395043255045,0.8741288658634884,0.7647274763322759,0.866598802956193,0.6403528188098757,0.5080375863773159,0.8147859567500105,0.8556380386264677,0.7777938120006078,0.7988253905623869,0.6574383195928305,0.5057722742218119,0.779495094474743,0.7722134788751759,0.5148086148620854,0.6376652768571853,0.4730862231179632,0.2897822440876257,0.7995283178886895,0.7690312015739484,0.5540537488478205,0.5609077526425784,0.4270105266225448,0.39506946535055665,0.7287286467400834,0.7633381446988305,0.7066713134159129,0.6001713627597096,0.387030421768442,0.20667738584991607,0.7639383131009603,0.8228760968294436,0.676108208365737,0.6747064529097772,0.4835153802788012,0.302639267132468,0.8723569623582331,0.8664596654681331,0.8089532203092882,0.7700736000936294,0.555774626965446,0.3057696040542393,0.8470750892885972,0.8634874893571086,0.6853266467251551,0.5753656024336075,0.5337618064928835,0.25272007376383404,0.8259952221764099,0.8647562448749104,0.6575963418958095,0.6082660155778672,0.5164283503999229,0.31769559825922905,0.8675125757066088,0.899880229087544,0.8511147967153605,0.8570190890972714,0.6850942971692551,0.5306479950824726,0.7394941401428302,0.7821392345675603,0.7171811681655493,0.6757217877957451,0.45530066948191805,0.38573154343896904,0.7184192723377042,0.6974338458471946,0.4339631738324886,0.511391372987671,0.34295017950757434,0.297369146765711,0.7445816801612538,0.6427196569462696,0.5188916626985852,0.4239226001314292,0.4288899272338361,0.3318415165211853,0.9022179532575662,0.906368465535681,0.8585421388028767,0.8281882826877615,0.6950980943000132,0.5068240119538946,0.8805379704721149,0.81329968231817,0.5881777963297115,0.6297996610098677,0.37707320585156323,0.27311928609068004,0.8364191845397485,0.6697495135455658,0.6097073466004315,0.5519701623725282,0.4127906636862244,0.30788814413420995,0.9588199109555829,0.8765016152871985,0.7167011508548211,0.7253679117288908,0.5346701537779128,0.3669076534911114,0.8634055591503113,0.7216214699857764,0.6874618164049782,0.6261547748901949,0.4507217610060109,0.40656431487699013,0.838762660628069,0.7989664281796804,0.7435914957434732,0.6378369979380665,0.5905107938128042,0.3577322637926121
lin,rest2_vs_type2,0,Rest,Rest2,10,0,576.600188,288300,290800,24.061031237028008,34.30173062057183,34.21200573138428,8.342376066861531,9.347173924926985,4.45353402666866,31.15334894186338,36.593918455227076,34.87719707081626,8.854583207174752,9.788987265511622,5.050233177622264,20.478084111442485,27.42281466109428,33.873777248268794,7.256004300382512,8.515382962747072,3.8310383396784706,28.071350391729176,41.78131056375187,46.76634897406457,9.128158877369643,10.806645359613377,4.4286789759544,40.34588921546026,51.37743111807074,49.3912902755889,9.468214212388169,11.194592397645417,5.400342938733304,24.92493784442268,33.96527428755011,40.08471101936106,11.542033433203397,12.96781958527094,9.734086297235205,15.556736207046026,21.24277580701557,21.303435413165328,5.10807217631851,4.876231428411811,2.737321102138472,0.9300081746609564,0.8474985035005947,0.9157241320722569,0.7821838849997774,0.7163470312386644,0.5996033709801594,0.7574574055104822,0.8235680159510794,0.7619604357354804,0.8103639630358266,0.7718522509852495,0.7703233013519921,0.6848958709111842,0.8250082431322453,0.7544293999195463,0.7838833915778158,0.737995055229655,0.7079481478654568,0.7506000280145376,0.661353474180332,0.8835262381760444,0.8578151882886551,0.7097934369821977,0.6769559726719336,0.7838735001871132,0.53518834214289,0.758157118319547,0.5351415824159378,0.48044046129139434,0.37552337004877373,0.810233567696696,0.48536933036408864,0.7185702455512573,0.6003673555235297,0.5692938522885064,0.5065951712421102,0.6808323453350343,0.6107470828438456,0.5423122756530133,0.5528310196715952,0.5324825355461432,0.4898810150729887,0.5915649447046872,0.6963381360892031,0.6105938564433769,0.5385068938933723,0.5844901895932557,0.48616765078833285,0.7037628406140802,0.6897198113967566,0.8336227615085564,0.7560208753422838,0.6208676516172191,0.48457453840077097,0.7883659496934926,0.7134575822960999,0.8592691844704838,0.5164113882084298,0.5516572849262376,0.35255485462757863,0.892297615201338,0.630852067471019,0.8631056961431064,0.6319012023355262,0.6103594658366914,0.4240221586325548,0.8760183325336737,0.8546404565216714,0.8889568836499799,0.8381433049266137,0.7836624861938833,0.7124700168916684,0.7769285877119086,0.5331847476261043,0.7048103157570149,0.7481828018487533,0.5348967591770193,0.5693660659107654,0.7294239897469327,0.38947526894463963,0.47702480800987956,0.53239741853646,0.4818804713785103,0.3191873136100022,0.6426022513773734,0.376808443539467,0.407624349113649,0.5003079716939876,0.4918952553389615,0.41500463159037054,0.8906113122594682,0.7646302403649681,0.8180745006155752,0.8228648688918684,0.7056924604195428,0.6950400398168323,0.8132077644005576,0.49620771216378723,0.5833967863730924,0.5017668589342642,0.44923006404452337,0.29221583642674687,0.6114711505987296,0.385625186869479,0.46495637911941,0.47968961738900223,0.46526517833467007,0.41233259593010857,0.8660580776520317,0.6384394959208245,0.8171549084855965,0.5931968553930556,0.5791877223330006,0.3377754422863693,0.6876206365039611,0.4275534196295886,0.6638673704829261,0.638509576293399,0.5487796281138497,0.4131762406915967,0.796764060584333,0.8250538883456972,0.8625497317925278,0.5907274728083938,0.5271181145674607,0.41251722189950324
lin,rest2_vs_type2,0,Rest,Rest2,11,0,581.6017410000001,290801,293301,303.3993155950066,101.13115467564768,28.270386509259186,10.229836310385299,12.188700525713054,8.4002028626022,279.22900983317294,82.60243149296362,26.110607820856576,12.307841117096475,14.604078324727968,9.061507471088458,145.2747066389047,49.17505649129737,27.367627369778546,10.36776905830086,12.191319564368884,9.171138340521306,113.76816529476045,39.453098908131565,32.47456676277112,11.607538799198656,12.453533853029928,8.409194779155394,91.12087157520868,39.525311521898956,32.36760199106179,11.363582631796142,13.763138946754248,8.783792146029235,107.53910281995417,35.27133030360025,32.11367305879044,10.163097427335709,16.74644038979337,10.4203563972264,144.3270520360745,46.06877092650521,17.700433475767262,7.9732866670405755,11.77424629071156,7.601739170016315,0.9704435155255884,0.9386512224962054,0.908791921375459,0.8097377195555042,0.7997763557685357,0.6999595820873127,0.9404780210765912,0.9067674320722037,0.8225807725840791,0.7696526132741575,0.8266627043213439,0.8553736804332301,0.7068201187017462,0.8601015594897672,0.8979792482397462,0.8519429316103091,0.8537191444181798,0.8047698135853144,0.7564844001928287,0.8565908786633869,0.8172412488405776,0.8430938083927199,0.7756781306066449,0.7773110181485193,0.8850941589016297,0.8593582673563557,0.7254238795343813,0.6529883425784105,0.6554001915131057,0.5176712135851139,0.9354477043681803,0.8612729600083138,0.6920114146014675,0.6691360801159326,0.5449126825337569,0.670103563262381,0.8711107398603884,0.7987887525605083,0.6448040433609197,0.6309375252582861,0.6305725877882116,0.619714714323583,0.6294071714827226,0.7569494271596847,0.8199911811416072,0.7285532713448867,0.6656384667920163,0.5884359319597129,0.6718645360952246,0.788277308788588,0.8621574140780774,0.7758076652980749,0.7447897674275804,0.6503789089125552,0.8932545279140619,0.9010002380058563,0.808583822200973,0.6771357752937642,0.6404695582901082,0.5003431712389141,0.9830613390330377,0.949213710450449,0.7991940982015358,0.7234478894196962,0.6188024453537068,0.6308443820930411,0.814058804830463,0.8973587143885935,0.8396890629806372,0.8113212189447339,0.8182053107516012,0.8416959868085885,0.8447235275450264,0.7948921539028165,0.6272452912164951,0.6755213520304738,0.6352970138889054,0.7057432461991653,0.8913567000474263,0.7947517201062677,0.5319608462176888,0.4840589734203831,0.508348629292971,0.5120339555568388,0.8479384268709502,0.7479345791207388,0.46432058604145715,0.4612608262736667,0.4808091363961178,0.5719511516322924,0.9709686851503486,0.9197374804916516,0.8689533448284003,0.8667676512577438,0.8018332598568735,0.7880319257268157,0.7926627840774075,0.7955504273632082,0.7412357340534872,0.6371638373175242,0.5600093016073723,0.4742909322229423,0.6142887928106525,0.6935907252408782,0.6270593612733542,0.6215072217309131,0.4683046346305101,0.5676362324728998,0.8305410209029467,0.838825607874619,0.8502079594147801,0.7137521425880421,0.6178185565499158,0.5307963119103323,0.6538101259635569,0.7165356652540866,0.7440145041748639,0.7188764595224058,0.5008980973331048,0.6501479434595059,0.9028389934034751,0.8833881809971067,0.8169570116154965,0.7257720713164411,0.6110227441578843,0.5726746827944651
lin,rest2_vs_type2,0,Rest,Rest2,12,0,586.614299,293307,295807,19.04633482856692,33.6690319388775,64.03427051298699,8.890635620400335,7.4276743918032775,3.1497035307139836,26.68407675908436,35.55407099031949,52.9943178144867,8.723137194039026,8.652625697681398,4.269327866138905,13.233711783587454,22.16345778681939,51.6663341054143,7.45626058225213,7.696994452801652,2.7973479932606837,14.354001780183781,38.84902807851031,67.2333052801732,7.0593924988089585,9.473136262110446,4.023347024813701,27.2394512014886,49.558471763199194,66.84815405369615,10.615506662627853,8.886234926911582,4.5415787099018665,26.41059669127543,35.91773931933971,47.68480518273731,11.460510034720283,8.588447497226923,7.533059564082788,19.766835723135415,20.834574730342727,29.4139132957697,5.188558932949052,4.079541586785922,2.500023763990896,0.937130970231706,0.870914160038319,0.9165659323490406,0.6644713430301671,0.6155092459075729,0.5078010872431199,0.8452685839966789,0.7590333677962723,0.8779236511830811,0.7218830083864122,0.7327542358081169,0.6599977158879821,0.8012995287190731,0.8875371039164248,0.8518881347383829,0.7458218995014984,0.6891787022801484,0.5896038102906261,0.8229571584797691,0.805169028633201,0.8317917253168943,0.7110276057079025,0.6864998738557455,0.7116427540190748,0.8197911731179967,0.8448016379974814,0.6580172523836738,0.4351563810903036,0.4543892910368753,0.3392652708293563,0.7953385263970573,0.7530092022362147,0.6866760179874938,0.4293245697782341,0.47162457573361716,0.5074928133110742,0.7559116613114206,0.6029319118642915,0.7499593230965182,0.4352871470448255,0.382831175068396,0.377421263413898,0.6976974786993781,0.8185972771829558,0.7407944842556271,0.5059529358010464,0.49818938982976385,0.36812264576034387,0.7613441139639372,0.8252203867141362,0.7643549106567722,0.6420088318198394,0.5967559336269199,0.49088782783977114,0.9061631199990594,0.889747690123769,0.6730702112392124,0.49071887892504484,0.5175600789381372,0.29777125835288415,0.8779487906886856,0.8418008654217818,0.8027736770243225,0.5742036935367005,0.5315725449192927,0.429055443773185,0.8821259063711727,0.7629075114825923,0.880947224089893,0.7113455153168383,0.7059100391935322,0.6251261158683056,0.7762607257726195,0.5435998327704011,0.6887547965451718,0.5834149053152192,0.5014718460273435,0.4712907204463861,0.6450633515183858,0.6455154118762282,0.5253750156151857,0.3175712781822147,0.33008769184500014,0.29814107555295183,0.6045336505615353,0.6118381681004229,0.5237848018915637,0.2627116410010449,0.38418698908803894,0.41215149497077413,0.9076805430272694,0.8670957804255524,0.8666455861063618,0.7618308771298782,0.6819161895957668,0.5978855066806692,0.5988105752619504,0.8206894066993846,0.7189717799825516,0.3675265123533443,0.4787620950571143,0.32580723351859514,0.5080109522306967,0.691514370720006,0.6409833744824417,0.3412127698066812,0.4924194383171091,0.3364706106886439,0.7187442305881607,0.8357713691177082,0.8617765365331133,0.4989640774821416,0.49950895034882414,0.3539974910667913,0.625598920613086,0.6597996985728259,0.7208885070388009,0.4140832054987799,0.4925570527098775,0.4417999653467382,0.8552334997290932,0.8419030345680077,0.7928163247441813,0.6732434688410321,0.5339976546049511,0.38255891104349904
lin,rest2_vs_type2,0,Rest,Rest2,13,0,591.615145,295808,298308,81.77291696963277,35.885044887988236,72.26040030893253,9.00492494629893,8.158961587499247,3.3792637601282,78.90281153996041,41.46807843790208,71.46938763520319,10.113203400176687,9.184608260451336,4.975556201386706,35.37388964472885,22.01212539800103,54.06291690239017,9.293035382912617,7.2822043955180025,2.871263911373848,34.49909472887454,24.3818314512753,72.94293096248134,11.918547138072784,9.981919510534158,3.8890859920999863,35.506427493892986,31.415366042528753,78.69538396055219,12.284078894214558,11.208619027539019,4.103818365784896,35.34979414634897,30.367395325738126,71.27008166105016,13.601483532005021,13.935427112849487,7.66087869895783,46.36125347616916,27.31527415077512,45.979036720225956,5.916463592890415,5.122445621234407,2.1345677999208585,0.9468491866787506,0.8804088853944398,0.9145249844623671,0.7767269751584315,0.6396631486604505,0.5091254560153164,0.9200552861222612,0.7427578742623949,0.8769536910713291,0.7094909259990289,0.7031602487583938,0.6581707822365755,0.8633534030068576,0.8365673443551973,0.8079541702415067,0.7822175175043004,0.7080228498193211,0.6290037319130709,0.8648644124201864,0.6628254644147389,0.8363834555497658,0.8254395583100743,0.7035049572844303,0.636692253933231,0.808170729426,0.7221163789007262,0.7252729434548539,0.638119054555157,0.4121016068717185,0.2838790359562716,0.8915807178002096,0.721196692626981,0.7361347855661398,0.687431828043077,0.39229409188565245,0.47408833959210656,0.8468423394172323,0.536076965963252,0.7396933343466252,0.45937391604427474,0.45296899639841604,0.32566994406910743,0.8219488646087066,0.7211388247231787,0.7206916038266615,0.5707153427292837,0.5171290153194729,0.3300759019990473,0.855290456960072,0.7386292939885968,0.8205105724120159,0.751660919935799,0.6388249060383574,0.5033845847361946,0.8860900566193769,0.8135475742844671,0.7965181821031482,0.640001725647369,0.4670134642241587,0.3235285380125975,0.9409343191642644,0.8589464752401867,0.8526312392790116,0.7185986847461054,0.5085393695259938,0.3731598316083919,0.9562502047470015,0.8611954147853884,0.9116545098315967,0.7819094220862295,0.7230948296706441,0.6627939420174364,0.8945589550606536,0.46021865373865434,0.7878968767243469,0.5896411246629368,0.4878155200145134,0.5183559835064258,0.7996911666466405,0.45839203082949576,0.6774665664412831,0.3589502239755648,0.31255827854720397,0.20288429911067934,0.7631038860224612,0.4086636280423095,0.6414911342827693,0.37470972503206734,0.2729340580984134,0.3615949366473087,0.9607123006337507,0.7566734457784476,0.8959820890659822,0.8033968185889009,0.7396316165250789,0.5885055359865644,0.8656584880240977,0.6578559464672755,0.7353309833015558,0.532135131945599,0.40756766271144473,0.1997724280272512,0.7612577423703334,0.5978628233838433,0.6527528526997406,0.45981477307475493,0.3408286555968511,0.3125946894190805,0.908799069626479,0.7344080431769315,0.8103899373419731,0.6974146484944421,0.5257157844849274,0.35199937662613945,0.8064405615308582,0.6094809978137044,0.7540411216193439,0.6655827909564719,0.4573741266974589,0.43802500799685246,0.8862438771349885,0.7910220108327779,0.8709277957993432,0.6846930880688635,0.5220053163338392,0.2515350251758392
lin,rest2_vs_type2,0,Rest,Rest2,14,0,596.639903,298320,300820,15.819773227958153,45.68930973829825,66.30301907368123,9.95850283986136,7.789326399770527,2.9614022213713715,10.012834959037356,34.40588611376478,67.42100807787934,11.45650362276613,9.28803611634275,4.1664770400015065,12.136360700418626,26.644808612823965,46.22978511561003,8.557717062664207,8.41192143758603,3.286902144115811,17.376545732879215,43.029589293236896,66.30393877197142,11.137930504994248,8.757132335682089,4.09872214262352,22.578520165143278,51.58459578334155,76.06213106538698,12.821089216026587,8.119311185222992,4.282804513541673,14.178342182787576,32.667241912699964,57.41741454474643,13.087497955639925,10.957812430879653,7.516541500065983,6.647144591802486,13.592147715124018,36.360931022171606,6.670817348477864,5.146234094138034,2.095970618416213,0.78363248707683,0.8692157892893264,0.9072730727314408,0.7532399960879425,0.6423412601863114,0.5238574077493193,0.8419496616230916,0.8001295012279028,0.6861283074236649,0.7107482866529395,0.7550433065959025,0.6887110784699774,0.8879631242825407,0.8402710987953326,0.6840266239090045,0.7041863143369111,0.740158311226691,0.6505218500005637,0.9089507743703669,0.8373474776880531,0.8857702880529361,0.7703316362773872,0.722996046672981,0.6133428752302732,0.5309661028488151,0.6964015741316774,0.7763177743495271,0.5616021482665242,0.3665935508338407,0.2953078108364153,0.15796358905896601,0.49974752149858237,0.7279780112585954,0.5581855244963364,0.4102900272650046,0.48784405746406473,0.5892859291572586,0.5997811339982205,0.5478948555391876,0.5435281381273583,0.38811741127033994,0.38575284532636606,0.6969810633932402,0.6664922770003889,0.5398813256958269,0.5902006795443959,0.46165849391945385,0.3999351723247914,0.7950933072323038,0.7346556847285769,0.8364232527525065,0.6651043202410667,0.6613244522474886,0.4325116449084208,0.8122851714396261,0.7536322120942023,0.8206186112414404,0.7262666093777156,0.3878511661509959,0.2357121091284156,0.4767714770734853,0.7206512544776411,0.8999626982280817,0.6621502099471268,0.5042901775244906,0.44406155186543206,0.9029732330986695,0.8552236764306534,0.8954514115532456,0.7946711993245323,0.762535966892812,0.6144360409927018,0.8166651100812037,0.7163377913755151,0.6936793423194277,0.5792606137589215,0.47676196675259896,0.5514354518189912,0.46614973213948696,0.6242884905085724,0.5354019458156174,0.4084351102196449,0.29166142743660417,0.2741108165187842,0.1448836554875281,0.3688799406175001,0.39988269177156555,0.3618708571845156,0.2721631630790009,0.47799338876621816,0.9471441665371702,0.8999514623528879,0.7722756070074335,0.7177507470339466,0.6469551843014447,0.6208095768413765,0.5800097458531744,0.6493557538164806,0.5593379046372707,0.5404446599466964,0.41641743447241353,0.26722996352423795,0.20611749173064728,0.3502654936227779,0.41101015493197257,0.48420266295468906,0.3413973048346111,0.40260278785452847,0.6742830233925141,0.7323417855249355,0.8442187670228899,0.6557727855665777,0.5010917190433982,0.23588324935827118,0.26734331129690636,0.4726901108358288,0.7216765133304637,0.6669048878980842,0.4952912721915256,0.38947484752285483,0.6601049972401299,0.7520518194601463,0.8399416078791104,0.7690619278079446,0.4877317507875708,0.3110214501088855
lin,rest2_vs_type2,0,Rest,Rest2,15,0,601.6491500000001,300825,303325,18.63913428446467,24.931257107101867,78.68458525280114,8.846442505387909,8.38765609707568,3.521553769515926,20.274601289341597,22.85983678988652,78.24750963196107,11.605925445052563,11.08629463620404,5.949526944550138,22.702633928555468,19.36384977954395,52.872826711252095,7.256495867473826,6.532603251402404,3.2152881071823582,24.80707143885926,29.11082328929684,68.96266523187587,9.558069280059781,9.912694957019244,4.245117350254892,20.623217675629558,42.37699583996203,96.18986212216733,10.561715683740804,12.755770880590255,5.5568068283296315,25.45713725181792,31.1811624951829,75.29337162454286,12.849467769679011,15.022573544512227,11.991333136345455,19.644711793212128,12.837726228120937,51.04771622680705,4.700664383214668,5.666823335421521,2.025819248933322,0.9253594644618603,0.7045402738043415,0.9014280189862418,0.8217401901596187,0.70861045157226,0.4985809443146023,0.891324083433572,0.8249047153322699,0.8724016949729514,0.8057526389326569,0.7282488000381133,0.6951000921674811,0.9240708426381996,0.8449571925520105,0.8910926305235772,0.7545337877532451,0.7555304356752367,0.6251193170721034,0.8965135007444273,0.7795012544657691,0.9101522988658269,0.763559004560657,0.7825537092969737,0.637027704207688,0.8998762781833595,0.6064222538625543,0.715481342262445,0.5108244614676879,0.4929112091330333,0.3796002208811303,0.8874373306689997,0.4684658529025414,0.7671770509093229,0.6221769478507595,0.5682261954991704,0.4401237111782124,0.7583603298151589,0.4329440106097388,0.6895971967931043,0.5882537939534421,0.5157095620310164,0.3282828320797718,0.8218686891593388,0.5521864197772809,0.7719315604635983,0.6672485343449635,0.4799815323024207,0.438661256911606,0.9064532241304987,0.7274778659549535,0.9059993553449767,0.757587287172548,0.5966757497960986,0.4819323988786867,0.8837326220742524,0.8611224535101587,0.8474590789740919,0.5874840376351377,0.5602407224314659,0.33004487483964584,0.8667970251169952,0.7505319093744488,0.9072735420732855,0.765340756469629,0.7110528162706864,0.4472187003975922,0.8699776234387341,0.8720276724640267,0.9160444221720929,0.7579405286531129,0.7447048900976678,0.5702754298275374,0.7288552875419816,0.6043066401273532,0.7673862331642048,0.5969243828949619,0.5472927167801515,0.4429334092352438,0.7851955831968599,0.43130671318270186,0.5680515488677864,0.42053617664718834,0.35240273905916075,0.3635060297368374,0.8000014230906626,0.31198995087674264,0.6094263991205102,0.47628906178319597,0.42115346251563335,0.35165047455964876,0.9188224078626254,0.8032452906619998,0.8870658264765711,0.8305880888042917,0.6984030905323296,0.6570756464441527,0.8921263672822972,0.5861405494627638,0.6723215200965437,0.5743233808499274,0.41450475202910225,0.4520155754931966,0.8336236689792328,0.40301574123819817,0.70310120973016,0.5987655241963132,0.3943670711670476,0.4366977205010834,0.8788374482757685,0.7754523373514582,0.8522138056719673,0.5956671640425242,0.4893656603982824,0.39928868999793665,0.8203895579135354,0.5002353442460679,0.8339466989878723,0.6608784197742279,0.5141105600535938,0.3997130827935861,0.9515371380831738,0.7919749851644928,0.8874462854694507,0.6247885483979009,0.4325602475132621,0.3843575841953291
lin,rest2_vs_type2,0,Rest,Rest2,16,0,606.677892,303339,305839,62.18527455247641,41.785327819118194,31.49958877525615,8.824361261343494,6.306426125248993,3.5032940613990475,60.936283043508936,38.07008459680731,29.532529532206155,7.128410018017458,5.729675723737682,4.42368213932488,28.322538281154362,28.06314570511407,35.26473559680967,8.676963225334852,6.0653477143086745,3.638438613247612,15.368352418445284,32.959943842102,48.26674674448465,9.937071588497066,6.957263594804823,3.881470588553352,21.300143917708194,36.965105050404375,41.963176859785584,9.898868218209332,7.925149457385432,4.4443868484536315,19.465727492422747,27.771982265324198,28.731822244520835,7.9383642047851,10.423941719849813,9.920391064371255,26.14055429010049,16.786679189137,15.190147418949648,3.947328326350541,3.3475922699145095,1.9501874918784765,0.9384874707811953,0.8198032599325822,0.9266571761517209,0.6977264094231307,0.5693391544805345,0.4351357498741101,0.907364784145404,0.8246096729411526,0.8397647537323042,0.7699296511683604,0.7322904187604147,0.7086773890201157,0.6900291206355281,0.8123001200282324,0.8260737004174901,0.7562246388304811,0.7080314551923294,0.6517669275803253,0.5164725532851014,0.7108668168112777,0.8535016704205519,0.7110364000395448,0.7625377095638837,0.6654225137092027,0.5985927898367207,0.6062356755692035,0.6955789866380762,0.4127258229517209,0.3045176992726713,0.22376172039198897,0.7648647073447815,0.5967977060646941,0.7198543454814658,0.5183479650500427,0.365140677623426,0.40580945003408936,0.7606665833187343,0.606204055271004,0.7330711832420812,0.5052340222576316,0.3100838357571859,0.3520727161562284,0.5851168277706251,0.5959417831395911,0.7435755015225325,0.5486468368567786,0.4199693981767538,0.3603770562014015,0.6019210335102737,0.7211605004908436,0.8561955751363529,0.6739401790051959,0.5638970306520059,0.4244894154113349,0.7488788717929117,0.7958688711334378,0.7619303689046377,0.46223945393789495,0.28934486452718994,0.16870014687818424,0.8983728155942251,0.8188419288828226,0.8219334395082132,0.6491187977771855,0.4933445543349502,0.3499341877164808,0.8004288031318009,0.8621943678245036,0.8996336382291312,0.8056239750139415,0.6863251214872436,0.6633288840629182,0.4019470353154364,0.5381734092031023,0.7264127924490279,0.6114517633532449,0.5680042600999313,0.5311588182404611,0.4533349114437614,0.467667082531644,0.5178939294290181,0.32987160113033925,0.23505893759139732,0.17918406604512338,0.5736098000909291,0.46052412333576165,0.5557578952162617,0.4279034548364566,0.23481590715949752,0.2870504965215067,0.5983588623909056,0.7691009599738137,0.8657568305947926,0.7939809660182885,0.7244563035674133,0.5873395307826399,0.5522799691780437,0.5731364881270917,0.7042439683591468,0.4339983715305367,0.25878040504224975,0.18834910144664285,0.3880544313159204,0.43159270819362694,0.6160070458627078,0.5221868447030065,0.25760794368983686,0.30185420629996423,0.7478585043002797,0.7365361539448343,0.8699762741097334,0.5070851496207613,0.36910959205684757,0.27678478635002524,0.571670796910286,0.552292737785282,0.7570925782027895,0.6270613550490614,0.38122810719054934,0.3829069970044209,0.7612763391791474,0.7841810016770283,0.7971619043453362,0.5112597993900599,0.41013806304962663,0.29604719144967123
lin,rest2_vs_type2,0,Rest,Rest2,17,0,611.6947319999999,305847,308347,15.09999308844655,26.440170794358824,44.29192606450669,7.6200485545436525,6.101663482864543,3.6041527537256637,17.59953042319062,19.632338099472612,35.9344866492327,9.76533437859475,8.880472349862991,5.628622994263428,55.98534356506201,38.241946840885014,43.503200496964155,7.45575856786019,6.155284390159574,3.3326529336064286,16.69370227855473,22.154495847111196,57.808427118356626,9.874044781909875,7.275911772200131,4.585917040244224,9.7641363974885,23.77161139485165,67.03254939607693,9.009403511484159,8.572266619205227,4.94371633069758,14.881248159382995,20.884880269873296,52.77023803972195,14.671741445596588,12.112317330660115,10.720730591744282,49.07501269260791,26.87931075287351,21.818499253420647,5.930013913119204,3.7738694549653813,2.2915049436939112,0.36957336192080215,0.7464366771315023,0.8599943029715001,0.6411067036267879,0.5291623810497593,0.4920733640479266,0.6310335982156928,0.6635188967571708,0.7593658526378564,0.7013915438612673,0.7990846222565405,0.6936490661167308,0.7193092888266096,0.7489182152293015,0.7614627137986798,0.5906483970296076,0.6826817748606344,0.5200596309382599,0.2623292771931086,0.6854716982471507,0.835486141113859,0.5980464947570178,0.6878418670674998,0.5689677873444068,0.25933924435142464,0.5376780625007832,0.6465309001455692,0.5023689001850158,0.4099450772198693,0.43549717050270187,0.27865424464071825,0.3412312819320095,0.47467180841060486,0.2842844461914487,0.37214799066652093,0.42023833534033017,0.42481867840113025,0.3039914351077669,0.5224485621957944,0.41168171228842704,0.4208655294399075,0.3007401814382308,0.35935898661917337,0.5517667943029629,0.5812235967664111,0.39524254570084416,0.41873247622714677,0.2604602432517643,0.6400625070035006,0.7103834372618918,0.8289558504984796,0.5407486943336426,0.5797928930549251,0.4408342339163575,0.7412076223504555,0.6427473250428577,0.7165921934094318,0.5353770606405285,0.47380505091118064,0.3277103832428971,0.6436460477389051,0.6107414788692149,0.6469864283686941,0.47067215676995666,0.5673492969199498,0.43231157667874404,0.8594035250479335,0.7214136307761914,0.8366409529890516,0.5971663921838849,0.7287725569827349,0.5504490137775431,0.4711869844839305,0.4266621684874492,0.6515729767652341,0.3293119795998483,0.5851693558228963,0.4796152815851965,0.3906133247967649,0.4003925542815037,0.5094755902182684,0.33990663407147526,0.39703970073781575,0.4007757408723941,0.7421878649934402,0.2941675906857994,0.1665807726713876,0.27565543774426043,0.27882758514545325,0.27037346380654326,0.4244923533649238,0.8249176775660072,0.845555648262074,0.6271899766560772,0.7429103897826996,0.5525043989564086,0.3279864630645189,0.6699766587650546,0.6579965484884955,0.4092654840781295,0.429594871181191,0.3719821463279747,0.6094448526487304,0.3445050680341376,0.3032999524166992,0.28836704975534555,0.34302341549753396,0.2774700766757222,0.6265395173195017,0.7792887034518965,0.8379095891168651,0.5930582309106588,0.5675465569509448,0.4028030122122951,0.564571580532114,0.46207549584694685,0.5565003211132641,0.3939289055439063,0.4444282515177888,0.4416929322545425,0.5946468131560706,0.6075324669177264,0.5849849973209484,0.44153419724591475,0.5227946893337767,0.3334479865188337
lin,rest2_vs_type2,0,Rest,Rest2,18,0,616.710436,308355,310855,54.12054867041761,43.45817288917543,38.26174198259155,9.497713912183968,7.720946211780936,4.015078820579432,50.89717274912621,38.40464090454797,34.32026244377326,8.192920138547265,9.627575430422114,6.241674062856555,47.374347820820006,33.453704869487964,33.536169352443714,10.14225546408192,6.264035924480654,4.14446012721062,26.13111815897541,32.92753126739972,42.04231985396273,10.06935477036939,9.229696785147409,4.736213362842875,28.332302017022013,39.72633306820434,43.159588228749115,10.576660573673104,12.444130004495738,5.200811752587677,27.6236266698357,32.77194943725283,29.4485769734105,10.658971100252373,11.179723077146859,8.78102699417452,38.47054889971621,21.868203660296206,20.445935411754416,5.435280618508179,4.4938271642854675,3.2660247762669736,0.8836262815188848,0.847959433682046,0.7924987093533085,0.5892602675953782,0.6583790758133052,0.5084123061612564,0.7877484486029882,0.7178517691400613,0.6564124216240372,0.7092272329997104,0.7196192406204976,0.6591297743200335,0.8516773998611123,0.7096451680491597,0.7874172879113072,0.7457062128959516,0.7033411439109873,0.6712822669128963,0.8654809558145139,0.7027748531118844,0.8277963807107666,0.664527858239509,0.7067150794241744,0.6159889120093394,0.8544257907175158,0.6449761934073124,0.6264926406129079,0.3794567278098719,0.42071349352514664,0.3364431847150057,0.5026805595532339,0.6475180199009146,0.5730752495020732,0.29735796047642477,0.38617470965916084,0.47385858056650143,0.5162252248550551,0.4537389236302872,0.40627132393650534,0.35593178069358994,0.4343051838955125,0.36009011603974744,0.6250855760500871,0.5744714818398702,0.5421958276594725,0.4312004614618593,0.42693008536298305,0.45108348459761205,0.7477840821891837,0.6926143088317764,0.7898748013770919,0.5033347931613374,0.5295720367266631,0.4527384392211585,0.8569369484455578,0.7799843328798346,0.7542416730986925,0.39434522991208515,0.45696814450175277,0.3523786286770957,0.7307347101100606,0.8227788127800442,0.7970196733756737,0.38797457501243354,0.5538285178029545,0.41138375984223946,0.9065095101075933,0.7078754400159142,0.7806028148138229,0.6810544070759498,0.6338635255938116,0.5726062378493355,0.7506872051229928,0.5662021024933754,0.555632359819288,0.5509150271568347,0.5003021961331179,0.4104160818282665,0.602175135613788,0.38179353723668086,0.40440026520994377,0.2877289959951231,0.2652287313501033,0.31032000090531076,0.2673652284038839,0.3370455434018118,0.4157738828352618,0.23450520824525495,0.2106640979861855,0.30682271585017645,0.9074058657948697,0.8821248863720995,0.7644757545142199,0.7720124072507261,0.7606339178726622,0.6299100422184647,0.7886354390072884,0.6428111920398337,0.5200375043973838,0.45527604232421215,0.46141099511867634,0.34975009872485113,0.34222687819417147,0.5373223863387866,0.4241136388842781,0.336297127814709,0.3378508319178516,0.36908297501144577,0.9337885983266742,0.7866959701139253,0.7709517273049052,0.5496108845440126,0.4889971604907772,0.4161839114473711,0.49057383842216046,0.5972545963353524,0.6488205759611374,0.3836009465643045,0.4174055314356406,0.4428510722728486,0.650079966045217,0.785937223380428,0.7756602916266794,0.6212761806298914,0.45178419421154575,0.24129139534589245
lin,rest2_vs_type2,0,Rest,Rest2,19,0,621.716009,310858,313358,19.243098746847334,23.715863805828292,67.79120493196896,8.232206420796121,6.773431843532421,3.285190577366795,14.035070630311047,28.972556019553064,72.6952608117825,8.723312809499474,8.367178190804854,4.740158964093251,30.82724430510013,17.396143219866566,58.98432658763283,8.643276367514058,7.202090942824783,3.0692452191169033,22.376668947695915,24.2284448747891,75.48091768936665,9.069540978223808,8.808981589683736,3.994191229854558,21.25416890541995,36.26447152616084,85.76704040753431,9.509625737581622,9.34828283881465,4.472091547872605,17.147689244998116,30.744962383134258,82.05063917646244,9.638621486496858,13.75278710637213,10.70187868388863,13.584149176235263,22.173419500012862,51.30410339601366,5.637558170171539,4.918939236875028,2.1691348214886492,0.7523571401355844,0.7406924795454048,0.886697347083896,0.7514133730548258,0.6475640718685202,0.4408089161784737,0.5192563900844379,0.7090513581045248,0.9056635722737747,0.7856001500091313,0.7090076060924055,0.6817894292205122,0.8007245216590614,0.8070320940468141,0.8851226249950471,0.748252094088653,0.6974330726695894,0.6251625731941716,0.8270722491396277,0.8074299355280427,0.8208908617391089,0.8786924236870325,0.7620651284571515,0.6240732982137397,0.5781665991954478,0.5836884951415835,0.6799812705194274,0.33763738988350755,0.34129321567691445,0.2959856459261215,0.22679471013900335,0.2966981692336591,0.7501111459073566,0.4429376677917949,0.41667029609550826,0.3926860641757498,0.34493209148702936,0.39064777446661275,0.7438444075669899,0.4975366840197523,0.4071890391675681,0.3275538931436692,0.5460825476142067,0.6634669320375663,0.7484194553639612,0.553699263582032,0.4297190698811055,0.30596158258339706,0.6739759761443761,0.7806852864168966,0.7935148317069339,0.7531052593715977,0.5922739999163812,0.40586632615690593,0.7274445308386737,0.7229528592424885,0.7694153335080395,0.4507020370955234,0.3695206540635265,0.29528941660190605,0.5736784789951686,0.6242376017203717,0.8796355481492719,0.5310480798968551,0.5714333062722676,0.4318029530884681,0.7369495045684061,0.7883259519347967,0.8837796829602125,0.7715513742433837,0.7169074244597005,0.6030270839086705,0.48942751670961,0.6592054772462204,0.7186806699042216,0.6525489103485701,0.5200245064765479,0.4964370182523955,0.23348739835997626,0.4114501015463582,0.5904388589335647,0.18456424356056592,0.35631912935050236,0.27958052755184004,0.3097673414879821,0.12402925722137836,0.6337350318186619,0.27899160778435744,0.30524580621301184,0.33672895381037343,0.8657615505218366,0.9006926959420176,0.8865765964546979,0.7852220435091074,0.6737112763703533,0.5270533270754085,0.5907777631843713,0.6242106966435947,0.7085104364474578,0.2761077185965835,0.2641320974092135,0.2982533322547184,0.18500293775826315,0.2740228763394061,0.6217511304025869,0.3171681727680201,0.3076663763462953,0.29178549862823144,0.7498100895635958,0.7337692733008936,0.8287800512728355,0.41677623200543273,0.4051566596370459,0.35543141250345095,0.22197007209033728,0.42021196584499,0.7345397910719806,0.5068704696697907,0.48783256975356853,0.36422723537433405,0.5029360516779375,0.6078682797029641,0.7835288733747678,0.4739126793394079,0.4241851176004098,0.33496125248238523
lin,rest2_vs_type2,0,Rest,Rest2,20,0,626.727897,313364,315864,114.17129376153115,47.91709706993261,58.13552017139478,11.530333368565161,8.434521400363849,3.6995628789945183,105.72716944634283,56.27306138533138,63.67165503861215,12.495971579063726,10.406867627515144,4.864872653025705,70.77281847383489,24.87614776266309,43.63483201880005,11.289037023936363,8.191607500625702,3.8574457005215907,57.62918571891923,31.91217207989252,78.05191659831272,12.08511608499825,10.310949741044519,4.442296841753143,55.337925877005375,39.40309806592976,88.5386819841571,15.010662606690637,12.147028115174018,4.941115884010916,45.90748770480961,42.44711503407751,66.60401247390776,16.479012340947726,12.763964934255021,9.639468751574595,57.45232270305826,36.12992711476446,35.069924081534865,5.5614468170695135,5.063985637636259,2.0429322684425077,0.9421592447139129,0.8714141265283263,0.9342252131707681,0.6901068020769624,0.609634902732366,0.4866112990307639,0.6899623320609019,0.6689738702501521,0.7888698576019971,0.7831726533394106,0.7163603962137796,0.7114499623768494,0.8863868350858576,0.7607014974500156,0.7848107660059653,0.7921824944946178,0.7291753926925266,0.61425361069581,0.9396690917364968,0.7936220228613473,0.8754803122165284,0.810349649786384,0.7127265861843065,0.6346565742071225,0.908818922086775,0.7356730513785823,0.754253955277042,0.6307987487847216,0.3397848183864848,0.29287794184221716,0.7434061025843833,0.742980757049132,0.8021907236362334,0.4997719338116918,0.428734306422336,0.4716707464185998,0.48287240031416784,0.42549296781729623,0.6339983727036458,0.4383271835991375,0.37148598159962476,0.4255983888384053,0.7179827842211562,0.5608503312919121,0.7013348732536729,0.5550443108756815,0.4288261157743117,0.42828486865017834,0.8425953522223092,0.7365496237108407,0.8523744424275217,0.7352442327819455,0.6236268921992817,0.42499871498548025,0.944337773650444,0.8112019381070334,0.8050556733988345,0.6543575954068572,0.43115981717289564,0.3164150008787074,0.9047811067986288,0.9107943616196441,0.8891624157502518,0.7412781964698256,0.540050102434242,0.4785194742460449,0.9148416674635058,0.8553189675597184,0.8794844311625599,0.7576927410086781,0.6731965211458479,0.6142165957197258,0.7403621671656394,0.5618867167691839,0.7403892885177905,0.6023020460516632,0.4619104448606782,0.48222913329285333,0.5514103204686456,0.48809128126104084,0.5254551911542642,0.4587681661100114,0.20980271312334753,0.2643553542965829,0.25485886686425835,0.29282124396362663,0.4994651983004865,0.3149410477770627,0.22165360297898892,0.2742837462966633,0.9342603109651844,0.8160883117950533,0.8928799583528371,0.7843827159187241,0.6511745693631157,0.6225182921442111,0.7599685780757147,0.6183731667390342,0.692419152742294,0.556588137208846,0.31689617891933325,0.3225366819099982,0.4630139787527879,0.40313866892534056,0.5929698962449071,0.44889087122072757,0.2774064396509072,0.3640755527911304,0.8547310193311408,0.7997360623299108,0.8711292356009999,0.7160207026639496,0.44735716651799934,0.3761296406538586,0.621219550944816,0.6088770502294861,0.7485525370744537,0.6111925334093253,0.4573792274357637,0.4051472181666401,0.8669735893300254,0.7839544559804206,0.8455325043927487,0.6521523358258783,0.45369164162790376,0.3981006114908073
lin,rest2_vs_type2,0,Rest,Rest2,21,0,631.735765,315868,318368,115.5441527155017,37.87579400887868,36.17186211584129,9.529836115547242,10.588226710996446,10.866096311463352,116.65623349673369,39.07334721729124,35.479135902804714,9.132644505095563,9.69527725953672,10.064971629793341,68.7935535570146,38.51174597733775,34.24728818040216,13.556577190219938,13.018297826999998,13.14337554104287,49.378951567314985,31.241443263756107,39.30584823851163,14.10015377888423,14.009127010529955,10.750026722306009,46.82882840152151,34.2780645211863,35.2898921299263,11.09254937127417,12.684315632819718,9.689902200232833,56.12821984469592,24.6819874594159,29.0369779308366,12.368970958071975,16.19997594901741,15.605109530857582,82.17257919532231,27.553578045602237,23.402009548067166,6.494870475420816,9.980015550545732,7.086638394664499,0.943344236761837,0.8405145590834038,0.8503433363735915,0.681014425052142,0.713545744336138,0.7138292810326079,0.9006667611630732,0.7128539157994556,0.7527033671698631,0.7994944263714971,0.7823548175616779,0.8352340711211306,0.9033395769386675,0.756322976448577,0.7915043214181077,0.8381387969369357,0.7348883828901019,0.8186129732777945,0.8432940344774372,0.6629210709146197,0.8188731748303134,0.778131061172723,0.728813175326787,0.7437705551366796,0.8471349906316638,0.79953111850979,0.6567890996221668,0.4288059627604814,0.4305203498585538,0.4262314849461281,0.7391700094447775,0.5801759044103818,0.4726018974013053,0.3442207713870313,0.5585623951193892,0.6450093136940698,0.7509450034909545,0.41447341468358506,0.4832414006532246,0.4460667272550188,0.5074936372766364,0.5698644993927569,0.8317306969325764,0.536322093277999,0.5995213185009203,0.5140876906042174,0.5183680188035489,0.616782621019784,0.8390234842193971,0.6524243412331658,0.7160030387288516,0.6431405173700447,0.6671345822118852,0.6917272520210296,0.9216216404960834,0.8632717845830096,0.7324572467872505,0.5627584613943434,0.4943858930916399,0.4146076263223041,0.8936285231539388,0.7103684671208961,0.7402137413771572,0.5467876984177962,0.6861277687613827,0.563409970595416,0.9110785014507741,0.6404603475593171,0.8416077371248732,0.8212880145587608,0.7084178337585002,0.7866904566659073,0.7830984569734584,0.35386671909998396,0.6764191568401893,0.5853421163875147,0.5581218268469506,0.634691796957123,0.7004292010774827,0.4069878033339977,0.39529418310540965,0.34831368815037317,0.2834987675871389,0.3876136231837647,0.5390963156646275,0.3279510480488352,0.1526251226276587,0.29454608352593353,0.41199206500958424,0.526918600854164,0.9411539779975843,0.8230810414541639,0.8868679311745957,0.7589647422439908,0.7045969409091253,0.7579690410784876,0.8411651997825041,0.6513091355012998,0.5615287321893684,0.402746042616193,0.33284188642373896,0.4033771272690035,0.6668329737761814,0.3019230758076238,0.24334511650353602,0.3236708692991642,0.4513658560573373,0.5293710467419711,0.906012344255299,0.7764950959144322,0.6824888680321349,0.537513108557801,0.5166579871549513,0.45110638692852356,0.7375695631883682,0.35790847978530826,0.39800771326941026,0.39808434214448546,0.5726446607848118,0.540300654774953,0.8878861655301146,0.6023405714321144,0.6898666854969795,0.5342575603200613,0.4637271174474077,0.41944500294708514
lin,rest2_vs_type2,0,Rest,Rest2,22,0,636.743892,318372,320872,82.9759878271414,60.95187552158907,34.13588760482567,10.64247340843445,5.945598193347571,4.0714966946667985,50.944761615358466,50.70473319604102,31.6924589545525,12.904808862091603,6.703593395610913,5.160782669794623,110.85595015147146,51.61838790819893,39.5160002179374,10.981689173321378,6.903359332220724,3.8598109526245628,55.24273530277153,46.29384813356359,41.423679857402576,12.535343355642343,8.088285491420699,4.70632890474852,43.60477138251264,58.222838365959674,39.027823792971915,14.19994045875606,9.560781036747985,5.627834758215552,28.81122606516918,32.0343561008017,37.88636690086409,12.564806060460137,13.01504654965874,11.413465239457425,34.47462464003354,31.32580519922553,22.676735002893963,6.0969172959103,4.351797899280491,2.3313432350512846,0.8540825611242449,0.8186896872092462,0.8320430302752877,0.7467779031759295,0.6016391027142941,0.5060730537806196,0.8769417061600068,0.7814421953326545,0.7961780123823983,0.8032214476413905,0.7604182152345593,0.7109546938328372,0.8714996026699314,0.7606788521661849,0.767754867000272,0.8081392057459104,0.6814634989809495,0.5277368191004854,0.8109664868768988,0.6437559112244244,0.7796909264503398,0.7517977832204487,0.6641963989041931,0.6712195531122305,0.7798502963402797,0.537599860034497,0.46542406017203375,0.3584163011355234,0.4802094502708491,0.3649344319718684,0.3085292406085452,0.3209473343983981,0.3794700086361944,0.40912872274563844,0.5262509157765545,0.4374210837590595,0.5778276962465173,0.5132324439577292,0.5549111176924766,0.5289008770966975,0.4421137617757668,0.43861037733942937,0.6361424287137413,0.6126630887455209,0.6752286086137302,0.5342168567567593,0.46111802444577343,0.337510405350251,0.6910845015874187,0.6488406656975784,0.840750433723047,0.5727499171364984,0.5011770641238806,0.4390197243126318,0.8620008336606743,0.6708955258937347,0.660254643071893,0.39657562683236647,0.4740901586344669,0.26943152482683097,0.40418798867191114,0.5247659776716196,0.5924792925750306,0.5440794861228945,0.5027630092457304,0.4123327880913964,0.9430650550222247,0.701416272857632,0.8463808332516483,0.8608462918216688,0.7163407357921097,0.5869133040098922,0.7645218690053167,0.4681544333652735,0.627759811498503,0.6494140917841664,0.5508874626898443,0.5988928843085453,0.5970059844266432,0.336933769605956,0.3621972905019999,0.30144265563756223,0.39257863511697194,0.2786293031989611,0.2777155136038503,0.20937086726091395,0.25564983596181834,0.2844862416671933,0.4567666666702711,0.36707684522461614,0.9156722452145423,0.8689424870104249,0.8669108689743945,0.7617430013054269,0.685184439929024,0.6324626989504092,0.7265192002970298,0.6894616544454266,0.5289428920116237,0.38018394439848463,0.4948650468342663,0.3507819058950211,0.2616166779233848,0.3308413101547389,0.3759067097918183,0.33542986281315695,0.5037558155919669,0.2956656369804245,0.8376242085366487,0.8155070860681503,0.6504853551078963,0.42155905212802486,0.5047512974556867,0.4482768550696782,0.23602770872647558,0.38528766847690255,0.5211451715746197,0.4000952616980939,0.514537003279764,0.40023100896551994,0.31547770458661734,0.5539931171340753,0.814592357439502,0.44717227540484694,0.5334119197445937,0.3548812669761948
lin,rest2_vs_type2,0,Rest,Rest2,23,0,641.761179,320881,323381,141.78433755278203,61.7062982780995,50.98464164159208,10.355004538754052,5.191211026017931,3.654529109393234,136.51523427290422,53.40973142053907,57.17491248433844,10.125594048503189,6.724155049936394,4.917487521644067,64.54122001085919,29.321511396838332,35.573787686963,9.783233445449437,5.378349820238081,3.9196027237758257,58.397423532521145,35.12757103592398,45.275366859854266,10.839043127274639,6.067350191779932,4.207051077478345,66.93117275844766,38.15069076143449,60.98444280881534,11.254021699518749,5.888678417309673,5.093020141773103,71.90590708226873,37.08075276839123,54.34097823033009,18.39958327542136,17.77506205007842,15.065289351570382,70.78681195117647,27.56742549087106,33.96418404454888,6.26032416665818,4.946481213474447,2.1554018652365476,0.9319475312858616,0.8429495707315121,0.9355010851102534,0.6768415499351581,0.5029745228756441,0.4818228262071171,0.8922756522218641,0.8349505516864195,0.8899254173011298,0.7664698535696043,0.6966207143672701,0.6764802352749232,0.8867381042583459,0.7531923847531052,0.8731104588118859,0.7098079567150581,0.7309811048331605,0.5920456526942972,0.8055894377513417,0.7693158306607217,0.9011240696900863,0.7620411843101095,0.7301997458939089,0.638177631418252,0.8067291151913439,0.5977534575817285,0.6707841814249066,0.3656008151495461,0.3921759833694539,0.3043031866869702,0.821888468549186,0.570235644631889,0.768605172371269,0.3776992455747301,0.2892932664045479,0.45899773540716077,0.7156168877252936,0.5722555974532368,0.767322977559879,0.463135331765032,0.30692442116977686,0.35537078161866575,0.7844191798048771,0.5309508187858322,0.7766792042895772,0.47446578242487725,0.37424955604781707,0.355801628413236,0.819819654996877,0.7182421380137791,0.8695696146015377,0.670939096777744,0.5342379234558006,0.4503519110801557,0.9108476362343656,0.6150753830498709,0.6941270530468143,0.3674331596155467,0.389766376736058,0.2440631121343036,0.9484687035152759,0.8059111319296126,0.8430247104823275,0.5186899767331602,0.5253646929269177,0.3890850469766606,0.8675269298721787,0.8207819341711234,0.9124853222494765,0.737668199107559,0.681958931175197,0.5320628635543294,0.6696372664367812,0.6545515328041751,0.8221383753511372,0.6384443141579743,0.4968057256714397,0.49070983836352894,0.606780455722673,0.5096097035195033,0.6338862311067972,0.2932704853835428,0.2334699011760158,0.29317719536110354,0.5805620862428437,0.35171628584266473,0.6406476817483273,0.22757711006706746,0.20847730914564516,0.2873113934664572,0.8715618507134062,0.7951556994107234,0.9110433178067682,0.7894092047444349,0.6407685602829941,0.634524604870336,0.7441985535634016,0.6303800552111171,0.6622185644575505,0.25395151507313757,0.355151351315412,0.23946675863550235,0.6672314697321626,0.4028527773311561,0.6985044997866379,0.1843442088183561,0.30750467212958027,0.37944328889213647,0.8461692572834049,0.6983108493711464,0.7344601281621538,0.38763742646170574,0.37843009701684954,0.25627039148603925,0.7558030122237366,0.5475132136919769,0.7623161947287732,0.35856227245888167,0.43281647673973866,0.4828647914512977,0.918684100396935,0.6980230457374452,0.730566515783423,0.45580609500350094,0.38055881270646413,0.2722567972523856
lin,rest2_vs_type2,0,Rest,Rest2,24,0,646.7821280000001,323391,325891,71.18853789895624,30.01214144012135,22.39972191021907,8.702856938786235,5.786984991170456,2.8361706074937434,60.23778238360899,27.47069808729747,19.45423276986041,9.004992386931205,6.778738256242338,4.406631700817008,39.85366530150184,25.07072833573757,20.305787093805243,8.987100544596053,6.085889618803517,2.9900898425650015,33.15129841612261,30.948596829800678,25.789053757198985,14.224169829699065,9.284687611869598,4.349870904617719,29.250841478341936,27.397968668144753,24.209654025604927,12.2008898556842,8.567048261389306,3.543337765033451,33.761126619539944,17.687566003353925,26.885622295387854,14.223365442756327,17.972325613627298,16.005331821814057,25.448891502974472,11.960804374605221,10.660782563152864,5.794871396160529,4.365138110410838,1.8149088372893032,0.9451218976795266,0.7475793273285813,0.8494155414816585,0.6578105597119525,0.5319821239236506,0.4235799741292672,0.9194910990003402,0.7914763791842708,0.8294733080055146,0.7572753672374427,0.6494249330418961,0.6464211197107752,0.8111746843387847,0.7103035032682709,0.8195805491846823,0.6998977249343431,0.6155875543736157,0.5464580931455075,0.6751997356074043,0.6619643168262542,0.8026909548388612,0.767758404717716,0.640127065813689,0.5606697380163556,0.55571694814425,0.4889857004491896,0.6169802754064826,0.42376411472569914,0.3359991101214431,0.28598733919432423,0.6530426033768361,0.40847820728109496,0.6035572429667116,0.5660059687936,0.4141152705114942,0.3649290495038591,0.8256847991344028,0.6281921563126265,0.5721156934205858,0.4900772144651454,0.250492845989869,0.24740007509794099,0.8137396055081928,0.5175889088161496,0.6307871929753498,0.5114328808761652,0.348806134919818,0.3161881770973257,0.7612459627180153,0.5733097383342296,0.7691085063199097,0.678677710289314,0.5096787136247921,0.35989763695017446,0.7033242739221813,0.6808165325235779,0.7055511839027662,0.5197725208302548,0.3126683764670433,0.2560406408136791,0.7938849241535303,0.7364608596388348,0.729301451139189,0.6619779957053034,0.5484559162905678,0.31278958861562367,0.8214487227603051,0.7963429954536044,0.8566527326198461,0.7791455532041612,0.5873713425259748,0.49375174103829356,0.6245331395293777,0.5667505905550019,0.6653690273290281,0.5794864616411983,0.4274589858188339,0.3459381309275926,0.4907167486247623,0.4141355519063974,0.5207580934226496,0.3568563373657141,0.2324424681873698,0.2621689942970274,0.5461961323891321,0.36177085035134515,0.45260363675638055,0.4114012355305002,0.25868335560076317,0.26395878284576746,0.9004576079484862,0.815311338064191,0.8423508576220662,0.6893399718414008,0.681091643212624,0.5491244426315288,0.700614789504288,0.4503926464275765,0.6215032360341144,0.3467235816681996,0.24405913360644763,0.22524278664307087,0.5869404957863881,0.33664840856818695,0.5210782002357488,0.40911787009309064,0.3349505678546839,0.39400523611741767,0.8377603312235186,0.6583845749134175,0.7927116561863718,0.4888645172740288,0.38549660024735216,0.28102353824379417,0.6784999532813534,0.4416097462299291,0.7068695572803926,0.6364226793291687,0.5324602322550105,0.46777982047650757,0.8005396630463419,0.6762385304176287,0.7939980995503924,0.5895954061675547,0.31557041328752816,0.24663143295883677
lin,rest2_vs_type2,0,Rest,Rest2,25,0,651.789913,325895,328395,50.03300394746203,90.52528400211804,60.087427834793296,9.478984780718134,6.078654817804644,3.154284559367771,52.91037661143568,73.26642788027837,46.75188339762167,8.990614380014156,6.912492462117175,5.936199130100538,26.23013409570916,32.05073026881,41.72225724022155,7.544331708547237,7.633836617002901,3.3028189366302443,22.450642767402844,47.523025719827295,56.459563010181085,10.750770965402413,8.123002791825456,4.442058605494117,25.116350134582024,55.733681681839315,61.435966312745045,9.079504492531841,7.646096920070277,4.305495221402918,29.643923157772317,44.637033995093546,45.85441777019819,14.648334052666678,11.462083000849406,12.665877772509479,38.00275512325245,26.481651603218282,24.034288091803965,5.926650943911434,3.8713365063636607,2.1308854773948784,0.811971512151802,0.9216618375346234,0.9195590112541125,0.7816931917752549,0.5462823656221778,0.4633361691376002,0.7928148584684812,0.8162735824343598,0.8723375263580856,0.7620288999385219,0.6986546377678498,0.657625986765765,0.8133430708845378,0.8901691956095465,0.7918169575066633,0.7248931267102783,0.7094610897725373,0.5621854125813492,0.5335822261720304,0.8348401198116001,0.849372947169047,0.7740697961669681,0.6674066864659264,0.5758281853566571,0.47601162223686716,0.7660831833578452,0.6752646892888926,0.4847786201311757,0.28097577325698925,0.2881929310133447,0.5991045255598372,0.6487332876060248,0.7373759889015086,0.48364033232185405,0.3032279783147871,0.47558649884776927,0.5825820061776102,0.6382387151392422,0.790122255278946,0.49068618099341144,0.32966252926190825,0.38859268903317823,0.6044346044738202,0.7647794314980951,0.7355818846018236,0.4898832610585383,0.33124217198326794,0.32615747255034094,0.548050425316369,0.7865149192740187,0.8476513176785337,0.6589684830227845,0.49598963492007797,0.40401133800318534,0.6267284538837042,0.8360206808410648,0.7640901347053461,0.5198568907547961,0.27420582751945766,0.23910883407176847,0.8495056029624645,0.7462356977238412,0.849089448825435,0.6744560000091058,0.5009084491917931,0.4721053959715765,0.7589724785650588,0.8686078674419297,0.8607554424123054,0.7684300527500179,0.6925415449380685,0.6354145264110334,0.37332989695990837,0.6702480619848599,0.827196122718239,0.6090851214294768,0.4114996068967739,0.46189641918717617,0.4057047303598654,0.5266786220942585,0.7033242329588367,0.35588653863992004,0.20999705267037325,0.26094216512883445,0.53923732762094,0.4838209154147616,0.6337601002788908,0.29356541255906093,0.1603995731918025,0.37700933862730096,0.6701953904369371,0.887949185625602,0.91078953823124,0.7255036125491037,0.662518257135315,0.5330442912535309,0.5157923175334829,0.7553179674597181,0.6757849509382746,0.35044808831748314,0.26090775314406034,0.23139781840282014,0.4779183748431876,0.6063509220587129,0.6551530067563771,0.3013282536671974,0.2515465861588868,0.38394723698089306,0.7200556130401874,0.8445291075598117,0.8056153499909129,0.5319499573478064,0.3618099330477586,0.3056386111431205,0.4936161748951717,0.6398150462709995,0.7709337071384172,0.48387370095129795,0.35034960516490354,0.4096775943985783,0.7775905765822358,0.8190287623010456,0.785508121477423,0.5670427555683212,0.3825321867229089,0.32232655985446707
lin,rest2_vs_type2,0,Rest,Rest2,26,0,656.790068,328395,330895,30.73552174213981,31.621011510526646,60.518973132748776,9.464720192947267,7.8130594962947715,4.069478394701671,15.826033095972441,29.67132396435829,58.03778567383781,7.6365951407497565,11.38874032927414,5.796267724954785,49.09497093353253,36.449987396067634,56.24423230867461,11.696518515433675,6.383648724030439,3.4910031376976445,22.052613491867522,32.007808299887834,72.64800337507758,14.018637923067397,8.24949487012955,4.80788596854948,21.217011925618507,33.26505902192856,77.55186830998841,8.280442998290809,9.730951463173291,4.726661453743478,18.598442025092744,24.005852243441932,80.37019939792081,16.183361403127392,20.81461654384495,15.711938360084792,22.844430112154676,14.303493258660659,35.47069107328709,4.576595716384465,5.527743790467997,2.497665108964096,0.8346257698873952,0.7696972855034877,0.906537036479393,0.6651654976679948,0.7135445288377855,0.5220833781875537,0.8688558793699538,0.7164552161973836,0.9028182268649747,0.8312575694749643,0.7303514749389057,0.7560881737461032,0.9453118250002697,0.837287161866381,0.8662314446774235,0.7122215414950378,0.6510974021645938,0.5662988307374943,0.7853311706718923,0.7237510126304011,0.8341039769398225,0.7189640273729486,0.7848741947217996,0.6898216628234124,0.488069872850814,0.4612733285028003,0.6802350332248643,0.42116177866612897,0.3158338497620375,0.29842882916281166,0.18439787577059188,0.3441488070602222,0.6688237852997592,0.3161846176687066,0.4406616233953235,0.3744383788517584,0.541625959903994,0.4759275048696543,0.7450415887707726,0.4870953568834648,0.40681274784445354,0.374887669057166,0.7716270752310912,0.6058961716117921,0.7675814037656739,0.5021260839232827,0.419137781871503,0.3598693874310884,0.8655151282800535,0.7597775938882988,0.8932897562010638,0.6134023710270815,0.6890838458075053,0.40721601917078887,0.7841694950118697,0.6338604153084328,0.7257652342327403,0.4440243924791182,0.3957674380937216,0.19012566479848395,0.2791562722459185,0.6399451635636932,0.7659402466591685,0.469090368316449,0.6041302498134635,0.3494270401818926,0.8716660126805786,0.6692981169173383,0.9043120659628702,0.818734798030569,0.7007208634923061,0.6219359270983534,0.5721455913275441,0.3773778878699773,0.736679728377222,0.6506109034109986,0.55524492408913,0.6089175971473761,0.249082578973572,0.23435112808008068,0.5898108472947619,0.3950552220653861,0.24567050370903837,0.28741451150321723,0.2525609781441247,0.1757769780008171,0.5339666607608209,0.13996922519656368,0.2771608762388048,0.28153540839838187,0.819739852315653,0.7461878508975204,0.8341620577297046,0.7324392641111821,0.7069477077491049,0.5198685520123993,0.46909277570289953,0.5458446546420703,0.6623136498186755,0.35494980360997447,0.2891793140274147,0.26785683154396595,0.2609907592333964,0.32996824644190903,0.5852179008490925,0.22021269877930777,0.3035077152546592,0.29113123771325505,0.7360173669290107,0.7376420435701538,0.799949668575786,0.48944655332506753,0.37161758391328853,0.29943323388389215,0.25070339903482874,0.4803137628909707,0.7832058151969454,0.4507824830629202,0.48854023193128315,0.38213736197667586,0.4624473216668965,0.5349096329958617,0.7094317320404506,0.42994536611579587,0.44840075138214386,0.34191077866683056
lin,rest2_vs_type2,0,Rest,Rest2,27,0,661.8187439999999,330909,333409,14.43374011625411,26.866185823784686,94.39018229387304,10.662332787696538,6.968418485410862,3.0133469504935264,13.744658969486197,25.603628673384165,85.46214360902485,10.48544060097965,8.917668196132938,3.6841579756566825,10.577439171602025,16.97727535286745,77.14358616471922,8.261777458301944,7.792305694179441,2.8045826984045017,10.338816034554771,27.189548278290435,112.61893233073623,11.09591798449381,8.186907251261426,3.9984569497589155,13.988871541378774,41.885990287550094,118.11352739193643,11.426351238144582,9.389439517243272,3.2395837432391996,9.708681379622218,47.03313597247259,78.02186047802358,21.562729335846598,19.336432589498113,15.731029782373952,9.004412350694638,15.702947589435693,39.889623766489294,7.412324570570731,6.350590858830434,2.1924995967910488,0.8099552706048491,0.8961705997138326,0.9234650191542947,0.6680526279376247,0.6378332687216948,0.5441944757878269,0.77298563142443,0.8266998949366062,0.8833875473560425,0.7480712232212292,0.7241140225374207,0.6135258940754834,0.7192078406978629,0.8802505545384083,0.8107652906031051,0.7948369598593521,0.6970654460365808,0.4813847138121379,0.6859863011422916,0.7796538949697065,0.8529428570406304,0.8144051359538925,0.8328271499876978,0.6030145924760841,0.3402585970134389,0.6817280069429748,0.6283392824303453,0.4287978510586257,0.44316359550775114,0.21827803939098175,0.5633111341733751,0.6006001580234721,0.610969943445398,0.4921505247429351,0.5119857948623926,0.43572543995060914,0.468751451714075,0.6852126652491319,0.7585653315365093,0.3945046220497132,0.39171123595722906,0.3799523091152885,0.6956089853029536,0.7628145929285587,0.7369048994207625,0.5208944326143401,0.39200112306917834,0.3609895766237666,0.7733211071384952,0.7604128803384398,0.877055321385311,0.6833005274415872,0.6138341219749481,0.45658936217890195,0.55620587846811,0.7530347664212609,0.6562862681390992,0.5853703559151534,0.3657073815900455,0.24556496662587166,0.6605159756269222,0.7217043862568324,0.705946887448383,0.7606146817459644,0.6274243055949457,0.436170380653622,0.6635787163184796,0.8179921677514496,0.9019112648354817,0.807525282389442,0.7599597462077081,0.4916154715191439,0.46585156270875966,0.6076251018296683,0.7956633096755871,0.6867906700889715,0.6093059495468991,0.4576286244234716,0.19471614365452636,0.6135166278716132,0.5762612837613774,0.27959253555375135,0.34177422422497017,0.19428110647765115,0.4561918551456284,0.5651415949966856,0.5206666935089033,0.4006115990252544,0.3081778361573394,0.32090042455587936,0.8155137746738498,0.8522852503948052,0.8917308758559293,0.8108466508545271,0.7014984446593692,0.49329236168482976,0.3423048439097702,0.6182038491615379,0.598722903325808,0.41659948427919347,0.459248781974989,0.2591517636825055,0.6140871130605986,0.5776405528887915,0.5288108069910258,0.5031272155048385,0.3719829374731264,0.3536352829667789,0.5184326782187101,0.6449620554386937,0.6916282062308583,0.5359074208411676,0.4737742341747329,0.27136685340058997,0.6723955768272477,0.6205437003741057,0.6311266042175513,0.6388603307641599,0.548575275115381,0.418564091223866,0.5898720714698691,0.765818373265335,0.7596621476193156,0.475319948874713,0.40638641926421953,0.30992718931071
lin,rest2_vs_type2,0,Rest,Rest2,28,0,666.8357619999999,333418,335918,16.306902331285627,22.78655119364232,13.976996620741376,7.619879445015369,5.1053244521865855,2.53894565145616,17.08607637159399,18.46153513334362,12.833782228485786,6.280311364702426,6.998357495263774,3.711133785898974,13.03944160910445,16.39975756471675,12.898405508096186,6.7044261529508065,4.198951415898323,2.4668509453086624,15.75463197873285,21.769607287535532,20.950193440864606,8.504275367861661,6.894747885754712,3.783023093484239,19.463557926823135,24.549299329495586,24.314263253243862,8.368452094532072,5.921202215113461,3.2957693214934096,21.528384107054446,22.522922610662494,26.973248748867483,13.95644208715206,20.634112258772678,15.499689226938969,10.734279142947443,9.059732483004481,10.558494424718393,3.982952150099975,3.8881009059771565,1.7303857800253075,0.9479753365317398,0.8209439631194493,0.8127288555108961,0.7462122942662607,0.5603935553458144,0.4827726308533593,0.8082036599208607,0.7268823725967943,0.8337684185103607,0.7503943274641499,0.6175004563216883,0.6032037943125899,0.8729063629229051,0.7161416122507799,0.7746999183485814,0.7404229037836083,0.4987309245442084,0.43761383842447893,0.8591798905893854,0.8073240806860331,0.8246567596245544,0.7935727662888578,0.6359010571877313,0.6084827456775402,0.7113905964663826,0.6421320949202398,0.5493647785620381,0.35719158887204455,0.3836516578033657,0.263433126318903,0.5102011010561884,0.5051837273447793,0.46160165685972887,0.5436371834251499,0.345674480512613,0.4426659641929492,0.7294194732325856,0.4999011351499497,0.6333232907023276,0.5172408527470591,0.32571373649214597,0.3526025011341894,0.813272135607328,0.5645137466743686,0.6529317625141305,0.47613041175992005,0.2856478193780415,0.3050508021122356,0.8345322288936959,0.7651531311458621,0.7620995457053357,0.7047335115922664,0.5301905821728927,0.420520631812051,0.6703793015476401,0.8222524719594371,0.5666290206425146,0.3701818798762913,0.3799329365124406,0.26908092970195635,0.49691225820059076,0.7347819891543739,0.6208056871199382,0.6560912822881362,0.5829641392635949,0.4132126220952005,0.9008620683936909,0.7601934608050774,0.8492958649980575,0.7233888363001706,0.6062356265524368,0.44149690562856453,0.7517022655986839,0.5743545893811529,0.6864091625960024,0.6040841331967489,0.4683323747066887,0.4022978980062917,0.6811740490161736,0.34814777222615834,0.4820578025051308,0.2908668880777041,0.32744300873245535,0.26374139562879334,0.4442027981291939,0.34703280689466653,0.3252787024208303,0.3207537370409308,0.28843653503377664,0.2716498873205223,0.9206181338842105,0.7616060832470014,0.8591607003916086,0.7194884435347602,0.5931851314323938,0.5168366395365339,0.7430220931452006,0.39256601951016834,0.637428722061171,0.33115712557531396,0.25294245919425423,0.16671579578457826,0.45327817510378976,0.3646224664391191,0.4419275450382371,0.3995790453392254,0.23325918318628824,0.3522549710891279,0.7132910505889364,0.6317952046057841,0.7106163500079832,0.4061498059175781,0.4024132170813483,0.2676515887909573,0.41942643725155765,0.5311158903702662,0.5565660516614341,0.4982192878975541,0.3469725037905079,0.40553857788587244,0.7067269502816181,0.709133876498985,0.5524013007662771,0.4372411088623936,0.33622081288460426,0.18549800181709236
lin,rest2_vs_type2,0,Rest,Rest2,29,0,671.8632709999999,335932,338432,14.443078498713252,15.46945595543095,66.81978193966678,6.50942871017769,6.694378298121478,3.5514598215810347,11.570867479998721,15.300685802275789,61.46217026618575,8.751616564688094,7.490258168920013,4.3634907832262755,12.250312346014036,11.748356405696425,50.71345560027472,5.165378848209077,5.6157126793017165,3.3640368814093677,15.032167412188704,14.84457562934681,80.72421020173728,8.554761369987943,8.293011372758302,5.573652871633862,13.289317831672738,15.948136380028815,92.05298772788169,7.818772089694398,7.398133674527946,4.506511666179287,7.085901277467046,12.210565553580233,83.52919372426982,15.052222986827259,20.100237625924546,18.43238817818291,4.7032714396663735,6.82257850954549,31.872546991260823,4.810245987136305,4.476093261480811,1.9365971403761355,0.8694139147255578,0.776586082270796,0.8947626861053811,0.7723336958593426,0.618744968029627,0.6722112478118196,0.9132450408205832,0.6875666726201675,0.8509965408088801,0.6919893717527648,0.6971170932517246,0.7148703386537235,0.9224686197129367,0.6800382630556083,0.734110820653699,0.618322217142839,0.6780624861013215,0.5745454445778629,0.8427748047791631,0.7046117419238476,0.7999053993413382,0.7825996794301513,0.7665327465741292,0.6559946509055931,0.6628351324112368,0.4900824524045172,0.43311121028958144,0.36426430143099503,0.30011425570934863,0.27689543944498063,0.7563454760750834,0.45461723089871037,0.6334470816079703,0.47626520693547525,0.3854715134388381,0.523623708311266,0.6985325110519285,0.3631648614505221,0.7413666533262919,0.45625679067273134,0.3514475553332625,0.5260016815651967,0.7693065548748117,0.4734282570389255,0.6884800018564439,0.46790943923645506,0.43179464200864554,0.48025368099862903,0.8004424512937218,0.6722976528835296,0.7983928251324197,0.7494732662397646,0.6458487241097702,0.608799164075719,0.6952527783854814,0.5358313859777591,0.5371415029366527,0.4119703017527698,0.3127470173227773,0.26070959113278735,0.6805016495724442,0.6093475897434256,0.7567966207159175,0.647854952235022,0.6222530737575321,0.5078268819139087,0.9254626711268865,0.7779234128715526,0.8825246123104702,0.734046089619194,0.6961444782530897,0.5618985712497697,0.7825411076095451,0.43367955352782717,0.7907463897148916,0.5631108324331909,0.5485833907222272,0.5493762921564012,0.6318464430166831,0.38899658759224615,0.4484803744337139,0.25984221034944677,0.17785205381710684,0.2750112866713725,0.74320576368383,0.33536098945486986,0.5858481585516478,0.25407609876536263,0.3317915714913366,0.4514975080177133,0.8888580666802334,0.7011851973756775,0.8957236210095418,0.6212920458477492,0.6823412598364651,0.5222812183785897,0.6902554002323429,0.5759744681165241,0.5813060549922938,0.16488516473536227,0.24837735515810996,0.2587247905659411,0.7846050538396433,0.3777854270630825,0.6242003678170172,0.230361109274799,0.3128331397125739,0.35477224721307415,0.6621929632543445,0.6587234231736965,0.6132310040764306,0.38382768837139486,0.35010394376738374,0.20711085609583735,0.5925272495435276,0.38557784667761463,0.6930856724079681,0.523294322676999,0.4013632083743498,0.5064355491739606,0.6798792103146338,0.3958179803002489,0.6750728443545587,0.5170333731439664,0.3566002884821876,0.17885655782341608
lin,rest2_vs_type2,0,Rest,Rest2,30,0,676.891368,338446,340946,28.56352362080684,41.45545813036351,65.19002962214358,10.887198544668799,6.258907843874245,2.57568838597042,21.105367181100117,39.545949270798594,61.34217487356821,9.819201587880995,6.44347079639238,3.2581503514049985,17.850433816215254,25.172515472342536,57.876543201973504,9.238291841397967,5.904314980956854,2.6477584023084235,34.6580770991132,38.076866760138884,71.05197447320745,9.486441997775186,7.388604570590526,4.17670787905822,35.89014961379535,47.81021858676321,79.65490603561638,11.987136355263944,9.23720067972337,3.6206464894932124,21.9911825979239,33.04990189925255,62.97080467931203,24.57401112760559,23.443548415660434,23.552450620427898,9.584228953210838,17.219461649007894,39.625800145321286,5.706914634609183,4.074100191678287,1.953600585087765,0.958596217999967,0.8579303950237633,0.9230995775343903,0.8024327198502759,0.6794687660628487,0.531448179897427,0.8493906091246727,0.6743492482364657,0.8482683944970949,0.8220433588888919,0.6737631223711704,0.7073617126551662,0.8866590639754589,0.6991011197251543,0.8592586645105426,0.7014402616447334,0.5585777567867733,0.6064825008720071,0.8589541457446969,0.663167831322603,0.8969185553601484,0.8035134952753189,0.7182100369518789,0.5708845445484682,0.8513288732459231,0.6133320982634866,0.5964293350222672,0.44695696622170844,0.28887312662718634,0.19233970351973204,0.7711667935798238,0.5370814467165483,0.7458017416021553,0.7129287984623591,0.4628176349540249,0.5214764545395245,0.7853478643819564,0.5433923735617869,0.7331157908427917,0.6029655898907852,0.47551380064195337,0.42631535277576993,0.8970360445738157,0.7039115705300298,0.7834140026690848,0.513153044426239,0.4091189583655532,0.405100580470257,0.9038723235440719,0.6677651759462808,0.9147771025710825,0.6575053064531059,0.6570530692680868,0.3660549876147782,0.9092997761073055,0.6174349249002238,0.6346042659879467,0.40933317691717264,0.32453863967755975,0.1819139649608885,0.8302470688190241,0.6982973049895138,0.8742863995253458,0.8097307271154516,0.6555545234913418,0.4845279429214446,0.8720167253932081,0.7395303119526143,0.9450255326835044,0.7173902260402052,0.677271113556116,0.5043431548662872,0.7375376794795381,0.5494931452201974,0.800264800942819,0.6771404374998135,0.5773017485409795,0.4616410261829949,0.7981101441153768,0.5445738096916233,0.4961450895316223,0.3972709687004046,0.19482375603375807,0.14011527486560943,0.7180503532494305,0.3961643661933967,0.601157354186735,0.5185458657737254,0.38681397310590815,0.4008550335273723,0.9502422270648071,0.8719719598214934,0.888369156345963,0.7505761689600371,0.5976831866997839,0.5082069121902948,0.9093694479102835,0.6808544667604863,0.53856730839315,0.4679262516919741,0.19177382335031107,0.1995079103355448,0.7412301752707217,0.5939752081754445,0.6585390392276285,0.4333968410757038,0.3945445015371311,0.4002408501774604,0.8873852146200895,0.6524916824544584,0.6352294147685351,0.48032604031199727,0.3046308530553259,0.28124582819314686,0.6773590524291845,0.5890861589513019,0.8053069482955418,0.5953936219240911,0.5298904321263466,0.4020353652636419,0.814370946825794,0.6284073865163405,0.6237403022030763,0.40319628704496513,0.3029588114520011,0.2579708983553915
lin,rest2_vs_type2,1,MentalArithmetic,Type2,1,1,681.896636,340948,343448,88.34777418038992,49.579131600462375,22.969050410950338,6.347158100856788,6.378612838350245,2.9091999518084855,85.8144100193556,42.47730782679605,23.70865906356814,6.465179494363373,7.860935554186978,3.947999866291774,39.70707482477569,27.35243763443479,17.793062571312667,5.148511410037603,5.571352232709769,3.0755320573032594,40.753966366160235,28.859143992123194,20.760580753897003,5.896333694332581,6.566911400435238,4.221635472533761,47.69585981429607,40.329313795544785,27.575600018309657,7.468792018168823,8.138084301385208,4.427231680460422,64.85836124545673,31.49276655974082,37.44321281250484,16.363535206392903,24.44973314313344,26.81137791720742,48.85442494179493,22.521154190489874,13.036082066280098,4.291896432290689,3.813686356468261,1.999655012560024,0.9687754736324482,0.8947551788922145,0.8865990140379229,0.7588064870240299,0.6900799817333398,0.6007206943688385,0.8800058844850076,0.7833943816222478,0.7843235124820742,0.6758502156557193,0.7518964109524323,0.6942018838548112,0.8677434887794911,0.79126256880973,0.8005360395219355,0.6450944342530075,0.7613801949800909,0.48684861762653525,0.8297321288419033,0.7855990759079492,0.7858987433468543,0.8017298268262198,0.7255218169096951,0.673668021106236,0.7976477078189088,0.6159179366037902,0.572995052693636,0.3570495895067782,0.32014301438863557,0.23330219564581142,0.7894418098435745,0.6617228061132396,0.8067243034747374,0.5543557166937092,0.5011175111691855,0.5332086871333497,0.790175493257638,0.5550574862410287,0.5784543950902294,0.41192392960874635,0.49588648932892027,0.4010466531118201,0.8327930004423933,0.6387387807968424,0.697849047717159,0.4411581848596734,0.5690848908648363,0.3233728188533715,0.8291751773853816,0.8030285455587995,0.788262337430815,0.6839934819172964,0.6526391808672686,0.5388444361878802,0.8581939787210237,0.6801063488313717,0.6099864034844218,0.42843875043993,0.3783284346425185,0.23897296859156636,0.890986954171595,0.8319755205397884,0.8836656052090733,0.6019441036719594,0.7016271955949562,0.6377136349878134,0.8651955416527445,0.8300997502856922,0.8005228782993695,0.7183030850297533,0.6622184196326754,0.5295832466970567,0.7770788695759919,0.5838424693481645,0.600018970466951,0.654198572027798,0.5754503379255842,0.49161257064330005,0.6949815201348647,0.39884384403968964,0.49048534075852607,0.34745727223240813,0.22291456284672945,0.20946170230917951,0.6144969380486163,0.3719033845634519,0.5051991131524987,0.29045837669090463,0.3355986032439735,0.33913768292305735,0.9001230907477605,0.8119704617637915,0.8374295766542778,0.7086001688762256,0.7280997306518475,0.5804962503507504,0.8422875068624264,0.5827060305568453,0.5941261314500486,0.3568136890023374,0.2890481653528064,0.31291648992553095,0.7298580182998323,0.48449164827696867,0.5984730327465687,0.38208500147488345,0.489097903688067,0.33580752057123686,0.8286620509942274,0.767330139295639,0.6502176101573862,0.41164288221765355,0.31520569363495776,0.3082933599664129,0.766536352151978,0.6344104967238429,0.7354959281686948,0.5069191401090044,0.5864480662679938,0.4622355790701189,0.9134928863232679,0.5658492055713312,0.550432332919408,0.5360227757464117,0.43248748180067736,0.191901650093134
lin,rest2_vs_type2,1,MentalArithmetic,Type2,2,2,692.427981,346214,348714,18.672602725384245,38.775399240715615,16.746496527137243,7.835140789791385,5.460432022573523,3.103472174686204,16.277105892448823,31.792172145437718,16.582350133529076,7.786406194180188,7.388905058177096,3.5527877778273136,20.049422985146013,22.02824034712781,13.15124228722969,8.281715330811238,5.4886264671628675,3.6537053113884395,27.680991796395904,32.1958877424087,15.529909907782788,9.756457720631479,7.846568810875333,5.942560184939761,32.048646021137145,40.255065031607145,20.39782731705197,8.886197142531895,7.512793429019191,4.001960364411098,29.225662474667345,30.010228705298278,19.413258999638337,21.40285249091428,22.022714148028452,21.17947378775244,14.984576152291375,14.913456639937719,7.758583974522266,5.17580409005122,4.923401199161775,1.9157134289471127,0.7747183632792497,0.8850905051112975,0.7960810778051733,0.7326997534656113,0.5151347013758574,0.5346380427170311,0.7338494340097892,0.7731207053559849,0.6918838585679976,0.7955669013343266,0.7556954471520166,0.7482343779040076,0.869400616156074,0.7627679531481537,0.7891676582002182,0.727664778250837,0.6470828005693428,0.6432050679204347,0.6078936334648689,0.6352029015746257,0.7746129466624719,0.698154096940871,0.7099919285316234,0.5351905551225561,0.6527368374574872,0.5309460261957204,0.398414495429929,0.2797398728143225,0.2946994848699772,0.24618771590065763,0.5052326591995479,0.5569593199064813,0.31713044308135085,0.4157033564351792,0.4084752413649252,0.4360501313934902,0.41442042264337603,0.6216873935504154,0.4242045835924328,0.4620191424008714,0.3303459057560715,0.41044267576394805,0.6360055278343636,0.7663584042382168,0.5660714895078897,0.43197826509207377,0.32243123917793853,0.4403782891752969,0.6038303845210983,0.7316481460620043,0.674955097361458,0.6572164519137955,0.45481635832303685,0.5001409280932496,0.717294882644901,0.6593411567875869,0.4766261943918038,0.24435652133196553,0.2881382901128734,0.23800651250284952,0.7556377459939064,0.7472190018980578,0.572294258062876,0.6057228298838652,0.4993388524269421,0.5101865532646545,0.6798771041075997,0.72202885780167,0.7409887028300266,0.7227390103594001,0.7157638229310815,0.6099113419373661,0.32479115244719986,0.5246360590439981,0.5145523755453656,0.5974567098265627,0.5992507763953141,0.45981682964252896,0.3762349409069535,0.452604610871007,0.253625115734355,0.25887773705558326,0.295740116957034,0.1972021200401729,0.30868715408003355,0.44183210458340016,0.1394490644226385,0.24480568230400795,0.3128219672354385,0.4206309225597065,0.6939802301687452,0.8882806355625419,0.7351809916362338,0.6817999563021351,0.6516404620939259,0.5616294953949585,0.5927823601198571,0.7129580372365751,0.3627173794034424,0.36347359220998354,0.2509820455497899,0.20361498584515234,0.38644214781040503,0.6569514695080236,0.22846228509276703,0.32054428575018445,0.2532288960389771,0.3446053917248796,0.5924740175819837,0.8044398941815992,0.45234799255703423,0.41548977447810564,0.23649497033365505,0.2499789970625286,0.35550972228858563,0.6834753254812481,0.3451495278308131,0.4652367554885127,0.49285505038731425,0.43182974029069493,0.6154855255516994,0.6384603857394453,0.5108885572434186,0.3020192300558562,0.3226394165724668,0.20948643934564062
lin,rest2_vs_type2,1,MentalArithmetic,Type2,3,3,702.3735740000001,351187,353687,18.199560879787875,31.012119625219672,11.532622380190912,8.991263601965537,5.985768443178326,2.734588852490587,20.886385007558275,28.969182264379086,12.46879824328613,8.654612308334796,6.08651058478817,3.498341559917465,12.123853744775637,14.669337486663274,10.924728847165987,8.5679428945651,5.247555944705235,3.6721974782175657,14.855314767180053,19.295272499505426,15.638059503183271,13.07633736286749,7.205549207597737,4.826732856476099,20.788691511680543,28.217195737916228,16.617245502395615,10.616194179867616,7.5659848840388495,3.7751495882652466,30.55373473925016,36.38722461135005,26.851186502098447,20.496443917980155,26.85996613269953,34.800514738091174,15.689331388466462,15.852214214845755,12.43803862262737,5.4397005043993945,3.5916110271737267,2.0193232840249284,0.8881202462545827,0.8742643373165254,0.6354978444869703,0.777044748342645,0.6801648135250249,0.5867834224040435,0.6942300718136707,0.8529792718303848,0.7210302222109964,0.7640240590768332,0.6182413731989989,0.6268178940409527,0.7324049052845222,0.7738737302665015,0.7250806866716394,0.7366933940534138,0.5602746183962651,0.4869824466771265,0.6915709809988205,0.7153502915879102,0.7082215803261206,0.7901472679439375,0.7277679668946281,0.5557706881906154,0.5553191929816542,0.6820980209601696,0.3439001084477041,0.23015496565259075,0.27621796755337813,0.1877384584355798,0.5911485381955305,0.5241793038736887,0.36082772805763624,0.49191307801216855,0.483635246010126,0.3937468846788924,0.45954812590195115,0.680416894183145,0.356987926300994,0.5178578440729419,0.3406292697583941,0.3683155739187935,0.7246308946163107,0.6958086708639666,0.40644373167590564,0.5707996632409674,0.3766237846054508,0.3832653240733401,0.6841196874716781,0.7498145761355846,0.7059752676080829,0.7277770503618359,0.5521394681700598,0.46293967324448404,0.7337940935515613,0.7596079681381583,0.489718679004482,0.3002686490477845,0.32712640498305307,0.17929970672245765,0.8260761369323272,0.7277397976565505,0.5128565502251365,0.6346158871683307,0.575263903976564,0.4059238571859145,0.550890172438722,0.791888269405033,0.740319370259102,0.7566371669056914,0.6640356967419304,0.4996221518077624,0.40437320007627325,0.6756958880970667,0.5210889587452489,0.6204988557948017,0.522675700780044,0.5372253407869743,0.1626708028391216,0.6033983745586688,0.27840401756944977,0.2432206021885375,0.25786867850006157,0.20420318295789622,0.16844826122633472,0.3630882129200902,0.3743201765871949,0.328359207121483,0.20545826894765154,0.26096815807141904,0.8900576700972485,0.8937724395646636,0.7069005790608515,0.7385108882234442,0.5866128190473805,0.5932920311822175,0.5058050352200368,0.6862951972816436,0.2782518226031508,0.26220774736478386,0.34442131068813164,0.26903396290628845,0.4770449434318386,0.369424416642379,0.27766353514062797,0.3725173126768707,0.27792842892615577,0.23229813411182476,0.5800793475731439,0.7181119032649226,0.49710089342494274,0.32958132209902485,0.36208573633197283,0.25311364463180824,0.4508144444504473,0.4663184786945216,0.39738918554454267,0.5568190825295583,0.46653056941197624,0.2917447333217391,0.8150279251535436,0.6076123616977375,0.5757900342500821,0.28392117830447317,0.3578376477027132,0.23020692090510073
lin,rest2_vs_type2,1,MentalArithmetic,Type2,4,4,712.487826,356244,358744,114.9212250039023,72.38573127780042,16.710018630854737,7.506973730196506,5.59181570556628,2.8075986472750505,83.4093997680372,55.585161088961094,17.08351487095604,8.581957382484426,5.004152920814407,3.30522154014509,76.79567926381257,40.012403584486215,16.123800950151985,6.207839388056692,7.021580498691244,3.4818280572120215,53.940460901497836,39.66141243567605,20.896979808430615,8.620639626534457,7.62902975396156,4.637909860374104,45.782598999180664,49.133241747854726,26.114013936300207,10.86673008532444,6.1758505699177775,4.049369645571612,34.55770154366544,39.14071174368558,36.364095834417256,26.239343323824624,29.764386618185473,36.41173826517847,33.58894436109541,17.760862864628113,12.749872836623474,5.338220200915178,4.130249183456039,2.5733562090287068,0.9574671898231961,0.9371771715755292,0.7158759534494221,0.7446331009424428,0.6232837348875118,0.6110845254831759,0.9518051276315863,0.8344859421427824,0.6500779891314841,0.7296676944365037,0.7000301719779762,0.6373516857960521,0.8886137691498425,0.7897694384821574,0.7778410601252621,0.6262726246898839,0.6471804122005208,0.45175636715923567,0.7817186199046641,0.7551605690396508,0.7218544454447826,0.6325597296336924,0.6220827203911912,0.6098790720089524,0.7870990277226282,0.5681698826939757,0.3395390343024077,0.32244332965453343,0.3509985971181905,0.2567574832944559,0.5797938984403407,0.6405926683867609,0.37396507825911274,0.5175717695290469,0.5034198989231304,0.4321419060691348,0.8439954529438527,0.713763471679626,0.31426216808844654,0.4744369104093987,0.4139585996101317,0.37984831155440285,0.8287395426367997,0.7048145098214169,0.5400690185979792,0.4670917259116077,0.5026839673455662,0.3183763281458486,0.782875498601905,0.7626289397204591,0.7637492540824603,0.5613314062046519,0.6155721900351243,0.5275278467902454,0.8119435666531166,0.624288276704251,0.4953658047356713,0.357734924157788,0.3469097092355659,0.2763984032054756,0.733416178598698,0.7400808495406145,0.6500290128539687,0.622704883712553,0.6766843851231845,0.4663393084763182,0.9255867996967896,0.8485822002143881,0.7312816947404045,0.6657581553283549,0.6219963451902096,0.501168644149962,0.7794508512834678,0.686308891009878,0.42791767413601073,0.5622586677278804,0.4418020333333767,0.47280899856000896,0.749145941766848,0.4672387248888516,0.19003450198685723,0.3007832361443587,0.23278188881959028,0.20153939286557304,0.4257827713214553,0.46040427032753906,0.15709904734234764,0.37975709494870247,0.33608208470215317,0.3205162724365301,0.9259848473670235,0.8716714064071694,0.7236792046032565,0.7799283639983793,0.6291565938750536,0.4623367003881357,0.8570199209973919,0.583436494150801,0.342792301314247,0.3076548165596279,0.2840903855276623,0.18396397040639326,0.4285230975822563,0.453487305598404,0.3030381675932334,0.41225895384851263,0.3459658140575742,0.2197236107930162,0.896668049675296,0.7119844303961436,0.551756067258,0.3878188995496928,0.37126510793747813,0.20412973678315458,0.4369276894463767,0.5318835464027668,0.5339022657458514,0.5168970703396004,0.5106208853579295,0.3831748909939001,0.5239274743726937,0.6204975747164334,0.7083636439928339,0.42893793225278554,0.28863386458519713,0.25605694682633495
lin,rest2_vs_type2,1,MentalArithmetic,Type2,5,5,723.60182,361801,364301,59.99567551350913,97.6983662376339,27.978699140229274,8.206395795185651,5.383090501213667,3.2760309990484813,50.67217559324767,75.6524619869984,27.636095942456258,7.662698542252718,6.617512091874215,3.544341095972598,27.300287734749432,43.69895116725538,20.172342777388668,7.206728124351895,5.324417117844502,3.188036726261973,30.60916036855533,67.31548341359021,30.492542845808536,9.056667974796998,7.460036472798185,5.6195606122785975,33.017878709228775,73.224930177373,43.64276909033123,7.9985424697306735,6.2383933350395795,3.9877264851558833,31.387180158808427,41.25059448962998,45.30715943374874,21.963469661233155,28.491163874815555,29.45058964197834,18.95202557343367,28.599594941467068,16.599412000557727,4.530805407185716,4.346060205336588,1.9030808668803376,0.9825040934545552,0.9545583873714301,0.8607358335497324,0.8140552798137666,0.6780145127655589,0.6776332565821164,0.8366111268990816,0.8912550283379057,0.725350396867101,0.7710989741530045,0.6950851638241784,0.6672334798274555,0.7340466629280522,0.8421556067031132,0.7280034681136851,0.7598157594734637,0.5972224855614986,0.43531395724717326,0.6615586441053348,0.8397798591792093,0.7938076470802998,0.689369265059503,0.7049504220065151,0.6895630181818171,0.7979406104292259,0.771036714223324,0.4833904572371893,0.33189367482915294,0.21858831100147613,0.30562152480863963,0.8833683664673647,0.7286112197276329,0.4305801466828898,0.5136468936672033,0.3731914444152036,0.4085330574277272,0.7845650715855724,0.8173333865950556,0.5388573740756621,0.6110845865569493,0.33031511803102764,0.4489422104133371,0.711117667080121,0.7826677743705466,0.6412574065845822,0.740721117282676,0.4210218752490994,0.3410296317385039,0.6598833482264509,0.8217988852171499,0.8381489222290572,0.7447290168283826,0.6783220327447641,0.5959420954335134,0.8246474220138387,0.8061174308697774,0.6627964038215868,0.3547767436677193,0.22271672362433756,0.26272241415666564,0.9069684892705062,0.8226421700524723,0.6665672352868285,0.6959870985885923,0.5477629956058395,0.5174704137112224,0.840727459619949,0.9156097769094276,0.7300312648350014,0.7340809063068099,0.5608429853321375,0.5021113305111633,0.7444558430649861,0.8587126320063934,0.5504458632378852,0.5591243512182541,0.4936313252325194,0.5179851574859025,0.6860211279148235,0.7763503098189003,0.32435593337738294,0.34798569628807285,0.18618688522215943,0.3058946341826622,0.7723459685199053,0.6661849058571376,0.245689558081355,0.36256799528411265,0.28026113664583513,0.2820962154211884,0.9330138123172634,0.9369011294614882,0.8027011891171967,0.7051195695630958,0.5542873546936758,0.4213864402808334,0.6513010803987589,0.7523846890793958,0.4476215728701368,0.2822348760998613,0.15036975439441835,0.2580540097161015,0.6907891496453527,0.6038746660280414,0.2991350121850451,0.5079456212113801,0.2806347071735662,0.241197105723352,0.6623623133651176,0.7808472112307232,0.6846342316363618,0.27158219081465873,0.26734178302664724,0.3147441423992215,0.6667339370130145,0.6615913042803139,0.5085432675640037,0.6351888114895659,0.4302763239352614,0.43624612998206386,0.7354173314874553,0.8273251748050641,0.6074263927422925,0.3346061658357368,0.26338694896681497,0.28222538082476656
lin,rest2_vs_type2,1,MentalArithmetic,Type2,6,6,734.085586,367043,369543,34.562251501481875,26.640602661132213,26.793104430908933,13.65306325822672,9.207867845035125,10.448902084972106,27.350188141066408,26.934024594468074,21.30856356261824,12.964843567025365,8.26762632689691,10.882581042068189,31.27738065041991,22.215296972190288,25.205291556528273,11.321270362901842,8.795900734737105,11.81187249238557,31.677483162548523,31.766307501240856,28.21981476014242,15.503692228651099,9.640122564974703,12.457692669774625,33.46444983404438,38.25842418667232,27.5090193576958,18.462014024690458,8.435896721692373,9.855019945330131,29.894998555177672,42.19429160134845,21.721802027481335,38.71967079141843,35.0499239877048,39.12025725382435,12.57708606372327,18.595809630417516,14.339680553134812,8.937034508216284,6.675495415952152,7.621046716100583,0.9448011030326459,0.7832584328201628,0.8510074174933309,0.8329528220815455,0.7008212603515853,0.7836311159295586,0.9061173982665324,0.7648953469809826,0.8128506465181987,0.8762625398818933,0.7404001885073987,0.8962984798819666,0.9062072636546099,0.7857737991643644,0.8339405074432165,0.8144863733115588,0.62219122452492,0.7732014632753329,0.7916716746874494,0.8021138475858507,0.8703324483918422,0.8535759832274804,0.7241670555202562,0.8200776144942884,0.7534468526739181,0.6259256480667142,0.31254360458758385,0.40719852809691,0.2359226827972881,0.23609985769651914,0.8323816551416217,0.49493856161819394,0.4859453530866631,0.5808609010727341,0.5390503841262899,0.7146951455883703,0.8385098440421647,0.4399502730275403,0.6077720741579081,0.6834915916809978,0.45156416764419144,0.7128702734645244,0.8717661822596812,0.5778773679334392,0.6985537655019088,0.6678098232981432,0.37246002574968085,0.6882113638896958,0.7950018092028411,0.7845152036213836,0.8416989530715903,0.8305136685048788,0.5925968206042806,0.697677956397773,0.7470599998499168,0.7546862529938467,0.4259055370719717,0.5211249298793712,0.2604948804328023,0.2721603799473758,0.8716926066663749,0.8131297486869062,0.7161954369907361,0.7441395770992251,0.6259682550974431,0.7184383617029318,0.8223582306086478,0.7658725162237514,0.8468346218277769,0.7431392687968049,0.5341037453756291,0.7523905693332842,0.6324832356059562,0.5978956386843948,0.6995142950512824,0.7097527212174427,0.5141629119552464,0.7664453345138554,0.5259270729063702,0.42915277998469653,0.18007084500807888,0.3857609698022735,0.21809291353579052,0.22762326928194493,0.7839583337517775,0.20469774897542747,0.3403259890690241,0.5218107014869323,0.4290024675727978,0.6680083447738548,0.8856004646409557,0.8558465585872436,0.8583392473644558,0.8200796868028373,0.6629958297193482,0.7429637575687443,0.7934896144667034,0.4734599158486366,0.33336727445255365,0.3424811073111361,0.22384418115569754,0.304381037533989,0.7767331939764457,0.3066194221810768,0.3914899496820433,0.4882903498104502,0.2842101858470206,0.6539898909307859,0.8486132776239103,0.6749347899959164,0.3959334014709511,0.4232121939565378,0.3211907733502935,0.2624090890110457,0.6704674950243641,0.5399442707586305,0.5550235535114455,0.6004927385162192,0.4765467473400357,0.6370485512993873,0.6747012850886752,0.6342007338242787,0.5278475441383419,0.4409046774127434,0.3173816742482036,0.2689515895537025
lin,rest2_vs_type2,1,MentalArithmetic,Type2,7,7,744.3964,372198,374698,111.83784264863881,47.18040674900181,14.501820644412318,8.657187466687574,5.952183205404279,3.123385717926504,97.1389971133616,35.903391504078435,16.22267659474862,7.5691925867269205,5.904076646234492,3.7852245453132163,57.299946947891506,24.739522008391173,12.826956409791425,9.123408888747603,5.98349658638374,3.7698653271421825,47.35997959317637,35.410920706532536,15.983581438566011,12.225840717443177,8.02654143971924,5.830094590206177,55.39488096873458,41.51532619395089,23.44792325672222,11.483103038229162,7.748399605646577,3.639723599320815,65.32476249735592,28.319967914903824,33.41104255367411,21.231306724354276,34.996939252473716,29.129645995563564,48.084369245722684,16.69366865099335,15.297064001762607,3.8878814993676483,3.893815110842808,2.385797288284073,0.9049460319789885,0.9333701059958012,0.7244133682867183,0.6767567421193242,0.7568365720597496,0.6507944111463299,0.909819009953187,0.8672852426939375,0.7880056376408635,0.7503426459854021,0.7199858670585757,0.7607001671898316,0.8584524207484069,0.8558498825780231,0.7548934693469199,0.6445320889658854,0.6859838043608756,0.40538963945881556,0.8281311045246968,0.7849522764118997,0.676395821010296,0.6419454855768695,0.7143993015931686,0.6405189969763742,0.5846208337890864,0.6180286072329495,0.4774827823962936,0.16296554102710495,0.20426366128444773,0.24997858655584915,0.49447111594697724,0.7219997901171133,0.369609098856191,0.36241650466945413,0.44943815897263856,0.563266409343835,0.6854658106284891,0.7144856821744126,0.46330843604366734,0.43047735652957914,0.45333622408825847,0.48465990155663874,0.6814437353210548,0.781306834114458,0.628585669272821,0.4415187746601618,0.49984276922499793,0.3806978443695677,0.7679942811231791,0.8012892711821379,0.6746633328802815,0.6606140607774049,0.6689222501500542,0.6088674939239037,0.6862217569776187,0.6874187491429817,0.5126250660644802,0.25508963666430173,0.1867874050834109,0.2520954254101061,0.6948803643287095,0.816167660129357,0.5998945595938526,0.6032772688115549,0.600626117311392,0.5680555896666597,0.9292826256292342,0.8509809657356234,0.7056099231732207,0.5764752063723347,0.6346954413717927,0.43448733331532796,0.7889526825265331,0.6812796913169896,0.563503524993845,0.418065984183256,0.4965254825412201,0.5500680325478543,0.46049942521101367,0.5299917801643304,0.4059172892907867,0.165752483727141,0.21781490807239212,0.17278483820421278,0.31996762251200317,0.5517359121864372,0.26179010664872104,0.347204955217776,0.2980419385146119,0.42891850678110605,0.8963590727444363,0.8858941666580797,0.8330671960116464,0.5835923310862672,0.6458884498781575,0.5023916111534908,0.4816844850757731,0.6105877792158875,0.47970860125131987,0.1242881296038675,0.20367779582788287,0.1944402132899788,0.3303017588864979,0.6313820576939978,0.30808487059236583,0.3142991289009253,0.3468051472105701,0.41828422216506594,0.5883753096483438,0.7266790915165657,0.6355678597531202,0.23645139549712285,0.253371022518971,0.24071826803867113,0.3863357666416532,0.6877153243034911,0.3997616858291265,0.4200309659498402,0.4573644078890677,0.6049324354018789,0.5979637256561087,0.6636359571424555,0.40193234835694086,0.27883996818968093,0.24677845987388186,0.18310269458310338
lin,rest2_vs_type2,1,MentalArithmetic,Type2,8,8,754.6232560000001,377312,379812,13.137940194195819,33.84379508712979,10.43760681132491,5.925502044389633,4.918256601001786,3.334548202108328,14.065518782543789,28.390631262259983,12.135543866287028,5.913826499557919,6.231569433572379,3.4848458501673103,10.06355664954457,22.09925982677009,5.526515244909339,6.4099586020461725,5.106354410658395,3.3823003172223296,17.73041404683919,26.663099365494414,9.182918195880449,8.08825735462288,7.6630320127127405,6.78093861844808,21.921104357603788,36.85729571757757,13.57554043019337,7.13645622807223,6.7666736239662475,4.385087471242021,26.929330304494467,44.65595479201494,26.561550016257367,15.688056480748084,25.882175270031787,34.51172693249121,11.236117905941082,14.135176838026512,7.2471581636029,3.919734258338146,4.645055630264168,2.308021108184054,0.843374822651111,0.8518464100455387,0.8788090055198203,0.7648518965397504,0.696092534041077,0.614422546684304,0.8898228426261495,0.6850710311283593,0.6880980271073354,0.7710457869193557,0.6513710748129362,0.7136122253923547,0.8259961063295238,0.8151170998965906,0.7541874976072552,0.6523526490281633,0.5222749763290431,0.36310122720900245,0.8424252493507853,0.7587494482816531,0.7885187180420523,0.6467735517446966,0.5682650429057222,0.545618384628964,0.6363403115870198,0.5530139287895667,0.5200464920261794,0.24611064483856224,0.2280670694100623,0.22963261035540478,0.5521069073421537,0.5881191912335314,0.7415317972117215,0.4102730769987947,0.44627877125245463,0.5456875331679389,0.6507679871536681,0.4129122455978143,0.5319651194761492,0.46928969743883214,0.38484924801433296,0.40457587766241765,0.6855161477770709,0.7244459397913446,0.7411347186549498,0.5081975005644106,0.3807172525335538,0.29578672908884157,0.8634633740073895,0.855475490791,0.8073728202317654,0.7508649395148382,0.632264420679649,0.4814142163515902,0.7015066715029468,0.6229401600544542,0.5226321513673011,0.23477615195029772,0.27598158388393496,0.23901259755837115,0.7433532551353986,0.8007305975607057,0.782565197853214,0.6161026725523068,0.6477722472744714,0.6191901349241672,0.8151113433881395,0.705742815565026,0.5616565469544395,0.6323557596691185,0.5137650916869259,0.4206992226377288,0.7079957131185887,0.4388533850493136,0.49169044153694597,0.4346739920224399,0.4255760457920969,0.47529663621064133,0.5765438874983122,0.5038081185490136,0.38861146657150103,0.21024941837774697,0.25587613541276016,0.2735440088548736,0.43601058437229306,0.2996381989571644,0.46316044197782685,0.21422988697712725,0.3203408199085132,0.3469331986888714,0.8781746752616734,0.8127417185506284,0.8680240753624743,0.671568967182832,0.5100766066636142,0.4161932658599224,0.7145000626354022,0.6341034093605521,0.48703109043696,0.28101525632378654,0.14866259526182954,0.2869310336586161,0.5515762920244806,0.49998161264817176,0.7009179403477981,0.3611990573933438,0.3120752869636435,0.2569582626892216,0.7385569764323291,0.6511280435725773,0.577097945944826,0.26572163916568553,0.17084365954409267,0.30994799826315733,0.6854271741187029,0.6788687600366231,0.7733992031414043,0.5863295530837787,0.3678188022483487,0.47474336275472706,0.7111574183920014,0.6109143290743552,0.5326111736406671,0.2483369177078519,0.24533272914622017,0.2153769645074241
lin,rest2_vs_type2,1,MentalArithmetic,Type2,9,9,764.742259,382371,384871,20.523762432265233,105.1064829126762,32.56078968183969,6.8620284769907,8.401034973860988,4.373553118589256,15.311862667331242,111.30020148192803,31.30751109533235,6.0059058414183255,9.087274686171604,4.833195412848762,18.55114210067811,37.019758866640416,25.527196620362933,7.006476986491486,7.258922932780762,3.978488846263406,17.831212596333103,50.3903387002166,40.35265140543814,9.21306442155727,8.473561805404962,5.832813940079229,13.841335134101394,61.19717654551552,49.065591208582205,7.250989135658525,8.11493071687899,4.231450790301776,12.596709353454665,51.213318995302764,35.338056519744896,16.577745768235257,25.153692088555953,31.776185308079373,9.309735838629194,26.595905081475383,20.30418185039211,3.3866776792370032,5.119581015910347,2.8058564570910707,0.9415002712754778,0.8409840247744584,0.9007851466769605,0.716170372361592,0.7729294682015897,0.742806082125335,0.691998787232648,0.6142457554163052,0.8775960258010246,0.7640328441851272,0.7255772390667878,0.6792326972097543,0.7513120136462286,0.723909380797598,0.8878576048198553,0.644016631855975,0.6119802854933727,0.4654039922694011,0.8444851714835081,0.7835041644223368,0.8539344489958169,0.6555440706356969,0.7769635051621556,0.6659329246405957,0.7164806048058083,0.6135286285611706,0.4236858064741297,0.19616870367582803,0.23282984900195328,0.2090480769223771,0.6926267127517293,0.531392379518108,0.6610369197366264,0.5020554189715654,0.49161201774115904,0.48413550695116936,0.5646704432583322,0.3537639069619879,0.7420510453201772,0.40696407837262843,0.47699825494987397,0.5483760534279514,0.6232732941038733,0.5237646994073647,0.868337420135776,0.4912599792570395,0.46656433867251035,0.4298135663857454,0.7693639695194251,0.7426622187434722,0.9161387280937066,0.6543979714045166,0.7284022336557104,0.7212661951695338,0.7291318574445048,0.6321090101952682,0.5609063910889565,0.21189141784289947,0.2757822501650378,0.22397844749702378,0.7636189515058468,0.7594420376317266,0.8326712634293518,0.7352380406319864,0.6312287444205633,0.5793212408944352,0.9073992721426739,0.8564342252230833,0.8391750535333488,0.6343608206924242,0.6193031381813908,0.3857078081443101,0.7557056119408783,0.5919915001187473,0.7380864368668496,0.4810610240626964,0.5247563463118784,0.5122809950562979,0.6290211001506698,0.5636861641562114,0.36262880935339825,0.1847705049175203,0.18387146285220762,0.2550947375159528,0.6426391447096956,0.24431461204866337,0.5634864651415352,0.36354869730432954,0.27415317383737103,0.38680505647027413,0.908944914105697,0.8327867766973677,0.8995150210918312,0.6040316913363595,0.46939477585569334,0.4615102329872786,0.7320427704023184,0.643115738020602,0.4744437451269527,0.19810741915540367,0.20338814848865233,0.23151499255681077,0.5715238999758538,0.2891367044953597,0.6771454926039908,0.4439627205501477,0.27994207660904474,0.3016396146750825,0.8357328456251177,0.7187400723741089,0.6699164680878023,0.2576312019676294,0.3210664569889867,0.3032626837491503,0.6312328863178719,0.46079158106596846,0.8021892880520642,0.553853583261006,0.521272878184947,0.5350670546468451,0.6819388831502935,0.6000022144628467,0.6504760923190556,0.23782435041528815,0.35347646229529106,0.2989931085391851
lin,rest2_vs_type2,1,MentalArithmetic,Type2,10,10,774.8719980000001,387436,389936,21.861579613510486,26.113133623520547,22.8466961414174,8.080418535835685,4.7591652672577585,3.53548298852503,23.239068353130286,25.620065687248232,20.22429160561833,7.563498664763826,6.2586293801955115,3.3573438037133077,13.865610779860216,18.66556034299049,22.255170600720312,8.761754823914162,4.628612123162427,3.702503147207426,19.343455874535852,25.732540882497805,26.777698485214053,8.961012902876206,6.650635618495849,5.465616945903041,23.98524079127089,35.412817926973595,29.27775727419822,8.40020330874268,7.787569600664248,4.337751128236269,20.04916723314867,25.111370745419467,32.091437628198406,28.009159787527267,27.882265326769858,27.880061877813503,11.639259080184038,16.57298720432564,14.902560619050261,6.502219130572933,4.509593643988962,2.238098910250899,0.9568741747269959,0.8653370204467874,0.8962815480078682,0.8184465203307483,0.6310879395942532,0.7101365412603695,0.8379276726456202,0.7241190659552654,0.803337380412718,0.8244523951258127,0.6647656198358483,0.7285872731374188,0.8400773225093839,0.7109545571424433,0.8576087841021931,0.6923365611531139,0.5695693854714547,0.5986474544385055,0.7631267524236088,0.7095585451278721,0.8573360306263973,0.825812847229514,0.637704465436501,0.7375548041652508,0.6591675956888672,0.4957857565587771,0.4328716338640518,0.36214180988653905,0.3094257156657263,0.24514390172984968,0.6610414977887423,0.5278165963260318,0.4488161377027656,0.5261014334871272,0.36411784564878613,0.4589132231038064,0.7115125638168615,0.5796659504016047,0.6345257868650906,0.5768947227293921,0.3284540799147272,0.49547507638531485,0.8157333327838646,0.6346761283224372,0.7585690911505658,0.5391950936786641,0.3373965281316721,0.4557879417759302,0.7963967566958932,0.7733326339724806,0.8556021820289432,0.8163503898866146,0.6199928404011097,0.6369055669882745,0.7206506833537402,0.6052842509748261,0.48603400122695345,0.4002218129322021,0.28501020985234304,0.2520838800523379,0.7844387817727537,0.7214221808118646,0.6081652416370327,0.6571307264589876,0.6367256420017875,0.46357360187246804,0.8156235322960755,0.6766825738785422,0.840472310388205,0.7110916629778351,0.5564866947162572,0.5390388454235998,0.6128779569682661,0.5246157451444406,0.6526707000381702,0.6383437117893411,0.4258000802428409,0.5538412746643682,0.4920609612110427,0.3990670405357957,0.35686410184681006,0.277539877449083,0.2214735302055398,0.25130111326407345,0.43647429950187394,0.30377741534252406,0.25792496430588424,0.38177965411631654,0.19581469705006577,0.3720665872786284,0.8963816567431357,0.851779319898092,0.8594921551163047,0.6383901201716863,0.5113481910537749,0.5919634631471048,0.8209556372581588,0.4456991816068522,0.467475870861934,0.3419797760977718,0.2013851945546258,0.1594784418309014,0.6283113463540603,0.4353654624786314,0.39886480340408426,0.4284785548861269,0.2583995649102496,0.3364018993160803,0.9374645750904108,0.5793562586416208,0.556686444400044,0.40065714583355067,0.31648297055972063,0.29813966038106726,0.6726868101831807,0.593482737656043,0.5377887582492429,0.5854923997655112,0.36551187396523477,0.41043047009770367,0.6909711040063735,0.6302343518842737,0.525213715879909,0.33362958191652814,0.23835278769637097,0.29193715801895564
lin,rest2_vs_type2,1,MentalArithmetic,Type2,11,11,785.0272389999999,392514,395014,103.47821424320276,101.74289947002656,16.89067269765036,10.94534106133814,4.957232843512123,3.324652340900961,102.37903560862313,108.8610633371369,17.31667096161944,10.053882586719215,5.108597251365157,3.0776451099607898,45.38093184123661,32.130421910613464,15.118309679087469,8.727061700406157,4.979475973577539,3.538495037131736,48.911052741649044,35.97583840365128,23.000658039149076,12.41783624493983,7.5790826883567,5.755608107496445,55.200735540278785,56.20011446536654,25.83065858575112,12.355676941305536,6.254065335122122,3.961718386157487,47.46083499305755,55.07182299235963,21.802119519394083,18.762906421493238,16.303103564293526,21.14764871434732,61.21777325907755,38.88826027459802,9.735557242345294,6.127586196772005,2.9411709583931,1.7590071287319091,0.9480307333765676,0.9316301119358026,0.782879192217776,0.7829901464530028,0.5691114830959371,0.6795827820362967,0.7801872572517133,0.5315855197848757,0.7437950210193057,0.7729317713892927,0.633371334011271,0.7157603924219732,0.7983170140567752,0.7919092521124512,0.7641642576865164,0.6798369365295256,0.4764534114157719,0.4620091280192833,0.8462865602963864,0.86015200058626,0.7749504084973978,0.7967833974129919,0.6417794324006947,0.6485822942762867,0.8529862059184566,0.8866980981225567,0.43668720155562213,0.3141422941593736,0.24791626802922245,0.17817354828976711,0.8111828024510013,0.7882323686518515,0.43303269160364544,0.33734461616103706,0.34800994797997287,0.38328021834727277,0.6016059108602821,0.3991435536309514,0.4560500621047595,0.5143790641043979,0.33056259860649223,0.41334106477854965,0.6951232081421259,0.6825825938230041,0.5314200307864593,0.50433343028111,0.2840319494461435,0.36702853482348907,0.8130026744917638,0.814758953968082,0.7345859608892162,0.8133287750551083,0.469831664633,0.5952314710734501,0.8133727364490589,0.8895041425082783,0.5603336030903207,0.40195642688474326,0.29010964024906183,0.21679594408502836,0.9314984534696453,0.9021264042031913,0.6886219484803798,0.6245684947085307,0.4895023518471472,0.5004641411470473,0.8868759321262702,0.6693198578233909,0.7986853477543203,0.7706562140118297,0.5682686433192397,0.4769616165561417,0.7647066719748365,0.405346091619601,0.5669290694816511,0.6279613476133772,0.46175569897480784,0.5400244891764563,0.7699936900700579,0.44820700438023064,0.28112753326150774,0.20953208009478416,0.21987787323849745,0.16504070327551817,0.4484199569165331,0.3545569484058715,0.3426519464578536,0.15251312673946002,0.151957069959363,0.1999442637749495,0.9471015287776415,0.8242749195533966,0.7833619980506137,0.7003872981525421,0.5184996365334713,0.42661944351625825,0.8916175240643288,0.7082833557630214,0.4101667546346908,0.2574743116038678,0.17580278720345435,0.1905240358509414,0.5633918435642485,0.5276820114259845,0.313555525023828,0.21028835564412013,0.1932268705672559,0.23542301980759736,0.9054396963322048,0.8360248943024071,0.5606534446844484,0.34229972310448803,0.3263128633405376,0.14556116104719827,0.6970764299530686,0.6844497210424247,0.4755000905306126,0.4294318563811718,0.3639783861675203,0.3195137619401544,0.7088541634943263,0.8273261537124841,0.4654614509851542,0.40967020811486227,0.3799331042485217,0.1733568838350604
lin,rest2_vs_type2,1,MentalArithmetic,Type2,12,12,795.4583419999999,397729,400229,50.325217627025424,53.65808697003871,22.36785469783152,12.555007243226948,7.050092351466155,5.29113302078226,57.839281825021246,49.53732101830997,22.790655635433303,12.07731039375228,7.485042254301749,5.529204688958605,25.034620037791885,31.06804011152569,17.81429799680671,10.86541369539719,6.4285724202881145,4.341691060718295,30.964069344630104,48.57628278850028,34.58137032844033,12.188549663922673,8.429176413101052,10.170706931792676,37.402350313014345,51.642027550476,32.41350956077899,14.06495329485219,9.327431220301335,5.58886049417491,42.90464513444785,45.48271156602089,37.34183585937014,22.840538699796866,30.302386439435963,25.371422778981746,40.7601899367142,27.1755637381036,12.6481698171009,8.452838858223345,4.655299787672295,2.9751095320092755,0.9760290277569751,0.9229210734436711,0.9174064370487096,0.8305001966637925,0.7047253914836895,0.671359249222841,0.8688452165896288,0.850991962984527,0.7173968852132198,0.7500728089919286,0.6818969345638868,0.7528389003228929,0.7719765926362475,0.8276802018474797,0.7563338048992677,0.6000415346668427,0.519122465870952,0.47171331583978543,0.7264584130481012,0.8077032471952482,0.8005838306606025,0.7237636084596535,0.6863602244764653,0.6690352428616613,0.8013664851914842,0.4905064959722075,0.6543507546042523,0.3886921686766049,0.1735306571359771,0.31127323428819687,0.8872233157858053,0.6243381688958044,0.5345762001176935,0.5467612995774027,0.5379399324619646,0.5530775495388693,0.8032182700211475,0.7301971923144067,0.6135188033504593,0.5438923348404917,0.3705286617622983,0.4931889361618969,0.7543661606780545,0.7775594851513863,0.6959779352284498,0.4489690938589415,0.45504257254062674,0.431474987511231,0.7254655504916833,0.7813646108070748,0.7994942167815193,0.8080798597031414,0.6755492928311624,0.5830059892895995,0.8464555775951329,0.5681285165592711,0.7336374043805138,0.45434166997289804,0.2795939132084554,0.2330887169936363,0.9367425003949248,0.7617220825496207,0.6803706211254783,0.6937314461666954,0.7159965151901385,0.6814062853407331,0.7954868590788285,0.8602026705360006,0.7398577148527875,0.7370823216812322,0.5092513275425588,0.4490785169380238,0.5671442595533843,0.721533437149999,0.5832092901144895,0.5685553828415097,0.4514977428237998,0.4946397809122779,0.6641420694515991,0.39593908753191,0.4284412541981002,0.28389160134707875,0.18715561690517082,0.2701235064664262,0.7720246012987837,0.5149529382798765,0.37900542115372776,0.3268672711091263,0.27983376433876195,0.3972873310491903,0.8412230842192002,0.8876807988079747,0.8261366158043646,0.5478295988516093,0.4426855244390165,0.4755772356540073,0.8464759175008002,0.5523193283464303,0.5721457353734163,0.3050849159945879,0.20959378536227416,0.2651545129067076,0.6611135560105378,0.5379295334744595,0.33869464411012273,0.3265952724255274,0.37633359151030177,0.35798461649854196,0.8811008345215804,0.7138010156467063,0.720936640464072,0.4772940303216114,0.21680045566209358,0.28158659950479714,0.6013841797269768,0.5394659586479708,0.5023167975940263,0.5802424765278565,0.49217516675415435,0.4953026796027774,0.8165229198360288,0.5515217987113701,0.6226008311481397,0.40899427637376007,0.3088639058348372,0.2406690879249959
lin,rest2_vs_type2,1,MentalArithmetic,Type2,13,13,806.549004,403275,405775,85.29030361051468,60.54951568294432,21.684033884672026,8.41554030041699,5.004374507085427,3.3527425020348742,73.37400889191575,47.75993086324992,17.93928030294425,7.268096467756531,4.833444680863888,3.6910236828180802,46.28995508041184,42.53471370725892,21.590903981540055,7.465367055168303,5.118011680401093,3.5821014579337564,38.80221170049707,40.84391968042825,27.92139289407365,9.680810405329616,9.86931033717454,11.179287185001952,37.42094844690406,38.24388185331145,29.560670198437627,9.191468703384613,6.638927237736802,3.9130310560620716,33.38785775523462,33.44215009300615,39.51876828691289,22.125364137150438,22.525558745498344,28.25707515015807,31.1164071056696,18.848175375888637,11.293721684358383,5.3782901076608685,3.0353325393560207,2.5585802771850545,0.9832630317134067,0.877198600435014,0.8790760500985788,0.7513071161581919,0.788847069631855,0.7554973261352367,0.9553121994830059,0.7853784972086972,0.8305281560001652,0.8049110678554002,0.7481737894987941,0.7470036344791067,0.8013878077318687,0.6201198891752012,0.7651680221843271,0.561778163185205,0.4235986125845301,0.36093524573434216,0.7577264155489508,0.6581200938537474,0.6896686583941033,0.7151198520442071,0.6082710978373296,0.6171218663014517,0.8332876149341315,0.5459791927898285,0.4515539681073634,0.24219027756046801,0.22523842269420316,0.13085344863816706,0.8954415478295686,0.5947074246243155,0.5225341537528647,0.4684061080295368,0.436203166302243,0.523319962394311,0.9165225047408342,0.6160635098799976,0.6332823843495866,0.5847004330877528,0.4889290311621046,0.5189641495300026,0.7538166981757585,0.5522726608161354,0.6716948892583878,0.42016743034672305,0.3427942496719872,0.32348959867832927,0.7328318805895595,0.6526082143022267,0.7430871765547042,0.6198913225703375,0.680867256012014,0.5953102577932822,0.8477044259704374,0.6819326745584487,0.5658722905380982,0.29282844404517616,0.26436237526245704,0.20899348344561586,0.9434101658777183,0.7981087187104114,0.7175613411777152,0.6664997062088381,0.65735885341891,0.6343651045862526,0.8683718419999026,0.76924559449655,0.8166450088707642,0.5609533045365163,0.5277427753598208,0.33375584305509254,0.7957634266994482,0.6432841474979504,0.632286203381399,0.6354313468816482,0.4483940252322389,0.522915845264272,0.8428277645507766,0.4547221748233931,0.3357205357682534,0.24428150015172295,0.2268796896400202,0.18087497162967417,0.8287830460497649,0.44770428998917716,0.389414533065919,0.35142529853059706,0.2133382353407522,0.37944671326119184,0.9576039423721189,0.8059622611488242,0.7186814762737851,0.532866419939878,0.4860274764161468,0.4099533129355235,0.8760223542100415,0.508895833882323,0.39207923785517995,0.2832020868381709,0.24302122842673995,0.17096235554411432,0.7070068146331572,0.4130090625795745,0.42833751419027466,0.2897047462937537,0.22030045680727794,0.2664699506989266,0.8879621909714289,0.5796087397172754,0.5646433945617682,0.32740811642436113,0.2719221188536912,0.1967239554905457,0.7376009227112866,0.5084911519371144,0.5481282233649531,0.4136398340401635,0.5290670355307217,0.47825673747389813,0.8628194441334639,0.795379056818101,0.539187275980316,0.31758186180547193,0.2280007940489411,0.16738876441787678
lin,rest2_vs_type2,1,MentalArithmetic,Type2,14,14,816.9206260000001,408460,410960,23.939279190330062,37.78301284120623,11.78949736601405,6.220108704523033,5.596579317286997,3.261332866861862,25.660902156935983,40.26735366558307,12.48173340044948,6.272408725772556,4.146382300383399,3.3436383233527023,21.694201496406198,18.210340117608396,10.632623613991797,6.138426767837405,5.666389636206228,3.6252293027902276,29.33503800565665,30.678541422571897,18.515457361942666,9.4933453510366,10.343506872454697,8.418888680924772,27.854425211454423,41.001563048475006,21.447614775198225,8.111211839777752,6.293201488711565,3.504482786275841,30.55590132038269,33.46693293968037,27.179199549021554,15.496442686869681,16.57125439977262,22.31221013165893,17.31761743034869,15.921088622821669,9.61503141576076,4.050205602995972,2.9644808826847378,2.3095626706971726,0.9417832377157097,0.8854444669073012,0.8120327364772022,0.8564263285962218,0.6768467578250423,0.6724278079646612,0.8481512566708976,0.7157926130060367,0.7478446011671396,0.7942193767091158,0.7602429952903191,0.7087200875700608,0.9190135830647561,0.6908764402244125,0.695909813934944,0.6169296768849689,0.45250237722839914,0.24946768830037994,0.9297469391412161,0.7274837228424498,0.7059784280087437,0.8051932017806297,0.6873567987962247,0.6073946225824552,0.7968578058993381,0.5416378041670197,0.41500684626157147,0.34530032903591173,0.2721957523166279,0.34772333613495693,0.6243970107612564,0.6591748069866121,0.38131039074814205,0.5460070457681999,0.3084478149889861,0.4448784198890903,0.6804259447151124,0.5120794461866864,0.47021429302564133,0.6471211723241,0.4196402382488934,0.44176491197564344,0.8853183096872969,0.6611210874388811,0.5582488769927163,0.4972885378483323,0.3430702541735613,0.25505406830453287,0.9490352740365747,0.7928915654576774,0.7343117738535707,0.7622059898678613,0.6168027198025348,0.5618508734907698,0.8497124866208137,0.7249783821348867,0.6268226219747083,0.3960707039762319,0.32242947190828714,0.3580778100022718,0.732147534117708,0.8055791711843312,0.6977511647969485,0.6458833621148932,0.5212487717050658,0.6293736234925564,0.8231057372848092,0.6315964634736533,0.7380851134799318,0.6328047489940902,0.5544105667955295,0.26866214726323057,0.7151858723820163,0.4248036872448259,0.5728637949218911,0.6372200474549174,0.5242828892342691,0.45215374962974747,0.6236191708983395,0.299198519599541,0.25092240592901527,0.32277355820210724,0.22796304143710486,0.2598369266814408,0.4329442829491537,0.4056883442091729,0.23912354116373385,0.38275604763981946,0.2309645404815837,0.30864459683153794,0.9479108227628119,0.8248896469126916,0.7455555930846394,0.5847061355406143,0.4231286463062921,0.23375817514323274,0.8488959899393894,0.6001004657570777,0.4477757755373893,0.24798564660703612,0.2984131070182957,0.24906106301190228,0.7220105417421493,0.5614527976297939,0.32870168416270723,0.32530958610019084,0.24358052878359837,0.295866094625136,0.8834490313270784,0.7064854871559311,0.6187808131185285,0.4132500172502963,0.2986336216583785,0.3807898376795186,0.7730444873092553,0.6496938858545438,0.4973658849643961,0.5214377769300229,0.37088446926649016,0.41313115192381156,0.8497657612713293,0.822259884287622,0.6380968018495934,0.3918025811242161,0.29103211707380183,0.253965725783462
lin,rest2_vs_type2,1,MentalArithmetic,Type2,15,15,826.974421,413487,415987,23.042258936493294,25.51409981472083,22.443985172188945,6.452405126687636,5.746160535759244,3.1923545541038876,17.346068821355725,26.891527742268526,18.94926122713998,6.0993021987712615,4.86584722093926,3.1028503034362496,29.639467962447497,22.264164307267215,25.31638620966372,6.035607065077238,5.8617707252765205,3.0023561514528554,33.16619067151124,24.77663520777175,38.722512392359945,11.524366093176818,9.51320569759716,11.204100685682524,24.744930226663435,32.74424174516933,35.21367729399666,5.917944153306326,6.25658209010052,3.6932029957091395,21.247693560289733,22.85436346869311,30.91989310786843,16.419662187782418,13.885198376741117,10.94050892397126,14.277255410395632,15.914501562584316,10.276161184691947,4.574942967710408,3.5732017047707783,2.107027816649723,0.8808004583945367,0.861490556534106,0.8986470732902185,0.7212734465504116,0.716605053614946,0.6763655221156823,0.7789549867945554,0.6277914175593978,0.8150312358347669,0.7113926696721766,0.7390775896954898,0.7023323169837435,0.9209582083484267,0.752744792204789,0.8250617830739309,0.5067050504128039,0.3595565711906864,0.45999542446337405,0.9377631503949265,0.7283049826798161,0.8785848781977119,0.7020826538943367,0.6357182055357528,0.6734392622758147,0.7732122084795653,0.6771617280724193,0.6358075875689355,0.2634983463710452,0.38829652889762595,0.20380356980027065,0.31779187277722165,0.562281652217388,0.4924933702174415,0.2980688168292872,0.32693515349348357,0.4175756968199798,0.5988606157370698,0.5209856619292421,0.6791847002919312,0.3894630345950131,0.46322798295775625,0.5158542759695511,0.7943792020088813,0.7157044829000738,0.7374989922090018,0.3176650239399517,0.28528277774939026,0.3186521118995601,0.8378043857879828,0.7084864669508785,0.8818585176930261,0.7079221981483882,0.664850268043063,0.6080614128810408,0.864449395957843,0.8057193321433034,0.6899259978861445,0.4278370512428203,0.3780014309287625,0.18288018408902587,0.5540204335272523,0.7693376969371051,0.6805499605026613,0.6423421280208962,0.5549576092844888,0.5062862037777357,0.8677065345265446,0.7563892296131608,0.8530047441160875,0.5697148348668121,0.3340297641619349,0.4089839557598689,0.7247587410485165,0.684906666614027,0.7363433682263809,0.5715765142931462,0.5012589526255647,0.5525660356838932,0.6801396090403028,0.5031954457715119,0.4705204243954345,0.26169546244697417,0.33665663750146707,0.18071397067586847,0.27167267798064637,0.26351231926050517,0.3280513568803528,0.12078482037289885,0.2266601161552626,0.2837886188975297,0.9243406803735997,0.8007339471989082,0.8242891284707679,0.4922628985857615,0.40836436556610456,0.4194004376263779,0.7883003246705971,0.6766734314932129,0.5438574307884179,0.17139538165106347,0.19123951538727563,0.1499373092726627,0.30786139566445864,0.4444372473555547,0.35493638082941537,0.16983510698243018,0.11345909861798212,0.32757729504770083,0.8009677399935571,0.6989766421727093,0.6993944743256938,0.4490128133418244,0.3387522219184562,0.13344297130539234,0.2764122769615224,0.48295530091157274,0.45562477482316577,0.42555745054618305,0.33294974460573884,0.36433894013359236,0.542175616831387,0.7339805111530552,0.535781768888467,0.5521201010920823,0.311322527716959,0.23850188148892917
lin,rest2_vs_type2,1,MentalArithmetic,Type2,16,16,837.4859270000001,418743,421243,77.19249332976241,68.2592005884903,27.356820806965686,8.281698135505298,6.227336171329111,3.119985571028805,76.69776800929546,54.193891657558005,28.98010622861534,7.56897057882197,5.1716336139942305,3.315202455673651,37.47672679715997,43.718544201032024,22.333303927630247,9.401407328558616,6.725098420594786,2.7970635557299754,50.70488508508445,47.47222109198719,32.71689082292117,12.0916199100969,9.895974220123382,5.277314563244731,69.45209611442132,48.51661078984853,37.30184687140078,9.433384239181834,7.608751704652144,3.812564352263058,46.94826568578385,35.43733359108739,27.942810338814223,14.205296361591362,10.423960566196978,13.542605469884593,30.7933506809242,28.675404329349366,16.792552664588328,6.103973653028308,3.987570920460143,2.578676112533424,0.9699905432374929,0.8449357296850769,0.9036881126002079,0.7612078718549957,0.7490925146753205,0.7413261230775632,0.8926068127554915,0.8418430128291654,0.7264124883290612,0.7645837698845029,0.6884121223899048,0.7251054311959215,0.8504683952629023,0.7526728770779321,0.7244802557942333,0.7457092161426037,0.6932732625509563,0.45413248379068166,0.8080219575931754,0.7892148620982962,0.8339733481792045,0.8158896179466861,0.7521556058354129,0.6196398592814681,0.7679988914386033,0.7179389736438606,0.6848977286168798,0.38143577252730354,0.2672666552687697,0.2797829659234439,0.5822329490497195,0.6759673993107714,0.5722392846649684,0.38239426121198583,0.5531558855190897,0.4787199837889187,0.818568210459806,0.5372835230879898,0.5753310344910659,0.5381341943736248,0.4464062545372428,0.5155787351051326,0.8110547199279589,0.5056376969596528,0.5924642817532031,0.6106843398424736,0.5185921435237565,0.44604753687016063,0.7857663782835349,0.6341477093187003,0.830240791682396,0.7475266604729435,0.732470199053924,0.658638430470257,0.826117452085437,0.8448932986807725,0.7685260609647602,0.5308132390696872,0.4038724484817253,0.3257779240595619,0.7069851305639879,0.8663018167604507,0.7736639625592826,0.6753994401964996,0.7107260703431157,0.6624238336855388,0.9030691391116568,0.8592487570250369,0.7640973334224799,0.7208156774034774,0.6246784469164686,0.45485920300042026,0.8432587768960612,0.6883204660824456,0.6282731904176551,0.6462482000129539,0.6086948197781947,0.4730518747320961,0.7274851751702883,0.5165277283831927,0.4466934532010967,0.25208330516610106,0.2416650206735337,0.20424979965902249,0.44284550167510917,0.42673361189724235,0.30074835065984457,0.3201214173862543,0.34568498115431345,0.30657643964955406,0.9633049259606521,0.8380718075893809,0.7912817953967048,0.7618236212263955,0.6654760276900568,0.5473149336534332,0.8290160530875698,0.5820144093759994,0.5537160159832373,0.3534364428419375,0.27294364223385176,0.2482259000631146,0.47957163193309266,0.40985860518149025,0.2953953477998884,0.3839229189262435,0.46892190282809026,0.3263765950195635,0.8447804904778363,0.6668381938778762,0.7592558902880004,0.48777935167784253,0.3584542329756072,0.3209941836589106,0.4720614571998201,0.49808232823029575,0.5508901084080188,0.44480465777020256,0.520490873015127,0.5070230364850691,0.7554145513713261,0.8030315340444998,0.6569247044061325,0.5666556231662547,0.4481376073497203,0.3481081616982783
lin,rest2_vs_type2,1,MentalArithmetic,Type2,17,17,848.579682,424290,426790,30.941246528931075,32.878301319636364,24.125348044778452,8.992219840395322,4.830646366016363,3.633949190466163,26.32804996381585,26.59404879590428,23.547079547226993,7.120024920096993,4.358371355477312,3.459827112783203,27.369718429209133,23.7490559806817,19.765875896248133,8.822468583248266,4.981451144628074,3.194014815968255,25.156300695197178,26.984261656251828,32.38166623021721,16.57302558191445,10.822867249694113,9.49078854409807,25.901073856347587,30.211519129861777,35.21476965688322,11.074811011489277,6.468460085962913,4.209485940321836,14.236268095092791,28.63571360799884,36.348785858697795,12.40473989948878,16.91124983890867,18.234118653367958,12.127676810830458,11.640048561426696,14.352455237815654,5.793579723508027,2.943279143818793,2.455090297998174,0.9177446923800474,0.8872208086431083,0.924021661387447,0.8147178413183781,0.7689210284521034,0.7202782257216228,0.7080414529399386,0.8466620028443953,0.7735511304671447,0.77095017119821,0.6276944591489133,0.7516450758001673,0.5138634566016242,0.8187760769283299,0.7760874267944505,0.5554963814734342,0.4032048850998605,0.4228703185039027,0.5799592174471414,0.7863756253847619,0.8237962552729841,0.8215549716964636,0.6993205842807425,0.6488866821397229,0.4709485406014981,0.5709737766906339,0.5838734065289755,0.3874906711546207,0.3213569013628517,0.25770415303991573,0.5395084169547912,0.5770783606971603,0.5855830765834219,0.5252926156284924,0.4757393214108367,0.4336221662695244,0.611886607375666,0.6477424191741938,0.6428899150748721,0.533180656829806,0.37359274271361115,0.522328123856712,0.4641419552310247,0.6894043634861159,0.735119825028374,0.4117320355625034,0.28639953307915395,0.40363599531327593,0.5069672656809986,0.8305308190354861,0.8572849537349011,0.8230500801475923,0.6747223329117572,0.6314727616763456,0.4695917840964315,0.7422052812234249,0.6892069563904529,0.48228119626686106,0.322585877486819,0.22721112283107417,0.73796829743441,0.7468024863959031,0.7452161867349941,0.693820833043344,0.6019311325334151,0.554971459220539,0.7199701514034702,0.8657581630015874,0.6449204383723826,0.6696967215895928,0.5140988975640532,0.33472891316823283,0.7128294940411636,0.6689767989274344,0.5411245760200706,0.6656946682340583,0.4687185645544175,0.45187571288745787,0.5213873413679958,0.42121320130912054,0.41795793379922797,0.24860526761649057,0.248381449868163,0.2722467037587429,0.3363750941235782,0.34175573148387384,0.37166854777378777,0.3869340684311623,0.21657365689256172,0.37413138153462905,0.8491546402672038,0.7912499787386881,0.8452915419696752,0.5887475844560205,0.4619981896540987,0.34887841402216874,0.6900849032543735,0.5658950487744819,0.7215428210111581,0.2586717853811658,0.21119219197416633,0.28423274328497344,0.3330354869779056,0.44729015397085453,0.61692934477001,0.3396190959269641,0.16410570316430276,0.2818921699506112,0.7928232996659949,0.8150541613358386,0.7862800062333388,0.3957642155535678,0.3654887267903891,0.25933102050328505,0.3634271921057151,0.6769554700697249,0.6889540994347538,0.609899717453773,0.5194767055319405,0.43399085015291844,0.5300125157019646,0.799917425972017,0.7263213754082531,0.43699437750697007,0.3880085026486371,0.2881554744675777
lin,rest2_vs_type2,1,MentalArithmetic,Type2,18,18,858.810817,429405,431905,30.561356731675613,17.6347047910711,13.311622063468965,10.551797620501722,5.9664565325546794,3.5902135205529095,26.010593173702567,17.056052247731433,12.086988764219369,8.91443121913783,6.280955503321769,3.249155930589483,22.282918305057123,16.753919008571707,9.40172155945589,8.282105047555989,6.234338524898938,3.7938992593214302,31.68314950220714,23.198546313856678,18.897217417646743,25.77140508419055,14.63016809851153,15.237068808740862,35.61889243697459,23.70539287356279,14.584468629626794,11.606187033162339,8.408466139624213,4.51927990707251,18.53966050581329,27.302623174811586,23.395004261141857,18.315546247001034,14.35064047909696,14.57789273638769,15.644239138213578,11.160774555728056,9.669366514520634,5.50220285702058,4.470815175692911,2.154122123102323,0.9337043666675808,0.8861988628856123,0.8468182242660591,0.8192744671335926,0.7657339289228016,0.7558232805426163,0.8456290031583306,0.7155843949117602,0.6617369482144639,0.8227421668912215,0.6904297772205483,0.7420347062615419,0.831711954815091,0.6469013995087183,0.3493147253704164,0.5592886021510972,0.3476944744431891,0.2752996842518137,0.851963225234578,0.738200634947565,0.6707823898762927,0.8196767640847563,0.6819575060854259,0.6974724228151938,0.4396188509389692,0.5257970876558831,0.44453699332938584,0.39951114355236284,0.24943782819373603,0.29623269343299763,0.738059527044581,0.6306655505020724,0.3808403694851409,0.6065286659273795,0.41189503906491415,0.4180056913752194,0.7292328909990449,0.5099189281082537,0.40771359471707563,0.5677697913473474,0.48780114438546673,0.5394062425829378,0.7604314403416651,0.5845215601675391,0.2627313920266848,0.4741751338779494,0.2957529552971628,0.22232517201294397,0.8243950575583353,0.7999135068297625,0.68006581494886,0.8262158697717104,0.6814687065299159,0.6083455200705338,0.5369377641831874,0.658056987323387,0.5707085646741454,0.46635221013475064,0.3323692468006591,0.3547960489855077,0.8653987149992274,0.7853169548381065,0.5821713732022918,0.8020651853971759,0.6381169817952508,0.5550441783875367,0.792403753873519,0.5931907392052529,0.43155353770754223,0.5583773269486187,0.41402521461078756,0.295560671748772,0.7280235768566885,0.4868552193236586,0.4252216099818442,0.6550272396522144,0.5116895780356858,0.5523472403541255,0.4072583898673394,0.35058729788226356,0.25089425946220134,0.2568892338583216,0.2711135882949943,0.240925818286484,0.5943951503884842,0.41222799284632583,0.16209948447165456,0.3555811349302907,0.24270288201233692,0.32134368556301346,0.9160804040775513,0.6617514099536184,0.40038166359346034,0.5592649644999822,0.31264695981450624,0.3106610408945391,0.4700938079052639,0.623642998602298,0.13279976110224306,0.3071423297737762,0.23001944636259192,0.16986200065871238,0.5625084346176944,0.47934758554550966,0.17724526016247716,0.40321151521691373,0.17197932416968836,0.20490719301963764,0.5566400741166726,0.7078197765848506,0.4923799472769728,0.44150726952365443,0.3743399916435276,0.2889743355609749,0.6230458935440799,0.5701863850537194,0.4861041056268851,0.6750242160899875,0.4276168392099738,0.4042047844772307,0.46983580337483044,0.5826375141646825,0.6618278474657658,0.5471484884433707,0.3828679669277404,0.31959414088786037
lin,rest2_vs_type2,1,MentalArithmetic,Type2,19,19,868.894326,434447,436947,199.39323498306794,93.66855438688219,37.864241245191536,7.869088288410305,5.430208936723578,3.5190516201461293,201.77425036917955,85.57310759000654,32.26820005015963,6.626445963073717,4.82122227183722,3.0990458396166876,71.15353397757528,46.11171110188024,32.064987883869506,7.167702044899368,5.019295364647323,3.717254845999586,64.41567059074254,46.12875617766036,49.66696212144862,24.140797281341413,25.207738239284023,22.1952148495688,92.11904733170957,49.7529333929329,48.39548972717313,8.23452745746777,6.4151366696665635,4.133241493357056,100.87489211242907,47.21968107596867,38.64758132431014,13.109525714175216,10.432761078381558,11.434153190811804,106.57573904349205,42.886132470713044,17.047356105804422,4.710762446383037,2.9727981227387112,2.430868279076633,0.9846852599043422,0.9385368312278902,0.8941609559946982,0.7069904686511853,0.6563105330876984,0.6539709433321689,0.9298082282634853,0.8557395584023909,0.8855871780825545,0.7608584866504725,0.721829515006575,0.7654419664372593,0.8326000423455809,0.8281602992994814,0.7641078611213116,0.4284485209665272,0.262013069122235,0.24625574501554018,0.8467690624539673,0.8527992280807448,0.882049007979762,0.6930599196630708,0.6264430484014729,0.573039662137906,0.8607154182223603,0.765539418360595,0.7145734837383997,0.30697658068062866,0.356914238812272,0.23073934820872158,0.9565652424071626,0.727179599201435,0.6800277385218308,0.36433833956529993,0.47667008896224194,0.3775841830105319,0.8855806780562072,0.7044122860710906,0.7078299426289075,0.5006983102884163,0.4059162522191729,0.44701232208738545,0.8531915347979515,0.7486865912951426,0.6477810526028239,0.325658035063353,0.1981615308853817,0.23176828820723475,0.8969508456623004,0.8681256586440375,0.8160694489776222,0.7691590918985616,0.6506279948194078,0.6154388255691919,0.884479817085869,0.8339446517874033,0.7731073977272072,0.36380254059618833,0.42813614770019576,0.31482780770158575,0.9833504855507192,0.8589359169759732,0.8178264467486377,0.6288172388993735,0.7053182820162884,0.5691833306672464,0.8540117874693379,0.8086634204163697,0.7340462401928287,0.49319822172831895,0.23477551305918123,0.3009260357980337,0.8097563074037315,0.7179243055649408,0.7635145640657565,0.5424492384773929,0.4027066383746605,0.4958632013390191,0.8524726272742309,0.5833421348028074,0.5918906318117425,0.35175023493109536,0.3445113111607597,0.22890217822229195,0.8724221420500311,0.5138259678524542,0.5070411766567947,0.3319231358748263,0.27352612959410194,0.25437729607848925,0.920749847311193,0.7961045721015144,0.7449545569695599,0.319282023914045,0.32340762156243186,0.26304978940493484,0.8632147401030918,0.5950830882319827,0.6204276592492379,0.28025319859677483,0.21563648034055533,0.19222221551816304,0.8586685501380947,0.5620157566826836,0.46962722666566936,0.17586704556431695,0.2446152845498682,0.22558360287679294,0.9219393733471853,0.8165515471729596,0.7857040043009788,0.43679767458270724,0.3653943508649846,0.32391341519660455,0.9165226885482797,0.7599914949524262,0.6243191141981184,0.5803023857395239,0.5606535332253323,0.41281090073843524,0.8995022118832733,0.7957406498458712,0.7107225133255686,0.49033731269243697,0.37524478198708155,0.24479522394727873
lin,rest2_vs_type2,1,MentalArithmetic,Type2,20,20,879.098167,439549,442049,119.1099842334137,49.13170143862903,11.133813898391555,9.70705116661828,6.821490562628587,3.5310562849335767,113.12335173116614,45.629151124078476,9.213849304333126,7.620975416131448,6.273882233123295,3.027881277007693,66.77246908388479,32.14055076495758,12.495004918644474,9.327210295940587,6.740188473414043,3.591968421665017,57.16831085049043,44.48422474959473,25.493724430374996,18.867255330067707,21.63852079871269,20.058959233558742,50.397618403507344,43.580562362251015,17.680009508882836,10.41762487676299,7.137027901065122,3.819306749257786,54.083989275309584,38.56139505147295,20.079998948934378,14.065029283972452,12.736002324664305,12.774315940172926,49.93089739244613,22.61920342148883,7.014651246646295,4.305061551892889,4.154120289351485,2.5149315967541916,0.985677175380205,0.9054423115445981,0.8471400630266309,0.8083142875659413,0.7155242869404534,0.7429755320208218,0.9312568578861066,0.8434023959704987,0.8365311152166303,0.804860731184023,0.7369219436246556,0.7477485536283736,0.8426553810940391,0.6281168277243986,0.6344828272619796,0.437714423439901,0.33547544994583023,0.21400534888862102,0.8647405488326102,0.7556224296159658,0.6352055412146514,0.7750796117848784,0.7148680978381483,0.6793088314698036,0.7688298557216315,0.7502216535182715,0.429055070764193,0.5602586432895665,0.32343358425384416,0.2557032601278233,0.8386370644816297,0.757192622250525,0.5102146826085922,0.48731028279990624,0.4426886947294094,0.5555030306595895,0.8927149941140565,0.683429396343906,0.6095541592134651,0.5491484364958487,0.4287966163695908,0.5330722445367903,0.7985580511539448,0.6024711975482673,0.5713077883417614,0.31809081075205003,0.3137239397271177,0.2136889686143437,0.8470513562185941,0.809354729126233,0.7702644586738557,0.7003915435859103,0.6098934893069906,0.6569847344712502,0.7937353014887011,0.8802868157023325,0.5984535287848036,0.5825540872920303,0.4222353054136604,0.32413658249047445,0.8953904942506249,0.9112894054854503,0.6963754285264627,0.691959349552836,0.5950007568828543,0.7133617986595843,0.894787362696837,0.6625571990950249,0.5795646428902155,0.46759034109928416,0.2663647945852841,0.2022463735760255,0.8626662142923016,0.6218331013870056,0.4816982948030506,0.7065550418411155,0.5514896545516608,0.5914103327320493,0.7635209196396943,0.58326966711967,0.29877609004206845,0.45327916239500315,0.28289088995902417,0.1974546720548838,0.7290618231268599,0.5501633464943643,0.33297993031831774,0.2762932294993295,0.2628009564042449,0.41658767063082763,0.9178100444394003,0.750463764333153,0.7179113964877406,0.4981179986468164,0.31564413155151316,0.21634733801785927,0.7332228057639368,0.6532059933107095,0.45828209557756383,0.2652131805257872,0.13719815807098337,0.28816395714145265,0.6587541257415656,0.5522591198734786,0.35782693686237266,0.20063585135794096,0.26130044595862445,0.24298082420870995,0.8437093219596132,0.9114321298691571,0.7555300357561057,0.6033464883140497,0.3472241901481322,0.30688027125142014,0.7604050173937876,0.7773327293708772,0.514686334249024,0.4537419125526228,0.45236313982707055,0.5709516570208829,0.846034594230499,0.8675724160085163,0.518433809418392,0.4848806891078664,0.3762846391665013,0.3125111802135636
lin,rest2_vs_type2,1,MentalArithmetic,Type2,21,21,889.101961,444551,447051,129.82841332388443,44.86461760107821,18.617584713552468,7.3569563245093335,5.7464285838692755,2.7077247961287623,111.06981361432354,42.39689587533714,24.910604854644188,6.384373945597131,6.108662100153082,2.755089444082281,69.55165494631156,27.191834331765612,10.783877013802208,6.476657824649425,5.165626141758494,3.063231709548033,52.18331293246513,30.478975896256806,24.78484595735202,10.397557856495666,13.083929865366775,10.985788936525251,57.85678054139903,36.48900422055931,32.964909023291526,8.481630468223099,7.957277742107863,3.9124533130413495,46.53299513069574,31.838813820776615,37.8451372773667,12.01301608024719,14.993507366148403,13.065715462185704,50.354383661506915,20.989881058623244,18.799491980397423,4.750106270408431,3.38351094584957,2.03705777760703,0.966431392018651,0.8949606664814128,0.9191720468089256,0.762319829059157,0.710816059237119,0.7871474212098524,0.9520011512489814,0.7598562929850634,0.5297053660295026,0.6677735990409965,0.7479192054214547,0.7402488972417386,0.8760493993130076,0.7130196111467897,0.6118713580726836,0.5442752300371471,0.4514973724265534,0.39283159028558057,0.8253523469479922,0.7162605906513387,0.8811503317498532,0.6935896141728801,0.7548551578261593,0.6706848460844542,0.6924286811878423,0.6396137470194747,0.7045561886095414,0.36709932178714133,0.3517109578070331,0.3277701616561815,0.789834942905733,0.6903885754782879,0.6305365577224867,0.4178407978606549,0.49569276585843786,0.4943333502338485,0.887102710208652,0.5470010019891318,0.45327548848730254,0.4631240447764702,0.5047191392894169,0.6644613823856244,0.8045259001022692,0.623109747382245,0.5287300967525755,0.47033472953041316,0.3444910919406586,0.34024265198093495,0.8530435838336384,0.7612100561212233,0.8814221622651243,0.717675198200269,0.702197332149663,0.6251969808172947,0.7973080455161563,0.7882002245936439,0.7862035722214196,0.47790774436271377,0.4682996522296861,0.36296044412851314,0.8864252578144041,0.8286823298797177,0.7392240724938997,0.5635126802702993,0.6943581081512089,0.5887031544790428,0.918236352805817,0.717930822032363,0.6974207035285607,0.4413360075610352,0.47261510534235845,0.39127464002459633,0.8373353424246801,0.5724882377829336,0.5718798266090649,0.4844760273328753,0.5676493350040523,0.5684649368376926,0.6157739713179337,0.44964136372041424,0.47872004098731463,0.3965842210640184,0.2835016338370281,0.3150862865841739,0.6671712163046766,0.4804031766339736,0.41509922487798134,0.33760064084076424,0.3410600565978795,0.39044943456040193,0.8439352937986414,0.6920269122385735,0.6836744925263434,0.596513273732131,0.4568854240396926,0.31714122636328734,0.6072470809720732,0.6101836882574875,0.5944159682464095,0.24773845626842037,0.26507666884404923,0.2559894937861375,0.6118973814682248,0.494868959632796,0.5062444863838467,0.28499882949479893,0.309656525858801,0.23935005648681013,0.8033412881116648,0.7213811707212614,0.8325861246656489,0.45803981398889704,0.4942553431254998,0.4268469162468269,0.7074300784409849,0.6025769309453993,0.6602006343584739,0.42659318177786176,0.5477781623680466,0.5216191180135384,0.8888740073574648,0.7780140158823111,0.7546720494774048,0.46563721737435354,0.36621366886867535,0.3863261362062022
lin,rest2_vs_type2,1,MentalArithmetic,Type2,22,22,899.35238,449676,452176,109.2261202782425,91.9063782767303,26.281527441656802,9.057961662905386,5.307674213573328,3.417014563053939,114.63159193806526,77.94994801236659,21.800603674484936,8.889974438014834,5.631388001019126,3.5773931427060877,80.25428670127458,79.51068097533779,29.049287071006034,8.53486544455006,6.09817282195363,3.2223420024209743,48.920290360226474,59.33756499143853,40.82737727519566,20.804831398464433,14.81200288632816,14.936952750761051,44.184366424940386,61.2642242855829,37.11033492341516,12.137205931132339,6.9049402470099785,4.010767235481813,62.05902302035893,45.909546262782506,25.204280928698935,11.806152532144317,15.555783335058443,11.095538325107938,98.15423207858636,32.625020847252436,13.934686634152857,6.338426853538858,3.564364191901055,2.8869316702585803,0.8234559400596294,0.8488576359233962,0.8751598578633899,0.8592245225844903,0.7480410924513968,0.6989714311129819,0.6463703584415453,0.7713109268138855,0.8277902898687725,0.7769248893134499,0.7099159660402569,0.6245027284391106,0.610518158856911,0.7762940140437576,0.583513414904844,0.351300595411712,0.36403874569829436,0.16801774535375763,0.6224844824969527,0.7876369154546953,0.6953639723453444,0.7573402862242343,0.5799399397235145,0.5758097582966311,0.6057780409392531,0.6739462250698856,0.6364738687194567,0.3234650024452705,0.3230969108020102,0.28881725407782954,0.41270334773739664,0.4573854052269232,0.39946197186315197,0.5310663699823273,0.4219561469142709,0.5237618717255589,0.24638437222667675,0.5081323968962805,0.5749026221931091,0.6122344526351423,0.43425762127175493,0.4728476509827022,0.3233266378951906,0.5696613427550091,0.44752250556967993,0.2820400027031868,0.2793531796743158,0.18232512995651223,0.6360805388813767,0.7724482348290866,0.6949308290957432,0.7533759490951221,0.6523584412156483,0.6021417173872178,0.8672948822435732,0.8270362693898883,0.7121688080290605,0.4437816808472123,0.4712628812340484,0.40716326897641614,0.8112542849724634,0.7397900009715961,0.6888513736958561,0.7128465883325854,0.6757583943746627,0.6473534292301563,0.7981562401405773,0.8525724143853264,0.7289874874700563,0.31835485821099024,0.2865649823213473,0.22137453428846818,0.40112890557260944,0.6465382314748296,0.6001709130839197,0.5712869685665013,0.33795160804328506,0.4136071813638011,0.1449531069724422,0.432162759703597,0.4670387513064279,0.3484797084654448,0.12799296261756643,0.23703379501798835,0.018021702029500902,0.26345903913818114,0.1462109352868796,0.3211962941729042,0.2802130071610261,0.3439490701984145,0.7076200111453214,0.8046555803975739,0.65459572558496,0.3631072758244752,0.3330640771958064,0.15612537685331546,0.33507268699572723,0.552745755278781,0.5128974126413901,0.30758998181718666,0.15463164281834402,0.2122984452405944,0.06720097400008866,0.3361076806680246,0.23893576143387957,0.2411826133712744,0.1707454248331855,0.18754648877400373,0.7629444438686924,0.802277576027867,0.7959449831505936,0.4814047958236726,0.47370938357984355,0.36269180604271045,0.4234378753441023,0.49713422125232193,0.4321188054464279,0.5249525509713103,0.39232220724322603,0.40714308118813775,0.8172810752920062,0.7334534941698178,0.5784411703106846,0.41446784914745793,0.31996723687453094,0.3622550656436051
lin,rest2_vs_type2,1,MentalArithmetic,Type2,23,23,909.895661,454948,457448,32.114009864306865,45.82873342950269,32.53804050927915,11.313761803399194,7.278539177905617,4.232745795894188,25.021130241614653,33.40221068167373,33.039866417730785,10.823528378011323,6.6517957916710095,3.710359293786191,31.257076753406874,27.611205311523904,19.76335401722554,10.029239344361981,8.883081221656159,4.676427178808172,28.67745809864765,35.21423105581441,43.18304508329737,20.12728018462302,37.9777907136275,29.67709497453506,20.922226483983273,32.135896797323035,39.74760151418415,13.09039183469374,9.908505814380085,5.5997960310479105,23.153486260465883,29.2627600155889,35.25967135288769,14.176147912990587,12.3333443597435,12.197012147248069,12.413806913398263,16.161105863083066,19.39773951546832,6.803580451855222,5.021263476574362,3.1624184849614054,0.7375995510542962,0.8613505488558397,0.9440056738578603,0.8662677587670649,0.7219542087471564,0.7534362049061821,0.657519257741769,0.7734262975626661,0.7657393848413884,0.7552393587910802,0.6634843423864498,0.7087629420273082,0.7046406482228648,0.6891687141081033,0.5975594885404771,0.23044788942431266,0.3322056832255157,0.203871853291868,0.7868786377880562,0.7749804430669254,0.8628714504501159,0.848829945932093,0.569009657225538,0.6233232679508341,0.5410045392257256,0.5799429504855897,0.6674425673177122,0.39131820182585064,0.32953084037988095,0.38016797173725014,0.33019907225937356,0.45430292654005533,0.7262223036234638,0.5252345184850786,0.45760562482418,0.5397815085554377,0.2691915952657568,0.5297286688717693,0.6589472611035628,0.52151229887937,0.37424449118389397,0.5476865066627777,0.3446738879372815,0.6036873032381546,0.5626399647639272,0.17718966678654371,0.25468553509901193,0.19916522973029607,0.7574677545961501,0.7457992474117171,0.8848240693986812,0.8464443919520728,0.6187748416858564,0.6512522614184991,0.8111571380279846,0.707305792845631,0.775003753172159,0.5074974497214334,0.48359879052401966,0.37395875244379556,0.7472342783539542,0.6919649250691874,0.8223002861034571,0.7257297892383647,0.6881399761566939,0.6197892915833612,0.7444134573233415,0.6712437031943133,0.6800955230827025,0.2980969858749101,0.36584640663597273,0.2030925182758929,0.46899884997375224,0.6787549411589503,0.6690020556532961,0.6430382962030204,0.3832942579923844,0.4764692807566933,0.2134311619759813,0.38702300534864087,0.5174118869239005,0.23115039332773568,0.25900231268049023,0.33459391040181446,0.12854339311247914,0.24015503298558225,0.5726496966734917,0.2698373009188106,0.20486272059269642,0.41590009568667174,0.674820280468238,0.7236142563071355,0.6493579903799892,0.21087491308387055,0.2748988625556709,0.2098866726821434,0.3609896075744385,0.5016923031685343,0.5277178919676707,0.10526835611245619,0.21599101825981287,0.25293966079305213,0.13400349714097973,0.2456579438409464,0.5006470166077188,0.1595948581779647,0.1371094485413083,0.18688437791560342,0.7600019469524327,0.6912649030538356,0.7582457998738379,0.5147785851377605,0.3835449796777442,0.39726979635923154,0.40376898015338675,0.45140204873046846,0.7000134299871459,0.5545259248566154,0.3600225515524236,0.5432351009204142,0.6628205735241125,0.7833964696884499,0.831186947307058,0.5281198562877024,0.4617275761075915,0.37700574857316926
lin,rest2_vs_type2,1,MentalArithmetic,Type2,24,24,919.987301,459994,462494,36.24277700167942,21.769350406144845,32.89669610583006,8.645321269026352,7.873260865721352,3.0863686631351626,21.360977920568025,17.142859473837174,28.63730467752694,7.33224022447355,8.175475353176987,3.2605842524360695,45.409185476280655,16.810735523206176,33.94787142089327,9.031635358847906,6.979214359847192,3.363798435874137,35.21144565203505,21.03038347349769,42.228470235277506,16.084115255804253,15.120782930035151,16.45760171908422,37.184124782476125,18.998146731877156,45.4959733325728,10.495116325053734,8.143074051570764,4.894617844726846,21.876433019755872,14.644311623362928,32.32434274947589,13.281354822539106,13.235459999971981,10.844795657190893,14.205686289551629,10.039247441582031,17.18625681552071,5.3803822105051475,5.20146857249556,2.072117953359407,0.8588211033144644,0.8994750718357004,0.8581491060364609,0.8100877961439104,0.7112687805459903,0.6990225013692712,0.9564891723865016,0.8032037218788541,0.7659940397758025,0.759793367716535,0.7294696997679477,0.6559223331909864,0.8919158248364445,0.7356057007139822,0.6187248579809367,0.5393977258117802,0.3530716042216464,0.20993638356648933,0.8400580404072123,0.7476341513577605,0.8518369126399168,0.7636687491948037,0.7273974042872322,0.6399232233030074,0.5722544313918284,0.42829678900479107,0.5221666079184821,0.4791873844643883,0.2560248555828572,0.19060263908951264,0.3976627612107593,0.3604238357416799,0.4788380419332786,0.449356631856156,0.42532828010571455,0.45299343999907415,0.784913931730845,0.6575497848675427,0.5262659023356293,0.5779093430021636,0.4369902477248071,0.4070914420231938,0.8364462942982164,0.6419065441154796,0.48702813493600805,0.482329082133322,0.3071034812199893,0.16728348193786352,0.8844357715899199,0.7730102883278843,0.8404091319132438,0.8645730335561849,0.6644158591330348,0.5999956401534836,0.7781574721292269,0.578660861649603,0.7046093942941739,0.5348798193830713,0.32572952564159824,0.3256999720731232,0.7003684659084787,0.4753422981218147,0.737875759194143,0.6488220738419608,0.6896996002956381,0.5687589706801699,0.8909961844539306,0.746147489698352,0.7748318125568158,0.596573269034072,0.3505399721108103,0.1782666314460505,0.8241875589392121,0.5663115511452883,0.63058697915762,0.5494179605029965,0.4690795582783238,0.48661859061935586,0.5810875500337191,0.3133060349861306,0.328211968549721,0.3066061224856637,0.14001589611339466,0.16401622420115589,0.4065642197222015,0.34172849456602084,0.2680141205982952,0.32953692566293924,0.2956875506636831,0.3192639779080929,0.9547596923332743,0.7066925838966864,0.652374517507931,0.45404461066873564,0.3471108140697273,0.23844066187595547,0.7144993887190999,0.4401580329827639,0.3930556107488657,0.33808967846791077,0.17819091491640987,0.21004468034759133,0.46861292750669303,0.37660153827211695,0.3555580609474012,0.3058525251255101,0.25005215392792823,0.1824444859320828,0.8120553025256196,0.6301575696808674,0.7189497997956532,0.5783058034113325,0.2953988014585762,0.26056602172511617,0.5778497448728569,0.4354731589624974,0.6321019890936471,0.5446635031212403,0.47226853734290986,0.408900002864014,0.8119460240888801,0.5824279013123967,0.790516825900528,0.6006018995036618,0.28686182170065905,0.31355445288212097
lin,rest2_vs_type2,1,MentalArithmetic,Type2,25,25,930.2443129999999,465122,467622,71.15094472420112,41.23273356397313,32.2121272754325,10.388225903290037,9.03628320054797,6.000553193475763,73.19559622240628,40.84375392790483,28.573636910030775,9.98274697052507,9.225032770517073,5.79033589218679,30.96485655978643,24.423588934910708,26.881024448102405,8.857997623059939,7.781287739127281,7.50331855677268,30.33563213446858,23.78422843845849,45.71528146923927,28.32481438868492,31.26056341212586,31.37416288824742,35.298645831683885,27.969958546840427,42.83788516616982,11.335170373904381,10.985026462694513,6.96920980411612,41.202631019568216,32.17483756763263,49.866986007857804,13.702520550132824,13.100145149042996,13.04102350551792,48.67262130119797,22.700280496605092,19.263798046742632,4.798929348697423,5.084192641736551,4.301103469154522,0.9694533105713753,0.9263116497860544,0.8836314263479792,0.8237257095006402,0.8082017069039337,0.7821281419681508,0.8475651474454278,0.8131873012166921,0.769971002564754,0.7428772042813517,0.796633063709877,0.8300410890299523,0.6602246247326656,0.518321848483078,0.5899767317984692,0.42747743025471635,0.27611184715233833,0.23659673044193683,0.6986826740782254,0.7115405082889104,0.7602073185356986,0.7957592053554856,0.8360935068188254,0.7122891832943241,0.6065290528960509,0.5115751582342699,0.5517790749161117,0.5461606353992201,0.49238607675214807,0.29186160107764003,0.8604530838693374,0.7076855458019359,0.5914582452116455,0.4839306088002685,0.5367235272038382,0.7320282683981605,0.7752291387900945,0.6454486389580525,0.5841106044747935,0.5783793645871962,0.5586946225602801,0.6625246479784077,0.6597354802211215,0.40169989671637046,0.4888936161862052,0.32219159561978084,0.2027557182120475,0.24141013193390076,0.7306614713433276,0.6631867928265633,0.8356294186113479,0.754700844968642,0.7890493800387357,0.6673363531539104,0.6911010169408508,0.6378045129053607,0.6879751775157237,0.6453189553912878,0.45577679399775056,0.35850226056246964,0.9330123981261673,0.8528058930664639,0.7493234118438528,0.6667223914145648,0.7560655009250284,0.7274841115714712,0.7452050620438144,0.6147988270531128,0.6723604188590299,0.40356408981529474,0.2941123497491024,0.27668815111953343,0.7604716076815147,0.6948944814772366,0.5710884001784107,0.5718934977940728,0.6415038874859633,0.6851163572168697,0.4722656520623141,0.3968222397471934,0.3819946144515024,0.2883238744651466,0.3721874256153596,0.32156066657843074,0.6745955938497762,0.4656372264856035,0.46864598097554555,0.4102058809922731,0.3889112200745038,0.6477409339521977,0.7539005537597502,0.6240300162385042,0.5723018581204932,0.4215565357433192,0.2217734524685846,0.22088526015846333,0.4436793436727681,0.36881402225496945,0.33653578809455204,0.28334132744002816,0.20385287466093743,0.1725413636350694,0.6236290826119125,0.2790197078033954,0.3914830986334172,0.27860492084192157,0.1835338649519753,0.2502394910350162,0.6632883520785104,0.5537613582016973,0.7679336551628463,0.5906703310195923,0.5317575510646672,0.36729387454497575,0.6937649521230908,0.5553142789827181,0.6677456715213033,0.5060273494636284,0.5327551042560369,0.6023810075174548,0.766282310443631,0.7019250380167176,0.7156543936231589,0.5247880453829826,0.3973800263843117,0.35055190401084313
lin,rest2_vs_type2,1,MentalArithmetic,Type2,26,26,940.5874660000001,470294,472794,87.3997809907469,74.60824871280364,17.25742823636777,8.196175260421475,6.61105162944503,3.1633188705695314,90.99254856661803,82.37404293217266,18.58178084715909,6.69713028636995,6.58785530607135,2.7063706201913056,26.75993792525669,35.74837050929696,14.808582821832266,7.326119005943474,5.0558949531499975,2.8544510673883257,39.389476364211816,47.616190027849846,32.877887147523744,35.99541378267908,37.277511156501824,36.22662132831508,34.968780912884604,57.94737186592657,21.49016382474177,9.397653512558522,8.60283705149619,4.599112062301222,49.38198260899714,51.01267282324342,24.49805161458682,10.42626355050437,11.258936106972556,12.530873756353142,56.58799394702931,50.375475654454114,12.226249916097302,4.656687992384874,3.429142682627859,2.2272237610064423,0.9722066656778457,0.9037958250643024,0.8700864399459268,0.8293113320794088,0.8015578762038823,0.7896305868257778,0.8729080457861255,0.7362261011376252,0.7389683690505542,0.7363290783330669,0.6951833498156603,0.5819783730911126,0.7232062333939142,0.6974590139498477,0.38378375833322814,0.3261794691346056,0.22829996881473105,0.17068488971138704,0.7895746733982785,0.7507074782227291,0.7608924711876428,0.806142507731014,0.6566569689533857,0.5716337022752899,0.8350825540488054,0.6149324068126004,0.6078592607195724,0.5510139870291628,0.3993776970448518,0.23068761023909817,0.9239741054874799,0.7199397141482686,0.5650725060085197,0.6327051472420528,0.5737635207251794,0.5699328871858917,0.8099241200293531,0.5619736844148142,0.4972990739507674,0.4776917441543166,0.4462883534703173,0.4656359140988495,0.7226142239114656,0.6556028878677432,0.32037641202058487,0.3086441503977415,0.20418039440041066,0.2062635316565676,0.7954002037085269,0.7620750511162463,0.7787512520557212,0.7191370848513972,0.6672234112168555,0.6065568727420252,0.8731152930902636,0.7732256899902925,0.7235139137656912,0.5484940590890919,0.48402781097504216,0.2507601937435548,0.9659191791019143,0.8967806867344263,0.7530864011143672,0.8395436996639427,0.7713195380371556,0.6824217148903451,0.7978446242619622,0.7316833780232905,0.36705100103555033,0.2792348321224355,0.24257589051493306,0.2001866781800736,0.7329544124125061,0.6318595714938953,0.6071516612853639,0.5680567349605881,0.48788276679917236,0.4849433604965869,0.7627618255626826,0.4371100573398928,0.4874378496549202,0.39295292921022984,0.37030431617160875,0.24641745972204576,0.788114137646812,0.4351177989078353,0.3441879778685538,0.3877664434517259,0.3210780279664899,0.39537258962740846,0.8487060445020717,0.6429673238629593,0.480813110146942,0.38050570785467686,0.2868514417201884,0.25073680009554744,0.818994363318664,0.5527157782431691,0.3162568265178996,0.17447465050089392,0.22605642281065447,0.23525907597241252,0.7130648555745922,0.5192421934724669,0.26641802062111697,0.2702592818814246,0.22268951296821501,0.21218113837855007,0.9296776487898398,0.7534680857173848,0.7767953321579181,0.5304013925728313,0.4868480355613425,0.29718733028098054,0.7601770234150331,0.6950228374122498,0.552977896983786,0.5761186723624074,0.4709023764180144,0.4140633304551977,0.877547576819091,0.8792059482731209,0.7313782720112098,0.5460660949951415,0.4189178936713668,0.25444448763081173
lin,rest2_vs_type2,1,MentalArithmetic,Type2,27,27,951.105367,475553,478053,62.47617969171761,43.85505561867359,24.520086850568,6.282911373899638,6.708785599096853,3.267027321164899,62.94239776876909,41.79806200673063,19.82106760937341,6.412252265485616,6.896705000538728,3.1225902780623183,29.408659394777285,27.40025629631976,22.65905148258118,6.325823397401192,5.779275064474639,2.891457998700802,39.60069452967157,48.863853434075686,44.42201851831917,23.212542020141314,34.235712877911354,36.53579179167032,47.68588547032433,47.33192438641987,27.39932320237679,7.223136779836119,9.096760985862348,4.58852552082497,46.24441664110637,32.44832002691608,22.868955368054515,13.002256180034689,13.292556910615389,8.903390795030115,39.292445251317936,17.148306451433132,12.173996247848027,5.116262594701727,3.2246441811399587,2.162581978854059,0.9374646038345036,0.8914936992538112,0.9363802107938575,0.7861237937366834,0.7950766379664089,0.6844495983177927,0.8857774531659501,0.8020266665862362,0.8984908600939848,0.7330477920255898,0.7352793363597423,0.6791041051412262,0.804659218859732,0.5845134525722823,0.5391246805499532,0.27685523881371077,0.3847016748793834,0.1538477841588395,0.8549475396428582,0.7586204884021681,0.8606700914925746,0.7185958392036493,0.6997430203840285,0.5838566500258754,0.8637281238619826,0.6014161351756042,0.7814233846495083,0.3315426968429027,0.4356333285992802,0.2679147181964636,0.7110109937906143,0.64074718215663,0.7000186162193871,0.43219479820362666,0.44814176130280503,0.40440203242687595,0.7541309486684954,0.6482644013506267,0.7718517591999682,0.4186696763926841,0.5413754837167156,0.4187197359055909,0.7041378596468021,0.5722963185054585,0.5717454978485701,0.2657203832224946,0.3443958782690493,0.23704888341387143,0.802484016554094,0.8548660361128686,0.8704249113240927,0.7014894432479295,0.7330019937321139,0.592673176585332,0.8465080703321536,0.8045369375436358,0.8461535117121753,0.5304619174192069,0.6325465526223581,0.2752835968789827,0.8012226276155202,0.7527954101701728,0.8265150035935072,0.7284630074295766,0.6658429314655158,0.581593920563195,0.8557386279026064,0.6402699478804725,0.5575459878736948,0.24013879935118773,0.32197907353886646,0.2436199823218309,0.8216996419315988,0.6305998750571529,0.7840572430002092,0.49959140118142126,0.4601964874887807,0.4615402850962811,0.7425234821402902,0.4456088467513038,0.6481278594043157,0.19222053282002668,0.35859354415781725,0.23997637650944864,0.5590611687755914,0.5134307059780044,0.5246621161341098,0.201273906452012,0.2273504164378056,0.30479491915435336,0.8337033314733899,0.6514062082519539,0.6202593835070539,0.3007635454869116,0.33701378029225804,0.16453878259430565,0.7987052483924835,0.5529262887383402,0.5103233675767371,0.22359016662572367,0.2813929796107982,0.1365491467242497,0.5045295357874776,0.5147237273333245,0.43864213275552066,0.22369129586364142,0.19262301017554007,0.3378628872122756,0.9072358532643592,0.8499514649092363,0.8528633465710096,0.467876684441766,0.4737113782688371,0.3058559079072626,0.5857727642580063,0.6257616970975026,0.7253350809463354,0.48608132278034777,0.5061172408503576,0.392545307871596,0.6748734820105401,0.7027715183894939,0.8473711815960536,0.6096961450643291,0.5131131485550636,0.2507729988923076
lin,rest2_vs_type2,1,MentalArithmetic,Type2,28,28,961.1060500000001,480553,483053,114.29239955532037,61.788487628283434,14.121048100659308,5.882685376105156,5.733624752578925,2.813991311910361,110.23850906816044,56.48243743119065,14.123362170858854,6.1122942803186255,6.532040996474541,2.671655938983174,57.1883585179966,38.761427140611964,15.858955949353934,4.630484191523931,5.788705624422754,3.1196662735874594,63.43872504801735,52.41486478973416,31.55894686653956,16.78405920926458,35.92677636526956,36.60871157651641,55.116002341863876,55.2147566994761,17.808350738214195,7.350822956906496,7.455374986854235,3.8766304034172197,63.04601235717577,40.811190396888705,15.704891095383665,8.330390744690723,12.299006236236849,8.845448178178621,64.74506432975555,25.211053322115703,11.955545359081697,4.761378076500172,3.7193990528296097,1.578978069278089,0.9817608159325252,0.9450904180294755,0.9155141808011253,0.7511140438314706,0.7693793869710092,0.6651344802597233,0.9448349015758847,0.8424715364139924,0.7488856982503057,0.6303823949288081,0.7702292455900598,0.6851051966065991,0.8705207015935565,0.7294027979981454,0.7026410116079853,0.34213136807164213,0.25842034883227016,0.16107307113021585,0.8967590499827898,0.8396006304165672,0.8542880307862506,0.6835147444950413,0.7146739475462621,0.6220664110052608,0.9081591988527081,0.7923087301331532,0.6926753312683582,0.3317914293723704,0.4521776181321074,0.26819768638576374,0.8712183314063005,0.7707419235071796,0.6053181688188879,0.36372754512629585,0.3492165372836366,0.34619092669044577,0.8911176742710887,0.6977630272344608,0.5800325548661069,0.32525505866537774,0.5071395087659563,0.4228268613175657,0.8679151709084522,0.6437591558681649,0.6098051883042588,0.22161912597918157,0.22655474423100905,0.19298561412220228,0.8996555159777064,0.7960332235698251,0.7988268129754191,0.6811424566694296,0.6556623142525685,0.5479400409350359,0.9468370324821965,0.8367011657589507,0.6744435873716151,0.47244384143423224,0.5160338379701123,0.26414189007082645,0.9296182542593158,0.8866338183346731,0.7437149486707808,0.6157516845878107,0.551645215705538,0.54604484734278,0.8433571162098475,0.7427324937885157,0.7084916081069705,0.291007163520462,0.2517387363054975,0.11638125819063103,0.8535606445460283,0.7379063410296965,0.6887184354410818,0.3765603140793151,0.5613625461180861,0.5130634801197367,0.8358433798367343,0.6413738899820409,0.5153002552458419,0.15684530499436763,0.409394755786188,0.2742449171380174,0.7721169413154074,0.4915588421824384,0.4667688907494133,0.1987847987849622,0.24822977211788988,0.2606711323477401,0.9757228929069242,0.824369531610005,0.703911950046591,0.3088369700705774,0.21853047061989161,0.23090768504809348,0.8943368627765033,0.6782309674229733,0.6354439969781228,0.20204307460530804,0.1623615516912091,0.1898469246068589,0.7742504135089073,0.4969925900496474,0.5092793302426586,0.2572402779119781,0.17309441918426066,0.17235769841156975,0.9362403799408009,0.8500665897207441,0.7156121761190863,0.45823866658992884,0.5332355611646664,0.2616032542145603,0.8091861851208989,0.5971968179501912,0.6163328319113213,0.42649728037176293,0.3705473551045984,0.2872627951470881,0.9350012089722552,0.7735362843587085,0.5910490206537024,0.4570312618308941,0.46850895125284825,0.20090683557919026
lin,rest2_vs_type2,1,MentalArithmetic,Type2,29,29,971.08189,485541,488041,95.77243821524904,39.293901863002795,45.69783917791909,8.337551682390803,6.598550428445454,3.3098704192957884,79.66700573201123,38.93679658283699,48.09606442996423,8.342297722103405,6.595839805898851,3.5391577066268938,53.860227065902926,24.834373018245067,33.59694025336268,7.826486132977004,6.310141423874771,2.734368949476337,49.365318965548525,40.690028756890406,43.30707673843409,19.331190513418147,18.485169237776834,27.192292200286943,48.009824491132676,38.14195086585265,57.56023734330942,10.385459111840094,8.095866894126852,4.014240685398944,43.49207501249655,38.90820083140371,51.688408819107124,12.826286056434775,11.816509863356675,8.191124511720005,41.825746755268575,23.626701881151597,29.572542758736443,5.237951030444463,3.24914690195515,1.7891735216943305,0.9123635791930993,0.9013700449319015,0.9339930082459802,0.8318926042502766,0.7251466577517129,0.6596388252010114,0.9043605227215439,0.8833740559273318,0.9046072082173454,0.8245123542449814,0.7885748660654857,0.7251171888076888,0.7405937691010259,0.7000467428106841,0.6855918488447547,0.48469421884305797,0.33426857437253604,0.18546075874493756,0.8654698099623896,0.7212379094488193,0.896024914422054,0.854068883750751,0.7858881657888694,0.7136285787517845,0.8089520308,0.6236192798731657,0.7237060594707875,0.5721191924612902,0.37474241087983506,0.2940102555357869,0.7310081092964733,0.6725518703111134,0.5954705826297853,0.553107243378263,0.5091080700518564,0.4263234323785648,0.6909455160146211,0.6958709985708067,0.7860685445603341,0.5740631858158903,0.4847821898288801,0.44312772073021106,0.6016303843721927,0.5437298108301891,0.6370768871516217,0.37363988321237596,0.2857397614331253,0.16803022390821365,0.8515064386391451,0.6864236346878357,0.9352933666273741,0.8257088674420008,0.7329624458776179,0.6193829101496819,0.9459785017864745,0.7141497623476336,0.8185120782876798,0.7033576064102128,0.43887878643527384,0.3790377871809142,0.888862136358126,0.858084091597693,0.6902060400636856,0.7227875742893319,0.6470170588768351,0.5579625281025111,0.7800519285468633,0.7998837297426294,0.7104761874640986,0.4729043407359687,0.2892040614975539,0.1917415298714183,0.7262751757283864,0.7241589850878588,0.7982195133610509,0.6361623578362712,0.5491226152654416,0.524465261047176,0.5768054096560609,0.5317728669255982,0.6251777696567101,0.3890823920441212,0.3140503102713766,0.25685357313628654,0.5010958308181711,0.4463115799910749,0.4711397196885946,0.3150163834465624,0.38465592066537196,0.2815434444345104,0.8027270107152967,0.7137438855394163,0.7521291251198571,0.45819971039308005,0.2670373417268973,0.17463282546390632,0.5834568529984866,0.4980743740226459,0.7196311769682726,0.224039164159514,0.1530801955776019,0.21085103532411523,0.44665760121407083,0.3846079283863638,0.4806004945762944,0.2525593981097343,0.23160280023905608,0.17112892408918406,0.8487253446588179,0.8487909922733905,0.8868040355991511,0.6651711893852343,0.476694856363573,0.3456968113190785,0.6702629032706104,0.5148860088364237,0.6737225636127357,0.6414565436150952,0.5431645663405527,0.4296920848922459,0.9018121222291947,0.6717722871694429,0.726481170444341,0.6264714130343046,0.40926536830254595,0.29625299983416625
lin,rest2_vs_type2,1,MentalArithmetic,Type2,30,30,980.94401,490472,492972,214.6169901631492,166.9379391322708,25.448970001787682,10.512524927390881,5.345935334823686,3.6422205522694653,207.09437579657697,173.70678191444802,26.259205384719184,8.71307031886801,4.5625565458293,2.9045706430488196,74.72501095600691,68.95307814772407,24.32030875349382,11.982319813133353,6.892622850171853,5.142569121769767,53.448207796538235,79.17264318847668,41.398081837943295,33.343020757919525,32.65437163029257,34.506753497695875,48.12703159304485,83.63154032659251,38.3318694886392,9.760951008783431,6.014759636802658,4.104202506291013,62.98727225779589,66.05051976406197,34.365179123170435,14.964695802916772,10.343583371430988,11.411376542495406,109.93273490353124,74.94247665709868,21.473626032547145,5.331158061411178,3.3720973808617987,2.624429106790942,0.9352718916722386,0.9603353476485929,0.9087068061222322,0.7757440076163812,0.692222478770472,0.7655283706940723,0.736827648525742,0.7309594968747841,0.8123251939372578,0.719569769208583,0.7530505868234236,0.7392168690788841,0.798890289956299,0.5410952044732751,0.6371592827434609,0.3513307833430728,0.2245556041480079,0.2523226084995523,0.8536542085692377,0.741848770144323,0.8316996548329196,0.7664650123574566,0.632789810159678,0.6764551402086584,0.8371657056615854,0.7859870363332758,0.7048140140035375,0.5554003801970657,0.3718324680548636,0.23188819024964355,0.797125551176503,0.8508155660330179,0.6093024542652581,0.5699733193449915,0.4510736345292705,0.4409311395036627,0.6234389028877783,0.6335819167445129,0.6522043489419065,0.4595220406808476,0.40846363280907755,0.5132973581115757,0.7424092821953158,0.5362849985358269,0.6083097119204599,0.3026994827077174,0.25505818375048445,0.25900105080852814,0.8359281668410755,0.7583360674904573,0.8035604068676572,0.7583851445687289,0.6377959250604548,0.6016566951001773,0.9145973002543609,0.8640539225226596,0.8045320521709943,0.6835041119076518,0.5314981562502693,0.18948412378928292,0.9284405881008778,0.909675211639662,0.7891767021331496,0.8503385131017163,0.7058421759228056,0.5680002980845793,0.61120152414398,0.5864550367471713,0.6136057596190071,0.23755593906573708,0.19006144091608382,0.20362693368887946,0.6665514262110719,0.577209243410948,0.7823838633494854,0.5083264557713062,0.42358724369825335,0.5422072415257619,0.6006327777703823,0.5257819927962011,0.5629437363907954,0.3575370439850348,0.2623244808954269,0.22206880413622426,0.5787411818501815,0.5420199918291565,0.43934774104689983,0.3229950285738163,0.2751296949899504,0.2778733328781049,0.8465183324279266,0.640603465145577,0.765583786899636,0.23832481434533642,0.254340692021929,0.21804609078959333,0.7530696308755994,0.5637068971538923,0.6317459417549507,0.15703440381190967,0.22322710868900986,0.19777121908677792,0.6532834691690882,0.44897678979439015,0.41357035392190633,0.3078789638387486,0.1784682632510119,0.14426411588937818,0.9010274857579019,0.8152364045430843,0.8240413325792681,0.6777009107195534,0.4388333589441037,0.25116094295342095,0.7511137081618448,0.6314889599202864,0.5476662159648159,0.6484405963357788,0.3991815302372257,0.45309153656484497,0.9239780972721051,0.8826468290320038,0.7155065920705235,0.6482371087384372,0.49280149203766965,0.2287224115327877
