subject_id,comparison,class_label,class_name,stage,epoch_index,attempt_index,onset_elapsed_s,start_sample,end_sample,BP__FP1__delta,BP__FP1__theta,BP__FP1__alpha,BP__FP1__beta_low,BP__FP1__beta_high,BP__FP1__gamma,BP__FP2__delta,BP__FP2__theta,BP__FP2__alpha,BP__FP2__beta_low,BP__FP2__beta_high,BP__FP2__gamma,BP__F7__delta,BP__F7__theta,BP__F7__alpha,BP__F7__beta_low,BP__F7__beta_high,BP__F7__gamma,BP__F3__delta,BP__F3__theta,BP__F3__alpha,BP__F3__beta_low,BP__F3__beta_high,BP__F3__gamma,BP__Fz__delta,BP__Fz__theta,BP__Fz__alpha,BP__Fz__beta_low,BP__Fz__beta_high,BP__Fz__gamma,BP__F4__delta,BP__F4__theta,BP__F4__alpha,BP__F4__beta_low,BP__F4__beta_high,BP__F4__gamma,BP__F8__delta,BP__F8__theta,BP__F8__alpha,BP__F8__beta_low,BP__F8__beta_high,BP__F8__gamma,COH__FP1__FP2__delta,COH__FP1__FP2__theta,COH__FP1__FP2__alpha,COH__FP1__FP2__beta_low,COH__FP1__FP2__beta_high,COH__FP1__FP2__gamma,COH__FP1__F7__delta,COH__FP1__F7__theta,COH__FP1__F7__alpha,COH__FP1__F7__beta_low,COH__FP1__F7__beta_high,COH__FP1__F7__gamma,COH__FP1__F3__delta,COH__FP1__F3__theta,COH__FP1__F3__alpha,COH__FP1__F3__beta_low,COH__FP1__F3__beta_high,COH__FP1__F3__gamma,COH__FP1__Fz__delta,COH__FP1__Fz__theta,COH__FP1__Fz__alpha,COH__FP1__Fz__beta_low,COH__FP1__Fz__beta_high,COH__FP1__Fz__gamma,COH__FP1__F4__delta,COH__FP1__F4__theta,COH__FP1__F4__alpha,COH__FP1__F4__beta_low,COH__FP1__F4__beta_high,COH__FP1__F4__gamma,COH__FP1__F8__delta,COH__FP1__F8__theta,COH__FP1__F8__alpha,COH__FP1__F8__beta_low,COH__FP1__F8__beta_high,COH__FP1__F8__gamma,COH__FP2__F7__delta,COH__FP2__F7__theta,COH__FP2__F7__alpha,COH__FP2__F7__beta_low,COH__FP2__F7__beta_high,COH__FP2__F7__gamma,COH__FP2__F3__delta,COH__FP2__F3__theta,COH__FP2__F3__alpha,COH__FP2__F3__beta_low,COH__FP2__F3__beta_high,COH__FP2__F3__gamma,COH__FP2__Fz__delta,COH__FP2__Fz__theta,COH__FP2__Fz__alpha,COH__FP2__Fz__beta_low,COH__FP2__Fz__beta_high,COH__FP2__Fz__gamma,COH__FP2__F4__delta,COH__FP2__F4__theta,COH__FP2__F4__alpha,COH__FP2__F4__beta_low,COH__FP2__F4__beta_high,COH__FP2__F4__gamma,COH__FP2__F8__delta,COH__FP2__F8__theta,COH__FP2__F8__alpha,COH__FP2__F8__beta_low,COH__FP2__F8__beta_high,COH__FP2__F8__gamma,COH__F7__F3__delta,COH__F7__F3__theta,COH__F7__F3__alpha,COH__F7__F3__beta_low,COH__F7__F3__beta_high,COH__F7__F3__gamma,COH__F7__Fz__delta,COH__F7__Fz__theta,COH__F7__Fz__alpha,COH__F7__Fz__beta_low,COH__F7__Fz__beta_high,COH__F7__Fz__gamma,COH__F7__F4__delta,COH__F7__F4__theta,COH__F7__F4__alpha,COH__F7__F4__beta_low,COH__F7__F4__beta_high,COH__F7__F4__gamma,COH__F7__F8__delta,COH__F7__F8__theta,COH__F7__F8__alpha,COH__F7__F8__beta_low,COH__F7__F8__beta_high,COH__F7__F8__gamma,COH__F3__Fz__delta,COH__F3__Fz__theta,COH__F3__Fz__alpha,COH__F3__Fz__beta_low,COH__F3__Fz__beta_high,COH__F3__Fz__gamma,COH__F3__F4__delta,COH__F3__F4__theta,COH__F3__F4__alpha,COH__F3__F4__beta_low,COH__F3__F4__beta_high,COH__F3__F4__gamma,COH__F3__F8__delta,COH__F3__F8__theta,COH__F3__F8__alpha,COH__F3__F8__beta_low,COH__F3__F8__beta_high,COH__F3__F8__gamma,COH__Fz__F4__delta,COH__Fz__F4__theta,COH__Fz__F4__alpha,COH__Fz__F4__beta_low,COH__Fz__F4__beta_high,COH__Fz__F4__gamma,COH__Fz__F8__delta,COH__Fz__F8__theta,COH__Fz__F8__alpha,COH__Fz__F8__beta_low,COH__Fz__F8__beta_high,COH__Fz__F8__gamma,COH__F4__F8__delta,COH__F4__F8__theta,COH__F4__F8__alpha,COH__F4__F8__beta_low,COH__F4__F8__beta_high,COH__F4__F8__gamma
yen,rest1_vs_type1,0,Rest,Rest1,1,0,0.0014219999999999988,1,2501,500.2997310899656,266.6278763553245,58.459820636735394,20.251284508835326,22.93880749239089,31.26062668006602,626.7448606118418,340.0863167936721,55.29991834375349,22.434599432580963,20.991270199313238,29.37361750177971,205.48996215973264,122.00651965481629,35.49892611151859,18.031183837888648,18.990285770305306,24.256449091144216,137.4201816405048,94.6576678616513,35.26810948658279,20.069734050116743,20.247951159823543,19.999004354584354,123.6918040499421,96.58774656740741,34.0086918279293,19.13737530043964,19.376029561510745,20.099724440689158,162.87201615909018,106.75632518243748,35.689394126394454,21.845908578530008,31.172945798681013,39.87982280770698,245.44028416616567,131.3413249743576,31.069137500468816,18.868345491268936,31.99857514774094,34.4425194834339,0.9823162553022309,0.9774242981751855,0.8603089377091833,0.6511804268279232,0.48951698837754504,0.5240446205069141,0.9642521819180425,0.90472827571119,0.8318710127652496,0.5343199851568806,0.5806050480339897,0.6269448470252634,0.9452357696323945,0.7789483286801521,0.8642542252033498,0.49109030610282617,0.5347652952128894,0.5969393649416914,0.909889697961601,0.7601170979574381,0.8632221699583053,0.566430899422272,0.5640119086177016,0.6110519662146424,0.921853007217949,0.8186282992510694,0.7383196389542814,0.5199031467009918,0.45233494505721106,0.4391398756763732,0.943297902927461,0.873668342320651,0.7266795713781881,0.4170968101951034,0.28026262520802064,0.3769138309195535,0.9271322562546477,0.852982455873333,0.6436031414185784,0.5736079020579785,0.5608731064265099,0.5011890744161638,0.8895938971159949,0.725666022021604,0.6756510482840323,0.5871295206775482,0.6013034004540612,0.5985730700599724,0.8508361713138294,0.7112428758787431,0.7000957308227138,0.5748272785504002,0.6637491528838362,0.6193742549353741,0.8903709282369806,0.7997342326090789,0.7281418057292502,0.5787986422650571,0.6217627198813387,0.4640770409160989,0.9634657071081634,0.8992968118964091,0.7654010956240811,0.5716245077794018,0.35685118877165223,0.4658731146856032,0.9769436366550992,0.8734599702457513,0.9071943296856917,0.825792692605304,0.748024088994311,0.7058971165082938,0.8980669713960298,0.7995648780786413,0.8110256093726178,0.7061186155677024,0.6952686526929525,0.6166499282446815,0.9339059677944128,0.7853756040421312,0.6940102028525613,0.5176185117045402,0.5400837384081593,0.4910385541441857,0.9221918530967351,0.7707747858322259,0.6812115541095172,0.44331365007212364,0.3619129197881176,0.28265026087495737,0.951258754569241,0.9578534300680513,0.9154332016479823,0.8376611052483298,0.9015463100901455,0.9151649839061933,0.9541495866114693,0.8582212873698958,0.748221637289735,0.6463492940705654,0.5806878382738996,0.7034931836912353,0.8869869901807975,0.7085265065816959,0.6424645155312951,0.5032632261220461,0.40882584395801214,0.3331551546293669,0.9499580495308408,0.8991542491531489,0.788978734581612,0.8186736084015477,0.691162320916058,0.7563173774369256,0.8298650125379704,0.7151923682776901,0.677867293369756,0.5058293547993876,0.39405796195826737,0.34750183598272477,0.9027145808833733,0.8415572970178016,0.6978954432830082,0.5299208429107813,0.29123350004899523,0.25286405645704485
yen,rest1_vs_type1,0,Rest,Rest1,2,0,5.025873,2513,5013,280.2704147054169,110.1115245274285,18.81773862807231,21.185619753645028,21.222811366891737,21.68289033860806,342.8474784962275,125.50183088247218,26.008321449405173,17.802280369510324,18.528219515929944,20.388978267159313,143.91988187828912,64.35947102268875,16.89302197896389,20.0600253837447,17.746983602670852,18.574594743925715,101.13688365169331,56.24868266797436,18.244051467924383,21.907867551794865,16.924716675303628,14.24740578530904,85.70958710128505,56.440860037049646,19.786114480816256,21.1942034709239,17.55280184054812,15.750928658166021,84.99828070206011,52.25974404219238,19.786550894285643,23.198146542352315,26.673564834951627,46.49345553948672,140.30827281411314,55.672224500222015,16.28252937107423,15.64372746289494,41.13253364758742,44.91940664949368,0.9918008332441377,0.9716354664987603,0.9141186467949296,0.770458402870435,0.5195664769289425,0.5258287107192673,0.9538928059087688,0.8865521377397552,0.8887722748963748,0.6793594666017262,0.5811494558485827,0.5712294060652975,0.8900485005100931,0.7925399724826837,0.8432523140307637,0.5334896276151314,0.5290602626273485,0.5482865447444604,0.8376865548251852,0.732027280103749,0.7688892837894816,0.5641000759769622,0.5609020654936057,0.6203515879094305,0.915478825071477,0.7550172394116326,0.7901078480710375,0.5765951714065969,0.3857953712156309,0.4941335295685633,0.9721667921723212,0.9180969498221502,0.8253908165833771,0.5997651604906272,0.44779480145474293,0.271040255006479,0.932986677090216,0.8263359191690389,0.8094945056261071,0.6804342724331259,0.4918998566244122,0.5682029331388029,0.8582501093657741,0.7414704365328187,0.7570309397359005,0.6331322462025234,0.591623843996006,0.6649303172848509,0.8004212917187822,0.7087014100915469,0.7763975809853891,0.6189293425093269,0.5945077526766702,0.6980231046219582,0.8999331843490713,0.7519733688616297,0.798128121675103,0.5023837330604655,0.5109114284288483,0.5572945700391665,0.967207648501082,0.901116702594535,0.8574177658213904,0.5590855168741189,0.5676220303305353,0.32582564732345287,0.9584232027522549,0.9216102171687439,0.9288031650247495,0.7973950269518673,0.7150791506577695,0.7460492152235764,0.9007942468640726,0.8029473549654667,0.7515138286800866,0.7331428268380192,0.5722349402699374,0.6694186232868481,0.9430051730218331,0.8316029456014459,0.7918335271285881,0.6272383588659247,0.40607522604175034,0.4402402133153748,0.9544079445988096,0.8981719919065279,0.8111904398051658,0.44573619891340194,0.43993715806474143,0.3513017495923004,0.9767737894344893,0.9219274742601892,0.8549494381316342,0.9050676104187728,0.8340784235261539,0.8513594962402966,0.9523761122451194,0.8998111255615562,0.8477946736704578,0.6787311975704232,0.5765411479299664,0.5246945375048089,0.883484205782256,0.8408603823456489,0.7941177868249678,0.43950136978173315,0.5028240040496532,0.3441972987308647,0.9350839027080511,0.9248089565568308,0.9030488818417963,0.7749854736421993,0.640366691177521,0.6960690532827647,0.8333793516894735,0.7972044023749802,0.7889654674874514,0.42805848455890594,0.452233251639511,0.3030633759720987,0.933138109560713,0.8551329536750079,0.8776802392646346,0.44483565156785915,0.34981973897688146,0.22115377051693116
yen,rest1_vs_type1,0,Rest,Rest1,3,0,10.048553,5024,7524,341.9953977379473,109.82565536589304,24.168537190734604,18.278959066586452,22.715499934838526,16.21102952704699,471.2672692752311,148.94646071494503,31.487131674121816,18.266032822705764,16.534348693716158,12.847008204878971,132.90520225663096,50.71373626290513,17.51761152161473,20.847978843009162,21.575443945533998,12.772270244308976,98.28530508876895,43.168573881271186,15.317766517658143,20.217965693350106,16.26048014847903,10.421466741240257,107.7422815683037,40.0834130214163,19.41362472529515,19.695216410578986,19.28927673056122,11.476624049466968,136.24853242506606,45.89290161382578,24.32730182545414,20.7269377430659,28.202791000738813,34.20475892325825,190.18452108468574,56.72765925546262,23.372066181980973,23.351633315349744,29.289625142686784,36.41248976281991,0.9889508178912467,0.935414135346086,0.7592661833327979,0.6708221087811256,0.6826021518237606,0.5969760199363705,0.9529213398076513,0.9071757312544579,0.6719562678546869,0.6501912420329153,0.6478726351412469,0.5705526934934386,0.9162904655631513,0.7836571065947173,0.7767112522559503,0.7305435896391764,0.688422819742758,0.5407478072271608,0.8869680755004096,0.6817825653422648,0.7348366494448004,0.7921542173870021,0.6835061765182412,0.5694193035260791,0.9124802947680389,0.7536848921274898,0.637221096557598,0.4514867921825398,0.3919575836528082,0.3797858238224851,0.9800458146518257,0.8342537069621652,0.6457574358117768,0.42300285327414594,0.2785730162634553,0.2611336592311489,0.9143495545268575,0.7708209020759734,0.4928238827512147,0.4778430030130837,0.6391557172589217,0.6353649779931481,0.8737870460065039,0.6349673497299626,0.590025495364872,0.6156982013575909,0.6868243719142885,0.6565172364822894,0.8505520043041463,0.5654847612995213,0.6781852381525034,0.7208467968164963,0.754590152517884,0.7305082274315798,0.8968457165493934,0.7126880486682272,0.7705429971535899,0.6407541275601887,0.5792011350013286,0.5533368955222983,0.9881723143353222,0.8802708289911749,0.7583899881421733,0.5329956414529614,0.3081831604520593,0.2757422770428716,0.9648424954584639,0.9157489404601369,0.7432924417267028,0.8353704592034318,0.7577343900935732,0.7705131484633612,0.9218132195443807,0.7635041216090623,0.5043762772711968,0.6613534552337615,0.6171225781912846,0.6844187083788639,0.9308193300378732,0.7669056553000223,0.3978507827758623,0.389138972417941,0.38118674956578263,0.4816295368983336,0.9235651850594578,0.7397193055656459,0.5105805621068311,0.42882950160404715,0.26381267482386933,0.29023247301849964,0.9802588893407899,0.9073178336952377,0.8494516220782187,0.8531971634498153,0.830308615234759,0.8255684380727503,0.9499985936804366,0.7843175531571442,0.6166724319845066,0.5324524098846359,0.4895663133894681,0.547086714713696,0.8864582556995358,0.6016766723207168,0.5518918615897478,0.5109538222018232,0.3022562726838113,0.3059344803981439,0.9530377360828863,0.8323115035920094,0.7557654375661114,0.644857587290896,0.6206706236746558,0.7181951436881704,0.872345305143203,0.5837201140740481,0.619517071303764,0.47809996794942616,0.34300702993984883,0.26477233722271293,0.9262448597470555,0.8231674715916496,0.7978187774947165,0.4910571321489088,0.1367467707029509,0.16497904752740292
yen,rest1_vs_type1,0,Rest,Rest1,4,0,15.049715,7525,10025,437.9777255096143,189.66339410761276,23.963067262128686,30.66701385925377,22.21422267086729,28.17273905807254,557.6922534542198,223.8639175490053,24.32315943524336,30.714651045471573,20.567580920187854,27.84649470180395,163.30033601102153,89.71025184858907,21.978285420846948,21.311218989122683,33.847828304863484,46.1418703823904,124.24596452019985,74.81239071596475,23.86403545252545,28.928334356919812,16.94732095247786,24.586641790866583,122.90517410402515,76.97681967131363,23.974958397482773,34.52203507379552,20.36257111592669,26.666162860697607,160.85284852211868,92.37238095313688,27.44535308079739,37.57615688101423,54.97696378366075,95.20852724767893,237.97526363944064,90.91590863676447,21.919492688933033,38.330778750714316,52.088732767959016,144.35843694164257,0.993116399876341,0.943928699044123,0.877242925082623,0.7982690702676597,0.7644756483050467,0.7101988672867179,0.9488774692168777,0.9052924994508291,0.6756995311236613,0.7279865436173143,0.5447637650299402,0.5750362115738026,0.863495960241715,0.8486944150123983,0.8849950781498425,0.8099566070047032,0.6433218534983112,0.6887723396816621,0.7819083126069298,0.7846068161571691,0.8143982240439425,0.8515844635762208,0.7305025156739178,0.7249007979182799,0.8488825936479483,0.7307355730468666,0.6246683946465148,0.693925123147591,0.4632524462863673,0.46701579422694395,0.9298318943175167,0.8362034763226672,0.5892239708214964,0.40097248142882735,0.27255812653473477,0.2980817488485459,0.9204751280547784,0.7854842880179981,0.47847085533478884,0.7008471863404567,0.5839781982029565,0.7109751951536222,0.826807912819365,0.7536154185687955,0.7884522042691942,0.8116657121228995,0.7104962226133967,0.669312883269414,0.7627540421097291,0.7549089013392287,0.7609984551472709,0.8998977623467166,0.8408824249089178,0.8559038695605747,0.8453987006795871,0.7915704928816708,0.685637991644313,0.814335464079772,0.6257835595752551,0.6900368071562829,0.9366059250260612,0.8779080624143363,0.5922372851414606,0.534910993560688,0.2691131435477244,0.3003970411703321,0.9303259235491472,0.9252583561306941,0.6805686481293616,0.7229643331850016,0.4030106104495383,0.5588880487434161,0.8583223804153582,0.7711608963777051,0.6247539565259477,0.7164471723572329,0.5468375354122782,0.649004721256207,0.8840750892105219,0.6841092848744811,0.4156211051511245,0.5577781976985331,0.4758603611761628,0.6150876517624427,0.8961102905811424,0.719370475375504,0.3473761565682933,0.4520280915773834,0.3068210133513559,0.39255495135545027,0.9307079149131791,0.9158181342655982,0.8883307509089953,0.8939450835209185,0.7460013153056466,0.7809740774666607,0.9191506924145876,0.7721719245241847,0.6675133702265368,0.7625961651191133,0.39120131960122306,0.5153358738980479,0.8067270614576542,0.6736386804694533,0.5516662052007494,0.4163098393428984,0.23373970784844458,0.30229472783020317,0.9508219524423005,0.867841805936237,0.727714197619262,0.8315991290534172,0.6653683400084869,0.7749188705084699,0.8149024988244994,0.6582672437975783,0.6074063902504313,0.4730626106897904,0.21113261471785302,0.273526099072787,0.8498347279902516,0.7043038329297466,0.5837077172502626,0.36164700412300854,0.2652976907674128,0.3765124088019044
yen,rest1_vs_type1,0,Rest,Rest1,5,0,20.076486,10038,12538,305.9919461806268,60.56512735855941,20.858077272375077,19.964282456352706,22.193426743506127,14.271409673066382,323.6577575265934,51.11173071824191,21.573106120197473,15.569155748733177,19.302357977868546,13.268068623246057,184.31987712395141,42.32791906234407,15.592839555410498,17.597191204229922,23.02155292156596,14.213828649627493,97.72016072888917,32.21034430734405,15.304646754132886,18.454864472393762,17.19194613231939,9.898406625886269,90.4681446076158,31.649673507305636,19.517797134399505,21.176855945575298,18.81597842755774,13.429211825091024,77.70850803516949,31.606984575925836,17.266969925137055,20.657683054644263,23.489671929729628,27.46817331831911,87.36619919327646,23.0381680010083,15.164566954681849,17.6959003200308,37.560452121734606,36.02175928431043,0.9877972932473216,0.9077800348985287,0.9182360728016873,0.7577884759323604,0.7948767933750609,0.6788939572869211,0.9846217027878845,0.8632404780418512,0.8186333144375915,0.7754044118592577,0.6868437542259161,0.7193170940691648,0.9563759043184389,0.8183627261915877,0.7864864200256827,0.7799392712067016,0.7287050389983775,0.7128984431620338,0.8926630296841914,0.7184655251657723,0.7286164778322688,0.7277179275898105,0.7789789533145459,0.6759559174645214,0.897869654575098,0.6960327864563586,0.6703508939552913,0.5901530769430735,0.6190675980207153,0.45452180436666156,0.9365992719118186,0.6824795730532937,0.6631985111076084,0.45682464124606714,0.5148158111002343,0.2795386488817821,0.9622018107853734,0.7526650956985588,0.7620762269923522,0.6973034193196223,0.6708218984917226,0.711525440589274,0.9571101589880984,0.7109471459521396,0.7272739457353649,0.7123820168438199,0.7150170291904158,0.8095815550845408,0.9233023910787055,0.7092867522101791,0.7745357341487247,0.7479534406574889,0.820705203005813,0.814412969090323,0.9336402893194339,0.7708509142507494,0.7379141933594499,0.6743953357209812,0.7151786725241019,0.6542900898645156,0.9622768462696274,0.8093991191597897,0.7628664499430179,0.5136315631271824,0.5910062337782211,0.3664788638626518,0.9614269072449201,0.9048452142038272,0.9021484120705694,0.9009886061189541,0.8402090620356863,0.8293579170133297,0.8705215794958646,0.7549881248814744,0.7512540316471764,0.8105086481736468,0.7252753030351371,0.6864514498426068,0.8852940233591617,0.6722985716968519,0.6724090797100806,0.5984440031637329,0.5935283331666372,0.4698968755656587,0.9168805747937719,0.6198846078306719,0.5431088528813282,0.39354141384204494,0.4572584382329521,0.322596845017342,0.9535792236513744,0.8916213822912652,0.8873699760342639,0.906341985106722,0.8829902392310567,0.862460047850706,0.9498677853632396,0.745962003025716,0.7934248587559191,0.6422696702515321,0.6906456907124146,0.6354859539127135,0.9390599435524548,0.5917012499268953,0.5756311755877401,0.4341994193376852,0.45702749717630403,0.3249634683120447,0.9423505977303939,0.8857943253439395,0.8483012505384533,0.7559660899342292,0.7899025717207863,0.7354812810202725,0.9203293293307312,0.6894732691020369,0.6424403120787676,0.45643989028869447,0.5178342011551341,0.3274721887571424,0.9467547543529985,0.8366331907004988,0.722138606494252,0.45747005419838127,0.4285753869378855,0.17246108054924614
yen,rest1_vs_type1,0,Rest,Rest1,6,0,25.090091,12545,15045,419.3210516277596,165.614173728596,29.861597224653476,22.151753059440125,15.89831153568928,19.660357190258154,539.0237454218486,200.91199609239746,34.8556171080797,21.804926465785027,14.328350446239487,17.353378823340172,159.25897518831204,70.43643555247955,22.14269039433914,21.7344516257394,14.291637279013731,18.95711468949175,99.9940063677342,57.048770660954816,21.122823205061533,21.953310687358186,10.321148587745354,12.836626207007566,101.27680123989474,60.40189815497788,22.643178388496338,24.27728848766264,12.977502073045486,15.562591520579105,130.213342080561,61.688482871869304,20.980239205453106,22.828090245154335,20.446025080445587,28.267182761271968,192.8235670407062,83.26323417472236,20.960503050374932,28.02041346763066,27.876498020139838,34.26058439449526,0.9923400030767439,0.9772290839979076,0.8968335744302326,0.8085344023332368,0.7700520317699221,0.742897642180052,0.9727071085338851,0.9459459321076431,0.8030022253366536,0.8003243124223716,0.603349435157713,0.7052392829603576,0.947562707333152,0.9013937661276676,0.7921333289720351,0.8091586378457032,0.7553709747480948,0.7524562690990305,0.9392158122493441,0.8715535712071489,0.7211266554896614,0.8298980178807014,0.728973517210314,0.7455127558578546,0.9759167101703147,0.9066561037344135,0.6745638667581707,0.6971757095875187,0.5162452445563804,0.532254497669487,0.9525619485735061,0.93461533318272,0.6947880349687243,0.6539444102872508,0.4002638233389838,0.37738828629650345,0.948713307643175,0.8887460353939887,0.6825854845927266,0.7144855648363625,0.5016962868855593,0.7334800839627021,0.9172750770504741,0.8344690859473788,0.7503353806340891,0.745508089760687,0.7017843207434077,0.7824078656538849,0.9250513038707115,0.8254977709436911,0.7485916015000669,0.848053929029002,0.7748349669812584,0.8327257305404354,0.9737199302350366,0.9074088945130816,0.7532322771186626,0.8476301059077361,0.6593391987327244,0.6211863847415441,0.969203719486685,0.9564558520010427,0.7673529282314322,0.6547048783932123,0.573855245351687,0.4320834779221237,0.9784860315539726,0.9514712409789085,0.8843817584603212,0.9010981893356166,0.7612817321629317,0.8336581328039284,0.9248780940534728,0.8765729257974838,0.6739560766216113,0.8033384352298356,0.5593337767286591,0.7602465995962161,0.9526394106512884,0.8412374885150644,0.6235661654396161,0.6058830045309092,0.43485494376193523,0.5509750420592877,0.912793811714934,0.862233183936151,0.5865414553328316,0.6315739771745179,0.3919934882665669,0.40916039187159225,0.9516279771863988,0.947065359624587,0.8740336449186181,0.9082816658646625,0.7459860750513141,0.8733136818224518,0.9499257558265941,0.8813851645515405,0.7713922323154423,0.6876118742252129,0.579336108104237,0.6139643562843714,0.870750013882458,0.8147607792136229,0.7130370200946891,0.5642397049673785,0.46223881209081086,0.3643466747426915,0.9687171259686144,0.9037442706988965,0.8642924227833232,0.8245058558748735,0.7325466103235792,0.7238767490406777,0.9033916337900241,0.7911048210197414,0.7476750180101154,0.5851892502755549,0.491806008449153,0.3981368910005038,0.9575443445261086,0.885917621452493,0.7999798086139862,0.5191235069968031,0.4279199449499728,0.30068454753087503
yen,rest1_vs_type1,0,Rest,Rest1,7,0,30.109939,15055,17555,391.9572589782713,111.11601457158645,19.13964247033335,20.970547163355402,16.175476004513282,17.683073014687693,483.48765249382683,110.82933910771433,14.69271483271646,16.12374766734288,18.687066639304426,16.110723401347744,188.475905261937,64.07477200587635,20.799937226179345,19.665131944815805,18.94827416252065,15.203682723609415,114.3980136417928,47.198287065127,19.10227390525125,19.752604504232064,14.201856055265157,13.451100292432892,101.50714794821516,50.38570920084146,21.138721307037613,21.748488893059747,16.06300078417051,16.33218404870599,118.99096105900162,40.25834887807172,22.013008062623793,19.786699628340028,16.727355467815794,23.74647664226624,190.1213742014918,37.58251916372016,15.185709336670065,18.65738700264626,17.716977603174723,31.18070512864199,0.9929502891769199,0.972616182249502,0.8782965525586299,0.8090734368265896,0.8063117721096944,0.7855821868247422,0.9841864346480484,0.9502275063304048,0.9064481489361615,0.7956937001861173,0.7353465842435113,0.6989421881567142,0.9619517784664042,0.8829865489987903,0.8183575600171646,0.7775685609917462,0.7557219359645974,0.7687985972097953,0.9452118033245339,0.7458939421539897,0.7336217755770503,0.7318346318681455,0.8007504164561148,0.7275079394890168,0.9351953100773138,0.8055838659423884,0.6508293277866668,0.713162222696653,0.6604943468770016,0.597703551600042,0.9532855813864737,0.842770717320209,0.605467242939203,0.5241439223181908,0.39477176042196216,0.479579949789898,0.970579661881458,0.8878145760698002,0.7157520846002576,0.6703610834376647,0.6902895989911462,0.7187856389228815,0.9456969898480135,0.8439649731587027,0.6557889794063126,0.6280956891183377,0.7152257111596997,0.7999270446905297,0.9440677947254286,0.7481235295994357,0.6565708326533164,0.6370183073797067,0.8092900665732472,0.8110405628188787,0.9419540549374172,0.824992291357332,0.6962535712562896,0.6961145640167938,0.715695085626045,0.6853164199555356,0.9715890890416431,0.8869030335268407,0.79064969193567,0.6650328130665777,0.541176927002096,0.5441674845173379,0.977777445499138,0.9033108661639426,0.8423731637389882,0.9005879186946303,0.8294297682217998,0.8250749641192017,0.9538320701531039,0.7398765077560197,0.6616380841318529,0.7737334297476907,0.7451571707542928,0.7578422632013608,0.9387094712932513,0.7754334904560855,0.5631033296590033,0.7145636033522262,0.6549025055463541,0.591604681342652,0.9364406352516875,0.7928042671773367,0.47104109521038035,0.49665556262254473,0.4115275351007587,0.40591499547363036,0.9820780013640711,0.8804702361883942,0.897021758785519,0.8821893575154863,0.834250961766472,0.8636863392646551,0.956083710058365,0.8498235607653062,0.7361294605999262,0.7717991738118531,0.6651650675376419,0.6884846261508262,0.9197237570563063,0.8131669824432222,0.5285482536775618,0.5139865101442899,0.37258615840367737,0.45024463090770905,0.9750246478443195,0.8894848736183405,0.8141104907504181,0.8569016418424322,0.7724466181571954,0.7751443845081726,0.9426564935320917,0.7836685706074442,0.6213774871347886,0.5276007126894554,0.4496289771852159,0.45282237924719637,0.9662656313965221,0.9152909456641147,0.8057421768013592,0.6388284984409991,0.4342548113710203,0.3881841025519136
yen,rest1_vs_type1,0,Rest,Rest1,8,0,35.140021999999995,17570,20070,587.7614360713553,161.71157028104923,27.85095796448437,23.393370798876987,27.320053697215943,22.010434965944203,721.5130162674994,200.68867943141203,27.547240655927155,23.183359591604972,26.71341601874445,20.727840600429456,283.63126516459056,81.27429073023029,22.545145291124154,20.471683733723246,29.007227886972885,20.005472415561915,176.29661867091255,53.17463538905275,20.92051295588127,19.634918482261824,21.07120663644168,17.20616900589208,164.16455644571633,59.24850314109542,25.392410230567446,21.254132552861602,23.879433794260493,20.58640609497366,162.49795730891367,64.49779916155319,20.76299356751084,26.642425838705893,26.013454570851806,24.876300718229462,250.44755396750352,78.36511689138322,20.658719932693177,21.73777043526515,28.160830960206425,29.583728768835343,0.9804913147856616,0.9739827167059599,0.8715484821582885,0.8327302328377912,0.8372585908747772,0.8007002813020677,0.9862762310354457,0.9090199027591769,0.8644685940844653,0.8400271525346064,0.8417146670691278,0.7597075008351097,0.9496254386923811,0.8749135064671034,0.7839547260285044,0.8346863860224796,0.8551317163539892,0.8148310784315157,0.9205531872330214,0.8371152909852773,0.6683809832730423,0.8462813934338838,0.8345315083302498,0.8163169350786907,0.9335540612187253,0.9012531487653896,0.7140310111635321,0.7720411865615943,0.7813048811704896,0.7238237580810052,0.9502557493555024,0.9102824179051332,0.7495202396302061,0.718403822958612,0.7091809767616313,0.7071333473034236,0.9654890588034603,0.8460207949318683,0.6899790941560418,0.7696342918185513,0.7347746739084047,0.7574018587269883,0.9075820599497261,0.8102929238044114,0.6317451442511107,0.7455625307907139,0.7757790196629895,0.8554978668840278,0.8893738556609058,0.7988283837779364,0.5555025376515136,0.8475453105117373,0.8371400762725638,0.8775029577768456,0.9218855992939616,0.8820581421729559,0.6746885030652557,0.806663770897413,0.8304975176796214,0.8121857463490632,0.9634756465036863,0.9138320129715917,0.7654082904474668,0.835930912264387,0.8241103657774062,0.7205086809788619,0.9634399339151939,0.947146013754432,0.9116164486701683,0.9136157141529132,0.8327805938675803,0.8524193352256526,0.9268244364368083,0.8861805038554865,0.7121965810625723,0.8272268747378586,0.7724524373957439,0.7957447508041295,0.931440115722996,0.8831117251456164,0.6990334371557066,0.7176653100207103,0.7495798513025536,0.6895633961831604,0.9410808669914195,0.849259989618609,0.7008027363503898,0.6675001817836347,0.6494471304026795,0.6552632592134696,0.9753925376521932,0.9683464445088334,0.8742162464239307,0.8892205063705241,0.8993165675874067,0.9123074761421077,0.9401172572652735,0.9129455793701704,0.7478852048107065,0.7651038135966365,0.8095963189060255,0.8130987164191698,0.9042419755345877,0.8374968952262016,0.6792339737412902,0.6304808409908735,0.6648155994387921,0.7131408967468619,0.9630840818269274,0.9163985969831682,0.7737435756369335,0.8601707790547556,0.8813793419334017,0.8694428633791996,0.9109636411428953,0.8353308529736676,0.6367413330858543,0.7278290138311981,0.7305752907976322,0.7232168930832726,0.9546260163574957,0.9369796284585962,0.8180524355960859,0.7562260988027852,0.7974992454209435,0.7044339536722257
yen,rest1_vs_type1,0,Rest,Rest1,9,0,40.168724,20084,22584,360.2261509058554,108.12690179106868,30.191983808712273,19.137956636324276,22.857421602475764,18.5244859587222,479.4987552801378,138.21100886596165,32.61432218065424,22.252554624084365,20.897919436983607,18.17652106348398,114.16532942653245,49.89331157753045,18.440427160270215,16.157853561735852,21.89585704580683,19.35639262813576,83.20455844440782,40.456118915997386,20.55904040801167,18.88382641283487,19.008364873608542,14.579798313610572,90.23163328270323,46.400501953874624,23.97066465122494,23.399254665538127,21.34382400529138,17.287547812190137,117.62348167389521,48.283240178568676,19.9719059698442,23.779868773175398,21.862624299668667,19.019305735563947,202.11641491808123,53.528361496395476,22.145621901844116,22.537486736896962,22.62759848268775,19.721211663061823,0.9724800837403692,0.9591498704588525,0.9253127466986312,0.8720982551932586,0.8285455923266234,0.8766576047127467,0.87769355711551,0.9085288539248071,0.8177534286647283,0.8196070702818696,0.8306414738409569,0.783200841026215,0.7600958700769759,0.8530043805086558,0.8321945410156035,0.829837452414272,0.8648316505227827,0.8476953286650752,0.7590715746449487,0.7752246728709391,0.8606903948882498,0.836729378701983,0.8374995226090046,0.8781613071438391,0.823972772649789,0.8231955956606116,0.7891885639230861,0.7136114754132432,0.7399354510734804,0.8100262763658908,0.9249532204946863,0.902298971446752,0.6930037194871315,0.6850790295541652,0.6414039507892049,0.7710290759867621,0.7730271973030787,0.8790469784632507,0.7309173646559468,0.7291824448351933,0.7956626334695716,0.7434331185573705,0.68871735917874,0.7846956354077155,0.7402513070350042,0.766341549084285,0.7668205198507398,0.8196921293206045,0.7041746747216826,0.7381119522959607,0.7830661576075149,0.8129262124577828,0.7853417596320942,0.8762736238373142,0.8184475548702218,0.8349219244603994,0.7827794174341624,0.7960822880782812,0.8016524330588144,0.8505526534154025,0.9769112466716402,0.9500408088400569,0.7936117834141624,0.8170488818806562,0.759999455168436,0.8674111614519108,0.8955051861531036,0.9488276713255576,0.8995276669546095,0.8695290255036626,0.8284785782922969,0.8721617009404004,0.8532727739375496,0.8720217119341902,0.7807413841081432,0.7119508928832634,0.7611183850086572,0.7952309876620245,0.8003415024664808,0.8732331697362561,0.7734906564238704,0.6620933106599385,0.7071842460813481,0.7330144175470116,0.72275884453918,0.8551782433115871,0.6722982164829281,0.6448950139410392,0.6162015352936432,0.6613727591413845,0.9718621057759812,0.9369125242585942,0.9304692909398187,0.879259569795362,0.8960979885952082,0.8980010374554237,0.902001819570379,0.8854446371101492,0.8232388640740442,0.7664195967244297,0.7425261259495274,0.8210356704609734,0.6775183108469426,0.7603899044780478,0.6768785386589674,0.690729410462341,0.6180137453009025,0.7688429410541417,0.933033665156167,0.9183510380364761,0.8361057325503151,0.8549680875980652,0.8546491132023972,0.8698730834591458,0.7087952270538054,0.7537325250205507,0.6750144127830884,0.7762222879591422,0.6780076727106482,0.8123608831444554,0.8456958684713917,0.8655451528609186,0.8505129043656998,0.842133855516816,0.7223608053223656,0.8201616637052004
yen,rest1_vs_type1,0,Rest,Rest1,10,0,45.172394999999995,22586,25086,517.9941759911003,102.91781962388127,13.060905928454623,16.408788596244744,17.103011807156534,19.55311898581347,608.7185972503836,125.87291610549195,17.544371192691465,14.26803861821828,14.35854646564051,20.508144334761578,231.3032111144184,43.4204529911311,9.847647072671943,16.47189730868155,17.901148638590502,20.0543693709049,162.1882366455634,41.234390814949315,11.65092604917308,18.873791154210842,13.703608494567563,15.611479374183425,156.5132130805394,41.939643345195954,15.025797122547555,20.61319181772727,13.890356662479878,19.40668357132877,154.4609417238114,38.203636981093396,14.393836195612288,15.045379391278388,16.065617372763263,19.402983942612934,245.93567413800275,48.39860013771999,12.020400114460143,14.769332077373782,15.186171264462232,21.24920021754799,0.9929881699778654,0.9751879067881936,0.8470337728984182,0.8261488972070826,0.7228423637055579,0.8456581501798053,0.9810198437787011,0.9315048162102448,0.7937616919640977,0.841374544207433,0.6955928052358324,0.8078452576648711,0.9747572736184721,0.8575629137525687,0.83547118360195,0.8648809686695798,0.7769563746368774,0.8203873005353818,0.9677669851733626,0.7849353888260152,0.7177523685865721,0.80986648863132,0.7603681060825327,0.858977571929439,0.9751436369038577,0.7811304174729076,0.709270052148163,0.7482757606397621,0.6508391623822576,0.7871538248123573,0.983154167127172,0.8815220547868321,0.6727706777922904,0.730101529043169,0.5803150685857141,0.7399257036836178,0.9561751186325785,0.9003668797713753,0.5528906212108405,0.6816277227484727,0.5622935672207475,0.7821166824918426,0.9516168125339127,0.8451760502485453,0.637255570877299,0.6977626503969531,0.7127216959402578,0.8098785937460593,0.9490804484194296,0.7840827554477541,0.6654673629428088,0.702717889065226,0.8011107675130349,0.8585285950037342,0.9701787406914756,0.7962205884795626,0.7353797105623526,0.763591552513903,0.7518158878946999,0.8627904724905232,0.9914890484169585,0.9101455532561297,0.8149811448315148,0.8087820788449498,0.7084178512123327,0.8376055359675495,0.9916892117181009,0.9403226257239463,0.833284341104855,0.8622558717102228,0.7675493081566334,0.8825359996467778,0.9818785507601421,0.8519690524742607,0.6032640994248737,0.7553773863409895,0.5937978284704712,0.8188979675917235,0.9606630227932854,0.8295227854142582,0.6077191267668194,0.6241760555290929,0.4752263763761733,0.7526903328349073,0.9484078466617768,0.8436189251705766,0.46949270548293776,0.6050050441984504,0.4641369776303069,0.7196864778372031,0.9951857072492895,0.9527204306289042,0.8544848173847017,0.9040417259048235,0.8544360688613268,0.911279894608075,0.9623278598622633,0.8999520008811969,0.7177303638497454,0.7186726309968303,0.6635655422848608,0.8228209038351332,0.9527383263100567,0.8271075585865931,0.5321533449290802,0.6651129919582017,0.5765804771237466,0.7713121948855809,0.9631728331294275,0.9109143219103628,0.7791436546386645,0.7963622372819449,0.801705963189106,0.9022720959122595,0.9568334455262009,0.8171927665122038,0.5730500466880334,0.690901601391763,0.642213363053311,0.831111908457605,0.976914262945776,0.887291548971728,0.7569892350240593,0.8048956349098334,0.6993625974864139,0.854320477181433
yen,rest1_vs_type1,0,Rest,Rest1,11,0,50.187884,25094,27594,297.23799631715207,109.53027181698997,24.449891462380666,18.46378952894095,21.471829111415648,19.26706189100095,390.1018121001994,140.75384613286448,25.954413507215918,17.84969992336664,18.613761727056794,16.0390448857058,112.7646156841883,49.90888136444555,16.63154016734911,19.115026355274914,21.67130335064271,17.476869778118793,65.63368796988716,44.51749417888833,18.346998409673184,18.910128207469402,17.837452454063072,13.972072158248462,55.06734677476699,47.54697763883673,20.60644350173639,20.676341067608288,18.94746105192323,15.834627469274306,72.96908378014311,50.55707443266713,24.389703206705867,18.628694052930676,16.034994716283357,15.486110955493116,132.92665042404366,63.16172997279789,18.474039825886674,14.065182094556105,19.15000720830338,16.83496732505442,0.9929508854357194,0.9385855586360354,0.8256987285447941,0.8046646919108149,0.7875610458548563,0.8034112552988838,0.9707879652756713,0.7977251579820664,0.8023549912408268,0.8392055683329593,0.7950079429511823,0.8145961865494632,0.9101119865225827,0.7327665756806127,0.8849798127537506,0.820185598586157,0.8155506169549003,0.8613293700025844,0.8759773564723722,0.6011735525532012,0.838724440198623,0.7927091603216575,0.8143503020625265,0.8453997313371068,0.912721100602918,0.724260547932924,0.8074999873416079,0.6753191034220007,0.6828723725661455,0.7831837509864396,0.9411679420826801,0.7904218815121486,0.7784996529406832,0.6404626401846923,0.7684122911549937,0.7083989933826085,0.9461602430972644,0.6658307630699978,0.588807042899669,0.6886207977223248,0.7059308715769507,0.7853664806224414,0.8738484018788549,0.6434289106440989,0.7062371618859453,0.6712886261231966,0.7210534719144751,0.8119930382624829,0.8443554126010037,0.6047400241254663,0.7397504411809322,0.7798299937533767,0.7932775896890929,0.8663624227498412,0.8952883898154739,0.7661780375201811,0.8514159923071418,0.7977211253032191,0.7875175358643265,0.866408406382659,0.949993299368067,0.8638301911976671,0.8142868911102497,0.8185670084337732,0.7910524031164667,0.8130108438704622,0.9634116171468611,0.8963122300182842,0.8920930340237787,0.865028937160465,0.8585181138702701,0.8616609481693165,0.9204534987824952,0.6623768240280528,0.7314429101388862,0.7464409453222876,0.7681579303222275,0.832141648617031,0.933521812568379,0.6280312052638538,0.6978973739785671,0.6052721014292436,0.6592334801486028,0.7544345658845487,0.9076459358813153,0.6363849764305723,0.6818006396921724,0.5845264950565967,0.6400338741786691,0.679410637025784,0.9658802050101238,0.8184437778084844,0.8930716365112227,0.8618255302056854,0.8879975472018776,0.918680902571502,0.9136499635958213,0.7502680968382229,0.8064871610552462,0.6508318761062898,0.7201594094991697,0.8193190598579551,0.8365783811609387,0.6385064795241299,0.7453863362937464,0.5568264521074825,0.6507276958696161,0.7311837217588594,0.9353187610501115,0.742766408380765,0.8818531939873401,0.8284827555188528,0.8624277756534428,0.9031626077723263,0.8460010534339056,0.6335369364666831,0.7755576161352495,0.702504496727516,0.6881943418363818,0.7874159191711956,0.9199796753907702,0.8496396253911049,0.9008131677236868,0.798219721933423,0.7013760017081896,0.8191139334357056
yen,rest1_vs_type1,0,Rest,Rest1,12,0,55.190212,27595,30095,603.7690024127173,119.79741339839825,18.7636392035796,18.393418049064806,16.365981189259607,24.73693217950918,601.9521503906459,129.31596682687908,20.24741272956527,19.150133268340294,17.26147451026959,26.02525295137947,374.22308292986344,76.28754365863912,16.643774043691,14.886719173715678,17.059130225155016,23.670752301657014,180.76209637718426,47.81659523147945,14.620144795744395,16.839098226882516,13.079732777991072,21.828457286796706,157.05855315493483,49.873960972899496,21.23773023604176,20.098502513196124,15.585689281548845,23.778499259868596,119.92726301955435,39.97765488221528,18.75500885656013,18.011992243640805,16.324613931466857,24.690320893480955,152.6078530674187,50.04748296949539,17.7880271796794,14.916204089496178,17.65309640034767,26.61929850211685,0.9864238393597377,0.9249535500612134,0.9138773290233239,0.8475157171986539,0.7831290375477071,0.8567925177256696,0.9559578109672119,0.8752886661716913,0.7886073371573554,0.6548950051464774,0.7760364175388841,0.8246539198468403,0.9748863366936392,0.784040508791535,0.8646463998569246,0.7788643274362143,0.7738983878466137,0.8520435889167256,0.9645551705158247,0.6167292199574892,0.8164689666258053,0.7994895302057744,0.7893070298209912,0.8539473563720105,0.9338887380313663,0.7642660311117957,0.7071788582570591,0.7746251155290657,0.7039764194268809,0.8171120139184691,0.8580924124670268,0.5426540746843992,0.7173789484836726,0.7136986383746126,0.6623557092830686,0.8077471280895783,0.902413809165649,0.7589687959228789,0.6938873983299392,0.5292533633551258,0.7003059441295403,0.8175677269803523,0.9400049287203233,0.6457972846182931,0.8002242195211486,0.7074665695452358,0.781472166219635,0.8918568652711211,0.9464648753438171,0.5350548331485314,0.8388084220580254,0.8180113065925056,0.8129158196326953,0.8918591329053919,0.94835230508138,0.7673932376371986,0.7950222820851727,0.8518872040189247,0.8015505444288993,0.8711159183368811,0.912733630423379,0.6925265397856033,0.8308239228792795,0.7856747090917341,0.7793087329012078,0.8551905422781901,0.9759170869500894,0.8602454828598556,0.8825979416266264,0.7369579403764741,0.8132464673201836,0.8925619629764864,0.9362628533439383,0.672721827953864,0.7009912124465748,0.6022950288256955,0.7243230033370978,0.8544409535835714,0.8491321713924203,0.6789713603813279,0.6624897897685986,0.5814893106872738,0.6171558556092146,0.804200502096054,0.7093966360542229,0.41569846458143417,0.6748298360512229,0.5266469408325322,0.57961483526938,0.7498282627448665,0.9818434899072508,0.8748083690112471,0.893425104008825,0.8404663855447484,0.8603531348846971,0.9320907639902463,0.9276192045744435,0.7714744767519538,0.7783349313498897,0.7185511062080806,0.7061201200094205,0.871215344438081,0.7979551502069281,0.3023534621227497,0.7216647741958926,0.6183263028596974,0.6281945392617617,0.8374520268671545,0.9665350364400065,0.7776781236132038,0.8663578693715663,0.8404357257751053,0.8680787006040115,0.9225955167318666,0.8487543733724611,0.26193118016338507,0.7753966355945378,0.7132631462644762,0.6911077371272392,0.8638741304243189,0.9277525027396799,0.6012108504208596,0.8632793342224223,0.7813997756911012,0.7325248913329249,0.8593747821732916
yen,rest1_vs_type1,0,Rest,Rest1,13,0,60.193490999999995,30097,32597,406.366195444616,102.5097534506293,26.509871494657826,23.79338617796938,20.391821960072022,21.027504135833453,505.826525069197,118.01295122385358,30.99548175843704,27.383452568084454,17.73395195471,19.028905745956564,153.15918283717343,38.80809132245026,22.432409407509017,23.037344452735162,18.04344500688036,21.05606541944531,95.27877635684511,34.49599341703712,21.362396092341204,21.943324312336586,15.629482018843865,15.98473815453296,98.12792488336723,39.93862038586217,21.564296810776586,25.51331574972526,19.217451608129274,19.354250732845752,136.22979341608377,37.16504619695855,18.540106282588262,21.529727652741915,18.094562646965453,18.23861890696394,220.27799034601532,45.2267331626271,17.392416710564365,17.585460757163926,17.182715069271588,17.577131508604044,0.984052237365402,0.9739109011849165,0.8681437308027109,0.8121086577751456,0.8088097698247632,0.8473914656058584,0.9508978136273112,0.9151740085993567,0.7435636925473105,0.7735029966185695,0.665815217930182,0.7827029756956468,0.9088654743487782,0.8246558365075447,0.7362641305687917,0.7953485653218617,0.7456318592509631,0.8004252165700727,0.9113712367498401,0.770735882896503,0.7100796852467933,0.8085743734927148,0.7521524294352078,0.7761939532595193,0.9487145825112487,0.8155931241947822,0.7086080376961468,0.7151394227934522,0.6837241140041251,0.7297120992528873,0.9700352766977683,0.9053180287545498,0.6561228081642879,0.6461639551646987,0.7605456917202664,0.786006142612317,0.9155259537246353,0.8702671548274314,0.6446912816863949,0.7007456958417257,0.6098030749437535,0.7904931804621974,0.86698698238329,0.7748682192900223,0.6620125264009789,0.7685800403676496,0.6925793828477119,0.8305197310159769,0.8632090538017909,0.735200573272343,0.7217206521688654,0.838774735458176,0.7837628884175524,0.8423211033495291,0.9425831702532707,0.8277454952102523,0.7950803863833628,0.7780916470932283,0.7708038936042839,0.8070858702387717,0.9711345300820372,0.9487680280585629,0.8363139971711467,0.7294050353390732,0.7951938675514216,0.8767358213114379,0.9728522768349973,0.8945840111521646,0.7852962633517956,0.87687853104963,0.8496738889547342,0.8911681512634425,0.947458090701392,0.8005894569001606,0.612504387247978,0.6857717133314456,0.7360602839697028,0.8276214279222451,0.9460612685886347,0.8249284743696798,0.5700031237629964,0.637949129903695,0.7009917228495908,0.7761824490822102,0.9244689804771293,0.8237126109530346,0.4883401349385584,0.5892086473421013,0.6198843226706947,0.7681910445618885,0.9758068079287888,0.9411404152018291,0.9048006985272006,0.8588000305236697,0.8701924604431179,0.9144138308916206,0.9452013137953204,0.8595178001823005,0.7584893455636834,0.765671604849358,0.8004560965062139,0.8484764969001678,0.8700087605406436,0.7453177902281958,0.5230930174126708,0.6719896173146831,0.7064226993324617,0.804650833882183,0.9485262618764261,0.8359583699392285,0.8550184983064352,0.871301284142367,0.8868039200840532,0.8996426812734218,0.8899010351241038,0.7150787375769964,0.6108138189735156,0.7524890133375798,0.7826529735982504,0.8305576244732414,0.9462590765187251,0.8955991628083937,0.8031248611527891,0.8081553793957182,0.7358836670030008,0.8393600145533465
yen,rest1_vs_type1,0,Rest,Rest1,14,0,65.19998700000001,32600,35100,930.6800330160835,314.9820474804903,38.34509319626012,26.798763981371415,20.20858812150553,31.771292962711442,1120.5090983543591,355.2666256452025,40.67977722946168,25.570009266555257,20.394758216584822,38.8568816232343,356.9467502757321,159.9462106063255,27.280003621394847,21.126665246586143,27.91717093835745,36.25891033808102,236.76984021773202,115.61227907721371,29.337982776259594,24.36182169343666,20.455891272506843,33.29346991542762,236.62032199285267,109.43672416691383,30.98916234792493,27.35404257091118,20.894695436684007,39.253632792244545,258.10372883353205,120.38554085643607,29.606091422693034,31.939017313374304,42.8122329569922,128.1360464761256,457.13143420205904,153.39529607127977,36.099029815659655,40.075345792361304,49.24625819769706,121.83407449138413,0.9976101692579536,0.978461082259562,0.8860847017743116,0.8427324243998223,0.6735349965796162,0.8366658618909113,0.9868711183933644,0.959299416774237,0.8108553105961993,0.7854934052183616,0.6170345161856773,0.733679404299242,0.9899057635625992,0.9107455418902395,0.8264780301341366,0.8386340641241142,0.7233777743619749,0.825579195435753,0.9854331263145747,0.8720910411132906,0.8119540048488346,0.8314034820328663,0.6832752070322501,0.8564238996289681,0.9795976796193601,0.8817405900150826,0.7363012191095446,0.6493006416162511,0.4730306609014363,0.6508969363455558,0.9884510433730784,0.9106803875852227,0.803994414201316,0.4910536276816546,0.4581952844156185,0.32366375966240596,0.984897973490687,0.9265525638643626,0.618678959245708,0.5968796160379913,0.6116170710147236,0.6305695237966933,0.9900500805866114,0.8709178886540982,0.6732515557582134,0.6733254043815455,0.7268968425090513,0.7985996383535566,0.9815265632589859,0.8392068422107025,0.738820440575122,0.7720631179605887,0.7843668026736542,0.8827705536088288,0.9851148352258434,0.8932425104232113,0.820790880463693,0.7468373088725542,0.6394321203792385,0.7364592864296466,0.9936968070366561,0.9518540809203384,0.8753543624103708,0.5509243647576403,0.5084048386342233,0.3761385908644023,0.9916605207160679,0.9524949189765094,0.8842747496955576,0.8274585643090484,0.757969689168455,0.7988598083735285,0.9726646700881054,0.8838698625145635,0.7844690023832084,0.7109679653985568,0.6899050332573885,0.6869005848734966,0.9723954181633782,0.8766870777221476,0.6287412122271612,0.583979329689468,0.3872137101149226,0.5028212651110098,0.9768944879967877,0.8810891277530195,0.6608160152023714,0.36471142408125534,0.42177398305089275,0.41814734592373815,0.9879653340552164,0.9704422522665805,0.9158769491086461,0.9082974093663942,0.8429625188098973,0.8803422891144482,0.988244659378359,0.9216592409429155,0.6906506499627556,0.6651779001302074,0.4706823356767912,0.6474903577153647,0.9882708185856665,0.8257671348249851,0.7309626311697672,0.39559002069048993,0.5123292457149812,0.4354036236851607,0.982671602016127,0.922713518401586,0.7919225937421238,0.7832161130200525,0.643122182156218,0.7840270111802314,0.9821437325360796,0.7883661332711078,0.7878909607579099,0.4965689300145203,0.4800345078991325,0.3819450521965894,0.9899918690677497,0.896367868762343,0.755904066175203,0.41945468307764644,0.2995436397749804,0.40247519613707916
yen,rest1_vs_type1,0,Rest,Rest1,15,0,70.224627,35112,37612,552.2386262022399,187.49132307946945,21.08837044355707,13.532109916926009,17.515852446695927,15.632577861218802,697.1250107391671,211.57226441380524,21.229492134256066,12.269700967887372,15.998891202650933,13.797874396245255,220.213812983836,90.18263262509932,16.87431203362741,12.861495042490354,18.020799546179404,15.918095844600542,132.6119798670705,67.91095141455123,14.808031763040452,11.740812353212661,16.749030751783696,12.136135150371373,135.82715685852156,67.35499096595869,16.412021176416243,12.209434780104303,17.89883763664284,14.89165894224989,152.9422248022193,68.27957226102849,15.283123386325416,12.193717725587423,18.69051806920968,20.25819921828635,267.34366351263884,78.38841298926053,12.719778983666671,12.407894773629666,19.12300312735343,18.79553849973663,0.9930774523384748,0.9509357620737022,0.8763958213524721,0.8101137044503522,0.7828609263509052,0.7758088923614946,0.9715461497010823,0.9033941021115672,0.8503968166187391,0.8363509569405269,0.7075864930204189,0.7169744170163092,0.9549454344701461,0.8898541515850736,0.8417350636769134,0.896305393483214,0.8141329844697445,0.7793842290649089,0.9639552386766009,0.86402162288826,0.7602570577534195,0.6927643827620253,0.7918442879562749,0.7898979759729087,0.9464025110823352,0.9053064933588475,0.7096817187750342,0.6674957602614888,0.6969442898660988,0.6532465377601914,0.9711950605370511,0.8944597866782157,0.6936834566970813,0.6372249201878836,0.6101581348141172,0.4790053603662873,0.9471865766331163,0.8233066949314914,0.7624230709034203,0.7139639353839343,0.6676616936221574,0.7184036876277068,0.9314105686579587,0.7791522061871371,0.7986732479480609,0.7661315024975996,0.768051510769826,0.7954060518158398,0.9498032573577012,0.77463041316135,0.8016222564016158,0.6987075908209605,0.7620040641812124,0.8282309190649468,0.9531635047652139,0.8764598731474751,0.7965772293230298,0.7918940461537879,0.7701562196738293,0.7569002304490456,0.9753521430578198,0.9378643956872177,0.7849289820207004,0.6686504699676554,0.749307999945029,0.6076775329202913,0.9867265732494909,0.9415143949944554,0.880704657657153,0.8759443502849419,0.8003846956063805,0.8271191656984657,0.9583314623504232,0.8478959671838012,0.7421190232671483,0.6402420013618354,0.6855563332519241,0.7376961723270911,0.9104167442018222,0.799437392560167,0.6673196620315506,0.602463694611785,0.6084289740377686,0.6192032714567913,0.9388934844944413,0.8389391540525545,0.6621693780338338,0.6106248015009126,0.5680423228157345,0.43369226545860096,0.9753118992652806,0.933520332261045,0.8919333328845728,0.8295308236305635,0.8815555150232853,0.8821100595710484,0.927488936701368,0.8423950734426358,0.7432590458269853,0.6958763744188495,0.7615077143357426,0.7091774099857202,0.9375792054906333,0.8092843989633598,0.7326988139235266,0.6590169671212112,0.6260812110747185,0.508770952985371,0.9623779593555118,0.8698072165261229,0.8397892581709225,0.772192751438384,0.7777923148632886,0.8214923499862077,0.952149520897157,0.7959774299175318,0.8000549339567499,0.612439772686245,0.5849014240758329,0.5293784462191607,0.9771196753979047,0.8810960880825709,0.8560641671671482,0.6638511314724994,0.6387991449942833,0.4423613486906732
yen,rest1_vs_type1,0,Rest,Rest1,16,0,75.24056,37620,40120,432.1752766898216,91.92306531269722,15.222410365981707,16.461915200519904,13.37496012796272,13.289559283622054,487.32811000598684,91.84598924019318,19.69775256737941,15.87462111315948,14.917265028506876,11.691737990375865,202.77792307766035,71.83740552631618,11.906066828784866,14.213536939419354,16.182746622127723,16.120452279955384,127.2070116595151,50.98895033409054,13.065180319414484,15.407841957010502,12.520672052774708,12.281998445651384,115.07145313416017,51.37309264198087,15.048440319304614,20.069877478305788,15.226779832609658,12.611062887190595,129.4364564751136,46.34261125110993,13.040258450841687,16.81439995186495,18.994219785477323,16.805411942644042,181.73945811150006,37.699426521876745,13.494696546372008,16.020765749961754,18.125558893355183,17.54310477188859,0.9902836732004477,0.9493183594613684,0.8497979490503162,0.7655551508539299,0.7246425489556438,0.7290873185606067,0.9567461243674825,0.9366132572492668,0.8208907533544461,0.7741646591457012,0.7862402431523405,0.7447264230509055,0.9197072581103157,0.8463990317851346,0.8370083402203846,0.8409257000088547,0.8454471356935223,0.7679320146172047,0.9051013044208593,0.7629562717276237,0.862540249298636,0.7903100746516639,0.8034014684560965,0.7812455301196228,0.8726779330866309,0.6949550678066977,0.7238537743187055,0.6653984449980482,0.655969601387334,0.6323563841094221,0.9221346779602001,0.7977365884430622,0.698294382321036,0.5212701109449238,0.54974634372896,0.5304068370955073,0.9320170882004484,0.8854966227651875,0.5948606162250131,0.651494932683926,0.5954609487810927,0.7192081208288396,0.9019131808791596,0.7778338228388428,0.6142546025011725,0.735457919688069,0.7090745559525063,0.7299018906271488,0.8938893912057689,0.7191186579700996,0.7806165607188092,0.8443252998833902,0.7901812485485494,0.7509398470158674,0.8786389394529633,0.7137755407118026,0.7415444470094938,0.7815750312239077,0.733736225867698,0.7358522277030224,0.9306001862517236,0.836816539851689,0.7650847637128301,0.747580381852096,0.6769800010592676,0.6944642385086585,0.9722700647379234,0.8842858827850006,0.9138273623648994,0.8331889295681638,0.8131702142551855,0.8400326833029124,0.9497011129146,0.7757100097964614,0.7650933469447364,0.708948817274746,0.71531919712441,0.7503554151756584,0.9161528835040832,0.7381571959619126,0.6515205826800253,0.5754748537675811,0.5163373194372625,0.6361680112797605,0.9229397719742195,0.7838930572378968,0.6327963193623217,0.49979879423041496,0.43061687094970624,0.4905742690633957,0.9874732721626348,0.9433031025560855,0.8816710533635785,0.8934782496111543,0.8734351652687241,0.9129722658190089,0.9515683182532086,0.8661180694754456,0.7098495591876991,0.728653998503538,0.6964617554029393,0.6985994235382873,0.9330265648560645,0.7717875564966773,0.6182279585771081,0.5385145225022716,0.46927721628655555,0.5156356756454721,0.9650111378621288,0.9054414059017147,0.8417458081974486,0.8553977005149979,0.7856057727205517,0.7880084655526335,0.9217971364329184,0.744623898076112,0.7223997147344956,0.6452657626030588,0.5409992529219411,0.5302657457047816,0.9616385258660568,0.8264425758184513,0.8284991897864191,0.6697835131802428,0.5108626673827007,0.510337760474368
yen,rest1_vs_type1,0,Rest,Rest1,17,0,80.27145,40136,42636,398.6608700130294,108.45106939138434,25.5383004706619,20.8848675951606,18.89552247898896,13.158927336698229,484.3035632610946,124.98523589059445,28.381972937195634,18.80699210078015,17.407990322197687,13.804696585200539,171.185932221324,56.20288855059964,27.26377390085303,20.56254507780258,18.72142420367876,14.939827058969303,113.48117577097888,51.680444171868544,28.318493658895004,24.79008365532572,15.932340223150499,12.485262838317801,118.33273422044648,53.044375043853165,34.42390651075217,28.28572109907451,17.532113453846563,15.580732445832712,140.48148604988666,54.07236592269906,30.690993744679478,27.20452874837028,25.467981992001924,29.34536831523939,195.2409920541861,56.37973343769342,26.0604499942145,17.974082174983433,25.21126968978205,24.552374347827442,0.9847884461327916,0.8942938985292509,0.9038397678296413,0.8117698054581007,0.8063773444094291,0.7767504893656928,0.9708143594747201,0.7846071613118645,0.7199926155563758,0.7071074639374147,0.7693790330077417,0.6908059661899588,0.9291727356316368,0.7367259800290438,0.8415979278541703,0.7510842675734563,0.8430469721663025,0.8141111586971349,0.9166032720979894,0.6556809124128191,0.8338994973043615,0.7595172401182928,0.830709402663102,0.7960678982941255,0.9301761935606147,0.6633364445396297,0.8513004315145789,0.6512715358582737,0.6476653775877608,0.6261224965450973,0.9701625792911294,0.7060290789635196,0.7516986705925343,0.5524583152857007,0.41167738680948524,0.4021238437464934,0.9335792602521225,0.6864560699986489,0.6059117353242738,0.6103113112806741,0.7226808163840921,0.6775609363336283,0.8786316374923837,0.6625320565904389,0.7130897060829693,0.6933007618027223,0.8087190213088213,0.7836027026665585,0.8811655080836808,0.5785387364872251,0.786000348516149,0.7646500586127318,0.8171379662867567,0.7929207059981142,0.906646855540568,0.6933381657999331,0.8754183052949113,0.8383527326821921,0.6790424653539839,0.6942638113354046,0.9641053178863243,0.7983120686289651,0.8883190430502269,0.6731381699248449,0.48795323231684956,0.4407342308933397,0.964242044341173,0.9177615533021943,0.8184010653881011,0.7746585316597289,0.8252464046705805,0.8159131547311287,0.9321943187692437,0.7964860321953519,0.6670705993224317,0.5938192669287815,0.7445488093151085,0.6838325274027212,0.9141288197550801,0.6726757288740011,0.6274321237352727,0.5380735380259519,0.5258689621437075,0.527397133885374,0.9334293665252175,0.6619684775523802,0.5343904238169008,0.49390841553917497,0.3984579428799325,0.41026696714942784,0.9781703487493139,0.9222418028034359,0.923768229819359,0.8030398351497731,0.8899863594770485,0.8839633211534448,0.9524083085207664,0.7545239296728803,0.8105528000960154,0.6585199074039396,0.6610134205233462,0.6331525170283544,0.9219165713802259,0.6567109627796436,0.628742030046358,0.5217574633986446,0.3982575185061606,0.37826310478375746,0.9537630769934212,0.7919885715337414,0.8720893829545531,0.7892654567154251,0.7765749208435351,0.7510270316538696,0.9112976706219825,0.6372864604894373,0.6916113484613082,0.5130966753879548,0.421027689614547,0.3692958532183486,0.9619807981041862,0.8885931834916061,0.8147689420721763,0.6869889841777771,0.3170591519052106,0.22455175011062775
yen,rest1_vs_type1,0,Rest,Rest1,18,0,85.28408499999999,42642,45142,330.07601443030796,93.4989846382254,18.826951232150705,23.152020972492263,18.140768714830212,15.2041134510233,408.30231214250125,94.05991144877487,18.045529552117262,23.058844743732664,18.78229804533398,15.919399187560611,120.61570571852548,59.943346578607695,20.60217191313272,21.42610781007445,18.917045972841695,19.37188119906143,79.19998942610022,46.07453520696817,18.874848690675748,25.101640014434746,16.914747589702756,13.77249206755175,85.4228906048996,41.75974402115074,19.754904193865986,30.10255313401358,19.415830844903166,16.134876053113643,87.02895064136611,44.69361773765368,16.810875406079077,27.32770277343638,25.649652005893703,33.457086308852226,151.70160910600316,48.97700017510539,14.351301790155446,24.932354476368673,35.197266523187906,37.15179036614315,0.9869138780839076,0.8841663687142532,0.8434247259272178,0.8870957836692183,0.8265392847979255,0.8309595720536191,0.9599616460196154,0.8582936594796726,0.869957821471529,0.8114909611450365,0.7717476795621241,0.7425430363743236,0.9188591350492604,0.7574497387545067,0.8212190249662232,0.8588614266563929,0.884104614829039,0.8435091317019339,0.8902425045442307,0.6752753071502122,0.6905564162371525,0.871653098280669,0.8460639011743654,0.8270384478096656,0.898214255236491,0.59126288794076,0.6609793793521996,0.7651794745261344,0.6734342656865808,0.6906467480272671,0.9417472432297087,0.582682600977499,0.6566157180430473,0.6417784729875535,0.5351798103406217,0.2722192048710088,0.9531967221683657,0.6846102437569894,0.6854405118655764,0.6695806022130705,0.6896795152581082,0.6336709275836502,0.9241095058269871,0.6311433084049781,0.6548521741859373,0.7493208906477379,0.7480825869063256,0.7704639902739472,0.9022826886648118,0.6101601323320214,0.6596613657661605,0.8667715044262557,0.8006501769185046,0.8094600714802583,0.9095775586556464,0.6408010332369536,0.7010024313503578,0.8441391398723888,0.7203236641672811,0.732756901956403,0.9445693902790677,0.7441562637925644,0.8029271683718313,0.7196311979526631,0.5892498077056624,0.3167602551546478,0.9666137277108605,0.907773284122885,0.8626764255522866,0.8711714759219117,0.8171005837417382,0.7774434068839305,0.9081841231862939,0.7601391348175105,0.6516505196564555,0.7143410513078596,0.7258077090378007,0.6912237614534548,0.8757809662174219,0.6551371755212432,0.6480579376568123,0.6405883743472918,0.558755294716062,0.5529169698081259,0.9260964710043753,0.5119453681870954,0.5453033072215204,0.646996826752919,0.5238229065339441,0.1973452528942237,0.9712522815011541,0.9247575920564264,0.8364000072578543,0.8866092918486862,0.8776021865758452,0.8905443326533187,0.9153310957034808,0.7596679149938824,0.7394077924193223,0.7675429521953714,0.6438540967059909,0.685282387585824,0.908666783539385,0.562058043922132,0.5659169207464794,0.6547715010092946,0.4996212353968611,0.26669851771504743,0.9412425445700229,0.7776103388070563,0.799285104768706,0.8511205008005228,0.7640800241299799,0.7992892199816066,0.8885958197044692,0.5847049629036628,0.641639099399933,0.6658765071442583,0.46380182612964127,0.2569607197114153,0.9292583179705937,0.7927468649264472,0.745220112681131,0.7498452154264531,0.35498300696802326,0.1907994666508258
yen,rest1_vs_type1,0,Rest,Rest1,19,0,90.3026,45151,47651,519.4839353793934,138.85061665293463,12.112766838514798,17.25828443038286,15.774161488836372,13.072236868325277,610.4066689488683,159.7929048401784,17.85314790745562,15.276501342415777,17.89810642158945,14.577325581673172,216.34561573909068,78.11716851069521,10.03297045898281,16.57533711901805,19.12500896494112,15.59522422933364,151.92628783188235,50.1231693569016,8.38919214673355,16.382513631876684,14.939137616533783,11.96181702446373,152.1196887879712,44.70957599424763,11.410675196833688,16.610588528437034,15.755826478524535,13.64938930996506,155.80910275768787,42.50155685226994,12.864819318145667,14.177164889668779,19.20693004704778,22.092874039758385,251.95739132314333,50.839546625827516,15.178808199318746,13.711158845358408,26.685673362615237,22.439294455399537,0.9914480206053625,0.9701789406191051,0.8843066020223418,0.8096921324022907,0.8232138952340389,0.8578269197042937,0.9648299927086311,0.9368116004169157,0.5145805853146502,0.85634110092763,0.7358101623411722,0.7837410327167827,0.9644009724124564,0.8483273357105358,0.5630274796666017,0.8464215455701104,0.8825640349518805,0.8171923988018821,0.9325305450823596,0.8136574466080482,0.6399383723759444,0.7603752931037266,0.8228592576338242,0.8267549743125282,0.9488157283460312,0.8290207352134683,0.6408001589218107,0.7119569445213437,0.6424877390702608,0.693448097117037,0.9633052799981342,0.8749997562809673,0.5843596735559671,0.7056530601169008,0.5243609984998979,0.5881832180890285,0.9613995207889089,0.8728142675665483,0.49675940550762404,0.6949289013595334,0.6195303571391819,0.7297470958220426,0.9539071356269503,0.8093174402303094,0.5213440060403893,0.7227776070943982,0.8057968903039683,0.7961588170911257,0.9262691908417272,0.7951882399487538,0.6122294553915684,0.7002637625975537,0.7888841377185838,0.8247869195475269,0.9467506779606657,0.8416284141039148,0.6874568196564826,0.7369761219872996,0.6806580127960531,0.7369811937058856,0.9753000900369512,0.9119280154627393,0.7475857684235021,0.7577794526808301,0.6504045677729893,0.5709793836244382,0.9838121072425278,0.9182859587534913,0.7538895624672383,0.8669638173123476,0.8139629106544509,0.8362796987526292,0.9610318419195168,0.851501323684209,0.6064071994030261,0.6726817749884766,0.6765368644934724,0.7602324863585177,0.9294215465189145,0.815300549628875,0.5399661886591154,0.6103097354578576,0.5349320526533832,0.6272499739021348,0.9131587155317336,0.7841426675654707,0.46263330512955514,0.5944591598952068,0.43289361121586056,0.5066941782686978,0.9860303214042538,0.9553896662423158,0.861198209135787,0.7848466466771457,0.892638801862738,0.9179353193338691,0.952191652393037,0.8837061029924808,0.6667087240174613,0.6821501167627978,0.7101605676230323,0.7784640149004175,0.9168206555461373,0.7246581673112833,0.43557251819961024,0.5617562262541941,0.5751703225833389,0.5772489657622067,0.9491593482925266,0.9196046161048259,0.6925435477667368,0.8526605297286023,0.747506424729952,0.8246429209612914,0.8861899427495322,0.7483450864602361,0.5061873041964591,0.657132861095299,0.5758482939833008,0.5451964986498266,0.9499007070254345,0.8630744101448847,0.7459748691859234,0.7714370057100394,0.5481219076056606,0.4809234674692775
yen,rest1_vs_type1,0,Rest,Rest1,20,0,95.31123299999999,47656,50156,447.92833106775566,133.88727637758146,23.32459488882135,21.695796356987334,14.732788447674938,10.820727089919794,595.8699576939217,164.86954785482854,24.927815727791778,22.25739454577972,14.702559643358237,11.945241750137678,179.0256817966667,55.91647126282311,21.73690984554445,20.503142961587837,17.769950126379815,15.036809610400937,122.74444153950549,57.80399195145921,17.119059105149248,22.354907382761873,15.604904474868828,10.562569564697908,114.69549303751698,72.32868456231873,19.19208468972757,24.389691271690786,16.312273065352848,12.266348587564892,143.4695302800204,63.05597934761245,23.289806882332236,27.89040113950542,16.172907031949368,19.652998159477352,253.00942108041207,85.38055599421877,19.466745238892518,23.307453514348495,21.884139341934496,21.698578268443097,0.9946283670198369,0.9766756239439073,0.9067018398179248,0.8968520595800872,0.8317297717359843,0.8425803127507314,0.9756832671836616,0.8945782669741582,0.7983850305401289,0.8644132292827443,0.8173458081473519,0.7713650932251013,0.932066892925625,0.8113105621778721,0.8333539504426024,0.8527233448290933,0.8640673713515097,0.8544460955440273,0.8969135036609389,0.80062981341604,0.776810623925422,0.8646194010735783,0.8275692794734191,0.8404547330889991,0.9634613229207808,0.8717732212340943,0.7166854664253173,0.7741136351613793,0.5965233359423727,0.6440799396587487,0.9838529138483348,0.9412733566173572,0.6833270698714775,0.7479964484001844,0.6345123648446568,0.5437252825032411,0.9615317210321721,0.8330994628358884,0.6373292637751024,0.762505247716068,0.6631662183169575,0.7592225319840131,0.9069290979134603,0.749442276083623,0.7093211168827545,0.7793894643603307,0.7321160978742168,0.8120957081965775,0.8740218218723411,0.7548699931880845,0.7343624318919553,0.8427022343138381,0.8234146908663232,0.8238668739627953,0.9508984753389847,0.8643178378289805,0.7442221017171397,0.8130080759427425,0.696586909891814,0.6832667533581656,0.990825232598714,0.9596665889332079,0.8113512182450773,0.8276598120850812,0.7218849400479208,0.5907516475897641,0.9764817857093618,0.9489771395777564,0.8600655995201676,0.8953108072845665,0.8731169455955751,0.8700866252586545,0.9403129048100322,0.9084843378923856,0.6349275004124187,0.8039771164991064,0.7240032978789367,0.804039756738511,0.9788479710974315,0.8965641784856627,0.5392376816230501,0.7169456536560209,0.5204398572103315,0.6694040383818333,0.9589048669302018,0.8504540626379304,0.4927692299716432,0.6688819383043011,0.47173907601727577,0.572695153778123,0.9838289483740897,0.9669816392824133,0.8694122178313248,0.9055411502399847,0.8606349595061275,0.9117780614507852,0.9765891470264089,0.9180849136504932,0.6877932078969335,0.7863349976704397,0.6341065454572119,0.745053354283326,0.9066082868635239,0.788184247848966,0.5668642698321109,0.7357735067382604,0.5900112907381984,0.5952436479354031,0.9603401821826522,0.9304669784576418,0.8106724456601666,0.8731826994672609,0.7521681908942704,0.7903884452089053,0.8775690764877478,0.800233746999991,0.6479044169398174,0.7745192559631427,0.6966571475036412,0.60425722026812,0.956896642408005,0.9221307229841202,0.7984591458565957,0.8625915412111634,0.5414231494215074,0.500358619969088
yen,rest1_vs_type1,0,Rest,Rest1,21,0,100.340231,50170,52670,286.96567054544596,150.82901721927922,22.161721317834253,31.452950746729247,14.619286589715754,11.193920756806651,289.214427830241,142.82674028632954,26.38533764245383,32.46832345089416,16.59047545128403,13.135980208633097,163.30447965775718,106.29556646269832,23.00616552471742,25.194833954792454,15.078676917695928,13.569395809589667,89.0044980999012,75.91770985743133,16.262339936462936,27.33471004856299,11.041466030033748,9.429684902248143,69.10938928955493,66.96947942181342,18.3686164219741,31.005150304710707,12.771490282486859,10.94806467781591,75.32799133867942,56.92891658069217,20.973702776769763,28.956606680174527,21.732702018614834,22.732278659721953,85.83241793258442,47.20010760793979,21.791440433473742,16.317789479978906,24.861436547525617,22.80172284448819,0.9825753759485654,0.9439263546199108,0.8428150918445514,0.8177585915910021,0.8389655055109235,0.7354230163933924,0.9450652442868498,0.8372445027601557,0.7746738713244434,0.8344689436095996,0.681731094902113,0.6612943697276089,0.886354881959719,0.7887545256951618,0.7845996038770722,0.857998747995839,0.8056930231128089,0.8179344214917351,0.8559697560692431,0.7208250228686262,0.7817898717231777,0.8486583099032808,0.7738279606203328,0.7826199830743946,0.8904395480434105,0.7863395877270261,0.6653618158201369,0.7374718738315211,0.6503731316131298,0.5867801457935259,0.9209381393878452,0.7829709318677508,0.5704791181082561,0.6696106729387191,0.4495664744559706,0.45825690271477587,0.8854653352161653,0.7217269024569539,0.5380200496939367,0.6788856380104044,0.6127407790843091,0.5058524240927851,0.8411342239266281,0.6857341207916187,0.5395621739632986,0.7069329364560065,0.7122501656964098,0.6902665316136317,0.8451097467942869,0.6479772304520712,0.6182368198046564,0.8406412722433697,0.780078406177055,0.7198940880710883,0.9098221682761897,0.7895868779457205,0.7358427627715093,0.8490224167685485,0.7314734142155072,0.6334310951480387,0.9573426072977022,0.8396731203248533,0.7024746774293615,0.8114547481634364,0.4636253085891166,0.4589411598353809,0.9619527372488724,0.9063222312413383,0.8769666240591796,0.9253325206961327,0.7569484647601367,0.7263899059691796,0.8917544109493455,0.7372526390750207,0.7338220239861863,0.7949919391476499,0.6308694338791658,0.6215436946338581,0.8639190266633366,0.7096146209954528,0.520459354094376,0.6691270712049198,0.5189891566013566,0.4394110760905495,0.8320150444933625,0.6147626888599751,0.38887906421864893,0.6195717269820519,0.42491187595187085,0.35571134253715164,0.9664358774273015,0.910261178395575,0.92653010729962,0.886396511569514,0.8462460510811931,0.8610562386119416,0.912826915555868,0.798094212907865,0.6185859887311864,0.7362213405356488,0.664642339584821,0.5976278432761654,0.8194702709764812,0.6464736960758074,0.3812988215112429,0.6465288507050173,0.46953909365314067,0.4574942880171988,0.9547065595867039,0.8798309676830414,0.712649484375323,0.8956122341078616,0.7691772677366308,0.6824785836143542,0.85813823850299,0.6926653338985614,0.45725768825766433,0.7541008571145326,0.49052220168569105,0.4621784406213642,0.9440148285894822,0.8492123730685563,0.7576575884155081,0.792029471705236,0.41888529945729774,0.3201304353928539
yen,rest1_vs_type1,0,Rest,Rest1,22,0,105.35184299999999,52676,55176,192.83638725596145,74.72251354866873,11.30278116551169,15.11866386301777,14.034947287267862,11.733104916184221,251.9145463375879,85.06371477422503,12.795207126491531,17.381575329540173,15.989399604250645,14.935033260580408,87.16196470780135,40.848371992666564,12.893877612477729,13.641555623737512,15.623674353857737,13.490721015971163,51.67474296933723,35.05996849228488,8.980645479658392,12.739342822401182,12.775553862141347,9.849590254444395,46.90679857707552,40.18691017956819,12.367084291047446,13.608450933435929,14.501194670800903,10.250955531078642,64.32175090893395,33.49080804057942,11.592753822683264,18.518328023690078,20.09942337867397,20.636583188361588,104.0594540293198,41.877495721700136,13.310530521745221,15.497760197780645,26.351974678217033,27.424268758580478,0.9813315961248666,0.9442885741960967,0.7006195949427199,0.717787731071378,0.6974213121186172,0.8093961010839947,0.9328755205914812,0.807918545788349,0.5288724379068926,0.715930813486377,0.6887749025007569,0.784964823034761,0.8826917003311466,0.5878969094205218,0.6262174818928793,0.8037425207285408,0.7273684082991074,0.7996394041722683,0.8659510630765855,0.5217227573921372,0.4773987882831232,0.8156391741183838,0.7259448661864274,0.7843753425142084,0.900334100340889,0.7275697286591656,0.3989603978411139,0.6352359901207233,0.5155271929214761,0.5871605287272031,0.912092770992614,0.7701975463312103,0.421984548166383,0.5568175798323359,0.3005729360944015,0.47777235829970793,0.8804791222551707,0.6884077035518085,0.15187393915679076,0.44335344312478625,0.5102541122514548,0.6713505075061598,0.8130882529894895,0.4544376868545319,0.36219385773199936,0.5651425856062439,0.6201400458122014,0.7156590377347566,0.813017035623035,0.43287277632060367,0.4956587952473003,0.6881302142229347,0.6981027657889937,0.7510995825019411,0.9018573718988007,0.7424587685371309,0.5572351774383649,0.7352405631085593,0.6068165032829593,0.6147849571414923,0.9529020690823108,0.874036101483782,0.6950411853056337,0.6423396053979714,0.42617309887333343,0.4898537158613648,0.9623684728679257,0.6654452489221598,0.6019186197518579,0.8180285436500986,0.7221638672133434,0.8426177034550145,0.904704062670759,0.5321940868849526,0.28475011836290365,0.6453293820516078,0.5968655329558442,0.7144435241797082,0.8417258552845376,0.6479386121034814,0.16480265603282945,0.4558524839154982,0.41647782066087247,0.47355461756100287,0.771475487054352,0.5911243851794481,0.12076014512114082,0.44213475665185226,0.22256110930734158,0.4346948255901237,0.963187416030439,0.9018101439201267,0.7445047038436435,0.8396305095201994,0.875769751472317,0.8559889003045521,0.8590066363164862,0.6337514876947014,0.5111278441593257,0.6239019531399819,0.5867026296457422,0.6062837349918769,0.7139829024313488,0.3443326223560758,0.4228118747450762,0.5133054850460432,0.2637160884734558,0.41710208794473824,0.905058539475697,0.691238802864535,0.8004713279032265,0.7399805283067694,0.6912957888201474,0.7389157408960619,0.7444361998315858,0.36896909971903114,0.6369002413943192,0.6292720557096725,0.3163901199361529,0.4205244262522208,0.8913329781311035,0.782140416626208,0.6707902137469666,0.6719786380674374,0.3151480542175885,0.233559916498721
yen,rest1_vs_type1,0,Rest,Rest1,23,0,110.379527,55190,57690,301.01094666250765,134.00898111241528,25.27367349981109,14.496976308698391,13.880858134752634,13.66996349154549,444.86400620181746,166.49090611425828,31.33262255099962,16.577144709497777,14.294080716049963,15.289268454763556,87.47124916943011,59.18954494560207,21.891551627268377,12.353425072145127,17.832558996196287,16.76679476873254,71.51182348228429,56.20989480116308,21.629247904563794,13.589404670337702,14.83906849418698,12.200341507489105,79.2240769131168,56.49608595049742,24.10284651051222,16.339442637149578,14.286443299571362,13.822632943167742,97.33307100938363,53.06477170261018,26.560596040839147,16.743039101197052,24.89356785270606,27.64188436673046,225.8512831836085,71.45106162167609,25.241948394618216,17.724893438998425,28.479354403803878,31.838369657287245,0.9913930154783689,0.9251134397942317,0.9237765464214274,0.7780338598020583,0.7400496987556584,0.7917664957580893,0.9554354502440779,0.8167158863270221,0.8793376020921408,0.7847752395588748,0.6656511192381792,0.7305354340423096,0.9426765343107363,0.7679452309285997,0.9155955692237032,0.8572943596395629,0.766831071225593,0.8458747543476375,0.9541146678871627,0.6881025284689446,0.8306265184154433,0.8305818674443589,0.701721806155885,0.8110465469777245,0.9420144599390987,0.7782362125660984,0.7941975183033957,0.7290906698332673,0.5092413199686576,0.6144647691966104,0.9369082172226836,0.7043856051749685,0.7126646542575752,0.5456595663657545,0.27531486167522556,0.36915292090599705,0.924863221837584,0.6312636388042787,0.7417838233438703,0.5434144253674782,0.6076048594014445,0.6134874547332348,0.9099765832890302,0.6082705316431857,0.8155958879066321,0.6725043476174815,0.6825929076058946,0.7519957405931064,0.9282724409770671,0.5990874428320747,0.7843316503824098,0.7594411108297681,0.7148003344637484,0.7955356820031053,0.9380840123270145,0.7891819421265088,0.7906872580299309,0.7901684303186087,0.5224090734676359,0.6748452719155816,0.9540795473342937,0.8363910592154125,0.77075425373308,0.6794011711440929,0.34352229593628,0.37961130180508523,0.987548910994902,0.9071130545431835,0.8505058807436932,0.8973731808487472,0.8104081766458734,0.7840331582167821,0.9736173015594368,0.7240036640696257,0.7057800099880233,0.7126019387747472,0.6226366825020632,0.6459423083773758,0.9233507968869574,0.6859353647167286,0.6627963744068675,0.587730114698667,0.41166103741130106,0.4742314259972412,0.8569942188475159,0.4205978416173975,0.5815612450307684,0.40850086074997527,0.29568515610271245,0.3554463600687782,0.9894734357244231,0.886426809518657,0.9368202478269932,0.8842050381727359,0.8583415143984817,0.8748303883087619,0.933923449521522,0.771094730456986,0.870878998672603,0.7485038487883681,0.534613234096873,0.6580639652860445,0.8501510057142546,0.4135948803666004,0.7211744381760272,0.5006245996358842,0.32269093862984566,0.3440216982583309,0.9423833536917833,0.7816337879812304,0.884553404720069,0.8743967522078547,0.6718964588850955,0.771106472165736,0.8648379326693426,0.4240813104654587,0.7260808958784353,0.5696764592694651,0.28722550921656137,0.32859757330736533,0.9495900613571707,0.7160783949338619,0.8207817591206863,0.6722316712764004,0.27480259846788846,0.2958573846692882
yen,rest1_vs_type1,0,Rest,Rest1,24,0,115.38129299999999,57691,60191,346.73835139117557,88.81372412231941,13.517529004025102,17.963582011010576,15.609497922178948,10.064624948306458,502.77849216586344,114.50518318103951,21.648087160180985,21.672425026311924,16.70434622421867,10.308247721847648,127.90847620175977,45.43405719785819,11.71447346150945,16.65768890892692,20.39941643062198,11.1781704391651,99.27520479376905,39.88628836460958,11.433223837219655,17.218242906523926,16.019374648007723,9.502572102809633,108.88287400045421,42.01171621986425,14.318677109054699,17.145104672960976,15.999141631449465,10.720135508478858,133.19920097598765,44.98680283411718,14.723727672973103,17.027911360258134,22.74308071198054,18.314868156076344,243.96324090954045,59.72606737402015,14.783003446212442,24.122460823273492,20.642293919382592,25.203764660144643,0.9712472217655708,0.9377890459504461,0.8476067117864071,0.8854422586483459,0.814462503039227,0.7270895083307475,0.9500246809850337,0.9076298410460569,0.8530148219753014,0.8167795100007426,0.7676352252188337,0.742887133932356,0.916470794617244,0.8236397887241163,0.8449529281680291,0.8376936560795413,0.8974871419687632,0.8239686461638434,0.8455328159011498,0.7670545889103091,0.7883630155919146,0.8223024626850503,0.8773110904959861,0.7597372369952754,0.8841882477686971,0.7972634766165324,0.6917001708954968,0.8486439495261608,0.6867462839123867,0.5149044656133357,0.8863586035374514,0.7861051730773171,0.656314008800517,0.706454541788947,0.5767279913645289,0.4458086491829293,0.8733932672253558,0.8242749087936321,0.6605320477739521,0.6964833553559461,0.6953724869274389,0.620439256908844,0.8490189420101713,0.7474020252705604,0.6454236193415761,0.7148058682833097,0.7924238410465441,0.7253205602028893,0.8043373365952126,0.6935597169644758,0.7387938070135806,0.7356025400044084,0.7485471263908947,0.73008139173885,0.8888513076173856,0.820306871635178,0.7991202252846288,0.8259489448405238,0.7312778200635717,0.5942291954393685,0.9505220918712604,0.8845557985580672,0.7903798384245867,0.7626682400332756,0.5982685248958151,0.44281392271652176,0.9547768522056023,0.9187013386435074,0.821239501769651,0.8704876632703787,0.8297678570916276,0.806912412130323,0.8294154436403024,0.8516424374096696,0.6282680006101949,0.7411023065053871,0.6982641309929676,0.7275307591884596,0.8216164727380848,0.8405147878266599,0.5583596291941733,0.67301783737932,0.5360347529244465,0.5090388959224759,0.7783349722480106,0.6864357672656525,0.519017460319849,0.5611482374049684,0.5347187762839722,0.37736860219654295,0.9330202596130595,0.9437694392294049,0.8549689763086749,0.8730511226578617,0.8970460435263498,0.873566514326783,0.9050381388503185,0.8716713945150243,0.6606334620363933,0.7604317905563113,0.6702990958127313,0.5872103932015776,0.7928506474809004,0.672299543266949,0.5986581307910144,0.6433990922159358,0.5716608094777307,0.39327837266618226,0.9515882825016364,0.8593799264695241,0.7930475470284656,0.8442433057974107,0.7629475425134189,0.7162012656699693,0.7728440057703742,0.6597714596598062,0.6750457286343368,0.6398471778112057,0.5460804943471121,0.3561732348574374,0.8968460217634938,0.8453179847298568,0.7821178914566262,0.6940894835383745,0.4204444710460695,0.24314919656622136
yen,rest1_vs_type1,0,Rest,Rest1,25,0,120.392092,60196,62696,382.3935385846194,88.91966584230012,16.673540812668325,23.47081763200404,16.62480388914164,13.107878545422647,441.15939867111564,101.66786667364572,15.290603380245257,18.36241801371075,13.251354337708353,12.887002990924616,170.23597720010565,44.4375506712928,14.331963650189946,22.04994507192174,18.17358056793306,16.25456568424186,120.67161463035357,34.83273134850537,17.02831632589936,28.16295760808708,14.70480335621535,11.232362663319895,123.14961989221216,35.51982591482503,18.9671498842654,28.07691455081317,16.65875442476212,12.16600817376682,140.41940909834275,39.411523935720254,17.110163853982773,21.192811379141737,23.02555262964242,21.84058472426777,188.4051273585495,45.09103974206754,11.737041344700055,14.88320098491118,28.422536553452137,27.161578264806927,0.9951932342325615,0.9039303626270454,0.7442200065446908,0.792079365083706,0.805912607669606,0.7688754256653876,0.9794254883304202,0.8585340409605128,0.6937197904237851,0.7502522391150938,0.7618485896779446,0.7537046272168043,0.9571160806501228,0.8136711173377943,0.7732147709168797,0.8273535989259038,0.7965536181227364,0.8038242471491502,0.9418854554584221,0.707432774902842,0.7463938240146505,0.8185129147967057,0.7596007778259553,0.7871791213156067,0.951368810856787,0.6574804801080162,0.6039025023397804,0.6711168865075061,0.6240956580537951,0.5871167694297518,0.9844706073782685,0.6992687187417086,0.5175405639914921,0.4662855578422814,0.44271370429957485,0.4578389616887091,0.9645242424154725,0.7166952611716005,0.3811375846948205,0.5683280466862113,0.6048285106640724,0.6400002107291806,0.9330801899297233,0.7116502547175372,0.5647298353114047,0.6449183030810964,0.7197962541624137,0.7289990184426585,0.9219396667412026,0.6989373750874319,0.7393129679730557,0.7162752582463037,0.7726346927198291,0.7668913660907309,0.9347754249311818,0.7374967531168097,0.7311263316464689,0.7866747435006983,0.605254383811271,0.6008333907901182,0.9859788741993908,0.8487602520193236,0.780587017997283,0.5661626724772472,0.5029832763969468,0.49608159993265616,0.9735081731004059,0.8389190186137986,0.7127717901316053,0.8247829625980238,0.7484806497153355,0.8355773396404845,0.9414052971779175,0.6494341955308719,0.46178481995149945,0.6480043831471034,0.6144724912499833,0.7099287904438241,0.9368077476961969,0.5828831967948697,0.3651980935875031,0.4866517257762853,0.5554828003254524,0.49538804697586186,0.9565688727296315,0.5661897256322024,0.3186153562652255,0.3320898787287771,0.3209264308554675,0.3588485704731716,0.9815751060884029,0.8959571105670168,0.791170821254078,0.8809101536568403,0.8828315212748377,0.8806958391061361,0.970257249993505,0.7434627270368883,0.6255257173350615,0.5814732035771767,0.6125230571756448,0.582566454612459,0.9396144441834999,0.5723636678030422,0.44884299487279494,0.3355637033858179,0.34897852185991207,0.40212159476043713,0.978590212394164,0.8567710938212993,0.8151394730625563,0.7436501054371366,0.7233204458349352,0.6816267659333427,0.9336592031897418,0.6137843510101009,0.6059898292242948,0.40940116104046786,0.37196222237263543,0.4433932597269904,0.9590707784330835,0.7767883257436058,0.7154511849069036,0.5591040838832381,0.38119722225216135,0.31548206160675335
yen,rest1_vs_type1,0,Rest,Rest1,26,0,125.410023,62705,65205,663.4008979605634,201.49195495302783,20.678486438366498,18.959907060928217,17.13137184899974,11.864699616048238,825.6383127511779,226.03653487150382,23.924288443617662,16.520228989284615,16.929892211646223,12.863279686321384,254.98522069303877,85.19706007201047,14.138228351810277,18.02276218128679,18.825499813524264,14.182652729396109,156.6855323439617,74.23076932302365,15.762695784275092,17.589464332745333,14.66140588341723,12.094496551892494,161.01245017358474,70.82439195127363,17.780964678808417,19.54815797373367,15.228829512551194,13.320427674792205,183.88658114520825,73.890573388746,15.319866167263317,19.08080918072471,20.985995487725788,24.65579612608524,306.5466615156218,84.01418124455842,14.494514031609931,15.536984726571085,25.74312364364096,27.069466664541725,0.9913740770004603,0.9627814206037726,0.9141340406770228,0.8357375673787653,0.7746486345325588,0.7930077606020949,0.9814015933749459,0.8783439791323862,0.8719542139194042,0.8500431887708809,0.7457000235880678,0.7526026919949823,0.9484674073897738,0.8423892357405942,0.8772183569295432,0.9349096008690682,0.8379538800555988,0.8975919705649246,0.9190342013305329,0.8729937795748226,0.792577479905375,0.8246670354662499,0.7823193652267386,0.8639600667342489,0.9561586464524826,0.8215021113492278,0.8408141607393155,0.7935779099052588,0.5247414124616426,0.592707523698851,0.9696398255309848,0.879938429007234,0.8565476834074379,0.6339717504824538,0.5493706328288412,0.4129855799695237,0.9601718259456126,0.8008516915618966,0.7319597331229006,0.7443039868431003,0.6042365460065746,0.6450884315352872,0.9234707946524767,0.7725811725600118,0.785298175755383,0.7906676442493382,0.7315059136788696,0.7936402008656326,0.8970715004105146,0.8375314544143038,0.7585040791050208,0.7940867620763152,0.7377108580087148,0.7975258020223911,0.9510001763692273,0.8512407306705017,0.8327438653434773,0.7988482121055319,0.5780328070860169,0.6365312030589886,0.9835235911750043,0.9360703098367551,0.8878307181202786,0.7218966106979278,0.5709802731706743,0.4149780172372501,0.9804712098292591,0.909024915543213,0.8742294007157128,0.8830468795209582,0.7731238740465731,0.7883181899549052,0.9496554395211004,0.8376204257187011,0.7493928522597819,0.6827900735832854,0.6469099634341858,0.6967204975399365,0.9638965827859328,0.7392872808659079,0.7545630150343559,0.6780693982384484,0.4304949605432092,0.4419968785879657,0.9505153038640538,0.7375461114745805,0.7397377137491707,0.5690303620097608,0.3835839800575772,0.30407577900638394,0.984727579885098,0.956685289551928,0.944672175205271,0.8511005709381632,0.883222099802968,0.9106680457851419,0.9784881736999097,0.8604782829170666,0.8927669746826439,0.8181355722542191,0.557715121743264,0.6070929459351606,0.9203377863265919,0.7497554697099087,0.7759653389373516,0.5838225880008048,0.464322665699472,0.3884143339520582,0.9734065589733932,0.925655419859354,0.8922003779245697,0.8371448368220976,0.6782164073760202,0.7327618288343383,0.8913681649155344,0.8142622647160092,0.7399589463348695,0.6011618068997302,0.505925998785058,0.3879473580435097,0.9568777704610062,0.9061242089843587,0.8612856973174937,0.6157772612039104,0.39664393700372425,0.240260551308571
yen,rest1_vs_type1,0,Rest,Rest1,27,0,130.41828900000002,65209,67709,339.914497505397,156.33456608146838,14.852668791001383,15.578013686799485,13.270490032137909,12.267423235242232,387.4207432190734,154.7210970236572,13.654870696229427,16.32824346201458,15.029968300061697,11.886830356911668,154.12449758840225,81.57669030370218,15.982033524664967,12.771259547959527,16.286795953636325,13.865282453781695,93.32353263691266,60.642204671310196,14.564101633596076,13.328951028423356,14.057155716442024,11.815021004974783,81.52447859289184,64.9124274552144,13.891509413043694,14.141571195608096,15.483941350761693,13.2555000292844,85.0937967886994,48.64300404215593,14.938686524985345,16.67810967573585,22.090599663033043,21.416154671145414,139.3030700245064,54.14724034261475,11.068405702107665,17.471230438280106,19.084706311748413,22.091633154278462,0.9781264053888256,0.955921978180822,0.829498027547895,0.7899266178253354,0.7776303814447145,0.7959569073147856,0.9584805272981116,0.8703979148917352,0.74618838286062,0.7712526371111675,0.7413068308337328,0.8016119247680945,0.9183573193342275,0.815071361765523,0.7390400008201645,0.8197968062902978,0.8322063068500428,0.8873865744991624,0.9423094238303387,0.8320347404801915,0.6799739206494465,0.8275603333048249,0.812392726265364,0.8134130384435044,0.9504490982155928,0.8018864196452515,0.6168170769076239,0.5780086059998805,0.6241229150913378,0.6017273866339828,0.8903092627562558,0.7310408689549743,0.5993043931075985,0.5290033612901002,0.4601850614884498,0.34523676813090626,0.9041503522817896,0.7607486876452582,0.6162446323322557,0.6004311448011727,0.5932191385275781,0.6973957513919502,0.8521051973945345,0.7248580651957508,0.6529723123147707,0.6456499109359771,0.7027250147818445,0.7799048672105922,0.8862687776939987,0.7678352390552379,0.6460967241531572,0.7229933743558838,0.7740133831063758,0.7886795954566056,0.9580223142502452,0.8044344613042945,0.6468676103114163,0.6753748845346221,0.7268442699569706,0.6577139945013043,0.9488195891367565,0.8487811093331559,0.7020049334767651,0.6392065642387029,0.4530016811720642,0.456885936222722,0.9834639316384468,0.9450735989863593,0.8202326122212155,0.8950538257286962,0.7445918094766638,0.8133705703446672,0.982580956641253,0.8648933319392799,0.5992703809162523,0.745076598024588,0.6527324718894483,0.6903207853475475,0.9259841862339688,0.7635393873261446,0.6223698772418922,0.47220469515594804,0.4154929234649531,0.5278797519828422,0.7943108027237055,0.5107280216226209,0.4366311249410644,0.4686311190647944,0.3243195175795177,0.3060915834128895,0.9891849233247862,0.9308807462545039,0.8810722687427782,0.8973326563741618,0.8810591228133159,0.8869254241239626,0.9038121338942405,0.8426219109250441,0.8149799352861038,0.626777523462657,0.591874345594461,0.6291991109804281,0.7479707687249406,0.5182471249093579,0.5275601760554232,0.5303313988419027,0.37362554406410353,0.3306760354823411,0.92100473166224,0.896472434843428,0.8420602531890731,0.685981157991973,0.7102663110872457,0.7521905227273792,0.7819247242364956,0.5710485867887807,0.5759456314649722,0.5603279671455178,0.3856501661738633,0.3190843197553993,0.9239577835702965,0.7446311111110056,0.6486887129357818,0.5903505520975939,0.304590337195621,0.259754950517249
yen,rest1_vs_type1,0,Rest,Rest1,28,0,135.421834,67711,70211,1051.431765954745,236.80915283807843,20.353112976022764,26.084606820831713,17.9693290948096,14.053988149006674,1189.061452693328,277.3700732462052,21.280458208992094,18.05726473213583,16.743904256848936,13.01102177387088,472.49007568679644,113.27600916167673,21.314986779623577,21.011934137251657,15.029115178659872,14.639728742508552,309.0153769147704,87.11933222962921,19.957111974878647,22.665017208168127,13.79603187899667,12.47476314911853,305.14127297702504,87.29722231962788,19.007133999462695,20.06069664542252,15.65239414953171,15.048434192020926,300.170912921166,81.10167489292317,19.671087929222967,15.880844477135136,23.773783477494025,33.33262145147123,353.80082010315124,87.3352853449082,16.671878676023198,17.384602461864024,18.300037187013896,24.820962318555186,0.9856693923689966,0.95925750428027,0.8523097097273371,0.678340225393254,0.6880194780785276,0.6550978936236937,0.9836857810513706,0.9008269533696305,0.8115298371926916,0.7588273386141274,0.6420788422700326,0.5799936930904314,0.9718397019968458,0.847872427641384,0.6861026447449271,0.6490427168246578,0.6601766711193392,0.5966838412726663,0.9729242171486039,0.7940232750709314,0.68032374326666,0.6726995449466158,0.6718986436158205,0.6558153716816683,0.9443176037563012,0.8192378482677769,0.6095751049156584,0.5181145229522286,0.5682180193336035,0.4536789413481737,0.897234262249464,0.8224294513449547,0.6224459324122562,0.5124611421237166,0.3808262321776785,0.39263831677686606,0.9513667118974786,0.7976744600746761,0.6806364121984542,0.5677617170119226,0.6010108109292921,0.6075351244053556,0.9421191584322495,0.8039384635425296,0.6375883642450879,0.6177140617364166,0.6931576829308781,0.6483739191920606,0.9530538397693992,0.7913581102724645,0.6748566139642398,0.71230902339287,0.6592210383240269,0.7208029074045249,0.9590684709877157,0.8600797446947327,0.6414461316012782,0.7199218791149239,0.6897850299422904,0.6160232762752905,0.9430451895740375,0.9093675179108947,0.65443430439362,0.593933867279658,0.48100458313865824,0.4805969199372209,0.9893834945110743,0.8823834899143582,0.8608154509647518,0.854737492786826,0.7555525158642581,0.7911613629673362,0.9812220329583122,0.7480540959207531,0.7306038506706549,0.7399666607545959,0.6706588199106239,0.7179927733660147,0.9323600701614597,0.7093849365570152,0.6473807543882035,0.626223681902954,0.5674408137870659,0.5189791354391915,0.8600121294434137,0.6779142980327273,0.6032572605257432,0.4518978032013979,0.3586973356914598,0.49794053228373564,0.9929240416028134,0.9371099694972982,0.8860813883180179,0.9016215100138073,0.8600987479875529,0.8753937686421605,0.9516114082191409,0.8787847040187107,0.78555298108864,0.706960167422903,0.6828391832403841,0.6406290200772152,0.8779106197177223,0.7641135519733437,0.6060947815720689,0.40963970196609356,0.40198378882880376,0.4579808175234558,0.9703020432311095,0.9362934075729159,0.8674466832100116,0.7530448748618987,0.7784075230685336,0.7248417652092747,0.8995907021354922,0.7878892526670384,0.6807552641120714,0.5054694693721736,0.4416357541199153,0.4637150174629172,0.9640035255932987,0.8938734077156406,0.7583882758674466,0.5848294727060919,0.42528840943860946,0.3770502516087057
yen,rest1_vs_type1,0,Rest,Rest1,29,0,140.42287600000003,70211,72711,866.6894165801991,240.61727783617462,37.68203724992957,20.97178470681757,22.87837971376053,26.10249812095185,1026.2536474761957,297.55277382738865,33.51028484159481,20.019528908019414,26.109433984226246,26.451879860783812,309.33003855098804,97.43243854777722,23.994859420590878,18.247038147013033,25.84267530069246,27.96674801208164,188.649816799257,72.42785581010052,23.135874168172563,21.131077972019106,20.96439569997014,19.156807139725842,196.37076649593877,72.5476994287162,25.686870460915248,26.44181939002083,23.918240981773046,23.71588349937359,248.74803847038837,88.57465623755085,32.53662982805802,27.631738137253215,57.41659886433984,67.9341341138267,441.94584924412976,137.8512873129725,28.471047781146325,26.613248774967477,57.17095631177064,193.17110799178772,0.984023827721936,0.9284436683216688,0.8776495035816267,0.8651786171465333,0.6101360460148422,0.7131113005745295,0.9701666339273949,0.8656859567157571,0.7698952907238793,0.7361931372240872,0.6825852560068524,0.762577797252783,0.9648445259680877,0.7864250543554383,0.7692002405237661,0.7525146854715586,0.7393119128520641,0.7501569632516198,0.9718364934803695,0.7218723609639018,0.7198117124049495,0.7123188542340859,0.6896673308950787,0.7172738929157139,0.9750414402437052,0.7519311320933275,0.666409621935221,0.5349016362944935,0.509931459779075,0.4843990558099077,0.932757925200829,0.8192584313621918,0.7172921588629227,0.5122133372213835,0.33848096536720484,0.3697693408746679,0.9280146301844133,0.7491739504033056,0.5670329703232525,0.6214078837893524,0.4983665612989066,0.6733476000297547,0.9300319870537037,0.6820327015762431,0.649782491313956,0.6436097273887224,0.6442288515990989,0.7593681920657319,0.9504322970982452,0.6883138392779012,0.6740944599467895,0.648187364298866,0.7436013360335371,0.7802647608971872,0.979620149946946,0.7736709058284389,0.7106011801060104,0.5173244691879715,0.7219766010148978,0.6028287861626249,0.9639526900047791,0.8766007112235802,0.7587212679208031,0.5602204501315924,0.370295679510335,0.4147761464973158,0.9819206938264293,0.921388890858526,0.9012521222833213,0.8637915464684237,0.7558751496137891,0.7743577888975411,0.9681728722616332,0.7965792358974417,0.6501194458014956,0.7178214390749638,0.566315694831907,0.7027271964396448,0.9307754486678309,0.7697631065240347,0.4465538105746224,0.5402011544872378,0.4551278838829925,0.47218123410141316,0.8623235275427125,0.7372259407577288,0.49586954682617845,0.461344008816572,0.31719508548064257,0.38256826659044163,0.9867371532993193,0.9119972144240975,0.8285497068650717,0.8767297231674309,0.851197330220581,0.887672929527897,0.9487051867340771,0.8624512256517292,0.6304674981900521,0.6210229477132667,0.6123644117299549,0.6032895159139406,0.8885415305239741,0.7193535562504766,0.5933497371868579,0.44703500151787495,0.29464923570164003,0.3548247678482344,0.9616779991147332,0.9343006553498205,0.812825782350421,0.733686006406384,0.7689759087443762,0.7436755204919753,0.9059251020789777,0.7333577074670627,0.6585880486931391,0.4244557435017439,0.2863663609898791,0.3490703018950549,0.9506802820965481,0.7834802774474331,0.6127725343599577,0.27211177179613394,0.3163112654342207,0.3851582961617817
yen,rest1_vs_type1,0,Rest,Rest1,30,0,145.45316200000002,72727,75227,606.4969700491163,230.50591719378818,37.34476521489326,16.040574891881576,17.50036750827345,17.57693814858277,750.2496351878942,263.63495422167387,37.11440336073318,17.684468027436925,17.20650893768771,15.971768252106806,245.31847365796128,100.4755813810072,24.045444924046095,12.920537829442912,16.011055513729197,16.334670828529106,126.69793664290225,74.00185917521938,21.325064446536306,13.674816006801798,12.240153264838927,12.1592679837898,114.20260809764619,79.35786112149889,21.210864128181832,13.830567893785858,13.102703381463655,13.397045437249718,169.69573202812808,72.39599062586674,18.352385340821325,15.918430314437623,18.386206450002533,28.25102005613916,296.5441122444451,98.83462093982023,21.586127519223435,12.796106021117964,28.910683163171054,36.15731637312106,0.9947055690513147,0.9854353987131856,0.8943066754881694,0.8147556952559356,0.7336424828662523,0.6749600918172823,0.9630409426939179,0.9131725232247784,0.8395457693440088,0.7514523009573933,0.5897671143242444,0.7043308601781891,0.8824641182848438,0.8906164481618939,0.7486350505032301,0.7896936361780365,0.6681201634741815,0.7422813757515805,0.842690675342216,0.8635330189534398,0.7053714092150833,0.8087005118745045,0.698673679581458,0.7203128221695348,0.8728873937079792,0.9039907626348822,0.6775296304308507,0.7692937604833447,0.550500952978512,0.5588094856702425,0.969473937502137,0.9179907821258568,0.7656279304874077,0.6710559072248926,0.42174719228564106,0.34384307727399416,0.9451054968817184,0.8847356333504945,0.7211911905632382,0.6464596701504967,0.5251577899419401,0.5647161430393567,0.8656575935275601,0.8735298130667888,0.646203845852062,0.6247021332891174,0.6896618230750571,0.6818395152607114,0.834446519370691,0.85964513407449,0.6500442026124108,0.6880123739510532,0.7437255079088201,0.72378916437295,0.8719820790742855,0.9101773772766859,0.6877929215269565,0.7585565528779068,0.5421960499534937,0.6709922031725202,0.9666762986701136,0.9279553787878823,0.8332791583952426,0.6850421998039372,0.47775147048668243,0.40371937437613614,0.9394986304118826,0.9395618845911919,0.8673048489457986,0.8171383179961159,0.7130768586930574,0.7768138540164113,0.8746951193585272,0.8527097612931174,0.7266326332409327,0.6901729828890427,0.6359518819401805,0.7126015961789399,0.8905828568945426,0.8925355793908587,0.6888451350168325,0.635427727789273,0.5402119378763949,0.500668257971068,0.977676980424154,0.8906191274748964,0.7508002047803302,0.5466904202397286,0.39377768993711143,0.33475500770453887,0.9790431774935636,0.9559665416629087,0.8798039728352123,0.9038360386116855,0.8528576055553868,0.8920533742071254,0.967973373519472,0.9431926028039095,0.7974635814639457,0.7435879282886938,0.5706471837540643,0.6278418597768223,0.9433978557674022,0.9079087923034617,0.7177261643968572,0.6071254322792053,0.4171763846003246,0.3686996741096232,0.984160029220989,0.9459504355716517,0.8673814815322091,0.8044581126993541,0.6125374797793033,0.747664868247218,0.9068932885984479,0.9010397782208797,0.7105485864882495,0.6575872979512657,0.48327160715274314,0.3357297306322285,0.9326199668354079,0.9618698234592611,0.7786995158753538,0.7434539158261203,0.2691323818469131,0.2512888515850402
yen,rest1_vs_type1,1,MentalArithmetic,Type1,1,1,150.455144,75228,77728,418.3126331967214,124.86842130517852,22.296007348687635,14.345000150698759,13.925693059466118,13.903263144051392,530.9716794911012,156.11266479412555,30.222020961655666,17.10792903959953,12.98221506005014,13.081873071484752,168.0238887479264,55.31086567521015,18.004722441221997,13.298090223769332,16.717264392786653,15.22664572079965,111.1987394057535,46.987755589968515,15.589581753898852,11.69037889226594,13.109290483738059,11.416350984903632,103.19721347426328,54.38733063576899,20.003389329235297,14.476209811716224,13.008539308093395,12.884632920226656,130.40701737904953,54.07588757802597,22.7852192404293,21.711394241789137,21.941548597088026,26.991008928591906,212.99629663659954,71.17837565563374,19.825951521121304,18.277954915765125,18.635621354537257,27.928527355529745,0.9899611460800563,0.9426592923159145,0.8806418168347735,0.7209550522019145,0.6439503367219622,0.6799367025812402,0.9634591930639885,0.9303371207190956,0.6912521162990958,0.7594039578832953,0.6748048735555754,0.7506239822688431,0.9061936691268478,0.858853400286352,0.7187974189611037,0.7607487208528979,0.7708451160695907,0.7264275957816494,0.8715997625991386,0.8040970815852317,0.7593679352447602,0.6548148639088025,0.7500063828362735,0.6931077726582034,0.9531669671357855,0.789769403387751,0.6806841317447315,0.58091120436137,0.5874866581369746,0.5634453027237497,0.9585928470671398,0.7949686655620645,0.6451325720047446,0.4055145841364452,0.41252285845712544,0.35163115574178594,0.9248457158331688,0.8261932200093339,0.5036167887409303,0.5007970229346149,0.5009514639104578,0.6040475546329451,0.8574473755857808,0.7957615187548002,0.5666589539420727,0.6581621958606031,0.5827656273360783,0.6849426947366251,0.8249835527712213,0.7958512195828809,0.6972304706924207,0.6618359968134325,0.648474388250655,0.6933609643340968,0.9308880708665628,0.8356156899014979,0.77996197370478,0.6815401940070103,0.5642478972521439,0.6357645708743067,0.9641906273006317,0.8867567188093262,0.7512107300144795,0.6270377155362862,0.4446099544336903,0.48217575868125845,0.9503980111286133,0.9048304979056668,0.8060209221479424,0.8396163853080564,0.7720297869104495,0.8064425950296099,0.8992920363377549,0.7928089218171321,0.5963700748209935,0.6774554859447406,0.550747098684147,0.7049639053818493,0.9538443698489184,0.754108841535426,0.42402243126562145,0.507144905640865,0.43875769128091424,0.5335834885182027,0.9096922531119747,0.6986991838114198,0.3805475801812716,0.30222846466733916,0.35890289174955914,0.3099179420498938,0.9826948404991122,0.9366863444473309,0.8185083700828125,0.8470490844860888,0.8354123074030813,0.8803602535881798,0.9703018451036615,0.8591805857226438,0.6188411547035919,0.6708404274148607,0.6100451372287934,0.6289989298760167,0.8822203925617416,0.7561378577047926,0.5270652284016869,0.3729244778245217,0.39692666314643255,0.33702644331672565,0.9455439183402908,0.9209358642180951,0.780592079296943,0.7078801027052509,0.7542567636162039,0.7346236106871025,0.8592966281843201,0.7999869353724688,0.667688866718443,0.39480409407750455,0.3726164376764189,0.37660544236590127,0.9542255759127892,0.8937900240268202,0.8435576238223224,0.5360115731581557,0.35387750534601936,0.2999523462998623
yen,rest1_vs_type1,1,MentalArithmetic,Type1,2,2,161.827855,80914,83414,299.09337586776115,247.61264761396436,33.00421354644396,23.557851389925226,17.408679427129776,13.42636085051891,345.8439236832919,302.378984567474,32.11012618929253,22.31137005111718,16.41265296831805,12.780360355972235,136.18167464164102,113.70532917758507,25.206107468605758,24.04694912230419,14.443165588752677,12.223332670310537,108.3329950542406,76.22233008274746,25.063494433696714,26.08415796160402,13.334796996961142,10.57496858840922,112.04011455817857,78.03767834527793,25.846662287352732,24.637366451695556,15.002059383642989,11.64146173468491,110.27287826323287,90.66440241495326,23.44759196584129,21.19554209177285,20.298748578955863,22.874663815477092,141.96492086692348,127.61610227544334,20.46090310615477,19.354533995530886,25.559596157056735,25.69961110547441,0.9897481813620627,0.969785047160178,0.8627910665295782,0.8381936580871846,0.662270886773479,0.6373913967522357,0.9394039156642089,0.9222126199741885,0.7838427937504036,0.8171412365336291,0.5593929409862598,0.6458274592312231,0.9039853599094719,0.8760624105780234,0.857420290052757,0.8625648681456407,0.6682086447717559,0.7431051564383221,0.8895611262359386,0.8106799560621382,0.8269750080940806,0.8477114266543673,0.7204177131511937,0.7337032798782767,0.8964886905791801,0.8922859589900956,0.7633867449571172,0.7120465617630565,0.6103766530654606,0.5807853489645,0.9521313966331592,0.9116426107370271,0.6784674904725391,0.6094892795619122,0.5021105731631091,0.3981065439046963,0.8975014766297297,0.8550792787323779,0.5098420480059414,0.6562351357271285,0.4169964695379399,0.5716367121941851,0.8714855857463116,0.8080174136645412,0.6220220654354098,0.6775887491873759,0.5523232066267311,0.7232004234595357,0.8710597257074215,0.7523877133567314,0.7030035243479194,0.7847394915048113,0.6886751430854801,0.7305977033908053,0.8867389996559231,0.893643585339376,0.8190408951574648,0.7409699572101339,0.6601599487426415,0.6679466113143598,0.9640600582938091,0.9601970014250688,0.7987416717909108,0.7313924920041212,0.5477401382845427,0.5779403857649617,0.9250758641510982,0.89463819814812,0.8515641311720934,0.9079269359950246,0.6686493229802852,0.7897373078229349,0.8751689841069071,0.771362484285073,0.6533145761533364,0.8088653547527341,0.45637407839119515,0.6847360912692155,0.8661703704629261,0.8390348390750633,0.483360341158597,0.65245131722611,0.35722595100510524,0.4991603763806985,0.869867392846908,0.7841621867273363,0.37799015240485173,0.5166482270698028,0.33220265503540264,0.41536922955879824,0.9788820916924665,0.9354267158325037,0.8961118318964096,0.9085735970452523,0.7627896850050195,0.8707075986104816,0.9410815309529353,0.8477258668591321,0.6751833479158906,0.726372083473367,0.5569661509350914,0.6081027458689532,0.8778751848372165,0.7551560714256305,0.4987976024085204,0.5179276794973796,0.4290374615435196,0.5274872102170187,0.9598192038725242,0.8328736088711081,0.7891805839858573,0.8108416817533225,0.769139798361037,0.6823964887318321,0.8979889482856643,0.7142528705296323,0.6060786176552905,0.6363065640496268,0.5443341095696742,0.5115171499078797,0.9384411712663221,0.9184187587311414,0.7669859201990795,0.7203446205754932,0.5149698387098954,0.3939796341676098
yen,rest1_vs_type1,1,MentalArithmetic,Type1,3,3,173.793568,86897,89397,370.3254378156445,285.00463895627115,20.0523663889333,16.527516606300235,15.470201018327696,18.592470794388046,456.45681607278715,318.96137150645535,18.136799706570645,12.296334521084496,12.460627236648682,18.498740260138394,162.12412194864538,137.7309869256893,19.37470537451375,15.707023639212313,16.107944964523554,16.121642680098468,102.52703789680679,93.12389384276,13.490510060228118,14.898963507436466,14.947139754014367,15.892591513815129,97.04802581779371,80.64562512166005,12.89031585511128,15.121513716398965,14.587174906079754,16.38378377279297,118.68081149262093,82.53507236247016,11.215608402912547,13.157464763642672,15.702169208918338,20.261255110598906,186.45370107918615,138.91905022115475,12.144608606165345,13.12126536024936,15.14211889729949,20.07109303495869,0.9699234575758376,0.9551866202069594,0.8337797606624088,0.7290991520884681,0.7034441201752902,0.736758916312251,0.9293356534155931,0.9015953962365105,0.8263914784606939,0.7255150031125569,0.6623811804044483,0.7896933558158892,0.8139753193761923,0.8524505202693553,0.8045887438771289,0.8491571970912489,0.7039607347030719,0.8073027501084767,0.7746845840872837,0.8034996563272989,0.6593222227240092,0.7806342003172143,0.7046173798799897,0.7770669557500465,0.8714505855384195,0.8641846229962633,0.6871384393976296,0.6476453487290165,0.6177322465364423,0.7345291483346019,0.8676625474558964,0.8311238463134827,0.5857776735414603,0.6367433382157708,0.5135317112548621,0.620305133280585,0.8431703182744753,0.7987071463285428,0.5884373523866492,0.5593777884710833,0.5694457877027042,0.7001850273907522,0.7200158059789267,0.8079711321711734,0.6518438476931975,0.6951724904078435,0.697944622256353,0.7827104575508235,0.6927980080080344,0.8082824997772232,0.6738960823205632,0.7891819828268037,0.7543646506262742,0.7852226469853303,0.8528302051965172,0.916484952203703,0.7396807248053856,0.7327156590607127,0.7614178245423998,0.8541185204898529,0.9284702860909864,0.8985973564767306,0.6911274243490844,0.7192231854849237,0.6462021500173342,0.7661263626302511,0.9063280780979422,0.8805124099619323,0.8312537881059235,0.8333304557690601,0.7816064151858175,0.8429284702167352,0.829577109564247,0.7809784024820456,0.574424427792958,0.6817271115868981,0.6802505976603466,0.7700965602694125,0.8173596769924973,0.763062944490162,0.5680293705313075,0.584137194312208,0.4945338692619738,0.7178466450915825,0.7051475986760196,0.704658605356188,0.3961111316467936,0.5905157504356139,0.43842977322208904,0.6333288065847763,0.9683152102519514,0.962216592396555,0.819996017530977,0.8771909076263293,0.8991039718994361,0.9418892177816005,0.8788794458118447,0.8738891641731639,0.7136616082395865,0.719441061288473,0.7281816110686851,0.841996520573494,0.6412007113488739,0.7494176016269809,0.5442732543777287,0.6472072830775967,0.5758211841309847,0.7070437806090603,0.8935709908262385,0.9123086871957465,0.7967924750628159,0.8300326801536073,0.790602398867483,0.8806231725923873,0.6193567886176846,0.7829855208096533,0.5935437931346014,0.74858545697692,0.5712401694325346,0.7127715950434552,0.8524331454536703,0.9100603590758953,0.8020800904708963,0.7824963873852191,0.6856598581344108,0.7744902721136334
yen,rest1_vs_type1,1,MentalArithmetic,Type1,4,4,184.02391,92012,94512,623.8694796938794,231.81051913261578,32.67831431149287,19.72944861052393,13.94928594498069,17.68912170202883,732.1755580065575,269.04753425954175,44.42151531899953,18.898501531870693,13.998270134346175,15.857774423113494,264.12415512258843,100.97395600480479,23.81257220584033,20.828880746342943,14.54334716554678,19.194559860691893,175.9816729694896,65.8231147474839,25.45015533692718,19.49233148399429,13.558074502789035,15.501332539929864,179.79852082353068,66.69429583516677,28.877732012150148,19.69167136161271,11.317522394231874,16.162619391441698,193.11268078859558,67.239028951373,25.933470561409823,18.33136270365444,12.876363855349076,17.714451108490874,290.3151243672334,103.21339759872467,25.000518067852934,16.54922849285372,15.629565306644913,17.44916812453563,0.9968037105705108,0.9740486075616919,0.8453496618967253,0.7634342845336358,0.6050805161259796,0.7643171076660612,0.9864339383714894,0.9418930787934094,0.7051758168548041,0.7152036010806402,0.7013794067345277,0.7356441977530237,0.9613378103126934,0.9168134568465438,0.8081497486630255,0.8047304401442414,0.7203683656673501,0.8091872536524236,0.9448396747676799,0.8077424814312919,0.7899684145976106,0.8011240062236152,0.6432270740877434,0.8162595314233112,0.9578802203311692,0.8392875902627421,0.7607101396975685,0.6925799442400783,0.5525699049412603,0.7437457068650526,0.9719705716691175,0.8613158348294409,0.6515391233729411,0.6121935217308206,0.5169810708723308,0.6315527798322815,0.9780807849467328,0.873960851483441,0.45981611544336964,0.49669672293438166,0.47562859858155837,0.6989253637632503,0.9531744619182362,0.8685889382894497,0.5907393982330551,0.6436841327795654,0.5337951133261488,0.7745997789353525,0.9384530738029643,0.8080230391199055,0.6589313054681696,0.7714480749972205,0.5599175797000515,0.7993082845379369,0.9562450267161077,0.8811778324102867,0.7624743561550872,0.8301765249941593,0.589767157397685,0.7925368057951915,0.9816404696660758,0.9267429155870862,0.8150135357260002,0.8006852079000781,0.5546719339892634,0.7627255188437673,0.9743398992831572,0.9029035252760402,0.8441962144336875,0.8397545703589129,0.8055780119211005,0.8082279270370842,0.9460531923591233,0.7304605142147571,0.63435206879465,0.6355385779372157,0.6541569873927131,0.7335697625933455,0.956742255047172,0.7654899397817901,0.5380031884654617,0.5218882608585018,0.5078378191567096,0.6690834057042984,0.9456905341637108,0.7541978924146244,0.3547653579170483,0.37677491351784426,0.45261360080580443,0.6021089124652133,0.9877551351510018,0.9225024960712503,0.887887567359207,0.8672270784665344,0.886388178034049,0.9012159936663229,0.9885960972019122,0.8658767493799536,0.7601676541308195,0.6643339456600218,0.642879390086144,0.7983643918773792,0.9449500015005632,0.7637408972218295,0.49923075882285134,0.48479039579599686,0.4629689175019135,0.642650301423291,0.988633125453284,0.8961087520034798,0.8640790650821717,0.8076970388530528,0.7599652175652614,0.8482407818323859,0.9437411305642538,0.7481328188861495,0.5923558639470191,0.6035972194661434,0.49445219998120454,0.7265465060789585,0.9680574572727304,0.9097118038572645,0.7878409127260394,0.8111320878247366,0.6700557418160009,0.7698566063214181
yen,rest1_vs_type1,1,MentalArithmetic,Type1,5,5,194.16899500000002,97084,99584,450.71686590362617,147.66038985847953,23.41085169335503,24.06308212368124,17.364117992454304,14.75749319915904,583.294696795177,186.54486253537542,17.971977570927447,18.076703243335874,18.897952592466517,14.678228502413049,177.4901056532941,68.24742104944988,26.710292815545785,18.10943234341955,16.701073512155656,14.545411247385184,89.72195797035992,57.83367984896866,18.7921166777732,21.121137960346196,15.70804718261501,13.22927901976879,83.81024351946077,67.68611823415252,14.977035001244687,19.924258830558003,17.23353125309079,14.03510703452341,105.39338898795086,71.83705803246605,12.600244484620873,15.757189055291386,17.808232754532803,13.975497725735313,204.18083609687272,85.61543756889499,14.82621440904957,14.937045742570422,15.937887789130148,15.445449931021127,0.9892907164305984,0.9492314920477652,0.7691007416496864,0.750624183302438,0.7401108813000765,0.7672672534088324,0.9784875659137305,0.8935064934523564,0.7665709942008829,0.8159735891290778,0.602034864970563,0.7260906213398428,0.9067249763838112,0.8244890164058798,0.7434258103445854,0.7920270132642254,0.7365874901218008,0.7741101692403338,0.8752460865960757,0.7673737788577241,0.7062487614632337,0.7335366420464318,0.7587586780827735,0.762610473778207,0.9307491967804804,0.7942792860131698,0.4871663089140858,0.6038461093355064,0.7221862691164104,0.7151269323505782,0.9494315631293709,0.8629170624770487,0.5175629150814933,0.5802210132232731,0.645407205474918,0.6597697993241263,0.951765693499933,0.7587675010444306,0.4469521749539579,0.577708513390693,0.5303369597264267,0.7314954744904796,0.8721875580890889,0.7077825725508204,0.522745060602567,0.6245804425225752,0.635984983430544,0.7892890557033457,0.8422562474874843,0.6911755497302698,0.5943547951747421,0.6344198764493651,0.6814855517462265,0.7847993938626153,0.9405070270740966,0.7487209522128588,0.46390069596990696,0.7002712381251731,0.6989038114982835,0.7961800712306021,0.9619581762324496,0.8981860324210017,0.6570899673554786,0.7268273049245858,0.6990271012705345,0.8272441818844575,0.9362130096673007,0.922545585580088,0.7907529367631904,0.8663025544459944,0.7399396276903112,0.8107061283579315,0.8814230327525897,0.8091173825919472,0.549292481002982,0.73005604913043,0.6560553484546172,0.7301578699112231,0.8944094040555882,0.78003508364234,0.35387948606214503,0.556845536811211,0.5827188337633655,0.6742067797424192,0.9137381001989704,0.6754116163822502,0.3152937581975347,0.471451191908057,0.4402282389870213,0.6793615090861735,0.9723322724154347,0.9384687939444811,0.8550340186716887,0.8950008593475387,0.899977399852282,0.9196784585335884,0.9048944253483477,0.8692851215181419,0.6338526798795905,0.6755479754371265,0.7374619377101757,0.8048098248266515,0.8630613972031557,0.6933258946036036,0.4953598942837546,0.5045684815851579,0.5515604297885586,0.7350142599614212,0.9162400722744901,0.899097481827724,0.7821589921161345,0.7773490307369916,0.7942086947626863,0.8416852361282056,0.8440704759530201,0.716963820470489,0.6223146944213986,0.5830846860810158,0.6021362757317383,0.7455890532784774,0.9600131107516185,0.794333567961536,0.7491008670275059,0.752803807373476,0.6865557825580192,0.8069278094229699
yen,rest1_vs_type1,1,MentalArithmetic,Type1,6,6,204.454034,102227,104727,319.3956013897606,183.13063254883886,18.65172897691446,15.775394283504626,16.886669655752037,14.8225848114397,382.31346622644054,204.10895263071336,20.869629104429542,15.68392929028943,13.466764974390394,13.08270623502505,131.75531705685847,80.33811975862015,17.24746122617722,14.358226444358715,14.217715098651688,12.018795530967687,88.5330246364317,67.78772128292267,18.630504877073754,15.876064058953489,14.085651968838324,11.270655684680817,86.81157460500938,71.04710602798491,21.774073634369163,15.628320868834574,16.36385198649676,11.80984085078753,84.2175642415281,70.2369728432705,24.977097216910327,15.591872792080233,15.31406216852246,12.463649248812326,124.14422443889876,75.89417332094236,19.85813797683014,15.898566980076886,18.581730352454073,13.036341849966574,0.9748836873942651,0.9582969460728162,0.8206967595704422,0.7861601433716116,0.6955717505510652,0.7279157311612948,0.8953732323549756,0.8924011962111494,0.7482425688080662,0.8094427423328774,0.6975090573399882,0.7422798756306187,0.813784914965577,0.8445670664916058,0.7806726733406353,0.878719712875167,0.7410150846709824,0.8202356303658166,0.7434612519009646,0.8686307820954141,0.8307928389342614,0.7987076894670204,0.7719857252490716,0.7879039212243089,0.9146701643001447,0.8395918446768008,0.7183745868935307,0.6960141936098632,0.6861061376089195,0.7383760140511144,0.919943622154262,0.9106767101762017,0.6147774018204142,0.5804765367434489,0.6158585211917802,0.6797451513806934,0.8026372006251964,0.8008350752143343,0.5407413635135887,0.6634303652233667,0.5630554219881507,0.6668548464614935,0.709933475601642,0.772595364530008,0.5607951402797495,0.7363244560096097,0.7020151632009425,0.7806633864510687,0.6645863306943496,0.855119149634312,0.6853761451159812,0.7629392229219796,0.7567950398979378,0.7963011871670675,0.8931031574084701,0.8638051533619098,0.7575676749052336,0.7865537130917851,0.6957914045718535,0.7507411031514917,0.9412274398269008,0.9421261519097605,0.7543324693849882,0.8264315093390986,0.7372020232943898,0.7906803777237559,0.9282273255011927,0.9189602182108072,0.9140632646165037,0.8208418685301243,0.7261881589626796,0.8180204192557178,0.7886300983964061,0.8256568319005702,0.7622283581216349,0.6884972109109683,0.6306077889123393,0.7800337745371096,0.8133585215907568,0.7762315103708675,0.5959456363135117,0.6062532036878904,0.6471647188407251,0.7049981118319433,0.7531487715291117,0.7996411103242607,0.5402706912156316,0.45887698913198677,0.5356425581081933,0.6826862936065393,0.9268490058876951,0.9319035759838767,0.8830574762279688,0.8901805763553678,0.8820061375617568,0.9033471028529493,0.8442724952142256,0.8511228749252432,0.6558413476921524,0.7493155733372251,0.7499807361490538,0.8196734002342595,0.7367980925133429,0.7881071360893165,0.5204447731662587,0.5723558474777916,0.6506166490644525,0.7453547676499983,0.8290754120847685,0.900472387450875,0.8202595800012012,0.8310205377141624,0.8473640910693717,0.8798114318346956,0.7425398275001873,0.852220752932222,0.6632295274134211,0.6800871535850695,0.711064958899309,0.802490733696656,0.9225498412528182,0.9259618384773876,0.8841071055259724,0.778986833735412,0.7006053610265685,0.7645062263111692
yen,rest1_vs_type1,1,MentalArithmetic,Type1,7,7,216.215924,108108,110608,735.2101847126787,158.1650615961013,31.705597189315355,19.970997897488957,25.30780400593532,20.352393800010713,1031.2762905142868,189.76083323703548,33.62704734113831,18.120092854695148,19.611706365274095,16.176909590433027,233.9737484569034,73.74019623576315,22.681668111792636,20.78809333762389,24.02006313755171,18.76482964636557,164.59842998815694,57.03965604422478,22.871642428370663,23.54732859031141,21.616941304434132,15.833582258625773,189.40404182432877,57.44373122027637,31.15452687495424,22.763285943496008,22.330292252322746,16.651007320222924,224.99533712399293,53.015747389001504,25.00157400470857,22.791463832548235,19.564025113462225,16.279900834481314,419.57271683147303,74.21371246435145,20.386402224643085,17.091790682030478,17.907611427609893,17.63726572507134,0.9951825338401,0.9701866295874,0.8687922953452525,0.7432208487350092,0.7405383997912811,0.7198522504051958,0.9824900862500451,0.9277396724751149,0.7800284731837637,0.82045464022004,0.7220534123197372,0.7988857844458065,0.9631797511740247,0.8391115875287429,0.8349668191754759,0.8902053761320244,0.7847495520108416,0.778136672775873,0.9681902478724774,0.8123740048954269,0.7424794083579138,0.8356262103868614,0.7795489102356246,0.7627737015348288,0.9837741039354152,0.8545996632298908,0.6968341832542241,0.6622908961479507,0.6963621106238783,0.7352938825560666,0.9808947247920677,0.8418126178168956,0.5736103164554129,0.570928593310483,0.6064200943165036,0.6979039564298367,0.9701469087263995,0.866821910887611,0.5835126740325001,0.5689617350694645,0.7020401521913271,0.7731909901148799,0.9523351737286578,0.7591355920237147,0.6649797950830916,0.6797940276624027,0.8055849930835318,0.7586532378973376,0.965528677921269,0.763594572572977,0.7055258418322851,0.8215697191220265,0.8516362156368353,0.7597409721694409,0.9821491030981094,0.8361818124020844,0.7429771500533313,0.7822230043783394,0.8399725767300872,0.7567632264179027,0.9860884246310205,0.8825501285851168,0.73963679231175,0.7401154943132129,0.8210416093104754,0.7911676655463409,0.9865626090043627,0.8978111238578981,0.7650507862631521,0.9037625218945126,0.8958006480687029,0.880761139152913,0.9805419456266159,0.8191903434738,0.5340569243788937,0.7164725413143468,0.7846673872678744,0.7935103412612905,0.9859247188674551,0.8297626532161487,0.5115953263258566,0.6085524072628256,0.6709378908548059,0.7429097108461368,0.9729475435789752,0.7573687318134624,0.3612256256847123,0.5670672449566061,0.5955865884119295,0.7293331962555091,0.9924443389225219,0.9469633222763505,0.8694988236079947,0.858731825552838,0.9265898233659181,0.9097147646308462,0.9845785717530728,0.8537183883246147,0.7739975248106808,0.6780984625127395,0.8116921893522473,0.8375940215161063,0.9614601503897724,0.6938785137831813,0.497908086831245,0.5609054588763244,0.6729755325211043,0.7517496394319733,0.9919799105398878,0.8900865147188444,0.8543848716662433,0.78105762985883,0.8561330577271649,0.872698644370949,0.9768793759615598,0.7495096686267018,0.633633265559744,0.6052027742082859,0.7331998623761736,0.7780450627586287,0.9917831000949625,0.8786261115363574,0.7524704943980322,0.7990913264262124,0.7749920974291441,0.8589809606696428
yen,rest1_vs_type1,1,MentalArithmetic,Type1,8,8,226.455907,113228,115728,721.9211591604264,145.22360035822194,33.41748086541904,14.214600426591238,17.671303557969573,18.133505459904992,945.4893034676198,172.1939355017363,30.230372664335665,13.2075602078431,15.680917656790646,18.126338179960054,281.3220516373557,68.60748983876415,22.06217009466679,14.143280682446811,17.95081000906836,18.360898967019594,166.53077511429225,55.33136775284603,22.316852181458138,13.896819775408483,16.07310881800856,18.066840319409433,170.70780485298488,55.8968035594738,24.765324717907795,13.953028083652839,16.19527775872324,18.517391719150517,183.20226283242047,52.50850694652535,22.515377614824263,12.169672072972837,15.674528907885245,18.951620060277907,346.455469478892,62.88608268861764,22.65303030253164,12.556731948318372,16.262615210405826,20.86525326917255,0.992718073071277,0.9729179699777031,0.8940502898688528,0.688059245760389,0.6992531852998538,0.7490703748460337,0.9726503196505144,0.9276250755198077,0.8538428275530748,0.6987054270440723,0.6430367076909592,0.7300533277705246,0.936671130917758,0.8112580551899141,0.7688011478570607,0.6930625993827111,0.753525877141077,0.7722479477527119,0.9054541236284855,0.8184121168766044,0.7529964976190155,0.6873158509184473,0.699221221525304,0.8112525182695016,0.8971241101161168,0.907187600865547,0.6713670750765738,0.6168143414929814,0.6149535808243359,0.7584304461573345,0.9686779950279507,0.9059084952188282,0.7086561884886746,0.5746493152956044,0.4763337210636543,0.7253675536305234,0.945294728344965,0.8617134747850624,0.7006870643919364,0.49026678023262443,0.6816677404102711,0.6807279134776765,0.9100196731660523,0.7434026348070256,0.6337773199270732,0.5374684699629101,0.7606923781514889,0.7432027229112123,0.8867079641809549,0.766188704224066,0.6718840769102163,0.649900175689765,0.7899063461948386,0.7756303836000281,0.8771555441071955,0.8970746640444146,0.686501711615971,0.6991082875149764,0.8277157635677848,0.7629741912616077,0.9667542621391602,0.9393366564469188,0.8103191862832562,0.6398439944046235,0.6852039229349705,0.7704394255424788,0.970357374526706,0.8500523218959618,0.8477436476655418,0.8298551047537835,0.8030395510736668,0.8675723159206803,0.9322802513187106,0.7875277422270086,0.7583147811533593,0.6583757366335176,0.700653522020005,0.805724058408287,0.9047207707447943,0.8570336122423143,0.5599744396082886,0.553183805412793,0.5826265602886295,0.7465761188785451,0.9244665290122263,0.8139552901996013,0.5336102105902313,0.4623412383231597,0.43651519212017265,0.7066991435659713,0.9827971010829438,0.9441901580018011,0.9154515525392155,0.8186029231437243,0.9095835846759421,0.9280812243046047,0.9542846169254201,0.8709206825661935,0.7052086953051628,0.6112849904341905,0.7578747884969704,0.8655036291639946,0.9192084811312643,0.739373109792031,0.4958580293396494,0.42186839250201513,0.5373891020174119,0.8274399775340812,0.9750801807902963,0.8731160908764499,0.8195753620391333,0.757831061845355,0.8310082766813277,0.8807609153008609,0.904491620147223,0.7754625777202193,0.5683199076481213,0.5261084879514291,0.5537544468834751,0.8160525835941314,0.9324245230092817,0.9239923863625902,0.7476960785772768,0.7220298516476029,0.6928169706533417,0.8333697733656914
yen,rest1_vs_type1,1,MentalArithmetic,Type1,9,9,236.92377800000003,118462,120962,722.0436940800342,185.09455774904723,20.495578620511406,21.057474207414035,15.674882127952577,16.058899411355167,866.8151462598298,202.06411255001666,24.912278496788367,17.62801175449956,18.97946391461134,16.273785534916573,353.3077206116216,111.29090650331946,20.83196584037478,17.792769214652015,16.902098129903788,20.46343909134331,293.9250978606216,102.85324473847902,16.354679058553035,19.064136793395573,15.191085798463034,14.767947624292724,304.67561489894535,104.14208043459588,17.113949959895457,18.187412010689656,13.99365597209682,16.58340149110233,319.815720625846,81.70498835153882,19.702477784189366,24.989139322629512,28.641262209269485,39.03343471966274,410.4364017933439,93.46552515887281,22.215062989479335,22.77147356702279,68.98240301654803,79.35062032247447,0.9918276903119084,0.9198936639999669,0.8083485056624934,0.8212119091387063,0.668322118136556,0.7172576102801109,0.9856580643717173,0.902985493953485,0.8141854573845141,0.7905478698040511,0.6698624587083659,0.650294779326759,0.9622998979476035,0.8220264017382637,0.8558923225851339,0.8494370424686079,0.732033575569482,0.7910618107533754,0.9486628334433876,0.7550573446727826,0.7833207332764279,0.7897850312942484,0.7223194940134468,0.7377411606265409,0.9499299146042333,0.815277210703937,0.6731559478408353,0.6549296507177095,0.5160084122938504,0.5050638816595789,0.9789795148065155,0.81676691324085,0.5965207107072275,0.4286777056598673,0.3343355502998427,0.28534325399945737,0.9638256156078983,0.7834760676661928,0.5807219397022748,0.6628731408310823,0.5479607976825138,0.5886173273210283,0.9361180987855161,0.6845842565861789,0.646619565839431,0.7537810296479017,0.659456235241121,0.7144430599775575,0.92552173958012,0.638141227833892,0.7301047821157742,0.8176235277039077,0.6726043343916454,0.7441928693011802,0.9354098555514877,0.7192419998670605,0.7938720566691062,0.6847333428888861,0.623700513636366,0.6348856021955516,0.9809257890145183,0.8553914201109354,0.7273854995158676,0.4237879004580429,0.38561589758128106,0.34317718436548156,0.9856267649612884,0.9159065444560704,0.8082032806595288,0.8779477183401577,0.7339120343513541,0.7356293624363033,0.971437419315885,0.8049872323577485,0.6753052377012634,0.6723487261085828,0.6172860640237896,0.6522856379792952,0.9636044531979486,0.8454773025093305,0.545838974485517,0.520343010322063,0.45916029266205305,0.458493497897186,0.9652222581701894,0.757429861584069,0.5314993704601223,0.4197447032395056,0.3227588288643929,0.25252789625717287,0.9944761962452763,0.9482677336110852,0.8697492356690637,0.8275248763116451,0.839983632920106,0.8634654721306477,0.9769594168564654,0.9448463017950233,0.6574314727729644,0.6590173403810464,0.5683095625420386,0.5643392784395667,0.9585422376497462,0.7396895772563998,0.47045449199693073,0.44590748470768654,0.35997474668622903,0.27678396317656556,0.9841237337177725,0.9569541559219386,0.7383382352990362,0.7794089906260054,0.594966589524106,0.6939026759067676,0.9558745058090862,0.7214749195670573,0.5060816769407017,0.430362265260617,0.3521291788876169,0.2727505804646904,0.9650172004460621,0.8089107051138845,0.6942594828530844,0.4698950749327698,0.23709219013059238,0.29725866979880683
yen,rest1_vs_type1,1,MentalArithmetic,Type1,10,10,248.07737800000004,124039,126539,397.0200540099515,223.24557159476268,33.13107548024191,21.339671425140622,17.91795503034631,13.408205364789042,515.3505353933128,291.421387839945,34.63694438010537,17.1761868923319,19.071793777675424,11.834407893244402,145.43924426300953,90.9506937338959,18.401747659102817,15.61292592958881,20.251020842685225,21.050341775914706,124.20970338220127,75.16504057419071,15.426113019867147,17.17131783013886,16.991871776953452,11.880052638202706,131.26431797987314,82.93613425713615,14.605421192435887,17.90839410316416,17.092163789822262,13.285024895563799,152.77643308139454,96.62841603718368,16.405284934769313,21.222091829605596,42.32969044273112,33.17583243997945,230.10868062981078,141.4728811467115,19.897247112301034,13.781149107124142,47.4525081447943,41.2846188613145,0.9907954277867151,0.9582443804059206,0.8945175863266261,0.7466258122136995,0.7512285450561045,0.6862187056459196,0.9500692904558306,0.8265180879448,0.79622666739923,0.7391620062876036,0.6792749540172982,0.6100323673199711,0.9036897944409527,0.7759611038200829,0.7501025639343953,0.7300915545989346,0.776495545247285,0.7213815050860293,0.8662480252477515,0.7608706365983617,0.7076235012660057,0.7002863596496223,0.815509273031962,0.6823407687447305,0.9454580547660502,0.8141713127565753,0.7224528124730694,0.6618325171087668,0.6415565914641136,0.45984487072418523,0.9708070805181985,0.8551024244609711,0.6894938818495979,0.48979272197980295,0.2872036374839254,0.3435900857220221,0.9166792121166464,0.735276917193137,0.5965877922006178,0.589534720560199,0.5550697228216326,0.49775529621131476,0.8721458873169552,0.6617806272994396,0.6030703908891639,0.5865569132751952,0.6825159287169988,0.663190401111475,0.8476754400556749,0.683411426652542,0.6697593950498452,0.7077083660825007,0.713800681603114,0.7412892757921139,0.9357917414916178,0.7977283417605844,0.8133719163841979,0.7705777584033989,0.5958738436465618,0.5413605189643848,0.9844861601180738,0.9211522816983495,0.8060715733860956,0.6654727557063148,0.3414204284255532,0.3927856896657679,0.9578482551280282,0.8780424306923739,0.8947230278538857,0.7816222035959909,0.7303041982725846,0.7165795283286727,0.894637909367733,0.7938943845646864,0.7585022939753596,0.6439378503754519,0.6365242851493227,0.5535598776661697,0.9373761277907122,0.7884536873780921,0.5426044816815703,0.5912315329632343,0.47613418418342046,0.39644492623363076,0.9073368833766806,0.6429428298426036,0.46080225677986275,0.4151877989661238,0.2686073880979461,0.27018735477831246,0.9728976903092725,0.9231876032842323,0.891416142591648,0.8528531238299047,0.9110299406613569,0.8331024810495905,0.9585296153966617,0.830468061235746,0.6390303373237429,0.6749218160132427,0.7239270625449132,0.5289333387092421,0.8679614255040925,0.6035335934696286,0.49050965201929475,0.44377277680301913,0.2757448525053823,0.3503763796486737,0.9548428146888718,0.8574522118236733,0.7938173753706694,0.8064990833556269,0.7991274569286593,0.6748530598432548,0.843978229729386,0.6551335069930526,0.6219918254169527,0.49880990243702616,0.301192246296737,0.3093525462526541,0.9452118480815197,0.8307496099739292,0.8829591220960721,0.5680757529732722,0.24717183369311763,0.20326689319065214
yen,rest1_vs_type1,1,MentalArithmetic,Type1,11,13,282.202519,141101,143601,569.896040932753,267.68856607844594,35.05374242159807,24.70437096487233,16.97928907844818,16.81277515924002,675.742655336201,327.77340741259667,33.22380383821265,21.091660164875126,15.14492924329951,16.220981927009948,259.55952682353836,115.15605597762068,29.12604866360246,19.449689998559986,15.601242025502769,22.839491484087503,174.47775678583037,85.3909482508467,26.36659487900996,20.586800700348554,11.660676398413763,15.427295592480482,191.1237266819602,94.98511957823109,30.398472767675077,21.1801305693105,14.673249054290883,17.338140998253095,214.64570567524828,98.61568561868269,29.10537814569217,19.043282013490387,27.525206332397556,56.20811316041556,275.96595559012496,126.40748503924173,21.55439195519676,21.545544497144,34.988055554320226,65.4629432449864,0.9849977902282377,0.979524723150228,0.8449902890728354,0.7791530124384808,0.6674506871602842,0.6813126454717378,0.951220903036417,0.9123601388645207,0.7053527055383928,0.7094206617501858,0.614535000392552,0.4996850392599626,0.9308552098251065,0.8299779339911855,0.8373719855080882,0.7971994068422678,0.6738184203225441,0.7394903442429587,0.9208494366383766,0.76347620877801,0.7232805117676602,0.8319771191883224,0.7465674340281396,0.7477310686756414,0.9582364192026797,0.7791213337241379,0.7016441019278956,0.6464007082702395,0.5648915732486884,0.47231246915552083,0.9631610150537259,0.8694345580947973,0.7209423691224075,0.4725269815246933,0.35952924951120624,0.3009658781772616,0.9162198845822681,0.8628536971416116,0.4757546903061326,0.634109569695149,0.5673636321383347,0.49821364405776036,0.8859183971248866,0.782051731251727,0.6047325764282455,0.6508130137495565,0.6536583317594553,0.6820584915704262,0.8727164297584661,0.740541048568354,0.630174987901675,0.7439563533933977,0.6726550240517257,0.7470641892734958,0.9268731472078563,0.8141239763770183,0.7868358404287055,0.6688055993320143,0.5495498944693173,0.5727877561108289,0.9764029477663249,0.9209431059674774,0.8696880300009371,0.5791375699412826,0.3466479306646194,0.29430820101484834,0.9715364095896423,0.8805990584508673,0.813359053182964,0.827422043031086,0.7908441979750465,0.6155615285561382,0.9270484013884985,0.735948816245481,0.6184162481705726,0.7019788868967783,0.6166832769873103,0.6374479493820405,0.9430119417647708,0.7142391008310539,0.5520190090672976,0.5027322018044118,0.4541788222542539,0.4976477612523472,0.8942234158257407,0.7405217304492014,0.45354259786161466,0.4265532704918571,0.352970744908515,0.242547794776728,0.9806714222517293,0.9300806542758769,0.7886116163698695,0.8794348904026732,0.7517100812545773,0.8540066320008853,0.9733403148438633,0.8274343169096186,0.6198096480681052,0.5996779034487354,0.5581671344365938,0.4954946753165963,0.8916629643638982,0.7337216500667672,0.495350949700602,0.42580795458997134,0.2739391628998456,0.276546608613838,0.9834056173050406,0.8959848290191335,0.789233650712043,0.7331935131816912,0.7367237881364488,0.6837164294965138,0.8986973214245614,0.7433713158546693,0.5431513115247794,0.4231206969659863,0.3200923855212241,0.2894189520393638,0.9434859103450384,0.8726257628318514,0.7516274841107857,0.40308161951312965,0.3122794487557721,0.2513233166075135
yen,rest1_vs_type1,1,MentalArithmetic,Type1,12,14,292.79624299999995,146398,148898,522.905187085161,254.71732484781563,44.96398706392448,25.181680956514054,19.761140929590713,17.478864199162803,640.5896378912091,333.45669232705234,46.549422346591115,13.761025053707465,14.01087464222855,13.016094225548338,223.89147505469265,103.70925196177109,38.913408843173634,18.61121230920914,22.045903177024478,16.277784217157397,138.7053036876053,83.56814879011054,32.80389655662604,22.008567572046296,17.31404727640141,12.338843919257119,133.91742367388426,89.65760060893449,32.11344951211073,22.909136172407973,16.208446828966,15.243509600166893,165.72521212691694,107.8158087133385,30.769740862301745,18.527680069131268,31.07223472834395,43.7509781238527,259.29573155535337,161.98432406500913,33.15121720790675,19.745934808910313,44.46542075369477,44.091514031364234,0.9818171924518951,0.9810245691964276,0.9358670047707826,0.7971871872405861,0.6901640619886692,0.6502911268096639,0.9208207254788304,0.9379150608828172,0.7238870986293319,0.7693482720634777,0.6713631530785731,0.6192560743705913,0.8447826053515994,0.8987331470790891,0.7414446264011612,0.7766253783247343,0.707610414684894,0.7239875019618026,0.8555596498320707,0.882698379506123,0.8058028956288548,0.7495497770823364,0.7022402193872007,0.6921366808690573,0.8307043991248744,0.9008425398019915,0.8765856231301191,0.6718367511897937,0.4992706075581677,0.4640094228104491,0.9187159354109041,0.9307750631568505,0.7779038113214831,0.4567530318387835,0.3462150401429338,0.36498695286010974,0.8687383228141358,0.8935707355308335,0.574977019860296,0.6190845293934963,0.5744399644114118,0.5187303239954596,0.8037670330999404,0.8457143053832208,0.5685923713651069,0.6203114153491044,0.6369318390339628,0.5895802123029734,0.8372486335785115,0.8433358646366873,0.6836333804380106,0.6351719519527057,0.6343809815135242,0.6600139283231818,0.8303349704136064,0.902101541805624,0.830323187301804,0.597342494296344,0.4436811710713616,0.5461231028627707,0.9472399220541825,0.9587153203422967,0.8108168669218557,0.6038282818518809,0.4002854060271564,0.379726555018364,0.9550210950854564,0.9626970910005586,0.8607470225336773,0.8567517161745172,0.7646132983543859,0.7643777216436747,0.9124510601722339,0.9125374990799211,0.6930338858090928,0.7561479210910899,0.6263310066459571,0.6452740599175428,0.868809715727863,0.8990208731153442,0.6673163508784784,0.5677719179028061,0.40545210042554575,0.4470960102116003,0.8442954160293396,0.8781245731832967,0.5447317930384135,0.44411711147163746,0.38664944877811297,0.3686001295321348,0.9719168634242061,0.9752864813150833,0.891685531842519,0.920169889197842,0.8544021382422933,0.8652885761764665,0.9150842365682355,0.9278953137844614,0.7906320415907486,0.6738275546435275,0.5847871243452695,0.5596373788936231,0.8034891948237343,0.8533426258332597,0.5542511567478499,0.4789790777565968,0.3132382985081855,0.34125000797389277,0.9454930608804509,0.9468908993068577,0.8767725840399161,0.7912995321222495,0.7705210550261579,0.6630777270883181,0.848678391461697,0.856769623554221,0.6210819434986661,0.4547741703764179,0.22728300368682156,0.33380941435547556,0.9123900514282385,0.9502161790141236,0.8164016714599336,0.4518264625087757,0.11367914829250603,0.28952713588798956
yen,rest1_vs_type1,1,MentalArithmetic,Type1,13,15,303.23988,151620,154120,818.9561273318997,226.89326264175904,24.406150583755114,20.275154070590656,13.711641648762386,13.827869766698072,950.0717964650906,264.6435615752905,28.678293860378165,19.883830318748867,14.278849924262573,12.907619693170798,378.9932756062656,99.68001128744652,23.182184224861125,16.763047022362542,16.913332437655693,16.05100226727474,222.48046270327754,86.13761770193258,21.406040890105245,17.663774495931964,13.185692917241079,13.519771749661881,193.32498419020516,88.9606483744584,23.618969624097243,20.24576210731378,14.06177406366378,14.531544511350315,212.757005657042,78.47809851113269,19.445565614297266,23.05617516321693,21.04653544391579,42.350291681719504,360.0206723668674,113.26480289234706,29.5836760259806,26.320668898395088,26.255522615069655,43.00201570262419,0.979391074713924,0.8695588434511518,0.7316097019725356,0.7527813279299284,0.5914547083600972,0.668641803788727,0.969563300765213,0.9033709137606207,0.5869209283871337,0.6966769478835777,0.6823468485264017,0.6632146055829214,0.9507881802453656,0.8393781319769995,0.584159538501354,0.8246945947901398,0.7609445182092687,0.7408810419259333,0.9280605708559521,0.8108357255361789,0.602921874901863,0.8708610894189679,0.7134884831959268,0.6974966185907444,0.9504249311088299,0.78557084664831,0.551291724172003,0.5814058497622087,0.49516644663576326,0.4378346040133513,0.9450467348942727,0.5884997469355543,0.4519654603808103,0.3831010273505298,0.3096335208608657,0.3217843949105425,0.9251225166863809,0.6711239150571149,0.2490929300539725,0.4303289092602709,0.5132821305963016,0.6240896731233525,0.9072579241267258,0.6205620756872482,0.2397966716582185,0.6075048276556059,0.5911763999002868,0.7145288209044609,0.8993264452108201,0.6510207513708636,0.3561838047415752,0.7184318224589774,0.6390786831533016,0.7425563747508512,0.9370023678683084,0.7797903980819829,0.6036975137497494,0.616923224137005,0.49888512193126644,0.486672025525468,0.9740827972522822,0.8018401611637599,0.6217589031215102,0.4853918682468254,0.4745071838806136,0.22119717392599353,0.9770010559940827,0.9210423862719667,0.7881703268139507,0.8035737716568746,0.7718266052472138,0.7793826556015175,0.9407647564092062,0.8114720474143036,0.6033447414267226,0.6166547591586252,0.6315268688344607,0.6709749204253208,0.9302298055353774,0.6899768982414701,0.3648710024258131,0.3451175219898042,0.463013006284745,0.374920323196565,0.864070080559986,0.41878120612637276,0.25455096532257704,0.33528906421714766,0.29644439613921214,0.17406245059009198,0.9788410827908733,0.9279266587759392,0.8595956619493513,0.8477738820531,0.7920195039969697,0.8692640091792382,0.9415066771384172,0.8174161449523698,0.4336006414338224,0.487053935258868,0.5704418036894274,0.5099713273713219,0.8600588326429716,0.46135197342303985,0.23440459808909747,0.41266279150127455,0.3473354685450344,0.25295932819904243,0.9638628289641868,0.8776151976254719,0.6080303895848893,0.7101667163652916,0.7162149255880519,0.7027723154820825,0.8738560862787851,0.5557600560281373,0.32971663294127695,0.378709325220314,0.33752850625524067,0.21192801660412627,0.9351440851498641,0.7712490992506995,0.6195011105730573,0.3151953147454498,0.26476239275597857,0.15419947175058707
yen,rest1_vs_type1,1,MentalArithmetic,Type1,14,16,313.866903,156933,159433,571.1737731781903,263.9993279336853,57.9894456551538,22.784483514735566,43.84491772852134,28.227498920142448,738.4009328916402,289.40116513526493,61.36349977281273,18.764734441705052,27.918441727742685,24.46689524825478,234.5050447871436,160.7196489463379,45.27718866159291,27.771862035375896,43.101996595594585,60.26830332119986,151.22749689973836,138.82013343420743,46.65929998819131,26.925641191270877,34.22520632621744,41.351067471504365,157.39059699289677,132.1384256064017,48.39220686245027,23.632476023909742,25.58943970664158,25.669969012518106,152.02670020145317,117.12387104816565,49.871098757149724,24.93814342344756,48.074299259052914,63.07032596889223,281.8918536436844,152.86626953473515,53.54629263791088,28.80606817563414,75.43156408932201,60.82267247871518,0.9778697067138716,0.922826502723514,0.9351408796791378,0.7047474920278091,0.6535709104895309,0.6616211100825424,0.8711783060400501,0.8542166958804426,0.8229960221539889,0.4958283597494795,0.47534788000132977,0.4478390505091162,0.8688080534762058,0.8573092378413929,0.8349760832792205,0.688617753956662,0.7077729176198986,0.5733040041959715,0.8903153416994405,0.8112480570933166,0.8438114625549075,0.7223286277676705,0.7170246633069709,0.6715994310896807,0.9050966898037788,0.8554031970888608,0.8129446605068157,0.5829979703697196,0.4718291872681851,0.4835151244796691,0.9001934422227106,0.8089427735384309,0.7790727014593258,0.44085950068244184,0.3960180768350567,0.39387555495813337,0.779347939755704,0.6999089271730587,0.7579444022546132,0.3412505437260657,0.3906228626337731,0.4498595923843783,0.7882604010742252,0.7372264866645303,0.7928372792601606,0.6135768980657791,0.591415523768877,0.6027107907232376,0.8281116081305183,0.7098800528008705,0.8419548500853237,0.692456304096307,0.7377501491231941,0.740832441423221,0.889450193781233,0.8292634432832474,0.8424406863092562,0.6290918079713224,0.5743715093711217,0.5500693510462251,0.9422327526567447,0.9140949174776194,0.8300678307060423,0.5126494283918219,0.4827863583817445,0.4003760198151001,0.9666395007584153,0.9526112061120435,0.8317386190544214,0.5347870949367437,0.49439333152999676,0.5352686642565934,0.9166335783951179,0.8929308241444809,0.8072244767171816,0.48717077874800896,0.46095978983675845,0.4727141982951564,0.8300354040580497,0.8179153740318108,0.7312968044621638,0.4012552079668584,0.2541946252091244,0.3817554237577591,0.6837107583097336,0.5930282947858865,0.5896267370803395,0.23489680674301353,0.337860182462075,0.3297603216905084,0.9741930816821153,0.9540538226835329,0.9311385387231779,0.8798487998795179,0.8572400207645516,0.822178141321206,0.8914858238100463,0.8862246427324013,0.8323167883833905,0.7004881808137062,0.5379621198873823,0.5959282762192206,0.7263098381946526,0.6456298371284801,0.6233332941615406,0.5130020870217361,0.4196082997047771,0.25927369753912516,0.9508309850991878,0.9201119406342694,0.8844821450516545,0.8483959125303374,0.7066255350209371,0.7683043512522224,0.7963817277532694,0.6377025177247203,0.7058801015879707,0.5253413589505117,0.39585220751971395,0.2941320496954167,0.9038403045459135,0.8295602189356149,0.8569222702689142,0.4531260871866573,0.26653598662672573,0.21645195266215125
yen,rest1_vs_type1,1,MentalArithmetic,Type1,15,17,324.25231099999996,162126,164626,510.7505346650883,255.04056880694293,40.01295030204831,27.179993022888024,26.278215831787676,15.85498045345706,714.4169586088922,292.9487530824693,47.086106003041316,28.990740897084585,20.97448764045208,13.590555429762345,220.5456685943245,130.12568394833988,36.98223461174066,19.77090391496575,32.16880163357647,22.36308729888633,130.45642080023273,99.68177747273523,31.277898408536412,25.043088139365707,21.57431964258716,14.785501104122405,124.84071612974006,105.01673472327919,35.7850663822902,29.12081918596618,21.306939849065742,15.786576122405398,143.6218486489602,90.88153790758668,31.62611658983208,35.524471074982436,39.39361351360347,46.97615536336224,270.0053644377118,124.55952660609529,33.46471583492192,31.47274120803133,36.74919118335375,49.23739698168408,0.9665624612902838,0.9505345984447566,0.880203143414813,0.7913499422639737,0.7252296658768601,0.5497518999238664,0.856050517873571,0.8356585213951243,0.7071174742479415,0.6863108337742388,0.6666706861366963,0.6272364927517898,0.8451884738951364,0.794512381452899,0.7637002508905002,0.8280701882240201,0.7819103762822389,0.6903305604847707,0.8362350150245117,0.8571277024985038,0.8013206887469885,0.868938184324852,0.7480637444932632,0.6523059041384338,0.8265202529644228,0.9169766079269136,0.717560604812124,0.6731431653615781,0.5724754403167719,0.4409288504222857,0.7186683928389174,0.7932924360147136,0.502989509982968,0.4597337345701219,0.33226093607756024,0.3592392072597708,0.7571437655656412,0.6866432227652942,0.48889049869987006,0.47890161919451085,0.5802944898048437,0.5197430353336189,0.7524739723945114,0.6422898242375283,0.5345786763478402,0.6725049915190292,0.7111464906656942,0.5727574697974117,0.7674068808666575,0.7271664249687583,0.6621684353160291,0.8069345973736254,0.8118508804634782,0.6510209074039814,0.8213357803235265,0.8881290242664416,0.7251260566605601,0.6913272563000328,0.7178852887194721,0.4742387949871826,0.7914059335065629,0.9055043969292733,0.6581409954268947,0.6742548643355442,0.3031863157316245,0.2711472476137827,0.935299781835662,0.9572883620798291,0.800164596252303,0.845377921445948,0.7520186457536152,0.6889493527318966,0.7706710200776684,0.9009240042051583,0.6028335586107457,0.6966981477732891,0.6768325572705876,0.6137930094277052,0.6141449039713683,0.7916224026212249,0.44973124262573305,0.5759110299180671,0.5079269452566505,0.39692124840502946,0.4747968409619981,0.52889133141488,0.2436271976180941,0.33243598801017005,0.23962719808287986,0.3608572495228934,0.9156450472294599,0.9575915078028822,0.8794829866754739,0.9021176645030949,0.9032881845924399,0.8413931185874701,0.74260726142021,0.8289691761643329,0.6729934587004514,0.7013594958539999,0.6320565219104477,0.44449035378905477,0.531293960003695,0.5147208447279304,0.3008566309499062,0.441106523975696,0.25511531227596673,0.37292483501131024,0.9049523155357878,0.9027010517369118,0.8162037553265906,0.8098504063573397,0.7849135977959568,0.5867571476967465,0.68847427601209,0.6098460156571544,0.4241583789731701,0.4682513800870253,0.25937485865601717,0.2625888940495809,0.8958929044032821,0.826956537766895,0.6768413904775917,0.46042858130987085,0.19038272740118656,0.16184561130884628
yen,rest1_vs_type1,1,MentalArithmetic,Type1,16,18,334.238653,167119,169619,690.9239000694661,258.38636446959134,42.5229650521859,23.5882449730778,21.1509030297839,23.19003099935839,916.534609302543,309.3480677065696,31.199707145542682,19.84168951885185,22.800648035720815,14.769167769472366,268.4932123865389,134.86660980914132,38.561523697753564,20.565863946860002,21.17749601547125,13.447866410833772,184.57032163649546,105.6592609767592,33.42771934143762,20.61569352666067,19.93800426629124,11.844762216172485,178.48171105233513,111.52554354252352,33.31157030602412,21.286153918612623,22.007172147049317,13.221461892635212,212.12572951814818,119.55851827514118,26.21591156203064,25.846524234326566,40.48595127567404,35.96652915688702,444.3949366437509,167.1167980103093,18.35146874496892,27.81394640673473,46.92871116752956,44.59470996900799,0.9777661521998141,0.9546408961126949,0.8089276400373786,0.7487994013085475,0.6965476781826194,0.5928870246019675,0.9151381236385087,0.8752985104022357,0.8455729263538825,0.8199848271765768,0.5888055100103876,0.4740968787228154,0.8892730727400705,0.8843429915789189,0.8188637044504811,0.8396466752423074,0.6289777882269911,0.39597738884231803,0.9245688025298985,0.8842330493142156,0.8250111622594776,0.8289423829355087,0.6285719006538961,0.45737171731766585,0.9518991470401342,0.8932444406197726,0.8338858731083152,0.5957916408385016,0.38614858993503265,0.38050600465247203,0.8792393324671263,0.7876543797688991,0.6452096194099706,0.37916055550044375,0.3547031716199963,0.20926586208526085,0.8361392744292471,0.7432958096439156,0.5428978873099766,0.5635704230811917,0.5316070101595034,0.47699208901523227,0.8227621439059916,0.7809386866806903,0.5971067440648177,0.6674972496340568,0.649956031157798,0.5082104441312472,0.8780971669630467,0.8182340134076489,0.6694125164131061,0.7078379363768242,0.6716647789778856,0.5551573430085719,0.9686883258600568,0.8688179991616509,0.7871914041775765,0.5784703180785348,0.43251001879339934,0.40009997210459053,0.9484146148695632,0.8867882333442634,0.7564317255746877,0.5080035697341553,0.4886904745803645,0.2671607604483027,0.9785171157724658,0.9336982228267043,0.8759595685367085,0.9007321998428052,0.7405559304882227,0.7186436016522886,0.9478560160875943,0.8563582284981347,0.8010568794934004,0.8002742483117629,0.6090762728130498,0.6312822735462675,0.8294994397993686,0.7954281668484988,0.7158204953216138,0.4908302817559255,0.3174553011042921,0.4047664459192265,0.6871595180222568,0.5270705511713532,0.4230495733521281,0.3161921263999969,0.34087495704862425,0.24176829274739794,0.9765382721416578,0.9697886556854606,0.9414710948292765,0.9127442410032438,0.9035602764815567,0.8574841610299903,0.8456023291045692,0.8989686455959555,0.8013090114521242,0.597965218051134,0.5471469048911219,0.4824609181959854,0.7010440854377951,0.6269707833706875,0.4893498597764635,0.3656771081233891,0.31284609163406696,0.25552867847737887,0.9199975305221013,0.9360202201949097,0.8823865304111382,0.7273432172237353,0.7018306459655486,0.6442121551362769,0.7837512786510449,0.7093498652661183,0.5415961154648413,0.40196735071311945,0.3355797169305573,0.1735835315286335,0.9484536362286775,0.8285826787114573,0.6788612208261628,0.36996408555680366,0.18676580700382345,0.146571581516061
yen,rest1_vs_type1,1,MentalArithmetic,Type1,17,19,344.65568299999995,172328,174828,417.00698507924415,157.20256141830728,32.95006579508158,16.31008190412502,20.632339044954882,16.495064414570002,570.0019828571963,172.77641827752547,37.003274874843214,15.955744040374757,14.944031973710324,12.686475843551499,155.3667866332144,79.01464800234143,19.538443757188734,14.71403046831804,22.45837531968142,15.908410950434053,113.30014905924834,51.13460073647132,24.540953297282897,15.463128483892822,19.946967911842062,13.214716048164806,106.77323881721696,46.160789128837195,29.5174650788459,16.777007343730155,20.706627533630847,14.549942625681602,130.85748119059716,54.626765398621174,29.990718573961274,17.22828866141886,33.21216228418077,41.08542256255645,257.5506426221723,78.71044904056156,27.61645317016723,23.920244200808845,32.84671845864872,42.34731771389378,0.982476432432006,0.9584513490439224,0.8410815589257228,0.7878874260047468,0.5564562842383379,0.5091078135036399,0.9275090885407312,0.950842807453467,0.7654274825161188,0.7930878483824922,0.6008873181263718,0.5748163957233348,0.8991776660983802,0.9012264575955758,0.8255371546402952,0.751038953439907,0.6812378370103038,0.6378509913662075,0.9262916696326252,0.8119315445278387,0.7499047113317971,0.8043351443760649,0.6648082079118742,0.6079856347926129,0.9537404866161135,0.8238300641467031,0.7867695529914267,0.6129531200000933,0.4808393770251197,0.4022729394107235,0.9402904419314911,0.8669916967199343,0.7396295878359471,0.32284635461114586,0.21085308213302406,0.28437141581057623,0.862890394023991,0.8661648067402101,0.5531194113687645,0.5122199927231944,0.6077349961867812,0.460036791769476,0.8360544751443669,0.8138041029571714,0.6279952048175138,0.548810386938254,0.6439359098341157,0.5534636218108226,0.8965635583000036,0.7519042207391171,0.6757911679519358,0.653126555637379,0.6204264061813272,0.5616396373273951,0.9485493368359763,0.8493456855446289,0.7743631770036702,0.5636398148323432,0.5469596094726177,0.47690142196646235,0.976863991954855,0.9408566842871511,0.7663662636664852,0.3921876975778144,0.25466007083289643,0.286184919998645,0.9575452737374177,0.9308507228909073,0.8544100060645139,0.9089355632699683,0.7837758283560108,0.7687547618777558,0.908466539631624,0.8001822659656934,0.6100053701793344,0.7833443173847251,0.6701182110462215,0.5994167508282684,0.8797923624208664,0.7648183846763058,0.5981441886033685,0.5155321309173356,0.48475704619109683,0.42802960546332697,0.8147813706398764,0.75440936335269,0.5365755469309216,0.22539158798598535,0.275203992365425,0.2645361404281535,0.9631318482199198,0.9126150825863302,0.8630398185327868,0.8751598928209835,0.8702907914530604,0.8406503230692695,0.8967497488208468,0.763020971774814,0.8027805189607701,0.531488113151921,0.6159952503364835,0.5272617576269668,0.8075589324488508,0.7137542656730304,0.6293345244160548,0.2587085522549001,0.29985326443940685,0.2566591669593139,0.9480742036439523,0.82528756572068,0.867875067828715,0.6409576377611069,0.7420105095209101,0.6360226490935045,0.8870856718475478,0.6879049670513383,0.6696436544181551,0.2754935560101674,0.2341813660658713,0.22655142631981162,0.9414005131813753,0.8907372371097103,0.7727703648945281,0.3383880920273285,0.1993945368350286,0.10524711828754364
yen,rest1_vs_type1,1,MentalArithmetic,Type1,18,22,378.771912,189386,191886,777.5891574932406,269.10871681288336,30.00644947543978,18.615822045960467,23.280301083337672,31.87296228773063,950.2195623389657,325.7280839564284,36.38712652823686,13.19195710853964,25.050690715757938,32.00870665628792,364.4689830439755,112.57086272004109,27.958446546062195,15.95874622655802,24.69828120410617,31.18935810334489,215.6877039793365,95.1056414211221,27.030997805171644,17.146966198843057,21.875661991059722,27.369043576313487,195.0646055564444,97.63945392713507,31.979912808149685,19.234396973384836,24.829627476227355,40.54612431128216,239.99395073937183,104.20861753546457,47.734895468335544,24.176179769215793,74.19784368264175,170.26388291094733,368.55255757567363,135.37363544430812,22.705250923753656,25.663351548503094,58.168501496796196,89.07081898802234,0.9956233981655366,0.9720014331150311,0.9073716993961556,0.7512226686148911,0.6734925368963643,0.73778928704796,0.9718022701018066,0.8858661219169203,0.8410322147872595,0.6874635836749166,0.660198511809228,0.7351530077189727,0.937818132214414,0.8845546508835239,0.7906075080228379,0.6944783900482785,0.7484605732927175,0.7709015661567626,0.9279150487759759,0.8393663401085293,0.6719092864114284,0.6910789771900147,0.7711102064107367,0.7307944324709211,0.9669313314023996,0.8673990719161916,0.5342038927457025,0.6337290508032828,0.5010155833820573,0.5756866924200025,0.9842090665010299,0.8100077083934315,0.5566617486301347,0.2517732712204011,0.32909402032040036,0.33742599180279703,0.9551496704450639,0.8003065756533813,0.7027388396544834,0.4861364122792957,0.6036436755949094,0.6293403710664874,0.9187377899289118,0.8261133212747671,0.6754178469978299,0.4679858343495647,0.6752929893286647,0.7661660814902315,0.9116395658198758,0.8107753013285264,0.6319808065718167,0.4993717037651965,0.8162347274927052,0.8027227240265354,0.9569105317329797,0.8582287011907755,0.5705614276133928,0.6417180799700475,0.7022341063512936,0.6968969866014224,0.9874951087933853,0.825489410584218,0.5621523301498724,0.39090096197376095,0.41824734424783505,0.39132500745606785,0.979746067214427,0.9122481020688674,0.9117610514824234,0.8283633709195121,0.7974524157185546,0.840139250786023,0.9559959282445655,0.780627191016613,0.6805129459789528,0.69021967130222,0.7170269183360843,0.7601307601661114,0.9698451199141184,0.7887486588693073,0.5071373870906655,0.5443778817578157,0.4885983499578074,0.557671614722565,0.947778627439357,0.7396577761180347,0.5318073302529696,0.22993390098339442,0.29483063337249166,0.33809670831891386,0.9818810101046719,0.9406079381589125,0.849976918685136,0.8959031539615786,0.8798244182722705,0.9233501918031274,0.9727110231662017,0.920942009251891,0.6027564324863584,0.6446297697390505,0.5549560748598708,0.7037580660259323,0.9198990996284414,0.7901126366509671,0.5413504367736428,0.24573070444033288,0.3105968354661143,0.3508332086612578,0.9839963750910852,0.9171828782208695,0.7358809346998503,0.7314075182114329,0.7271551810097332,0.8134114901549768,0.924957769431844,0.7744339384037984,0.47066566487057687,0.24864774495109007,0.3514465926385916,0.3767664271488396,0.9610854615833233,0.8339335962883057,0.3960101707629711,0.3225005601882079,0.23727476754154977,0.43282236623610415
yen,rest1_vs_type1,1,MentalArithmetic,Type1,19,23,389.288097,194644,197144,776.0981621361763,216.0048008871272,23.63256363443871,20.806210720820754,21.329769833108507,18.392056690271392,925.0485817883608,265.531085194994,26.732692013419936,20.001079449561626,14.30000691105749,15.687483013157333,364.77266853510275,105.56951712232105,16.32855543582537,22.75164668143617,19.663355159132635,15.922641519424742,184.61367299914082,86.86445817661931,17.59082325473776,25.594553069350184,15.202202791722428,14.104071406268242,153.097921717743,96.37173970041317,20.751479785168573,23.387316873134214,16.153995226773112,15.516884862449457,178.19961537468487,91.75083243393176,21.91104952584642,24.015811100526346,28.871041899383602,41.471215702737574,313.0442914776679,128.6407516829895,21.967820533842435,22.85550444342269,24.441417320288906,32.872059130155655,0.9908660097460217,0.9570461596754462,0.8070919284167225,0.671481274254425,0.5383450762551825,0.6163028443555905,0.9755789364067876,0.922403350969108,0.7464626206077534,0.8066418385989698,0.4843922436235055,0.60809091601658,0.9729039833486651,0.8822252828735219,0.7721192083667925,0.8257599637932465,0.5543539399170825,0.6602690747470571,0.9244496307432107,0.7877500051175057,0.561061410563476,0.817599117299738,0.6034618447317905,0.6442416286863536,0.8765196241372667,0.8595409612443469,0.49735611866371104,0.5689924475356184,0.4375523411948735,0.5214368077736535,0.871842534573141,0.7952920270173118,0.4743068728266591,0.40949346850980034,0.20477943797433112,0.26071505809919177,0.9452580640918434,0.8172124909894906,0.5331103518314382,0.5494329126882633,0.44155057959580485,0.575723547535484,0.9535602448576964,0.8109717295731842,0.5778993903828905,0.5910654725301459,0.5831349881341636,0.6186437199532715,0.9318821261589539,0.7546154689689893,0.4770395007964142,0.7130888223112899,0.7378287154103369,0.6786528897615901,0.8982208410089286,0.9111954801051112,0.48990247860855646,0.695007768530435,0.6711335434925053,0.5595478986789227,0.9097268385397809,0.8955567073597958,0.5868816456114319,0.5296655347799339,0.28860221960480165,0.3776225175093882,0.9668449427118891,0.8856124053236172,0.751376365636734,0.8817059998867336,0.7377912791463432,0.7646177313024322,0.8794645224264297,0.7280267879887088,0.4740979346598101,0.757747152799938,0.5657423288733918,0.6624488541525133,0.8141999923353537,0.7352554313398776,0.47255307328270596,0.5758243158672375,0.3616180550347078,0.47267648654839384,0.7908448430002023,0.626266743271671,0.4364678798277387,0.4178124947063234,0.180267070141719,0.2633168643730181,0.961398468053751,0.93823166518167,0.7929130782488817,0.8872028511538871,0.7926981183414243,0.9030537096657276,0.913882680919782,0.8705043583022691,0.6188885900290083,0.6980967618830952,0.48052816297576195,0.6229746098403465,0.8788192847269372,0.7106650518186981,0.4883653273938583,0.4613808442594623,0.24093372338285107,0.2414644236411508,0.9819944149359839,0.8704968048480285,0.7871574095005507,0.7739541449357092,0.6801837284043494,0.7170314771191214,0.9479157187425548,0.7148459649311896,0.522356383335713,0.5086318048318437,0.2802725607224961,0.2648160600432792,0.9718711037667038,0.9113450326416352,0.6537696818442604,0.4872307162138038,0.294543697175545,0.21390892056824626
yen,rest1_vs_type1,1,MentalArithmetic,Type1,20,24,399.59525799999994,199798,202298,461.6509088425456,261.1128798205363,20.464028563898783,18.33062735200555,15.824761010036843,15.660755842651891,703.6914528417794,341.0522111412386,15.39947643297747,18.076388706169286,12.894559135330821,12.862389250288098,167.92669354990113,110.90125222527762,23.09259308034987,20.534074646207593,18.436902772801112,11.548316256673377,112.43232220086196,71.2053097128391,17.315403156957014,18.298184783457287,13.418833047883519,9.957514103981856,118.86800057881872,67.40101471830722,14.074762417341834,18.53778189963012,12.886309914441256,12.202007029252792,174.13569512539974,78.00887467821207,14.338004015921861,21.16621503736784,22.707985153878816,34.2966840711189,402.24159174659445,147.44424108697382,14.414585052163334,19.597842199028282,27.103296699070434,34.69820117171506,0.9574324602004253,0.9693635873858739,0.7950202351927912,0.7656037604071682,0.4850822845726667,0.5034166590013511,0.7868491953825775,0.8669136387832995,0.6929366779032928,0.7346188842723169,0.48208800999932705,0.6169828956288644,0.8298497891579008,0.869869738644077,0.7528398865486484,0.7808318731351795,0.5593143736209474,0.645242379760227,0.9017320490035331,0.8681867986750862,0.6992195147309934,0.7464214994434092,0.5880480405269417,0.5515342357902001,0.9050940336351557,0.8757575236071566,0.6177394891290972,0.5430344773985344,0.4059549812118649,0.3808744771406161,0.7132007936894817,0.8564473696776718,0.44168304219094245,0.41416247040565074,0.3125795979552367,0.22056439252928295,0.6230853330425711,0.7529062094924963,0.47295928963467826,0.6468100456877309,0.461500199646109,0.5648035446487276,0.6887356429897767,0.7927150417299728,0.5527502968180011,0.7164903647314996,0.6319394351830402,0.6533255810023492,0.8255430290158395,0.8187013992663199,0.5946838027720437,0.7697474577165044,0.6515322341528059,0.6995168123136872,0.9008396366732098,0.8722620286566194,0.7154951091332737,0.5926170678621735,0.48462831812950424,0.5112287132636479,0.8394743536397504,0.915644878606218,0.6578448176182106,0.4189832672904017,0.4319471047667829,0.32437431110769716,0.9552560733598291,0.9097200997244934,0.7764562500250116,0.8621430786210416,0.7234691341313896,0.7199500978924614,0.8381337032518904,0.822513238731704,0.5568803535522128,0.6699429495308727,0.5710561810533984,0.6001733809650636,0.6586179875161435,0.7459605410828642,0.4528975552900164,0.4745432415639703,0.334393395620054,0.45705298351711127,0.32398852589337596,0.600377870482593,0.23906475250112313,0.2946020259004496,0.3159483663570254,0.27342932657441943,0.9356223906160471,0.9599686849832822,0.828396068807162,0.8697254132733919,0.8398602710920349,0.8315000933291167,0.7520919660557445,0.8836627104189674,0.5702955786492706,0.6107533772455717,0.5087883602225786,0.5411095545594525,0.4049291990737238,0.7423973355623428,0.32633129604674005,0.35036855103765874,0.38507254884727543,0.2912659028331055,0.8555378412610614,0.9390696930053902,0.7419074918192252,0.7710732677577659,0.6465671842634916,0.651810901523694,0.5694488236363024,0.8182582606487414,0.48871748783080593,0.43598016243841337,0.34655467692083325,0.3157800315315005,0.801475890739216,0.8939799775959153,0.7127401093943933,0.33508461213790286,0.1861738119599528,0.18811299775110482
yen,rest1_vs_type1,1,MentalArithmetic,Type1,21,25,409.741669,204871,207371,894.6000731700494,500.5779574339829,28.224678480379513,23.439996259189304,24.48767217536728,21.39912771321904,1148.3404797657063,601.8873049439603,29.87728151682091,16.94089332282235,20.5040972720913,15.369125488307471,326.6523872387733,200.6472361904709,20.5466392473545,19.17008240268033,18.440881374549036,17.83381134771971,216.99133821932656,160.151371249674,23.253726275670246,18.733509784292057,14.561640334606532,14.786479947491483,219.24298378620864,172.43539944915767,29.15116402487091,19.294053719962005,16.626776357248726,16.259617479114027,275.53233104149564,187.4598163950977,25.35539143709991,24.284769346863406,27.1720839021731,36.77224778851599,426.18612867440453,287.6341909019529,24.095880006040883,18.016458192904352,29.34117446382579,27.447280047634468,0.9937100807383116,0.9810380045570805,0.9208046663502849,0.8058873449009408,0.548014177516475,0.6470339242526879,0.9730660966170604,0.9583879323637357,0.8263349827848048,0.8511846139229882,0.6351465794833577,0.7193241169800261,0.9700938611169924,0.9459219247779469,0.8366152192972575,0.872965329014541,0.5594787656341539,0.7827921439662404,0.9240447529860951,0.9069546228147369,0.8168269994800509,0.8502794345779616,0.5366181037607333,0.7467824716876155,0.9172550378432284,0.9130513106167566,0.8304389129801082,0.7093529207017031,0.4380710706271994,0.5780308024126621,0.9172967979114635,0.9032052163934792,0.77715475506545,0.5641882385414311,0.40310732457435894,0.3947623658523982,0.9506045579694565,0.9083520975453475,0.6321091570180747,0.6553791041196659,0.6521961574198999,0.5939583834838644,0.9590782541731424,0.8993542042354788,0.6673023533182206,0.6924208400191593,0.6607692742053033,0.6917934365012471,0.9266041597307814,0.8630968862230318,0.6938350537562569,0.7304688632605651,0.7474625330966098,0.7048554218715843,0.9335691110418028,0.8968385200374653,0.7997314725709834,0.6985316595418313,0.6150854836900421,0.5965185068102392,0.9450990163027466,0.9258054108886634,0.8235566956089697,0.6208544763486722,0.5817269116336972,0.3951433117812618,0.9525206262638549,0.9485593241786514,0.9405901818626246,0.9267055870304277,0.7829123472479756,0.7927155253768752,0.8728620758921813,0.866576286421969,0.8262788645152831,0.8110807147317473,0.7141932679773576,0.7241100347426709,0.8435730252632326,0.8481783213980214,0.7308352185698899,0.6487763282220579,0.586240125530668,0.4944767680704039,0.8341690185183985,0.796056497560058,0.6077468752059529,0.48176641073542686,0.532286072795049,0.3972363895603912,0.9726818464329438,0.9609295273560853,0.9413048133564909,0.8969780966047404,0.8696086430645933,0.9214581404331638,0.9445032615184621,0.9413251020863401,0.8338556962685122,0.7001581744602537,0.7042450773994393,0.6628998293722991,0.9059393530266787,0.8596499002692831,0.6534333103198878,0.5021920347203571,0.3991516830062348,0.4659726728569608,0.9742550703593796,0.9693512909358738,0.8950422612892547,0.7971791141547554,0.749491513242096,0.7726016867307994,0.9242974430925391,0.8723274984571505,0.7021975295206428,0.5397924926199256,0.478566069523281,0.4333276922420472,0.9691732074252948,0.9359765396453739,0.8025126279512775,0.587097745332996,0.3998522075676599,0.30711376182560657
yen,rest1_vs_type1,1,MentalArithmetic,Type1,22,26,419.729564,209865,212365,690.586429760049,273.9445640903348,24.806046664487113,23.190796401185743,21.889849977012414,18.39397135671406,785.7377098453734,326.01582071100904,25.994039668307654,18.76100634137132,13.81412579591081,17.815738395006576,353.40503733872436,122.5951171498868,23.719629699561565,17.486349646919653,13.789736741349763,15.916000897367098,201.8573185565079,86.51637357589733,19.51495034642515,20.81683066178418,11.737522717591188,13.991966830188039,173.0234664916785,86.13206638803294,20.344426374655214,22.068453538842743,11.708862875994432,14.662604107220702,177.39967524933374,92.14269797586623,20.241705262167365,19.214259192513925,11.848962852578833,18.155640386972415,280.91311651535386,137.01496400410505,24.816740561730764,19.23774851082082,17.40847685621523,24.02519984422184,0.9852806070683581,0.9630192735867635,0.8458385832441195,0.8181053485328916,0.514379391950333,0.6800774142323859,0.9641211925351655,0.9204051453927784,0.793361311935955,0.8089662918084228,0.5253415832499264,0.6454910931005943,0.965417413747947,0.8200005709726943,0.8390868655442241,0.8844526091414451,0.5601885240920745,0.687630306420722,0.9773285279986283,0.7147016665694284,0.8310694513148158,0.8644726910444589,0.5465151743466489,0.7052478515453326,0.9704371818587944,0.7979320744722355,0.777492964492021,0.6878565662241077,0.39144887425216585,0.6255774288934806,0.9219073723531722,0.7977215208808898,0.545558870644802,0.5140063941538784,0.3482083235718017,0.5387226476747696,0.9146416272703592,0.8280461032691682,0.6111435907053103,0.5926478732528512,0.5454629771928995,0.6657869985509967,0.9195167254030631,0.7375107038720017,0.6089325417613316,0.7436168354232227,0.6032445387437667,0.7268376614734121,0.9508273648624298,0.6845230480838742,0.681810267612152,0.813870353464223,0.6100639171669383,0.7655161751345232,0.9689571870341877,0.8320342857586495,0.7675700936211409,0.7074737115214293,0.5894900334697913,0.734498211696085,0.952063907311249,0.8973821685799603,0.7016835683432096,0.5664019179045804,0.5608656489083976,0.6504007230859373,0.9777461750424159,0.8907640448722188,0.8494359681675867,0.8728603245932226,0.7143283093266389,0.844648464145446,0.9469722656666136,0.7118336722992745,0.7414287327465833,0.705145529727963,0.5595138966486479,0.8043757720800301,0.8998887400184841,0.7167979816566363,0.637119095763105,0.5629044747229057,0.49291817098164287,0.6479938913061793,0.8145091785583216,0.6204509665041225,0.34785116252686554,0.41382511537227706,0.3867216791245457,0.6238884249066451,0.9852275679698549,0.9100029846743154,0.9115711424592863,0.893893847829292,0.8328616487139671,0.9317387174329407,0.92894353135005,0.8087312746994235,0.7151905491312858,0.69353601787652,0.6603220578235879,0.7865121497957913,0.8440418216660767,0.607086677959382,0.3912619119973916,0.45187496474209926,0.44839200353166014,0.6884499726844607,0.9697220434339883,0.8817990654237047,0.7976213100584116,0.7842337122065208,0.7516205513755913,0.8099771929599072,0.9015557892823907,0.6443565435653561,0.4715136001804046,0.5172832906688017,0.42253556314120655,0.6927526363713074,0.9619012026464128,0.8558734006855634,0.771637107675837,0.7173830036651153,0.5192338195325972,0.6773732046191395
yen,rest1_vs_type1,1,MentalArithmetic,Type1,23,27,434.203089,217102,219602,718.0252902454591,393.387729816653,27.084518264397026,24.535520898923195,19.605525328385593,22.976780006598712,930.0053190267756,457.2943849162018,28.796582217421008,18.69477275273942,17.32370669700417,17.006819411690838,263.77357468496865,168.52037968142483,23.378563981276322,19.72593870806234,19.978134591675644,16.774311355161984,143.82734008065296,114.54383771340542,23.76773608728481,20.219547176096967,16.76948585450589,15.155655285217392,131.03613133994304,113.11888678988606,28.808398213641105,21.140318918326784,16.276605274782643,15.269635952627924,161.8470025037219,136.76663525138596,19.63124862022641,18.079877537556037,15.07799660527269,15.894942782964236,317.98352512325664,173.80769942433466,18.212174072128064,13.68177074305809,15.865164586527673,15.656937315229854,0.9771957060289876,0.9726066692845822,0.8573463734401059,0.7334921989633573,0.5975694417933296,0.6052350810467438,0.9522741250815229,0.9161938399795706,0.807855422616651,0.7312557668081701,0.5892678081722236,0.6504564762345288,0.8952521463185475,0.9104710981442256,0.7203643359510551,0.7779915782152474,0.6835198227683925,0.6446288717313513,0.8646557839105334,0.8747408917674828,0.596587840771266,0.8220326622780735,0.6906722942794711,0.6463471624045509,0.9391583495897456,0.8866035588210686,0.5898735521706564,0.6753279875515218,0.6468643334944264,0.5676652721943598,0.9139448192472771,0.8426443664671677,0.5213937368112894,0.6215443478512788,0.6107089707567426,0.5748615308004875,0.8905205607891876,0.8522511251515499,0.6516228916577896,0.5517709227439058,0.5228977870342908,0.6511282631043369,0.8336777935671428,0.8499993717238934,0.5879195376004176,0.5721460674609615,0.6176594289546132,0.7182576902327676,0.8375497925781737,0.8365653617187732,0.5045497675882594,0.6777447451175653,0.6799257513352643,0.718361122129123,0.9473304579786751,0.9102051881050025,0.5984783189601132,0.7380092915527489,0.7082274616472972,0.6702455364398734,0.9642852214985652,0.9039470997179647,0.6362688080544485,0.6777456036989947,0.7007340806227824,0.7337994698228727,0.9453490604276592,0.948412069323457,0.7809694243065983,0.8142787238525973,0.7816054784506973,0.813808953506324,0.8682940259114565,0.8411766356657666,0.6109683575599159,0.7081299861159643,0.7265811896999124,0.7565703904112044,0.8741562222661546,0.8257404162594025,0.5934218682328867,0.6004355655264187,0.6296864354433629,0.6597575798075678,0.8018821796754431,0.7694012839082403,0.45481814711308566,0.5171207164007365,0.49296111159518724,0.6162770227179212,0.9572946760852411,0.942734613593887,0.9327307636857434,0.9065591786560878,0.8895311841580666,0.9182620174506346,0.8764362037096464,0.8817460704775206,0.8145043898881543,0.7198092290394319,0.7317509666353577,0.8041681234898724,0.7874226248065161,0.7503846991131454,0.4284018893989737,0.6100311710265777,0.5846489466070306,0.7229067426485859,0.8969220095183732,0.8996192648537606,0.867371920786743,0.8182730683842827,0.838537689480822,0.8585128122724898,0.820889711621699,0.740087146701692,0.46914172767432694,0.6592910547802351,0.6619887948833922,0.7661685133832883,0.9576978152649542,0.8969428218298579,0.6366835700471258,0.7682504841384078,0.7024969201515083,0.8269535473771552
yen,rest1_vs_type1,1,MentalArithmetic,Type1,24,28,446.086653,223043,225543,732.3452238917275,466.17473211840576,35.62280524208824,25.472847017757175,26.198729971518887,27.33472516218082,877.460898994899,531.8749055607648,37.36210722970048,19.584029191815226,16.495232750856157,20.377755694963692,286.65072405559215,262.1537569041567,22.01468500241232,20.964683114200547,15.275326177531626,18.071077481061852,182.7594743725722,186.51052632884338,20.097258122939195,20.5557148459424,16.2751050815028,17.062015970393336,188.0945053066463,178.80836775657767,18.68687866506163,17.867837723486172,16.64027910002837,16.49313835490258,223.0177528761979,170.21313291035676,18.467073482169415,15.663827297277502,15.622161876632013,16.911873277513386,343.05902775577516,217.09805787751088,26.45243825857458,15.615847982388537,18.515320845715845,19.600412631657015,0.9852987668168517,0.9861699843943807,0.9211649215487858,0.6999854285248774,0.38737668701700356,0.5983880407399779,0.9510039688125581,0.9448285342734126,0.8475941482435863,0.7390978726021996,0.4964498439915078,0.6453259952976994,0.9229418608081916,0.9326223213294428,0.7899153308283762,0.6961294260646405,0.44143952237756956,0.5298149374071807,0.9299592188005311,0.9044359080844067,0.7259347985832172,0.7463935650025194,0.46089663866966646,0.5846028793570953,0.9659955713951133,0.9139368670087613,0.6955153789226662,0.7458502974383163,0.43416792059333015,0.5473624277844326,0.9137906265672563,0.897700279501005,0.7129561169339438,0.6922234816755706,0.35482213615584884,0.5537288608270489,0.895767498943032,0.8990736294549209,0.7121032519515899,0.5363530633679261,0.4712465863088896,0.6666808655159616,0.8683619752112334,0.8994693438577314,0.7185293372524028,0.5726674628698538,0.5427835028482257,0.642327569557077,0.8909388585658954,0.8815849677641482,0.7201264872021834,0.7182215880612661,0.6339334583712988,0.6210206786387161,0.9610156322659463,0.9253859134958919,0.79778943258808,0.7860909842558051,0.6933685721965885,0.6382311616541211,0.9534221006504953,0.9391280714248971,0.8453633192033078,0.8328049277943724,0.68331672879874,0.7202002402059058,0.9616536582200998,0.9557243046647532,0.8518240330598662,0.8696700204146879,0.781881173773326,0.7734643333202283,0.9274573171451919,0.8868559420232005,0.6900094536386243,0.7944520135390445,0.6763879663958853,0.759870472422234,0.8970732019745681,0.8281708375120007,0.5680376832025009,0.6996813491938517,0.543850515030676,0.7154009930649433,0.7777260730023836,0.7521382977764686,0.5167936747170405,0.5088255848522864,0.43106040629520326,0.687849018527875,0.9825959766027105,0.974960628158916,0.8929052251925276,0.8746434189151275,0.8853625857907108,0.9045873793084425,0.9304531948734313,0.9125903627701308,0.7015072497312648,0.6996851932498982,0.7026057605123857,0.7857629509756993,0.78972837144941,0.7968233647192458,0.5622626184700357,0.5461290971755755,0.5156141257473328,0.6762277385322584,0.96580515714447,0.9465279312438605,0.8287108299707135,0.8345907999111002,0.8009651968765823,0.8754136303679417,0.8452733583778785,0.820847330106285,0.6127202695402313,0.642063159041424,0.5801776471110435,0.70189845985902,0.9445941487118267,0.933253546906866,0.8271258850259209,0.7880660561059234,0.7163853848963332,0.7498610830399576
yen,rest1_vs_type1,1,MentalArithmetic,Type1,25,29,456.075433,228038,230538,819.7873200712573,236.69028398648007,29.01558583442927,18.389749089196318,24.3033798442229,24.818339472084357,1098.8946839544951,296.0476669127874,22.70457855029402,17.10539534914593,17.536259328235676,20.773528099640682,289.92923320489604,103.97497468859147,26.030781702060576,16.613583960173173,19.24995239402073,18.10362285471118,214.04966755514727,82.69552511330235,17.25231912422076,16.338951446900698,16.550798897676096,18.193342613538135,220.3961380310836,87.63083498420438,16.554768227111406,17.174507386594104,18.975603340792233,18.62382223168442,271.72016340959846,103.49147163532106,15.062217037749095,17.886493153483052,17.092698007295112,16.735922173673526,418.840234346028,131.6519689520039,16.22205769427669,15.83088543822798,17.325190723018714,20.09520862546974,0.9898592745084517,0.9827285745503354,0.8336507241243407,0.7761425953511153,0.5650678639431292,0.5424479615558666,0.9610761102417339,0.9238810969556248,0.7827659146472966,0.7317222205161205,0.6309386307518479,0.6481220954394775,0.9585878368775492,0.8843154904800816,0.7754535482253446,0.7431174573710196,0.6296886723068602,0.6618876690282837,0.9706332673990162,0.8419380469122661,0.7123658863915057,0.7584874379561978,0.6820047608791684,0.6468549370611252,0.9743854001961294,0.8963560363757505,0.6623522525643942,0.6973918662468622,0.5999941330011722,0.6538873177979408,0.9780989073519626,0.9100592208090421,0.5382916040360728,0.6950484179474449,0.4561353324985129,0.6283706464599592,0.920092679795447,0.8605824190608651,0.5078963935779457,0.5986015822406353,0.5790287182693585,0.6360598759150182,0.9282382726309951,0.8189677845771292,0.5566017434748549,0.7060959091479504,0.6454783609608788,0.7020921859100259,0.9489017590316468,0.8059998446310198,0.6216659169345894,0.7221183978822275,0.7326101120669891,0.6952644232134833,0.96308559323822,0.8863349019282487,0.6909151062458709,0.6856864588608923,0.6831787441633986,0.7128954037341397,0.9862508501417886,0.9324562238283762,0.6364540539522074,0.7893942398519839,0.5813611200575101,0.7363091696084946,0.9834214903055868,0.9256281092088117,0.8560964177679281,0.8655227551334453,0.7943332176045337,0.8266305151833804,0.9722488107110777,0.8124086591345274,0.6056579218401165,0.740426711263401,0.772593000270057,0.7786564231420287,0.9537680651063566,0.8223886373232208,0.5005367954183526,0.6542738044683033,0.6219182354372552,0.7479293615256111,0.9070057870945806,0.7808111698134238,0.35314363016773714,0.5890306205243572,0.42543613281364107,0.6981688755913614,0.9934029846639251,0.9354926512888215,0.8456460333918023,0.9274201951864919,0.9072678036154345,0.930243490895042,0.9730757746009688,0.8878079589483348,0.606939311423133,0.8169869174054882,0.7276510695043058,0.8608361366498213,0.9169826405204308,0.7751188822178124,0.37227128766538387,0.6790136746927912,0.507464017285638,0.7709614952622895,0.9830451714739233,0.9386598158446522,0.734770320557103,0.8600935468891546,0.8031202421505688,0.9219499641106845,0.9433191396668894,0.8162402868412386,0.4493626161081014,0.7340367217628783,0.5519130922418395,0.8022555158433499,0.9656474889547271,0.9162426988570291,0.6626807986917486,0.8317420733516914,0.6843279376670903,0.8576384476536388
yen,rest1_vs_type1,1,MentalArithmetic,Type1,26,30,466.01797999999997,233009,235509,628.7150912773623,316.23124015541424,39.09594668595693,24.137640503114312,20.781891479414544,20.283125182049137,958.994069864111,378.9344344384506,40.00316465297217,19.524547467962435,16.697898906605815,15.222699810516739,227.43629241082823,143.19330520694518,30.136434064826076,17.0621341635444,16.762254348260083,19.60687932818958,149.71345587193122,114.88784316134338,27.57689859169546,17.118660796803663,16.661796859244937,14.733054412498296,165.7681469625949,132.96791522158625,26.250502523932195,20.403251025556315,18.039376482811228,15.26606153341809,215.52846390305035,130.49780106306608,24.392585627956645,27.265869192539586,22.634576280315965,37.16771104965809,452.93382507963054,174.72737135896628,23.7467803265805,21.39173665442921,24.51504613004835,32.83637851584453,0.968532149678543,0.9767203358098795,0.9183625613150042,0.6759176085248046,0.5872329404477432,0.5613579106517919,0.8906489040933057,0.9118773955028907,0.8546930477385277,0.6679137728219714,0.6151350968313298,0.5080775167309448,0.9331903857945867,0.9293867664978694,0.8665779014870134,0.7223031031869599,0.5443391461884758,0.5360934780074179,0.9031171475769604,0.9001438627799541,0.9019566257475627,0.7575425993534324,0.6127810637670752,0.5644183166863592,0.8507683309960865,0.9388576506811506,0.8077715252458372,0.6155387814883334,0.45277982061112015,0.39822228904944285,0.7931636647523218,0.9079237034356744,0.6251629315095545,0.5021115676456052,0.3016928927821493,0.33998729383594767,0.774111698170977,0.841940116958058,0.7284493526642787,0.5630112497866822,0.4921010814270729,0.4984832449173229,0.8613484999329252,0.8750117526353581,0.7785760722044401,0.6061180238726143,0.501990989744457,0.5560841842052086,0.8851625746751403,0.8617197402697845,0.8508883806699638,0.6785700548062014,0.5289434469080476,0.6089489927117462,0.901510324856973,0.9475064013736371,0.836889473487377,0.5893674253978578,0.46066128426286407,0.522326130565967,0.8972552578167542,0.9454023784327081,0.7580164256970237,0.5419804056747857,0.4336768940680805,0.3517237954971891,0.9226579339850346,0.9328548919129414,0.9314002697558863,0.8117924787118375,0.8193430590960716,0.767721844217459,0.7842888232744825,0.8554923377115157,0.7844204019340189,0.6799439426231352,0.7420679489292887,0.6889258003033798,0.6369526974406103,0.8326403243870846,0.6697749615694677,0.5651726035738529,0.5805048130923024,0.4046549619817568,0.5189195113358976,0.7309995237565654,0.5336860485634944,0.3577664050250945,0.3323020882774689,0.3121558721706397,0.9509204252988255,0.964480092833877,0.880852782391033,0.8837109171038983,0.8937362213458074,0.9223529340187336,0.8226287480963284,0.9071579788045878,0.7634026519253136,0.7386815897374115,0.6559139347341203,0.5741612936762106,0.6800897898512677,0.8123997305836181,0.5286286801976451,0.5122485058008482,0.3321999993513072,0.30753583509284427,0.923211813008009,0.9272929332384074,0.8317175132553694,0.8477333101310955,0.7659016711737782,0.6838719313665799,0.7943368346457782,0.820402920228412,0.5992363119249013,0.5455653670996848,0.3429010074762451,0.29137050054911057,0.9346685785163364,0.936249626917984,0.6883116995945809,0.5006681320974125,0.273269810942737,0.30467016870363445
yen,rest1_vs_type1,1,MentalArithmetic,Type1,27,31,476.06407,238032,240532,573.1019591551602,260.3248231964878,48.598574602985245,18.75922144134324,24.27764630766374,23.085289929851857,745.3873681306046,320.18909213309917,49.4152347953838,20.830736302676485,15.759256157948494,17.67268840189072,199.91423960840774,115.52640739144178,33.169965260995475,14.71277676918061,20.299669780781407,20.982868652126015,126.42228256346509,77.21659166250879,24.27734502956576,14.30139732736005,17.683323773247892,16.572178479778046,144.4925289631443,86.3007538456163,26.734909331629122,14.43335487488322,16.72398136360076,17.941029597734072,192.14319090335576,81.18020143665538,28.175351127828478,21.789956238886454,26.2737392387679,40.387121814592675,284.648897685393,116.01982068715458,36.95797760971421,18.722851971184284,26.536384169260888,35.952113893126835,0.9810010312108641,0.9767982729509457,0.8869943405844711,0.7043875660810862,0.6265844541827128,0.570218940035207,0.9596754075787103,0.9562486449350376,0.8056591156763051,0.6923189690036828,0.5319241986769455,0.6761951179866187,0.9236960290902686,0.8729756121816332,0.8704086815844091,0.7983599297840502,0.540204340501973,0.6650624094209806,0.9251922096264839,0.8375980848719073,0.8583833451114874,0.8324109019208017,0.592099170742744,0.6610286952144738,0.9108008545479156,0.8261207072710468,0.7417856381956454,0.6619368852275747,0.39577154995083663,0.45244416883619665,0.9166202047441204,0.8864464219757497,0.6803842877452924,0.36083472121100796,0.3744380498311713,0.3742116230884643,0.9059885494295729,0.9133154663094942,0.625000433507499,0.521888279107036,0.500345597221073,0.6316554664119792,0.908797963531855,0.8216802172927471,0.7029948408884318,0.6355422365123349,0.6010907323695441,0.6634966472506927,0.9210422925912064,0.8039125886118038,0.8119981711176221,0.7661124096310437,0.6842518421708043,0.6719538628776583,0.9384368152670423,0.8268360288599311,0.7596155215062075,0.6736180017933003,0.5572858084254086,0.5725734342392035,0.9684686548738141,0.927024197448735,0.7651847529326411,0.4930629592687735,0.38948938481743695,0.44908667140670283,0.9355418029307007,0.9069115086408296,0.9005333115189359,0.8525744033326108,0.7681740782320389,0.8226840522544207,0.9139169234117732,0.8273497218612984,0.723966309452438,0.6523880285150323,0.5929255874303445,0.7427828796571259,0.8612202186880206,0.7914886455557122,0.5748059978269451,0.43703313563290563,0.32657304512352286,0.49385427543534716,0.8252091503551893,0.819868293627603,0.47120161577880343,0.40110264006824237,0.24138111913051588,0.34870413828980973,0.9863356581537023,0.9648083715594182,0.8784133656251694,0.8593665896816756,0.8587010482588792,0.9234198026747609,0.9512252259381683,0.8921863954844622,0.7475809161627192,0.6102026837243534,0.534841675794589,0.6169421167634611,0.8834626773039185,0.7998444880792042,0.6282212474616885,0.4366310433964396,0.2402562438022926,0.3499457533834226,0.971798959088456,0.9373186059874261,0.8719408253660392,0.8212305486778558,0.651389017542068,0.7390806773525181,0.9050662127808667,0.8190684134177189,0.7285011972185231,0.4853102834393472,0.3165995009221959,0.33915372763288,0.9598999259277452,0.9066237101768226,0.8552681636442306,0.5596588917381722,0.2671928830172662,0.2370139603959662
yen,rest1_vs_type1,1,MentalArithmetic,Type1,28,32,485.98733799999997,242994,245494,279.332897170413,132.62497992242362,18.751231886583213,16.007264283365217,22.53553680538756,24.75561804973459,325.53906459205535,155.6802302048578,19.989769888312264,12.214626603236876,19.134916272825553,21.268140126531353,130.858367341169,57.95842152465208,13.226508860926426,17.65052835295056,20.16925156709907,18.694815628834668,103.54552630801786,57.59014185483829,14.678553717436241,17.15112045093096,16.77344548095831,17.76973907258417,97.0336088369316,71.68903947303306,21.61450033390085,15.137341775182374,16.906715353362536,18.52759288055601,102.00554527721734,67.79336357143376,20.342547771488537,14.090313903021661,19.7491685810028,21.98585743364474,120.50717731298336,81.1593303712895,18.22249446227485,11.828325000396564,21.472905869714907,23.41472908895994,0.985021892340991,0.9459393463112565,0.7830565325040272,0.7315879620526619,0.5401070550230607,0.7358379006037722,0.9702795487809431,0.9037827722603591,0.7641631058249668,0.7714375732127888,0.5778487097525374,0.6838680514714613,0.9156987867592262,0.9060489715930417,0.8424468565794092,0.773920134358711,0.4626155398340255,0.7185936671888405,0.857179967211791,0.9268502822132264,0.7316648723719454,0.757550028652738,0.5243917652818454,0.7363014033032251,0.8575669159491267,0.8658217404627959,0.6307718936950575,0.6668771083795431,0.403248315341061,0.5979334714491593,0.9415746529713296,0.8245565953220555,0.5826802585222307,0.4872481401895188,0.4732296305141019,0.69883038915455,0.9487837667549849,0.7951920611952826,0.5427219205872115,0.572513978542648,0.5842496739034455,0.7392654368495553,0.8867175677508983,0.8069996345863486,0.6251342032270069,0.6314457411891926,0.5942171892276555,0.7705521317772575,0.8438967038804609,0.8601498618305825,0.7235011934852018,0.6753145710445773,0.6690020694749049,0.7721976878282525,0.8409356926738436,0.9058941982350166,0.6956229376058191,0.6814641761016331,0.6801802672871897,0.6810697157074702,0.9467203561184796,0.9033934885322445,0.7875706898081065,0.6135002600964318,0.7072800100615517,0.7398690884392468,0.9677707661991336,0.942818781245251,0.7844819443829701,0.8531893611002772,0.7604285343831214,0.8559344257542121,0.9277688079068019,0.8912698959666685,0.5586710163227517,0.6862902425445598,0.745435236306556,0.8035385384657923,0.9165291773643233,0.7753891586931664,0.49009744309388736,0.6443644425726276,0.6173735595408174,0.6633420661517182,0.943972733045466,0.6997165771720528,0.46522507418374237,0.48644404463792695,0.5734250915806793,0.7289557587724764,0.9704630130720308,0.9503635317531236,0.7429018879197843,0.8651375145468899,0.8771168127827798,0.9355046816206978,0.9668716817385897,0.8224238802607666,0.6421002409570334,0.7738382534733915,0.6612494820056475,0.7803419580154657,0.9107532914470787,0.6980939762931846,0.5138090281278039,0.5421450971367575,0.5932310322627201,0.7856694085348326,0.967419061185769,0.8569594870760673,0.754363280209368,0.8484483191505873,0.7793323864539154,0.8483893528918158,0.9130053255614898,0.7364420858601007,0.6179869445982792,0.5195166759382616,0.6446914706628865,0.7650545805804274,0.9112030437922277,0.9195603876024256,0.7315886996831658,0.6282524838115451,0.6605270267796824,0.6446830589676036
yen,rest1_vs_type1,1,MentalArithmetic,Type1,29,33,496.32981,248165,250665,753.5717245360682,399.25075472488993,55.00817993659451,23.102391046538795,25.009988035908535,24.285481360350058,1015.1920066425774,514.9159973006456,59.33485300600574,22.898178047898256,15.924292629980105,20.718494171898406,254.89419097937153,139.26607176817933,32.024858379025204,20.983791601469434,20.090113012009944,20.234460550897257,139.90211135861105,123.97526035150189,36.47362777942706,20.600927991770696,16.019789415953824,19.363855459710198,147.81818421262838,140.7265998379335,37.58985157263604,22.95049379697973,15.078889373412457,19.42024613008693,188.7966190012274,169.0740125092244,41.974646877917436,25.512854353970997,13.902760559060106,18.14904582119974,373.30944613333895,240.79905217250936,40.34692044004078,21.10761280417717,17.28065682398287,19.450796515984386,0.9951694888265689,0.9754292939467542,0.8818058110509064,0.7835516619858122,0.5386347006078032,0.5592166550045801,0.9844627797960411,0.934950416145519,0.8835735260654524,0.8768567257598813,0.5576118142554054,0.6558955248875811,0.9602658927118171,0.9038298841080137,0.8818102488891519,0.7952577417684571,0.5390219202442721,0.5722669753851777,0.9400897329433723,0.8999196570164298,0.8582390739204694,0.8038220167567426,0.5912763674754685,0.6050037090819518,0.9668527295686972,0.9097110379907839,0.7586407073142254,0.7028975382539179,0.5118678998330324,0.5644480362296398,0.9775446422167452,0.9471365914709391,0.7056090215424085,0.6678679276222642,0.48933161789087576,0.5544218579486047,0.9698331528268483,0.8705826336377372,0.6954521509361344,0.6954059819367239,0.453501874877151,0.6367925326736222,0.9435269314684152,0.8438081119260015,0.7348843142494228,0.6955411457787817,0.5106404595862084,0.6937863616198001,0.9325326323730504,0.8602232785413739,0.822587294730145,0.7674292830434692,0.5573616605553613,0.7333275531832764,0.9694720909985491,0.916112509004668,0.8326312400394604,0.7333630051295488,0.5158740012516972,0.747759363432596,0.9893668046471275,0.9696873508196908,0.8692153877228259,0.7717933563417759,0.6157500793838897,0.7362691646091603,0.9621118786080581,0.9359667797510339,0.9156951871356984,0.8948330474299594,0.8040738654077707,0.8293741483109612,0.9236259498742035,0.8668078706411713,0.7820092430246869,0.8040911337649507,0.7760493630789908,0.8097659580197619,0.9460259514963197,0.8507380217403948,0.6515900822337657,0.6761983905586578,0.6318198499456612,0.745520549098821,0.9489448360978411,0.864066421700147,0.5428203338428345,0.5777860840950445,0.47812772311584045,0.7067238144059792,0.9854776845977788,0.9518329713405234,0.9233927880384417,0.9176361163444178,0.8993886179367492,0.928705647562942,0.9742039355187786,0.9109517192646849,0.7988607822245571,0.750136182371727,0.717814475468036,0.8415759069762857,0.9357983707297676,0.8519680226337683,0.6042417698935977,0.6080759401488107,0.5494809797739661,0.7706789716812064,0.9794002247429455,0.9442146392722981,0.9116140896821401,0.8365720266723918,0.7745832565006052,0.9002287603082599,0.9359431104819942,0.8738724212580999,0.7170783798210596,0.6914678233911263,0.6046488559234172,0.7729767263835936,0.9790039142716109,0.9504164402700905,0.819364203309562,0.8402290032711389,0.6372374168775027,0.8055306858071946
yen,rest1_vs_type1,1,MentalArithmetic,Type1,30,34,509.266049,254633,257133,752.093833349011,321.4329978078998,44.65258424682477,24.927156570754736,36.4202098085973,29.357498483517627,1007.1829729525242,397.8185428858014,43.67808061364126,18.382837295731704,29.556071342118784,39.53551292324576,265.32171320485077,147.59492228026272,39.37312426440203,24.56387076738952,35.561321987718735,35.57730759851857,172.22095878254754,120.28625213502644,34.73610198540326,23.91883686356868,27.149844888750057,27.52014819720854,189.88921817487258,122.36832509871583,37.9453461140864,22.63889746873259,29.42347044969078,36.217020787523495,247.98357898197185,146.21347676793678,44.63973819875633,32.290156989782645,79.93705696841165,152.13790606966427,395.9142757480456,173.97447328838328,35.55365839733951,52.749939923373745,178.24534467061454,192.0725749672288,0.9922088212991221,0.9812733480133731,0.8327248855652021,0.7450191968970842,0.6154756280387816,0.6279279809757182,0.9617775516505169,0.941931748714703,0.8196646110689898,0.6805780176894235,0.667696716214089,0.6636443428630491,0.9245266023953705,0.9056149896515657,0.8376986695746126,0.7887686694976885,0.7309755483343842,0.728969551543918,0.9018189904112518,0.8575075184563903,0.7371204935809927,0.7781256391787916,0.7218739908154035,0.7124911129158195,0.9089505740832586,0.8470316760365445,0.6970412132666032,0.48565871331571386,0.5476274968320181,0.4668568007927758,0.946663525343754,0.9194674095749245,0.5315855682814803,0.4078945447811543,0.3328889663259175,0.36729320091764694,0.9379925465726536,0.8878906857667724,0.6365390929698987,0.4857754155523323,0.5448472480712837,0.5470508588277332,0.9175446031594844,0.872058498795381,0.7281602554444997,0.646545919019497,0.6053892728755523,0.7046458112657759,0.9086764994249887,0.8516684521852351,0.7294573542176945,0.7684107686020516,0.7021473336637671,0.7777867103933549,0.926865105887849,0.8632789767557913,0.7910882530602311,0.5671477615271934,0.5900785231309648,0.6463081390701378,0.958971066787298,0.9447236593320024,0.5450345992038509,0.4327903975713898,0.3055310261463765,0.37027959488656703,0.955182156570671,0.9263657820960958,0.8552693683494944,0.829581671983421,0.8376505560654254,0.7917185601228567,0.9044134578298181,0.8480982320071434,0.6792061738705543,0.6035595282987954,0.6939731232294635,0.6094826961351635,0.8939350982633639,0.769500491727284,0.6181947963157646,0.3981850630982477,0.49068968951308634,0.41443805517288296,0.8847432123731623,0.8245605878366908,0.5119967032449623,0.4222449205481446,0.2595735633437667,0.31217318373670655,0.9816867546844342,0.9696332382069449,0.9179529732430936,0.8344285658848408,0.8917706072923819,0.866401562366318,0.9531200368157408,0.8643447248776402,0.756796809521423,0.48754296725687585,0.6211964138963676,0.6086727259211941,0.8940449070404465,0.8156909351691867,0.48316380368747575,0.45050496146475894,0.3072281601724502,0.3307456793532151,0.9560704123594933,0.9004088151872973,0.8332835014723378,0.6894741040434885,0.771232616624258,0.7841513182375066,0.8896951824564923,0.8163322212341058,0.4927201544660279,0.4482882085517551,0.29793634385397044,0.32643293365556936,0.9022205185259896,0.8603604868627047,0.42974422424918524,0.30038784960970266,0.3607415373421025,0.353495702832508
yen,rest2_vs_type2,0,Rest,Rest2,1,0,519.14129,259571,262071,289.96328967556025,211.38487139062397,23.34928062865711,15.83567544162814,29.01719583488014,18.259398242802583,365.7692987945177,262.5528326858334,28.653361337435832,17.851063046023448,18.495752095242647,13.38222018602149,108.40563894734194,97.25710578202079,19.87404922810694,15.505303569554245,19.70036100278786,18.49761745549,70.14401276956264,87.78462639202478,16.34547701806286,15.910656276375068,17.998817267903775,14.215614284177686,75.26294961885934,96.50032408265827,19.304262242154575,17.635008402496215,18.942401228629723,14.824969189099505,91.58453665685651,96.70428173932639,17.91835661927851,22.32031591049004,26.186133622728665,34.41670270092907,136.1292425472383,116.81653807045669,16.182952444924865,12.234397920211602,49.05923828272794,40.50586322084195,0.9911045629960517,0.9708309992208728,0.925235588316351,0.834533810289841,0.5564950441130053,0.6474322785034168,0.9603509989222804,0.9274298144542835,0.8339705460898029,0.8286155145337757,0.6027834597331145,0.5703889541882801,0.9132714044425398,0.8340084553707152,0.8186484527535484,0.8792141502189539,0.6313169366898833,0.6584321272690904,0.889398393660341,0.7527761017682153,0.7711638629500644,0.8664850790065369,0.6470434435194476,0.6408057626149611,0.903199090582072,0.7549116362140961,0.6775791615255107,0.7160865058651653,0.40134205758990527,0.43856624036452446,0.9460057279723904,0.9116614976347481,0.8044617947083905,0.7528988646252873,0.4093492525065864,0.37024036681758826,0.951557047716752,0.8735215236125753,0.7023321922248812,0.6972412025434275,0.510569168331731,0.5499991105720611,0.9148584616925679,0.7525095212683723,0.695690768614589,0.7433005519247144,0.5314697903915666,0.6178763411244709,0.8987776903303123,0.6877615614279697,0.7080509587905487,0.7568337561105765,0.6152293268300731,0.6380576836971925,0.9272793276571988,0.7181135624432637,0.7065859943034247,0.7695266636088772,0.46079386767181785,0.5157086826053581,0.9688253108476301,0.9310941942953934,0.8692859040292001,0.7026491378657335,0.3961291013068478,0.30900899990909514,0.9396413204602547,0.9181027224633111,0.9255311275563681,0.8947544000415878,0.7359121918303424,0.7911327471911597,0.8760846280230282,0.8220576261286787,0.764296110255519,0.7776810269755036,0.6458846883779041,0.691945433811385,0.8697385511187948,0.8104500748197819,0.6316785303648876,0.6065694412781786,0.48264963776463243,0.5003864756722884,0.9133754607634051,0.8317962786887818,0.6533887337104514,0.6900046798778818,0.2919483390991548,0.28122929238639516,0.9684546107390289,0.9461871003774909,0.9095896521231237,0.9120295091297874,0.8833291902781623,0.879685262012892,0.9256029695258693,0.917185884736619,0.7273097141718021,0.7238856319867578,0.5203528065917873,0.5710377544939687,0.924115063427677,0.765538314561479,0.7042229255250754,0.668270451372749,0.3444023145293276,0.36698431004045723,0.9601142189674742,0.9351815151372345,0.8048550127335636,0.8295950074238784,0.658791304901467,0.7423158117347509,0.9156875689190519,0.7256615590897044,0.7563735842814608,0.7121433863078515,0.35162370235170365,0.36932727840522384,0.958334608306218,0.7901891841577571,0.8519724309147957,0.6452955126367751,0.1402727657769469,0.21397230713936882
yen,rest2_vs_type2,0,Rest,Rest2,2,0,524.168083,262084,264584,535.9816662240942,197.92536988752101,37.22323735912744,15.629326310815552,25.410574128142606,20.620371029891345,661.2465080141955,232.36609885026473,41.857360721555146,19.83750783422096,16.93648682804849,17.298830388960006,215.6253888291707,91.431157663533,27.479817635282117,17.38229474117303,19.127228500028096,18.97089551009651,142.5554822125608,63.5550439757694,24.82016478024161,13.923556151588436,12.647047246304318,14.710778746402276,135.02449612657662,63.33834582339908,24.342782841363178,15.514799544629938,14.255195035595905,17.38955950860604,163.92607337482858,82.99824778100836,24.112368548163733,19.42572566765365,30.59165799869403,52.52671755157444,277.2630837850105,110.92753273673438,22.807409652182137,31.619478134109897,56.85936045332222,71.09079398236251,0.9926674520716978,0.969280923538925,0.8525690948057898,0.6661436733699916,0.457544548889356,0.5994275870975171,0.9790029296711333,0.9327226253590705,0.8978780601048069,0.6366424023762648,0.4868075947961522,0.5781203849806074,0.9487887796067543,0.9205768694746592,0.8929464615435883,0.6580223707868249,0.6372022102727504,0.5941333060348909,0.9258771059334249,0.8947616260138017,0.8492572651538325,0.7012972933985767,0.6301900613560208,0.6048631904501407,0.9370003220594438,0.8963528252189332,0.7270378418992454,0.4638022659386913,0.41766808864499827,0.3948885978219034,0.9677384396066014,0.9162858692770717,0.7771700755516945,0.31173943459794495,0.25009947759257034,0.3241714900867121,0.958564190620145,0.874357249287109,0.7362384144326845,0.5724755035422531,0.26639851512416235,0.5390234443138914,0.939639285968156,0.8671533141053134,0.7502008425807993,0.5273510785703578,0.44895900592635546,0.5873545939958831,0.92460969840741,0.8593358297933142,0.7978606706664468,0.6150264265099207,0.6142665747316004,0.6519988595880104,0.9512766558850473,0.9174678827742755,0.7906593164403901,0.5164841089899486,0.5064282905594752,0.4740720655315905,0.981329482853714,0.9457721489760655,0.801454351558033,0.24078379541728673,0.23291836569041208,0.26714574437272326,0.9660683886835845,0.9660346996407443,0.9158166448520143,0.7971582746643816,0.7113206205865675,0.7085828118889993,0.9282626615253791,0.89978925617587,0.8229662548717043,0.7215178161027179,0.5401695147156155,0.6472381610665288,0.9109604563134792,0.8746416901071787,0.6927199130840627,0.4822734493632116,0.2883392279616187,0.4046003785586363,0.9392734339874554,0.8790623388544991,0.6988300242830798,0.3469876395287148,0.35019331053562236,0.263664718839767,0.9848055478612995,0.9674251283891425,0.9182465774791577,0.8423860636930203,0.8081170725049744,0.8617356880952304,0.9521249624110553,0.9132725811603859,0.7433931701774303,0.5569837124005976,0.4301430391713931,0.5280750085493114,0.9424738007639482,0.882079334233719,0.721684231307379,0.37608311757968804,0.2987408675866331,0.2915285711753528,0.9748166449516895,0.9279420041351321,0.857251410854117,0.7211696710754618,0.7039707251247262,0.6998103415727475,0.9405686677081896,0.8812907703533605,0.7507822013856232,0.3249211951851679,0.2580981073726208,0.2920450172420063,0.9737672395311338,0.9581772418280219,0.7970427763866879,0.1979348887966519,0.19311076223413368,0.2574073581009702
yen,rest2_vs_type2,0,Rest,Rest2,3,0,529.198069,264599,267099,405.7525345122935,175.8495406939428,25.408101130058256,28.70432755467849,22.31274985272688,20.061349908968996,491.5850694970097,193.32085826302202,25.603232448001688,23.076069904434807,16.270496814212382,16.26627457913307,164.7641557242427,86.48266094205097,25.27656851891116,18.651609975277612,16.634753023346445,16.444632269179856,104.61674286690459,77.15962986987616,24.61557978238334,25.602546236337293,14.518490366955291,13.260729535669453,107.90335303340987,75.53670038662435,23.47082733322204,26.019346311119726,14.936638936768492,16.16971636827414,123.73667084962607,75.44787558281119,21.015160293373622,31.346616234787913,28.496422129826737,47.921197255366884,186.72279679250346,84.72582747133997,18.89471750519514,38.64970913598358,30.234087235066117,47.85613050630481,0.9794057061702218,0.9395192675443073,0.835820917872349,0.6344474668855887,0.5518020155769252,0.5020401380285263,0.9752949142199242,0.887458772234842,0.7591516654763961,0.6755933375651895,0.4838036686385423,0.5223695094275032,0.972378227238794,0.8378636544032041,0.8355296031098854,0.7085345938669425,0.6487033507081319,0.5908367159579169,0.939737970534618,0.8183235602722378,0.8272486589762309,0.7169460626628403,0.6993941762809858,0.6439677314017184,0.9059892601868853,0.8319801472641792,0.76550143714221,0.5214882388212676,0.44844762133687094,0.4810703623183555,0.9370128429020688,0.8752893809144129,0.6867949882439018,0.502415656466505,0.37591587643952384,0.21272512483933204,0.9264108799127472,0.8275175354606785,0.5397198308804899,0.4077565282396324,0.497459282070003,0.572293730203025,0.9500136185114941,0.7795543704393424,0.6065392269131442,0.5091448014257505,0.54494706257435,0.6242915127723919,0.9448365440757351,0.7971084054529664,0.6839654937517592,0.6380291391883698,0.5976709315872061,0.6751857827281393,0.9327409057082896,0.8328864514953911,0.7645814525970758,0.5377208877616064,0.47221157677998865,0.49950946734172386,0.9606115829409823,0.8884627521956283,0.7879524701797587,0.619818037651198,0.4139175547198863,0.27868823158624206,0.9692515221048462,0.9545565815868973,0.8716688641799575,0.8562738381856122,0.7118176293346448,0.8434110921495115,0.8913292552688915,0.8568686981777529,0.6975471190203769,0.7023042703231054,0.5767391193432685,0.7947130325485628,0.8409655811919459,0.8562043401211203,0.5829937541872238,0.5428424356647855,0.414828020212786,0.5130421969137692,0.8768968152057677,0.8132227499571489,0.5254154044411502,0.42828422717980574,0.3774342282881232,0.26889393493784947,0.9585096745017746,0.9345303962781739,0.8987834252787271,0.8765926518856961,0.8419345041852229,0.9092585312117348,0.9148216533136498,0.8788858343776302,0.7149925868662346,0.6488522052646978,0.5139801523755632,0.6099376873614746,0.9178768154588024,0.7895803362694777,0.5460021718129618,0.474225784472854,0.5099483155599255,0.2664809019019493,0.9646708317879843,0.8751408101315755,0.7931705447628766,0.751196933972082,0.6619440817893937,0.7351126892749299,0.9385247284602926,0.7981041961327426,0.6017583309676107,0.5305850500607082,0.47759180010716795,0.23346137276431303,0.973906710906073,0.9118538074127024,0.8624753625139203,0.42756965061174795,0.3666955202206046,0.2485766160541152
yen,rest2_vs_type2,0,Rest,Rest2,4,0,534.2114320000001,267106,269606,360.0732652483866,110.26241555952959,22.18273143913909,19.382213854265345,18.913972899783097,19.267849790681957,434.48283546957003,128.5429965769504,25.561897025290534,20.221205782424125,19.740105381261916,18.452414220413036,149.68531066268687,59.12511263176059,21.344669358367717,16.007384359597804,15.273698092573643,19.77011086133827,102.17513157516998,46.74416989306857,21.562861129488923,15.307472009795868,15.30448190137018,15.946236208536586,88.34338511298135,45.302014940570395,23.28926369579447,16.553129107550163,17.25349547550953,16.197127964279538,113.5103795210342,49.37237675101107,26.863669399587717,23.982427526247758,29.71202502994078,35.15810364169232,175.7958255429968,62.41812378320697,25.58073057650395,23.439126369271264,38.009705975406874,47.741491987863874,0.949397648332097,0.9529902219677372,0.8358917796602621,0.6472424765325274,0.7052533220606478,0.541211654136142,0.9504254608928298,0.930897203386471,0.8036355695682978,0.6469266168595472,0.6995367124791847,0.61513697974407,0.9097151001475892,0.8399613858641605,0.8784088140845892,0.6703579225593163,0.7269331599496496,0.6750138644329678,0.8253835189199585,0.8254873357400185,0.8573486872103272,0.6787207178901103,0.6665201147480531,0.6634284308759518,0.8861289242398889,0.8364389779197781,0.6500675115035386,0.5017361510644227,0.4777918426684045,0.45183967122744234,0.925243407396437,0.835963806349501,0.6907414878207769,0.3298216453852961,0.36369781842658344,0.2788040649871935,0.9087695255229712,0.8877664678408776,0.5626647425456451,0.5945057792891084,0.6146381520681613,0.6086803774253594,0.8584938159433602,0.7866046592424436,0.71866538762994,0.705696424128181,0.695337191586187,0.6828012709935316,0.7953157001549819,0.7812427818101231,0.8189957719638905,0.8195472664591856,0.7155566701054278,0.7135490917260571,0.8928293059350038,0.8125330029572992,0.7412192610638643,0.6257625240643089,0.5937586069306402,0.5472440879745394,0.9111982141986159,0.8588546785174803,0.7741297222602588,0.4082024665763252,0.4203074668194306,0.3774630078738222,0.9604566171596604,0.9333143762096341,0.8676746648292548,0.8617406774019862,0.8649582125553754,0.8258499159276619,0.8051133482246738,0.8359164738313499,0.6875790021238082,0.6922194275603724,0.6915865269219823,0.7488717376446047,0.9103733075338153,0.8306838810739634,0.49627131128637414,0.47119815690599615,0.4639903695714212,0.4799396666630835,0.9781874160761928,0.8084209401670239,0.48563445530432786,0.24827778721429533,0.2618667633866182,0.2810777441144346,0.8750479794879199,0.9238189286514773,0.8734717762758386,0.8768405263506392,0.8609164417641658,0.9147644062982955,0.9365746745862008,0.8665423044845298,0.6472441433251721,0.5722104609968719,0.5902974526587037,0.6070756368455192,0.9567168786583973,0.7655414989244469,0.6592026582694278,0.3007961336633444,0.27682710014835693,0.2989715968683074,0.9013694141476586,0.890942583050979,0.8249293247171382,0.736720150376561,0.7070525108288047,0.7130895262996823,0.8113960714150746,0.7672935063690962,0.8155098635367131,0.3458259654919013,0.3029003235698439,0.26918286818567266,0.9395336251622298,0.9324630096167049,0.8385084703202365,0.32246636611402646,0.24168640701068544,0.209097432333374
yen,rest2_vs_type2,0,Rest,Rest2,5,0,539.221546,269611,272111,211.22537385505507,112.78289169698668,17.409642624902684,20.751915002876807,15.428059946795294,17.530966454146732,258.42135801974075,134.43122023539217,16.59363287097646,18.716224312066302,13.231155220976182,12.963248863304873,84.2189110971,57.31692175965994,16.451159073739152,16.33338162724023,16.30274626885401,14.726569647562703,66.54735032145622,53.73167111587888,15.95727051669634,19.943188822030184,15.26063671177144,12.17185849093074,66.79489277448299,62.450308317959085,16.178302300508612,23.138624928856498,14.062848423876645,13.426256015722343,58.39253729347631,59.291411925538014,21.539861578675037,22.896952309945554,22.02207825609455,37.10026716161507,79.51104724551124,62.90406978369927,16.194969845675452,27.756640693862526,35.79959167595207,35.922723982598015,0.9628379293025379,0.9538890843720529,0.7803127573358812,0.7580750506674333,0.5109901427843514,0.41078110284327285,0.9618028760540759,0.9075209482581623,0.7777789615474224,0.8291296227994909,0.6187433949592227,0.6905787281113754,0.885130908345518,0.8502146283984424,0.7726332434812264,0.8225665578232435,0.7191815585381103,0.6873099600085939,0.8715799777116665,0.8121624029315486,0.6906774345132586,0.7833737394090132,0.6882443003151991,0.6600163647902586,0.7194719440638423,0.7860566109695741,0.6316054461247766,0.68407419029602,0.4523144514321798,0.4085557408241509,0.9105458565537944,0.8358054171381439,0.5217600983939006,0.5165546735073593,0.29879081420972187,0.28890139752751837,0.8996608629417576,0.8254936927660507,0.6381844045841636,0.700173691253842,0.3986940280255892,0.5388064248338779,0.8121529743147505,0.7878786789557637,0.7121049732616402,0.7151539728819767,0.5211383038440072,0.640048898235499,0.7959174157346656,0.7922396817766906,0.7919836846038864,0.7507363207302349,0.6036605898619788,0.6618828219591795,0.7128235836223986,0.8285637716637682,0.8616407409590051,0.6891511040368418,0.48131627745445343,0.5543832808875708,0.9100835952477118,0.911989983185919,0.784665761578522,0.6057707245142624,0.33390583011037844,0.28031586094898325,0.9477051522155113,0.924092344765307,0.8873934160806481,0.8866547472045616,0.7892207848300797,0.8160444085272682,0.923554440009716,0.8638155829597859,0.702204768372447,0.7669566827550943,0.6176572806211121,0.6949908145682381,0.774371295959817,0.7262647497752615,0.552244642794582,0.5901750716901354,0.3572363500630984,0.45957278682786584,0.903251767765247,0.7072215187822416,0.4100459854738999,0.5008495002326521,0.18384364923039334,0.2877999846118809,0.9619997613743895,0.9528942757113217,0.855011786773671,0.9104497973937632,0.8856828316486439,0.850765674913271,0.8495965724371284,0.8079533326492607,0.6702840411399211,0.7109378498916722,0.4941183701244465,0.5220594725365856,0.8581020063508644,0.7203868980828761,0.5274242178183766,0.48058028139244663,0.2800146826733857,0.30123614013857475,0.7981206016837499,0.8484075158006665,0.815153951225953,0.8112397536107087,0.6248012473643543,0.6843201927136129,0.8350222069346173,0.7626402674532554,0.6822403178115198,0.5712470095948607,0.3133725802092232,0.2340666951377416,0.8446341643670818,0.9198834331569404,0.8924533563687047,0.4884211959739649,0.21759617971812856,0.20888532242222232
yen,rest2_vs_type2,0,Rest,Rest2,6,0,544.252265,272126,274626,277.4082590570258,85.3277983534482,23.557587228030812,26.83317382637478,17.71515163958665,16.742829184969438,315.19944773137087,95.74024161853583,22.092656342987816,27.291856082332433,16.514965054488766,14.908100758716015,114.44196697053864,51.77378537287906,21.391074681185536,20.828540407443967,14.503613195676893,12.850709726070274,79.13631423570958,52.766598330528474,19.250388404941795,25.531791066501434,16.113088657322216,13.447572131201667,81.19042119947603,52.103609719183986,22.198656069501727,31.03154818035238,18.19450435353261,17.13659756508844,97.40427355876618,49.39233616639555,26.61773155974962,35.11543434614535,25.633935130989343,46.055456428562046,131.27264233013972,42.355894366493814,18.77394487578224,28.94295257708394,31.786160395223906,44.485695925160165,0.963867416593322,0.9304551330538687,0.852664754671968,0.7386510917783288,0.6199535142888148,0.5278567804497946,0.9690192050527145,0.911692738060457,0.8901890670997696,0.7867186134436462,0.7097584184653031,0.6444516402062099,0.9346372975649464,0.8092879723730233,0.9209932019435929,0.8555582060555393,0.7980935543058494,0.6452574841545055,0.8977894299108607,0.7382708512553705,0.7711647972348594,0.7603047426904901,0.7400583805824659,0.6478042064719446,0.9344740662484892,0.6991830139809563,0.7374512273048188,0.6577418306036062,0.5423971996276731,0.45896793613437853,0.9707735006264963,0.8161033941459583,0.5961951177125929,0.4826299696107304,0.3764692597741789,0.21850009264052117,0.9320967282944291,0.803870520595168,0.6797564102076451,0.7111184577609767,0.5553301261617339,0.6008319418322083,0.8864874636879471,0.7029300723532155,0.7680635062684049,0.7667245492939755,0.5892408228552652,0.6653167733159858,0.8450503800786056,0.6477402088499541,0.7271873435826097,0.7518069222685829,0.6187546013100004,0.7222400428594017,0.9227957476229873,0.6773534092123167,0.752984939689678,0.6744110417698694,0.5553377485022963,0.5808545121728766,0.9665087272602572,0.8290297171434863,0.6906198328049991,0.6181759986538823,0.4556618758677475,0.35879853994069527,0.9540000707332549,0.8811188462785688,0.8899827846754391,0.8805505821470524,0.8729418000902853,0.8590262376313534,0.910747593181566,0.7828673333861195,0.6612412195278212,0.7787780724858612,0.7177595369328855,0.7689650953128628,0.8979790403189504,0.7199823316788146,0.6213737617816619,0.6595951659589006,0.4994013913534972,0.4529148450107874,0.9378625647148141,0.7677016109834963,0.5684344302691022,0.5283288026285157,0.40651610998316456,0.2832589307152647,0.9728533219151476,0.9267299171302397,0.8755852977196265,0.9358151910230665,0.8545511864308519,0.9007651638847157,0.9373181823368495,0.8061680216386922,0.8010038444057074,0.7794730233275967,0.5618892678508607,0.591614029505093,0.9186836156912354,0.741366842442945,0.6395755394557613,0.5551413443577405,0.4011924202731021,0.29719980964361864,0.9252524404080016,0.8756138544764716,0.8421336578474555,0.8642994335320248,0.7234706281484807,0.7471753158765618,0.8873505176328896,0.7682989720543156,0.6249644138259918,0.5139207492670999,0.4021700215118619,0.27826425208670513,0.9599550944834468,0.8850187827191907,0.7415773497496648,0.46828826980550353,0.25493168587875475,0.2861291006449708
yen,rest2_vs_type2,0,Rest,Rest2,7,0,549.255586,274628,277128,607.5892984133873,94.83217936788047,22.48145039338398,18.257507518457864,20.0461442683454,15.670770336972575,683.0177906108692,115.67094564080116,25.46155387680984,16.255003743862716,15.572987050339984,12.116795019745723,254.8739295336053,42.56481047060593,23.41140953954291,13.950904763888849,15.829343582025396,11.678062956115578,177.12054798793855,44.27045838812009,24.646041535695623,14.078381244358706,17.29121069773669,12.478733970453163,174.59037179850824,42.73707474877081,23.841938016004434,17.618272320328757,20.283540687269465,13.59249776792706,176.79371865476466,41.885171751168734,22.61726211250202,22.191054149524614,30.231256276784173,30.077075612877696,278.0225479174906,58.97922289231876,17.341534853713764,27.23978604318593,26.06682656241342,34.532056447841896,0.9876695959091246,0.9602766545938264,0.8396272810357633,0.694905220909447,0.5922860611218087,0.600068375620812,0.9765405973286159,0.9050455881774299,0.8273349766198386,0.7441572391591424,0.6603066367809481,0.6951575125236592,0.9658581907287921,0.8099656198728336,0.8236862216627688,0.7529125661689047,0.684775643468568,0.6877965858876736,0.9643932753262178,0.7354298463647487,0.8626898755695009,0.7332675368199807,0.6711549099669488,0.6540965654586942,0.9650933338110995,0.8403392812404715,0.717048503776853,0.6322949622567139,0.5177207934325178,0.44428200534024204,0.9796102977555767,0.8386549870896348,0.6049036116807541,0.5680060610271455,0.2190035642381897,0.3188547721270257,0.9411626937952805,0.8060051632013914,0.6183922958896172,0.5128782632693624,0.5973822146992825,0.61162954413855,0.934879056479491,0.6945276764811,0.5986491302302417,0.5258902677492087,0.6453316565189773,0.6276885745505036,0.9523448003869092,0.6562626483457539,0.7035266008394815,0.6188201642996586,0.6480690539101863,0.6645200931024438,0.946230711154865,0.8294874354618079,0.8118236464796972,0.6633047054857236,0.5552295376227562,0.5253188986377555,0.9871717462218204,0.9210389565955533,0.7199922968121875,0.76146274818117,0.38214944211575663,0.4000422586438735,0.978560897726493,0.905805045901208,0.9181406972536316,0.8910679965439997,0.8666050420068995,0.805476334551685,0.9571830826290141,0.7511565109845854,0.7706356058847099,0.7261281375365678,0.7310874006299118,0.7240646021744174,0.9503487465097681,0.7989118651876652,0.6090508443377577,0.5340211842518694,0.606204373135854,0.503617899091638,0.9344932382876872,0.6709351499927615,0.49112621002446044,0.4307868605645602,0.32123493368033545,0.3224195520747246,0.9873450632018833,0.912360015067284,0.898834963445508,0.8677117732288775,0.8919044293523166,0.9035627077067526,0.9692803681445218,0.8211252788786373,0.6197726830470309,0.618627454897861,0.6988273464514138,0.5584798816123697,0.9368686935987486,0.596420914644979,0.49775430277919985,0.4777399836591943,0.3193587572062676,0.30992666102608635,0.9751547100000982,0.8132045372928496,0.7641781442596957,0.7987842141506842,0.8026996070960083,0.6404487693726104,0.9522544730097343,0.5993952413933259,0.5950576150688786,0.5357285681595841,0.27164258631325977,0.3245085549458822,0.9570027983378203,0.8168089745922038,0.7815442182005077,0.5385247597797889,0.2163625844925698,0.19117072524703865
yen,rest2_vs_type2,0,Rest,Rest2,8,0,554.263241,277132,279632,522.2527803028679,144.50766656134164,28.982448905595238,17.876336715736777,38.5473364150976,45.48313340494071,627.5925255723209,170.62378492882905,33.93988605608347,21.231571067586724,36.95744132459812,63.61213166330936,210.52553470852638,72.74718592287633,23.349350459268326,16.085913920126647,34.26737192251573,51.436843156347265,147.17010462153945,62.81311836242253,24.738698860604597,16.230390720826726,33.645059470639026,40.47433377042454,143.09480293415874,68.11482080298435,32.56717127815694,21.382630265458534,40.27898625965343,57.765625821442526,173.87857150949193,63.32820585459537,51.24625139412964,39.5095519986646,123.45437037846547,260.40892863710013,249.5426933784272,69.4254725172268,58.960627917277286,57.79650502130242,148.30977617361697,269.7565891043149,0.9797912439231947,0.9460255841590326,0.8879824700294472,0.8214859404368434,0.7114762253400677,0.7681943894647175,0.9685653058653106,0.9456684134121087,0.8164164991450861,0.8093634921076276,0.7810546333615371,0.7395242403237793,0.9248850459219664,0.9175238455701784,0.8686792326572652,0.8310381533943916,0.7852205722115599,0.8162560016838777,0.9027465950705681,0.900341595440033,0.7658434186400255,0.7994458598871257,0.7911221965942079,0.7774635420237967,0.800619130094499,0.8282077595151561,0.5648962807572231,0.515800743223396,0.6550859000277468,0.5739675202163076,0.9117410622279515,0.872401589533385,0.5833191784105553,0.2940127560145475,0.07737276795898354,0.23904005561169014,0.943848764656159,0.854184561639687,0.661303340990951,0.639896242985304,0.6490388786316592,0.6734426436908912,0.9096302658080263,0.8260845825123129,0.7816318417115804,0.7450186990783065,0.7175643063683845,0.7838709792990177,0.9016759503229826,0.8256327711001495,0.7402665825838397,0.8450456230128884,0.8077357796081414,0.8410883369656263,0.8325971769843091,0.797494866355349,0.6155232680869845,0.6350749610311686,0.7282181981199363,0.7114128999347896,0.9393674024558528,0.8937400725702196,0.6022465386701645,0.3020661486277517,0.1809331546148501,0.2628804023207744,0.9788850190505745,0.9568943974815706,0.8755832373145156,0.8537807885631009,0.907347191576321,0.871445871143613,0.9497607014891218,0.9077474130935788,0.6399204880174698,0.6431530245340175,0.8072370638965485,0.7334820967473004,0.8239709529527882,0.8624614535337303,0.4694754253792725,0.3415660106159434,0.5936027650189233,0.5227347378574625,0.9111760734532606,0.8454915090031391,0.5598138986515897,0.3136901163784514,0.1252177915968272,0.23127679497888903,0.9843245742678995,0.9629345844949024,0.8757667928074158,0.8554052908980845,0.9101264307099474,0.9037050956129811,0.8953466551162549,0.8605996566234421,0.6327743331141863,0.5120124438450493,0.6753757054145599,0.654381764806628,0.9035785512922105,0.8125559417142567,0.5751640968532674,0.27693667011327355,0.14121534920181614,0.26132337505128594,0.9241117935425818,0.8882850876154444,0.8026128908180776,0.718503469301633,0.7963897165885376,0.8327797674613607,0.9074500020509317,0.8077798804631768,0.5010705884372262,0.23621820957062836,0.15653277334920584,0.31766173808224235,0.8359101544038333,0.827564046281226,0.4479492263357778,0.18758388036547546,0.2098246510136748,0.45367502453276987
yen,rest2_vs_type2,0,Rest,Rest2,9,0,559.2838219999999,279642,282142,530.1786817694975,130.22222109202525,33.75127759986822,12.582675598829525,22.417980887787028,19.018515961581507,671.5134146085192,166.18594256784343,42.726799516208004,12.26559183469114,17.148621735522788,21.84177478953473,188.98595332465686,40.169753753560684,20.718646389251496,13.644804547822641,15.442184361640784,21.379976773839786,122.5944894583926,40.90197757797651,22.592275488766955,13.15048458001543,13.547657996080932,18.52261266420635,120.70004378535431,48.334681279758286,26.611841083398048,13.327596845703916,14.406602722864333,21.45339292275702,159.09038772100325,52.96178877672494,31.08914222938299,19.461106184048575,30.971304139930172,64.37219740117581,274.96904448059587,79.09423838724688,26.75023803854109,14.628941098216753,38.63803429066237,72.47857814418627,0.9922652889188152,0.9652907620793663,0.8633523131124352,0.7086875923930203,0.5546974462344251,0.6752323510498621,0.9889540773062379,0.8438733478336748,0.8401111008480491,0.6927050835015142,0.5723764190323777,0.6749358622355593,0.9609498761558816,0.7641110068637722,0.8289110882187053,0.7487746186434119,0.6026264450561868,0.7505303389574824,0.9434250428280399,0.7345796139321834,0.8178142219972608,0.6203614757368717,0.5612653422321856,0.7178913738437949,0.9629732739707207,0.8345283365383832,0.6851438653949249,0.3535403555424779,0.5020738403835117,0.48587055840698684,0.9613614748644576,0.9109280376061673,0.6963522419984078,0.41355698936822155,0.34504849452621217,0.30879018667903485,0.9725655313409353,0.7262476821105459,0.6346565677633341,0.5857637227299926,0.5913597451744261,0.6864950958876873,0.9315192070577382,0.6678139699023231,0.660922248586077,0.706853020483389,0.6310435567304233,0.7593041456025561,0.9122643189303331,0.6669298389341942,0.7109868850147885,0.7058512433366035,0.596818773072825,0.7651603866834117,0.962028146798881,0.7966191145110176,0.7666161602555016,0.6006432828645893,0.4704350226103071,0.5787921572881568,0.9752455003063173,0.9218563679779581,0.8004682894240457,0.41198141250633696,0.3811166902297981,0.2655852205439488,0.9726165566815821,0.8260691960160619,0.866240027827018,0.8052067959355107,0.7966379729626658,0.8894290213736077,0.9491067916231976,0.7613844112882715,0.6929590565374089,0.5243734771291659,0.6350791638777414,0.7395208056997132,0.955380582741634,0.7854379377987969,0.4831258096250178,0.31178468233280493,0.46446544158769026,0.4680922814543873,0.940602012183958,0.7292135884600057,0.5486578192376032,0.34109659219265154,0.3038113094801975,0.29931054535914076,0.9849310038773916,0.9451803289679609,0.8899139696437238,0.7811642723005381,0.8636811429075228,0.8895237853358057,0.960685430031715,0.9117395411553733,0.6502158463227296,0.44179759411890485,0.6088482715869671,0.5803656642754764,0.9207364606819013,0.766426658174602,0.6450859592700582,0.3713544527062832,0.3665630426122242,0.27612070287102336,0.9464681810330114,0.9404527792313943,0.8112219359898145,0.6495071825559228,0.737754837213666,0.751720905309328,0.9033721826952662,0.8179564589464076,0.7304014008416552,0.28216607314050146,0.394951256625548,0.2329436879135822,0.9742205486656094,0.901416753820889,0.8145844391914535,0.21788012302482543,0.3865494025852734,0.18760548097019344
yen,rest2_vs_type2,0,Rest,Rest2,10,0,564.28634,282143,284643,980.340798234409,228.8839380419541,41.81950214738123,32.40832786066717,16.383559252652127,16.389227172864466,1126.7280676094208,272.2034185202227,40.32426805719906,35.02698951484798,21.949617472466358,16.41228588674182,399.5314635013653,113.85539186456627,35.42005713538271,27.117444477315555,18.69400216660538,14.173797568788805,286.4432319021765,73.2075435485748,36.549996912653285,29.606835185746466,15.103462374064875,12.735786306835324,272.30129449242276,70.01481319626497,35.36177521809001,35.45247902889836,16.89543568419677,13.708057347241029,304.0136405222158,81.3940761475263,29.1725514001112,41.51901229177619,27.96880581329355,31.19031266535983,420.7411856467274,111.9292234904627,22.4812183895661,39.72097424529469,30.0226626116854,28.99186564677788,0.9930780819347454,0.9641549308908213,0.8898688095479672,0.8224346013844738,0.7347761723729768,0.7127392061628172,0.9733164724537909,0.9013107561334215,0.7874286109440671,0.734446295165108,0.5768543452604066,0.6710855422384641,0.9566145035165904,0.8804898995625096,0.796260278435323,0.8406507372137739,0.6759007382756999,0.7059368858669627,0.9562089618157171,0.8544997003426662,0.7429662973537388,0.8231306907518426,0.6842760404265572,0.6775746178712946,0.9660028577680101,0.8668594379705988,0.7249382343338562,0.7717891274241808,0.5160684585273146,0.544677733758061,0.9477029756555674,0.8151704830864631,0.6078681494797824,0.557989019846651,0.5270208144434533,0.47212775888566516,0.9478062207327801,0.7930313793711766,0.5626441302383776,0.5915983421316776,0.497615474776998,0.6241398765863523,0.9349898387666881,0.7812062679634403,0.6228988338341804,0.6695404412501655,0.6089058550847967,0.669917164939088,0.9384209374014066,0.7782500325321912,0.6303940863310917,0.7497493650972181,0.675653635125676,0.7079215072578715,0.9701591395465198,0.871531914604309,0.7412330929672313,0.8333608872361814,0.5960122131491328,0.5944805348928532,0.9730160775119593,0.9032932119503371,0.7717453943756132,0.7551333498668604,0.6548878339411817,0.5295376398180729,0.9829051235386892,0.9353038750608177,0.9065411694588349,0.8223195048258212,0.7443619223540081,0.8448154027177182,0.966745172050779,0.8377280378592196,0.745729700017582,0.6426230353425927,0.574011007874873,0.7396209142415392,0.9491851044636932,0.748107129614046,0.6082117918829677,0.5877154740325541,0.4119176721758655,0.5635108696104287,0.8836617380378424,0.6157873418447033,0.2963783769650711,0.40536619994942036,0.32682790846926696,0.5379914180515446,0.9918339440456451,0.941901958766497,0.9178375901017974,0.8751614902384547,0.8760106345654991,0.9040833107307702,0.9677649355318453,0.8303835698639387,0.7417513535944587,0.6857475498222779,0.5990027559369409,0.6514902711032757,0.8849043350527691,0.6254640700975471,0.3858226678605844,0.48821867058279966,0.45814602428350815,0.5184879831431218,0.967133786443624,0.8885532015829303,0.808780869228739,0.7898770412824073,0.6793818912890789,0.762960210458716,0.8885932526879917,0.6558222170557496,0.4778382171217796,0.5643485281865618,0.5383980711518277,0.48205238393911265,0.95573310106361,0.8518528823640923,0.6968825855333014,0.7175056885750151,0.5736506136921093,0.2971869250866982
yen,rest2_vs_type2,0,Rest,Rest2,11,0,569.29445,284647,287147,1013.4922465876035,407.94888550914897,54.1652800441896,27.60796198045115,23.3245019981613,18.241024695602484,1337.7856342003795,494.68149174543044,70.17136446244118,24.85673643175514,18.929957463144415,22.332220561780236,371.82818339391247,189.38392349037593,37.59200243129888,22.29786030994188,19.435629512591255,15.251359298632527,253.59050787749612,152.7691227790896,33.82678152683362,25.597897436500226,19.471399185260275,14.593797483875491,250.98147145816677,145.55966889022454,33.7051483527327,25.6659413571173,19.470185158005215,15.753501300152534,328.0868139000007,155.90716210157242,30.871940131470886,32.69473227528142,32.210331989683986,35.40778079166289,520.2862366359572,198.30063281719504,28.808423405781745,18.682545244610846,31.244809744901854,41.48614082994035,0.9903368440427077,0.9772796357713356,0.8978978769593077,0.6989762526746819,0.49153666106266336,0.41595470539549223,0.9501116515784886,0.9449735994305268,0.7730984749433805,0.7611122182718685,0.5193553980434443,0.5748036526273934,0.9650291992844626,0.9225738809428086,0.7855471701232817,0.7200362739915637,0.5031551839793655,0.46092618680480485,0.9580998670512079,0.8709752532562212,0.8201993376945577,0.7039688725097057,0.5494069910838014,0.45519291581864896,0.9702828006622118,0.9299419856260787,0.7677089212955114,0.6229767297604244,0.3793447106780974,0.3415551002858469,0.960617865314593,0.9244394035903069,0.77523428716811,0.47772080415002816,0.3581828652712382,0.30897361972172316,0.9283237080421655,0.9085505278817702,0.5937811144714953,0.6057928827648621,0.42830584997714205,0.48047727574697224,0.9419397606913879,0.8735865708635888,0.6171461974915662,0.5679646518314165,0.4916896628430356,0.5423602048023006,0.9373760966445867,0.8280324844398641,0.690602302151485,0.6572398313232879,0.5130831240579121,0.5267664132706122,0.9645435797212004,0.9249629050815517,0.7557659034070097,0.5759087678574932,0.356386389930733,0.3993394664619985,0.9641672001877134,0.9354137078615808,0.8077942879462887,0.5658866351809929,0.3972289888730592,0.4686544548245923,0.9699879626905391,0.9394696404014069,0.9078750817978269,0.7805042594235212,0.7028100119158343,0.7503233518205067,0.939095955553871,0.8547308949360699,0.793965615667406,0.6779918314362591,0.6311324931565262,0.6577918100748016,0.9023459095455161,0.8949486374589792,0.6199840915801037,0.5691407893836129,0.38795178089935134,0.4118828275764516,0.8810952703160688,0.8419000019556784,0.5935701459434982,0.3618316140924051,0.31315546085497115,0.360704764990028,0.9885393139092434,0.9572693024968705,0.905595044839296,0.8915754703502392,0.8901732708971972,0.8917285791486814,0.9597629039939749,0.9433531423235656,0.6980561055721168,0.7595904512362325,0.48229245819868743,0.5026247864833657,0.9318787903912118,0.8655975451614976,0.6289009982520305,0.33556565379754805,0.3340370838311818,0.4291755098756161,0.9752444702330793,0.9267775447492801,0.8197320951778112,0.8223934316893609,0.5756696647137515,0.6443969454082568,0.9543623057270345,0.8702279639143681,0.7211042142213757,0.3678140451755865,0.3552348752997535,0.39073698999202017,0.98323525282778,0.9494076285982425,0.8456537621613499,0.4532575723323943,0.28591731764195405,0.2907975401308821
yen,rest2_vs_type2,0,Rest,Rest2,12,0,574.2956509999999,287148,289648,652.1285146567703,219.49900420913167,37.43849989364666,29.4118299165839,20.548444750859723,22.64309869266449,892.9759618028244,296.2681501252965,37.377089611704896,27.60401363196418,19.07178598925985,19.30308625076201,223.08809366443091,87.84602965406093,29.209321811119157,20.582138529433607,16.593413760589648,18.116858778560058,155.06541166469395,65.27807496484205,26.856811607317145,24.394573743670986,16.127893706074737,16.916878515155652,170.89275560948087,70.91350705433365,27.754620364406247,26.449215368808456,16.15015860979568,18.624902631407014,225.7601785887944,89.39769856673296,21.347189829252848,26.072642024020166,17.177217493983004,30.948446654979755,403.87753843699954,137.47876826801496,24.801708745010327,25.74723860533155,18.921291016756427,21.32068360531074,0.9880553663351436,0.9794264082211516,0.9104597033044994,0.8153828570205567,0.6729603333403553,0.7039336454449256,0.9686251551405581,0.8749546106708662,0.8353265891340108,0.7526630047641751,0.6474119100855634,0.6876115924570362,0.8556729592950533,0.8053592501269069,0.7769156620899014,0.8175960292123101,0.7032919369351329,0.6969838636057167,0.8105069314165446,0.7693597627491751,0.7559155018776961,0.8196735334728957,0.7185052459444281,0.7336063294324209,0.9011914987310781,0.8809243204702815,0.7019390270366646,0.7284251528779851,0.6119137990426126,0.5980734238062156,0.982130358273473,0.9420781160630298,0.72114329750311,0.636247800197804,0.614704471427452,0.5336003950771719,0.9346865664146479,0.800437776833909,0.7315072258353814,0.7328131881575933,0.6015267685697692,0.7384842547816707,0.8260219127550016,0.7426627527252172,0.6563002639820488,0.7835154722795366,0.6730193938800174,0.773854754475615,0.7929940793787997,0.7228761177740618,0.670984930150616,0.8224619304074207,0.7454052823539854,0.786963457609483,0.9103551428660129,0.8777457888346668,0.7210567587684861,0.7856864471870147,0.6698170957167399,0.7469047760401265,0.9896165503861925,0.9617417230282785,0.7975000473308184,0.7677575702928559,0.7331559845252714,0.5862147277527503,0.9286818490223315,0.8884606695544938,0.8914018944540756,0.8807865745207458,0.7757176810146676,0.8876684307768639,0.8767278560653775,0.7875175080766862,0.7334030084663166,0.7734555717151456,0.6850705803957352,0.8371593631961658,0.9081310044518457,0.8013634124654836,0.5745864285278062,0.602937998880079,0.5425848327549396,0.6974645435940355,0.9341134624819275,0.7805627010454117,0.5650216702460586,0.614924873020077,0.587782125214358,0.5652952089712662,0.9834180647367757,0.9596773776598686,0.905057899952028,0.920221658394947,0.8928624102838137,0.9299306179331668,0.9320999446721995,0.898843946686646,0.6909075903565106,0.7438440548039917,0.7171995041813757,0.77924743949316,0.8426866627294011,0.7643159636140526,0.6111722257346262,0.6291510308955941,0.6671731058617991,0.5679565490630974,0.9394767678378712,0.9153096498819489,0.8332403778960182,0.8632634868166772,0.8234106478140137,0.8400918534631707,0.8185959703270481,0.760824471594606,0.7060206879339891,0.6447179234756639,0.6897498779992831,0.5671500039494772,0.935208500564245,0.9115395727171756,0.8873353399759033,0.716373219885447,0.5698916152351324,0.411625277108925
yen,rest2_vs_type2,0,Rest,Rest2,13,0,579.298539,289649,292149,590.8830774289532,207.18195005243706,37.09754704975644,19.526443819942237,21.406221195019416,24.074482922721504,812.8612749259466,245.1956487172802,37.46863079681194,17.23757061333508,19.920508906698927,19.912628706759207,216.44836735864655,100.42329373459944,26.525218130795583,19.530413586527505,18.651496981274285,20.01654779065478,124.91739885094228,77.39660543548605,24.88564712639059,20.100074083973322,19.109611660174902,18.906832098490604,112.72043176267977,71.96771900294978,26.749039945223938,20.033006226550086,20.210384538430148,19.112275032335734,161.3716655945386,87.38675494952206,22.88806151382707,20.596381006727157,19.632131684678,18.770734100347912,309.0038316046336,104.84648554967717,25.61919644247546,14.161145690037303,20.537536905951182,18.569617084965245,0.9862906518052658,0.9775748909177842,0.8805300186533639,0.7024571956906932,0.7273345995965372,0.7370764573778558,0.9724504435282778,0.9030821446770794,0.7924921814863923,0.8092823271919025,0.606856554595871,0.7331036908412609,0.9216243620121013,0.8313666116353885,0.7405911947055144,0.8338440321639606,0.6493424063661255,0.786347307071324,0.8780691988471324,0.7602512882993421,0.7628677117501612,0.783271582993048,0.6673007163644403,0.767334487521497,0.9283319258542589,0.8086372849580363,0.7045764423839842,0.6682958533352014,0.6062641086127523,0.7729140272434325,0.9512271486997129,0.9155091350824007,0.7083391338977645,0.5742794799367826,0.5810912799022163,0.7227446404716894,0.9512939174633489,0.8507063333969177,0.6645062297265485,0.7258425935414967,0.6334110690406587,0.7677109575153437,0.8964322336613705,0.7907289445622009,0.6541592285077018,0.7753657407542808,0.7136071600023135,0.8179876951201821,0.8756233305134762,0.7524678331483132,0.7097045746373365,0.7913469211652602,0.7782995665301111,0.8457788003536834,0.9299030509634606,0.8119234312930671,0.7327307022066172,0.7924260553314403,0.8075961579013338,0.834845702304895,0.9598167132191927,0.9395982602161309,0.8058508141033769,0.721435421697147,0.7955376846547675,0.8604066525508689,0.9802866015848695,0.9046404851821475,0.928312385166349,0.8975099278506146,0.8633661500361869,0.900406480014577,0.9367678599297347,0.763346761720698,0.8275865812911956,0.7440924136320165,0.7247471981673131,0.8415860142743514,0.9623746397070517,0.7655684463872936,0.6805116626713172,0.6508032961939296,0.6894299710285635,0.8237166725215127,0.9494340273965785,0.8271562792240983,0.6204818578541013,0.6965006867541149,0.6909194787042311,0.7590138844862158,0.9727939166215044,0.9277158431401564,0.9093877027713843,0.9082879038809433,0.8725334387399284,0.9301527614277016,0.9717147174615488,0.8920035426974093,0.7316260770105643,0.7409322224603019,0.7807955364973138,0.8929458182153537,0.9271524306874938,0.8183999126227598,0.6522296531123514,0.671667054885356,0.7383312208021703,0.8007604888257231,0.972911789182988,0.925076794205164,0.8102175024280431,0.8233304338972989,0.8101507286367315,0.9062075157002502,0.9286054500355854,0.8012263818408062,0.7476809585574136,0.6599528138993558,0.7503126483197706,0.8608046270060562,0.9711336748211704,0.8914364149584124,0.8591028012834864,0.8139154790347557,0.8902909368575329,0.8839021990986262
yen,rest2_vs_type2,0,Rest,Rest2,14,0,584.3201899999999,292160,294660,626.6387224027161,191.43584802034204,21.312883148508558,19.958262564252006,19.795988401883047,18.733457868856217,796.9897714905642,235.22577102679736,18.18565010371137,17.892180817107857,15.584501751885462,12.897947760775027,220.52064977053257,82.9576948356251,20.139916211152435,18.999456452575366,16.0006163344583,15.420112576531952,127.68302735097197,56.36112137251691,22.829368689871597,23.28020114297098,15.232409077988304,13.71363218365588,131.39917153476668,62.74192655019322,27.423465345508518,23.587570106630057,15.997582205544866,13.99339634090149,168.09905492865005,59.6797962819306,19.97722842310778,19.397744349086267,23.45787399438237,18.29810648746721,303.8463467219554,84.99522581112066,15.858214124146388,16.334973759213778,19.63063327172679,18.47254605295698,0.9917227286773772,0.9615682929478352,0.9000671610414249,0.641446055523156,0.7064318261684428,0.6646400270902926,0.9798381625405767,0.905408480203514,0.8525170556471044,0.6754942377240294,0.663976225748094,0.7185765167238976,0.9474039112256735,0.8492515707101187,0.8449311951775963,0.670927024597005,0.6821438993115232,0.7021956110637793,0.9444507618351197,0.7866109423884786,0.803144793737073,0.6104149048934541,0.6826508764144817,0.6819372490357619,0.9410694981972828,0.8278853040516239,0.7276847672166278,0.48223564702665545,0.5202420481508839,0.5936822865849316,0.9543776955815639,0.8789625846802585,0.7226480631789334,0.5222226952737656,0.48213619240977684,0.5205533540592798,0.9705423490436562,0.8244146642268152,0.7436382526851771,0.5406429631834231,0.5915381009022835,0.7471550053033428,0.9316788490327973,0.7716988558777207,0.6760450604379457,0.6252034616497523,0.6745521414494744,0.7521262456691095,0.931469011787254,0.7502671000742176,0.7044332819083742,0.7116700848053029,0.6963237239018768,0.7612944479808411,0.9325487827206583,0.8318789835688565,0.7006083981786555,0.6778598247598185,0.6848495221459064,0.7016912731957867,0.9609145293950939,0.9352030318602942,0.8227345375087858,0.7383941891571916,0.6757669746407499,0.5866161007455226,0.9821050241579377,0.9072005176359341,0.8641990531409375,0.8415554127930858,0.8088168279721293,0.8658106261373386,0.9587654984475487,0.7698750930873979,0.7314157979948519,0.6674910708917937,0.6841521135879357,0.8004199924624394,0.9746000192260288,0.7580751262842366,0.705410793388322,0.4603126901694097,0.483973134473248,0.6853973673319957,0.9599459964040137,0.734580830156149,0.5782801193409285,0.5088640014340641,0.46550178733008646,0.5640701246478034,0.9810770093278917,0.9227532703562562,0.916703213894898,0.874035881173471,0.9091361040168996,0.9137678778401148,0.9789112258621872,0.8526508050839363,0.7937875650315938,0.6505263166580887,0.648811502187031,0.7604161346676853,0.9208930119726325,0.7524277967486315,0.5727736446373445,0.5822045925738001,0.5383628415874611,0.5701279590345064,0.962127416925259,0.912575078994251,0.8856890385003588,0.7813307965084647,0.7317949880924803,0.8024593825202275,0.8952158973763025,0.7960979632919318,0.6643304322254894,0.6329003525331272,0.5297809870922696,0.5706738724170601,0.9533823786961255,0.8765549463846394,0.7874304852222103,0.6463203596520379,0.5697765855474569,0.4752172195347921
yen,rest2_vs_type2,0,Rest,Rest2,15,0,589.331828,294666,297166,384.6668525685935,128.3739563308892,17.94565794458631,19.488270093790682,22.100913783491627,20.15083566828396,462.2092720347276,144.2778106131321,18.105059824394647,18.04449052599711,19.71558838761848,18.831391863563752,158.35122651921503,69.59152621438643,15.097083401317699,17.560177887126127,25.135528128410787,28.409506604488634,114.4327841653706,64.14929344519496,14.167553025642961,16.95925938170361,24.22060258553306,20.23730778365492,115.75784880586224,64.25987617168066,18.942228201609783,16.346798056222458,22.11629972256867,19.883505807950026,159.7056466541677,67.50998236813778,14.117936928571345,18.387581325474958,33.16182313391514,47.15208995150402,208.32895462817856,74.55020723336256,17.251148603166094,22.12605246069857,35.58235511306601,45.49878584183335,0.9652819081712539,0.9686876161920968,0.8864025439807589,0.8279662087934879,0.651622927140546,0.7239785706217822,0.8476288309961681,0.9070788462937672,0.868975012426296,0.7055595855309208,0.5292924319252628,0.6755706091441358,0.8117025577291499,0.8623313987914726,0.8582995898915493,0.6851922738159022,0.6803584431174794,0.7478051772625075,0.8750241129185218,0.8366397880235071,0.7997325302769394,0.6961655190999432,0.6825123042283783,0.7573719435560485,0.8413696068346078,0.8722821220863944,0.7343533320342257,0.5581546798748371,0.5021329898837935,0.5921805149188689,0.9614951154645928,0.9299442087022451,0.7593125252299596,0.6047525087723477,0.3008078880419861,0.30321676762199795,0.7974333533320929,0.8675071671459994,0.7363612929609324,0.6879736714979895,0.4800192496039674,0.6028740155454462,0.7462486939049731,0.8214527641511046,0.6978327855562482,0.7022480186779058,0.6617989606503238,0.7214096742457005,0.8033185188212402,0.8001786599141385,0.7053668824593469,0.7403629610067874,0.7690767214960375,0.7884734281227398,0.8723094527804457,0.847394172397526,0.782234629560801,0.6236713310071541,0.6014746559218993,0.656250823295928,0.962714805156731,0.9306658505786282,0.823457172820117,0.6314317898243503,0.41215369522833034,0.3790901189911827,0.9274978137828217,0.8997620953675447,0.8519364855660564,0.803651233000268,0.6554643588260725,0.6493906029501545,0.8411037586203225,0.8200713694191369,0.7215513770909221,0.6885542297478268,0.5697176651155311,0.6677522991798864,0.8174428215328025,0.9131506529576369,0.6166334961758166,0.5233734457387228,0.37470310050838135,0.5196699334397052,0.8197225196348045,0.9058425387865723,0.6223798454520149,0.48976903876294925,0.33057833505951983,0.31650511899187034,0.9308355562858384,0.9517536307202025,0.9004238957104358,0.8625221438841315,0.8582618973826085,0.891191083749796,0.8438754925316153,0.9335683659052492,0.7347380357809469,0.5800185820675905,0.5403888073427312,0.6520633518520226,0.78593221725425,0.8399875000227948,0.6878280795776553,0.5476825314206337,0.37606218522657325,0.3293831378002882,0.8654319770849659,0.8986556404455963,0.8026995796097628,0.6535876923056693,0.678901420565903,0.7808023120068007,0.8494233675570629,0.8085450811372927,0.7597109743166652,0.5582377297785942,0.4011983242441815,0.35927108312087347,0.8927309756520342,0.9228287187800642,0.8296653191019555,0.3917788635684109,0.22180842575161025,0.2898055343174064
yen,rest2_vs_type2,0,Rest,Rest2,16,0,594.3324719999999,297166,299666,394.64152671848717,64.81155098471126,31.172797474179117,24.819966993275578,17.58047333276522,15.87737544988675,487.9551833521895,79.55573723389507,29.17342148051363,21.848809834283465,18.275856665562834,12.166161585738397,163.47675474623176,30.453443302186546,30.691082640400435,16.847752721925765,18.978118057859426,15.65446760855034,102.05218049582341,25.07282712841239,34.068346404915935,21.081555416706173,17.141004928369856,12.18800907802463,104.62314958285383,28.117719712651137,32.71570997720047,26.182314296598843,16.774770350166836,12.891065431024506,133.03267760578598,27.970371717154165,31.36188937238426,34.06929425077503,28.89867303038652,28.877399596769642,215.08716534161238,44.01516143186562,24.67475450035274,22.75509604512842,24.283775848771775,29.10636341860472,0.9842443646927425,0.8784789724098883,0.8273893046179532,0.7529985364462249,0.6668465958435847,0.6352252181755913,0.9611793436777979,0.7757194633623072,0.8057751162846241,0.7368422056297421,0.6525539873470411,0.6998926674567932,0.9513273316496477,0.8515100968211816,0.844636970209278,0.7708617250814483,0.7491310982001261,0.6979166296909433,0.9305548741706775,0.7450948715561498,0.8534279901131978,0.7535883672507856,0.6591717743932317,0.6478064756728538,0.9343244995409371,0.67770547000768,0.7543696496709358,0.5095851332239327,0.6163941374958256,0.4722373426033511,0.9093393814009234,0.6298223188206045,0.5703740434927698,0.44854485301979924,0.39921225906303776,0.34371958163748334,0.9111960336191786,0.5696721333787566,0.6129040908722689,0.6418443093514338,0.6170462809238245,0.6917620749886418,0.9201452158788782,0.710618172316781,0.6564640075418238,0.7418086201960292,0.7089359245405102,0.7600761392321433,0.9316506411197061,0.7081634990490284,0.7373804478869291,0.8413228673335723,0.7457216035353336,0.7853744592125341,0.9586093034153939,0.7734080619266238,0.7809515612778644,0.7336697492985368,0.7300975694629614,0.5885136019727659,0.9578978193767179,0.8414086255850263,0.7999430086856574,0.6623525985100598,0.48771212663535246,0.47247229539609603,0.961004570630768,0.8429494771290824,0.9025266003490294,0.7859556849064039,0.8046253447242678,0.8169408224326417,0.8974218177221202,0.6032494436784179,0.765037723664158,0.6658430050707091,0.6178674812141417,0.7061414181366188,0.8702331485408895,0.46044726437957373,0.7055259630311441,0.48888687435357087,0.5043983591427016,0.46461624965479925,0.7939010678005453,0.3660696715769953,0.4695415379607904,0.42730487190001903,0.4515784668760183,0.4278202451936524,0.9738153056357284,0.8689218830424903,0.928519506587252,0.9029641223637735,0.8489347688689038,0.8784059822297956,0.9354292631273342,0.6726654259228548,0.8335418114315974,0.6390176226906304,0.6597716879182205,0.5833664586078664,0.860400922244609,0.5185602243780555,0.5300674088696665,0.508929591534402,0.4706320667417785,0.40673650670679373,0.9661050634132001,0.7708954360671759,0.866396095424949,0.768100235906929,0.7677177619234324,0.7192467450146656,0.9188848397290778,0.6141193079275644,0.6020996022704829,0.6293595138844899,0.4532617288467452,0.40336455594899817,0.963561590334597,0.8022442507260955,0.7340631951381634,0.641788943109443,0.40123196115969184,0.3266275862170176
yen,rest2_vs_type2,0,Rest,Rest2,17,0,599.363304,299682,302182,397.0411840820327,117.20283680705435,24.10203533477788,23.01998282233443,16.447180172709498,14.866272961332767,398.76881499780245,131.45642741450914,19.694478184252755,19.345369987820156,12.250993077309966,12.722254038358573,260.33750294809295,68.26388538387944,21.57327960920772,17.709852463376343,16.479775483423502,16.514833482403898,115.32967703500344,56.336121487815156,19.003140803908636,18.58434144275689,14.15732838578438,12.517506369545004,86.34747067283536,57.87827383824763,20.262261640012767,19.05954380217976,15.863367520145498,12.705062220356233,85.94190376744987,52.689140632790775,17.22562963896173,21.78010743845828,22.800615444213772,29.625121873531906,144.20623783937936,60.923648436853874,12.40563613424674,20.20720321117968,30.63373872977155,30.384874554874767,0.9731813925781733,0.9563920606892712,0.8562801597656907,0.8155221387264765,0.7328895867754348,0.8032653001002299,0.940547707002913,0.887373396877663,0.86124412960469,0.8391345066988458,0.7860085644525572,0.7814894119848257,0.924837546342161,0.8730072175949803,0.8239504143285131,0.8439863308132974,0.7835257642303188,0.7656390300933236,0.7858272122792749,0.8865629682094146,0.7773412068176638,0.8261695363272973,0.7238398523260796,0.7425629777301755,0.6569129626157616,0.836255703942335,0.8188948758147887,0.6875919846511547,0.5552816922865543,0.4659925788229399,0.45495258877745837,0.7615874861484079,0.6550036746608561,0.515723729376629,0.44678457002510485,0.35535819421768455,0.8597543483291297,0.7823313077472838,0.767767206413001,0.7774371944304131,0.5960561168597397,0.6946735333841457,0.888447151073127,0.8089918408660037,0.7391426292572439,0.7818399099672753,0.7145207737407558,0.7711620368622792,0.7997460096586595,0.8685165747577324,0.7776778406973098,0.8183939639529866,0.7773567907052935,0.790932331432461,0.7029956731531528,0.8853291133915713,0.8582432416714478,0.796192216138207,0.7018607024378313,0.5393199853897319,0.5656015238393768,0.8735717440441251,0.8313366215694004,0.6352897199258737,0.5307186131123907,0.4327344596003246,0.941296793253905,0.9291398795107335,0.9130090428590435,0.9262070075379291,0.8464554842285652,0.8680581399177487,0.7603405925131409,0.8505824121985925,0.7897041148513575,0.8026119389986626,0.6691926248857907,0.7740076928669616,0.583215843758126,0.7368538183071064,0.7549057078664061,0.6360904273826036,0.39378474899444765,0.4295424712641231,0.2865584864774411,0.5793022016800984,0.5570614748681377,0.5453630060882678,0.4543989871081126,0.3054941742183607,0.9214881709343389,0.9585112270408225,0.9041063092768791,0.9008969844276823,0.8625704215759138,0.8882825070619144,0.7574803657650202,0.8684853598468579,0.8192480076611265,0.7192699267612256,0.5636519283302032,0.537333290287507,0.39879947192153886,0.6558726482728359,0.5271178529633008,0.5671778880125188,0.4622532574250259,0.290332252129434,0.9157267491797523,0.930204817508469,0.8743913655457163,0.7920012096743292,0.7030603364106028,0.6936805958119642,0.5394541270266794,0.7520644633392812,0.5822226266179605,0.5882452487724593,0.49672157200003725,0.2810153756039597,0.7246605370591355,0.8523695373863202,0.7594250951123602,0.6382978811916835,0.40864225316214303,0.18066566963866823
yen,rest2_vs_type2,0,Rest,Rest2,18,0,604.377673,302189,304689,948.5076834046531,297.1073645940228,51.61216109553922,30.599582449460375,25.832728009615785,28.762640898735334,1486.1062332457604,396.7682812131763,55.42862679855345,29.497567408065457,29.887913794269938,37.57319744263191,381.58301137219297,120.65630982701228,39.455300608254426,31.087786065269285,36.352546441615885,52.845780402429874,262.12038124849056,90.1383564202707,31.178144636969265,22.45724345744984,27.021813379033247,29.503595557193673,259.68140768727824,96.77061367027497,34.16766426876222,23.757235680230554,31.623856770978218,37.264266630452795,346.49758822661113,111.81776437845362,50.435058123912114,46.66649209534773,119.95025970263704,152.96337483220697,608.5224771208514,195.53562098950079,34.37478710423537,60.496115300500335,226.68980366856894,246.5870328354765,0.9661857108310613,0.9612216831048803,0.843432393427468,0.7341827289625135,0.7593346633151201,0.7814451040596931,0.9349759562966161,0.9072238473230909,0.7460719848633451,0.7536156797864854,0.5982410351851742,0.6912721799492252,0.9099772396603892,0.9005912860701794,0.7444911234282567,0.8133965854303659,0.7690099375375565,0.8609744850443487,0.8905786488529289,0.8774287739868623,0.7010889802912083,0.7531234172243213,0.7748669013155114,0.8213865139803238,0.9209161973078634,0.8341120631415276,0.556162419562523,0.42714758229167177,0.476475967598471,0.6077961580841812,0.9301900014784631,0.8710717577517879,0.45762722756667207,0.3491567349707396,0.29929378459174966,0.2762883339059581,0.9012675079514928,0.822220297787196,0.5807502618809363,0.4817441809348632,0.5031324368626545,0.5905639198621865,0.9027047791094914,0.8148564400678793,0.6311110533538773,0.5975000575228853,0.7113236996952165,0.7879704771725317,0.9016989243522863,0.813074129585573,0.739772422788106,0.7907521515354308,0.7973484934312622,0.8475067714582762,0.9362644373846734,0.8309550285566027,0.7277461609039941,0.6168971650780207,0.6132358260789892,0.7204029867287937,0.9206072608470012,0.9194796138460937,0.5589232974497857,0.37434117054460186,0.33467281344385025,0.3206959206198666,0.9686047638228654,0.9289000259778398,0.793161572297508,0.8129800152750164,0.6176688218661436,0.7581354060524872,0.9259382663310486,0.8588244548398036,0.6240591006299813,0.5583246780550815,0.5571340215982303,0.6727746436829563,0.9196892720954274,0.7461150682277073,0.45518443968250677,0.2580268635768786,0.4121250694476026,0.4817069046079547,0.8928801068185855,0.7309835200753098,0.3003718783551853,0.30647707222838055,0.25915808897119413,0.31003225523018396,0.9790267472418946,0.9668011031636765,0.8731657122296932,0.7900354760361311,0.875898468078258,0.9187106572021996,0.9587485052372435,0.855434209660375,0.5331401513459268,0.3478543166780938,0.5306524520252575,0.6527595901310373,0.9278605153955578,0.7253762270856667,0.37057670037407453,0.342559125253386,0.34466685226883553,0.3074341856920838,0.9679974888116426,0.9264782912742886,0.7217134773382163,0.6637121428629226,0.674546272085438,0.7792312654136847,0.9210415970607516,0.7505932073379115,0.47353704463209895,0.3303824115765372,0.387569251776296,0.3228511219890929,0.9402755278936447,0.7990634271104886,0.4301445098389685,0.23207504156086436,0.46584342209562274,0.369163870222784
yen,rest2_vs_type2,0,Rest,Rest2,19,0,609.386932,304693,307193,1138.7908941453209,396.4739969228228,48.61275627060311,25.32398448235101,26.047052218893235,27.05672676310958,1511.368375933251,511.5491296835046,40.57891793592366,24.610339392177423,26.29868126695459,23.255508270182478,370.5271467929482,163.43371762235085,34.226719776809766,26.590192845318676,22.692731537451564,21.28777871466842,304.8878341790127,160.6202634638923,38.7977728899289,27.605587993034742,21.82572236081443,18.839423477920885,312.104448698377,169.91165674010168,39.0369451254884,24.40933510556432,24.94305684182641,24.430673093552087,443.44696967157097,214.18058516946687,38.072826007603396,25.088488959243207,56.2403603459804,66.23532173823347,696.3135643173666,238.30998625950858,31.52642132666642,21.262503384335115,46.6283808234077,67.07127896279765,0.9856687939774155,0.9682812638041949,0.9013191669642918,0.8283891028091555,0.7888995074381484,0.7164366363263238,0.9331704201916935,0.8942154695215525,0.7417996892754066,0.8060494717988954,0.6628614897205507,0.6955950809716387,0.9465761247822947,0.8597125631253251,0.6707279273040715,0.790271704500236,0.6840848199582582,0.7194425156369835,0.9400272225005949,0.7865920588402006,0.6938319341551984,0.789294108449545,0.6878546138108905,0.6714676832622677,0.9785989198689338,0.8473936741063901,0.7598182520153548,0.6856368185771091,0.5500692657971282,0.4413619697784902,0.9805863103714009,0.9142878457334749,0.7302400868018645,0.5091790571701529,0.359202812465374,0.23060935156536702,0.8894239344400109,0.8227068139311067,0.6341781419835133,0.7309356121185061,0.6949280775947804,0.6763325062386475,0.9052721128672981,0.8114771122128983,0.6102624509819435,0.6899559622048193,0.7520752788676651,0.7098503652176636,0.9078156907382371,0.7471977989152274,0.6894036119133029,0.7214258245678391,0.7480627595275613,0.7480736039349333,0.9608703729831181,0.8207119029710256,0.7367786644423868,0.720826961718579,0.6042620910723235,0.5992581771635909,0.984055599526051,0.9064571755839036,0.7038673003102213,0.5874746788207285,0.45168007250808745,0.3297650977722881,0.9570710480315948,0.8986557276497898,0.9030970028225662,0.9048144941407025,0.870236778655527,0.8179149281591659,0.9075024780313073,0.7801343654010567,0.7667278031134636,0.8105565266663917,0.6972482320543051,0.725597245590483,0.932238969605697,0.7765787309578148,0.7470321035138404,0.7190066831108908,0.48097614723495996,0.44511250684767034,0.8905474334411844,0.776824773249571,0.7142347304539222,0.5544650486880482,0.38958778377442826,0.30834017570186517,0.9781872173486491,0.950447003638937,0.9054920259191614,0.9165020912424495,0.8846392831634935,0.8900450027208449,0.966681491754405,0.9106637189815243,0.8182497501770302,0.7889584248054146,0.5973314039889638,0.5513311880997503,0.9242540008462781,0.7744130771120113,0.6456931912283893,0.48298148286879156,0.34032826337374017,0.3538833086655619,0.9636921289633329,0.939151344998323,0.8674075720887249,0.8480438246102924,0.721438768348655,0.7030131079011884,0.9253438560648558,0.7287410178397827,0.6263957150033652,0.4668863678023877,0.3190825560182058,0.317305577089481,0.9762290717854004,0.8498300168152231,0.757994252359426,0.42509790982471085,0.3138373390631277,0.2895131125997495
yen,rest2_vs_type2,0,Rest,Rest2,20,0,614.405442,307203,309703,688.9332129180874,309.26074121557394,48.604282406356724,24.94851933109209,22.91219936797665,16.86065036112342,972.6802619296668,384.70694525926837,54.68508591114986,27.955196078059842,17.36084709480946,13.955678269183935,202.02628334673392,120.08933838607892,29.7590253979321,23.391263017157627,16.35391738475057,16.05286619441123,128.2683363648836,99.93877755888379,26.502804382624653,23.513613663630455,14.763859176368719,14.357687541138406,146.80867846639956,105.52376936837159,27.91764197756108,24.02612578594413,17.41910950851371,15.597067702508019,215.21775904752505,114.88667748317896,30.02883972182323,35.283701299350355,25.74918888636913,24.98088110741375,463.67751096989565,148.11309252883973,37.79608440549259,23.561049048372134,20.567708642123055,30.783655294616775,0.9929015919851855,0.9801418689404722,0.9002196699109037,0.7884194314485697,0.5501293975791456,0.6113195842316983,0.9556884133680515,0.9060236908626187,0.7713660635091958,0.7886789762209815,0.5611983640888847,0.5928132931022045,0.9051424106379176,0.8771453770567591,0.858228864761527,0.7965063780767715,0.522729332829799,0.5831425968369293,0.878331845876292,0.8634887948953666,0.8396722350209128,0.7418263637409966,0.5225500134927339,0.5989046437507402,0.9112114119952509,0.8908593122229731,0.777924394307503,0.575719505754292,0.43433169839479835,0.46886829258019197,0.9566935643098079,0.9114388509724781,0.816870941102352,0.5769814362523492,0.38521478328132164,0.40141253603784466,0.9353396189715552,0.8449631875892051,0.6043572285226937,0.5888408412387657,0.5816417283801315,0.6788433959778241,0.8959087927991732,0.8258045042210012,0.7440294781245899,0.7062556379876392,0.699419219324058,0.7797397071903929,0.8827952077745546,0.8333840975092852,0.787798963293635,0.8070402349333882,0.7456206247446309,0.7973337808801892,0.9317468489021313,0.9038106968503989,0.8516705689426158,0.7623071939799957,0.6891310627524045,0.6822702204750901,0.9777037865973023,0.9423079077334662,0.9075517027699078,0.7489948446674195,0.5956207693548221,0.4998963249051078,0.948638009373422,0.9029779451720065,0.8673157245913086,0.8780412286234515,0.8376584142970487,0.8275181189135825,0.8915574178444259,0.8123905142613177,0.669127778494355,0.6796584180717,0.6967702727792103,0.7556731231388369,0.8727645968708444,0.8002974817736772,0.5646542200778513,0.49706753423749644,0.542781482751915,0.5849588389744176,0.883769713630409,0.7861529068970754,0.5396244833722681,0.43364579456434343,0.40303659589773827,0.3750882127908504,0.9765041864821212,0.9513458457813567,0.893104533889162,0.8858403031878329,0.872972618693154,0.9178770152663731,0.9287282587886178,0.8885516793432536,0.8020992898607716,0.6700384912602095,0.6628055195661282,0.6922018813496359,0.8822940277857682,0.7892757801384681,0.6983465762695669,0.5546376955719156,0.46403141395997183,0.4188870280576191,0.9584721608804591,0.9312838071007133,0.8849870983262168,0.8278549115717716,0.7556988166820614,0.7420377066781001,0.8883890972960895,0.8335829943756189,0.7511828441707956,0.6894499428774169,0.4856325571919232,0.4233408303406696,0.9608404420653756,0.9350341758488596,0.885375080077923,0.7196093214925819,0.4358880630588917,0.30125696193751944
yen,rest2_vs_type2,0,Rest,Rest2,21,0,619.435704,309718,312218,437.81718204241434,157.42296167613364,22.486864659950424,20.61394317870609,17.89258018126172,19.024843139727622,546.3597728427786,201.58891250536882,20.560569882374555,15.679419634430305,13.040853828355372,14.372640894056788,163.1084513319725,62.46089800894231,21.023458644541098,14.913144749344413,16.859046262678596,19.245983869678298,113.17643537249637,51.0189316459846,18.515917789186496,18.720527552135025,15.318523051247357,12.73269609748122,118.90594770398074,58.334213588020056,17.61875483671937,19.055224993784808,16.928568198804694,14.587545403897444,118.567249920371,55.79264562357374,15.551702227531603,18.544837606304398,32.61524118990965,39.61128688627846,219.40442322908476,98.87905079307652,12.049269783264648,17.38322792713832,33.486060110203134,45.412254797865884,0.9877265089621069,0.9574573856410755,0.8501110301683787,0.7930396473566735,0.5835421457712535,0.6572495946754382,0.9584732361692744,0.9189320849754283,0.7450051741525383,0.8437210908314005,0.5949539731485926,0.5659261782513558,0.9359522669875849,0.8250922352804788,0.7493383503197947,0.8632911615650559,0.6764783174245678,0.657660936465213,0.934379345617233,0.7820084169205419,0.773668516340529,0.8093821048206504,0.6854212058804696,0.6608834888908705,0.9877131324873792,0.7812506582142013,0.699585551513342,0.6940831075227544,0.40783874266119274,0.46193561073121014,0.9736554849357862,0.8850878236161932,0.611688348365236,0.5111811372452515,0.22506101147608298,0.30523706860304434,0.9206057168150457,0.858128208846223,0.617076841852046,0.6937951527536679,0.5911762280592046,0.6275429816565729,0.9006363900649728,0.7348551528428456,0.6236556005946285,0.7374716330137908,0.6464488320564723,0.7704083821672801,0.9131364127477751,0.7230080484901907,0.6526258623501325,0.7735341695784309,0.7329994088865482,0.7970202658285641,0.9754238903918377,0.7822537714484159,0.6867344109822786,0.7788215556288717,0.6017385018887093,0.5896089469111687,0.9855813875170313,0.9212388775090483,0.763793933191416,0.6258682888728833,0.2723360524861278,0.37592742721976324,0.979250879877745,0.916981896995282,0.8176470784259369,0.8805678812296306,0.8262588679079022,0.7576986350201506,0.9539319574012449,0.8430467701869861,0.7278650715446287,0.784598334094462,0.6914432677489865,0.6112933187909838,0.9531310018766531,0.8163203036487601,0.6191872346905238,0.6495980228659285,0.4775625631281765,0.4325983589872647,0.9140394269962745,0.8343757278229785,0.47783317978407575,0.5057136687374839,0.2524947774541797,0.3629962654126621,0.9805229355529729,0.9310049101083799,0.9199140379036665,0.9189435242053782,0.8541563606425766,0.8679712530943597,0.9455886935271773,0.8324373622406838,0.654095092369921,0.7083708624339707,0.5500021725155437,0.5306568842132307,0.9098805293420756,0.7576896328413649,0.5455852072640561,0.5577014068848402,0.20070190109713396,0.43853320538951157,0.9517197910820127,0.903734220105687,0.746225220506779,0.7699333573519882,0.7032958785985379,0.7147439632725276,0.9174019984698604,0.7841980184374766,0.6077053131180342,0.5979898629046901,0.21385004960414475,0.35911348914957375,0.9722444636228896,0.8935152768200192,0.6652810376266424,0.599231381709365,0.17201350925680312,0.23007898748098285
yen,rest2_vs_type2,0,Rest,Rest2,22,0,624.4500019999999,312225,314725,445.42344285926015,130.6194624887454,37.83379294874242,28.03805047795927,22.89879105429063,18.171010434099568,454.89855541148347,198.6625952511602,37.294473680920106,24.25772400216199,16.984163047361005,14.384200190082334,298.62540710307786,89.68591433248231,40.37268667367828,26.104171674928963,18.017586101722298,15.15091240113318,177.70246659352233,72.58056259980617,38.83526114501904,28.25238790930603,17.813817633163822,14.11876592413886,140.60115941898576,68.82133710187146,40.570938450970374,26.674863393305415,18.793371175336848,14.38244261926547,117.3471840547957,68.97991169259073,48.39585886844624,33.23274973328333,27.22747685398252,27.514544860813483,223.98420578706057,129.99454180231172,42.43413809200551,30.55941160626461,26.69791686845458,31.998131315299897,0.9278878517568767,0.8635967478827834,0.7368192654211583,0.7423444349315719,0.5838277550764006,0.5656027276126843,0.8757529531988543,0.767969591372853,0.7402901536173144,0.7858841865354432,0.5907462334500713,0.7274864361450359,0.8650315305036799,0.7611379559663151,0.8071225992084958,0.840148625194453,0.5831161886714991,0.7266153100512941,0.9128579042467431,0.758952518102511,0.7328315260916674,0.7711672976039756,0.6137504995219976,0.6713636533346957,0.9218098070963543,0.7095445435010572,0.6046964111848304,0.6263587780099531,0.4525588717115093,0.47736669015744465,0.4841832108572808,0.44692560905027934,0.4389568121350088,0.5363935360368579,0.3904906420166307,0.4280594188613797,0.6803288502479674,0.5130702762116316,0.345759792002652,0.4873763102162859,0.5741046632523882,0.6185064326651312,0.6773231935016844,0.5246985844708026,0.4817978320748438,0.6326330135046653,0.6472593230994677,0.6517019595704395,0.7921756910313414,0.5863476782349437,0.6580069599838356,0.7984297482385602,0.703950279909661,0.6957837263515045,0.952784307901405,0.7532262404094641,0.7887755601479943,0.7923564971935758,0.5943587300891373,0.5362587041498743,0.6681103220307204,0.684774632025525,0.7686701986794188,0.6962587076256653,0.49474326712865063,0.46226841965802773,0.9624857293248154,0.9226130427288035,0.8224374493306577,0.8459394718599161,0.8370767813768838,0.8465359725427319,0.9012758534394173,0.7668925274395185,0.4880821211415382,0.6315761303001046,0.6623159634866838,0.714173489572638,0.7334246405121464,0.5313781203974497,0.34642974139457505,0.45799251499234855,0.491726493858373,0.4962238801925306,0.2670129988109713,0.2595257162402085,0.18451428024770944,0.34527062418938714,0.5635139232183716,0.40625947553425773,0.9534383938699774,0.932850384959462,0.8061914603771843,0.8514824531357641,0.823397742497011,0.8924342148021865,0.7540336030218713,0.6836657076531738,0.5307994199819251,0.6448152536299705,0.5831179601022181,0.6017352534067921,0.2672083676407529,0.25111655421627926,0.28085412744965554,0.4496402784195446,0.5661808908873617,0.376341523893374,0.8803899397586356,0.8350473609302101,0.7593218479658611,0.806375388489621,0.7301952560607348,0.7188763682835153,0.35271432376021705,0.3175076422561118,0.46634592879253906,0.6146738882523596,0.5114739107820073,0.36387362354609504,0.6079397348522152,0.5993974514084505,0.7648748606867264,0.7310417472813586,0.36889323208097863,0.309309021382986
yen,rest2_vs_type2,0,Rest,Rest2,23,0,629.454495,314727,317227,1094.6042022622732,401.8681515156327,40.31183079536427,27.344788399387838,30.03229418916772,28.62740879173061,1401.6143149080362,470.68916690820976,41.7171881732353,23.572734652519056,21.158858465083544,23.34881172951067,494.48896719348755,194.56174347805867,36.918186482164614,26.983305695322258,25.188412975389692,20.06026625911556,285.2472276480579,129.37848429027574,29.0846809228791,29.144491295587862,19.00138237495948,19.68473782454174,278.5260113415908,125.57710284279963,29.76866421867882,23.971322398544554,18.57382340023078,21.026644458285645,343.9097001996495,125.47919308433981,30.639965907974773,25.66423992720298,26.607622064005092,32.36468781005217,560.8475102413856,202.91389261589887,33.1993836230496,21.66793220872189,23.29317410656201,35.17835468919419,0.9823091317495951,0.9376223329681681,0.8515343898537442,0.6761534252638259,0.7712433704661994,0.6024388335343449,0.9308752132602135,0.8559511902096937,0.8107365090837304,0.784576229686847,0.6968938591489874,0.6508259079172177,0.9621629068320271,0.815386420831812,0.8256969625138517,0.8094113820450637,0.6855941294780632,0.5861954855779862,0.973989746545441,0.8257156530216165,0.8322164093505442,0.8021425657844213,0.6852689994784237,0.6017082508464678,0.9541413342977522,0.8205536759566083,0.7466765595509088,0.578524570197841,0.5142647709110486,0.4954525096178698,0.8201652357030359,0.6152786855311879,0.5554323694284078,0.3966603093326757,0.6090407246481403,0.4889107257046286,0.8594002587718318,0.6817723663187932,0.606798453178293,0.6122537190280335,0.7054788677579018,0.5876292512270288,0.9145857762446689,0.66841071461802,0.6973276032608782,0.6915340085726157,0.7416673428597516,0.6954205339623422,0.9547631677555227,0.7436829596339468,0.8109675606314142,0.7090172672118003,0.7880640428042118,0.706761206362189,0.9742439181177338,0.8778860044032828,0.8429713265740064,0.6460157590481591,0.6733358814364706,0.5926967996999747,0.9009443175251265,0.7932305398082045,0.7796485170683105,0.6201989344007826,0.7087021313393285,0.5781799613108104,0.9696118582768367,0.9160055177094936,0.8474900314222804,0.902234964157644,0.8688113503037982,0.8143671820259077,0.9174938930491696,0.7900849595366612,0.6769791677408359,0.7296444097682601,0.7533152647634814,0.7420611756130793,0.8289891993915376,0.62232021647143,0.5439527516770486,0.5029427210421454,0.556472949453968,0.53640942415518,0.6159824048716943,0.36857373965370693,0.3307431300837399,0.38336483884951333,0.5104025088318345,0.5070797351470586,0.979189161002577,0.9291201835776015,0.8897756285884875,0.8999356923693116,0.8641716111485349,0.9261031966770397,0.9188716938131463,0.7297935649723682,0.6790181606133854,0.6537001907708299,0.597998898315141,0.6632785914864366,0.7249200700799746,0.4184401605397736,0.47316793074287106,0.4530167462936653,0.5056860414075284,0.5133341560036976,0.96946145214309,0.841880432330214,0.8440227856258685,0.7786032820688416,0.7324586226744729,0.7603002238155632,0.8119721543926711,0.5081821706692293,0.6417924469263029,0.5347165605321599,0.5151032795591404,0.5512449471809154,0.9067163825773719,0.8114138710296733,0.7890317271286253,0.5464161231035292,0.4719359770227728,0.4621485261778814
yen,rest2_vs_type2,0,Rest,Rest2,24,0,634.46794,317234,319734,1648.5893747590796,504.6682669471146,61.434071470461184,19.634559078711902,39.16078505376427,69.36038873981096,1938.3852003597854,601.2926198242892,82.26372055954307,18.686382332616933,38.742183197349846,46.76896649519772,856.2228938024034,274.65500608141406,29.7362252297969,18.958479323153952,39.041595092651576,58.57615149947104,480.24302637590176,181.88019947988897,26.89570169174124,23.569710053751745,34.55443926603894,53.02298921219823,384.4962773865467,168.186989011478,31.388031965454395,22.73440812714684,33.06217451758275,43.44855324171655,430.99701412688705,161.77939382556377,29.54359866602234,22.60042236843253,41.77156731041448,40.84904338815322,670.2333020295614,244.96473013098262,41.81566008719782,18.18994524221976,34.60108048080444,37.47806478586815,0.9900747305364893,0.9917257375362001,0.9453685080219539,0.8707531796079871,0.8108252456717852,0.7538077063123894,0.9756201246717667,0.9585331819751717,0.9025877122889826,0.8409659285700862,0.7700665152791546,0.7498433063792947,0.9681758298886205,0.882784329492414,0.7601051587636902,0.6751028402098792,0.5748982101957419,0.5521073035238181,0.9786948233983104,0.8688504819095959,0.8349735175629391,0.7403601133864782,0.6685847873607632,0.6855917824125036,0.9849662384787107,0.8891222454158574,0.8559288623339327,0.6664321990505033,0.5203884120235515,0.6629858998483464,0.9523094720387882,0.9464394699195016,0.8714006261123934,0.7366284746901366,0.6105316196866173,0.6277378117611965,0.9461279344850532,0.9316441763406328,0.8422881607420271,0.7603430297755406,0.8092491123829999,0.7270069416046735,0.9351938056524499,0.87120852085949,0.7825301780580927,0.6248310725366943,0.5840983077772111,0.6653276695991228,0.9612373998074702,0.8594326427351933,0.8304158781111468,0.6874715357954214,0.6661544157991122,0.777238490417215,0.9768077415580284,0.894506765752005,0.853628137379147,0.6952146457376992,0.6235512925840933,0.7350397623775936,0.9727530231440346,0.9612838262831863,0.9223660902358626,0.791239906030987,0.750867669630461,0.8782057751070127,0.9922748634463923,0.9078970871064045,0.8267346278584393,0.8483968229843484,0.7448970243737292,0.7776950923734745,0.9740778900456849,0.8752056622983461,0.8553172806430105,0.8245054982346096,0.8119568959344766,0.8485915596843336,0.9542902791516558,0.8649714770491586,0.8014362403785167,0.7022468139923923,0.7276558134649976,0.7526910405635211,0.8786477843174733,0.8831226453731154,0.8127395948795069,0.7052877260285799,0.7195287136879167,0.6252602260499385,0.9863909656223625,0.9703308003494285,0.9541663077815794,0.8969256078066866,0.8979461417114418,0.9154236675226194,0.9620782248921961,0.9546541527103423,0.8480929362369174,0.7665046775005828,0.7676918557067487,0.7585216384259119,0.8764290035657757,0.8932272985090299,0.836794239148038,0.6947091943243934,0.6426127073184948,0.6520934717048238,0.987257936927322,0.957101200642793,0.9172469272187029,0.8965071812940366,0.857985422023736,0.8775309051351048,0.9241201172100046,0.891971736293643,0.8820915841172056,0.8185237591424214,0.735326720489824,0.758687854079125,0.9593143401838566,0.9450269918593833,0.9213877892463055,0.8451283165135896,0.837584404956498,0.7378443102056824
yen,rest2_vs_type2,0,Rest,Rest2,25,0,639.488249,319744,322244,1749.6758775682285,1105.6400476692108,74.5231661413111,66.66756499711465,77.29583724632056,121.51884977500671,1944.8054398158101,1245.8239802920127,109.4627224070623,52.013707470839414,154.94708593938932,182.48966318989523,997.4961182347898,604.4171256544582,42.785319789343795,30.030544951389533,32.07528591864995,52.5002668530764,520.1930040939008,381.47708894701515,45.75673443054435,32.951842265745675,40.911494352336305,74.88667658618012,407.1431273352372,322.16730927680237,41.03137610281547,26.878007228479806,34.42729146482576,64.38557374254604,495.38139382270623,375.33301166605276,71.13889307635772,52.200437925271046,92.75442684835983,224.32853317354852,839.2223058136569,479.8808273450708,50.75198996861804,41.16678551572339,83.30905877734875,172.89635403317226,0.9601433489208205,0.9452005093900697,0.8344351953949282,0.5860598204326992,0.49485486630807063,0.2422907121036925,0.8948429413962247,0.8817663599308505,0.6975079369926755,0.5658338892821705,0.5390373158432828,0.4755755019626565,0.9370053657369048,0.9393735903042197,0.5045485889938617,0.294954785984395,0.19325434282869008,0.1181782406779149,0.8713246033178595,0.9408307915970652,0.544379694401395,0.38311573898342594,0.25875191282956383,0.19310451325799563,0.8240166021876085,0.8994785011710689,0.45055529472902733,0.32479195415577206,0.1730112446492078,0.23026817336088276,0.6832388022494739,0.7538895222122234,0.7277609095373408,0.44770922261285734,0.22912572650036486,0.229487506826532,0.7628210976991032,0.7218103727894347,0.44451195501123786,0.34707563734515023,0.42977980588654685,0.4599416930607293,0.879809023785938,0.8372429656134646,0.40909105626624864,0.17429121192644498,0.24465052729331535,0.2237403090049591,0.8972644090203447,0.8941786452385592,0.4943168890812634,0.24180096525986475,0.31596167841110273,0.24553227942750702,0.916134109886093,0.9304992964262067,0.4494812530479505,0.26399535566982746,0.19612567167452863,0.15477649511928673,0.8354969493909551,0.8895669545057592,0.779136371882725,0.4191363901664909,0.18203731200186118,0.2595404653687207,0.9335517400324237,0.911870678048129,0.6685453476932196,0.5729536432448882,0.3116990615418248,0.35470508511173987,0.7716526326713552,0.8181768581923862,0.5974167477477605,0.5678056965377433,0.39374600440287616,0.5146361924285495,0.6288964023953975,0.6884182923455082,0.36899005731941725,0.3878274169658967,0.2663917676226527,0.3593942370322124,0.4251009394143767,0.4653089199301864,0.43220709361285137,0.4210510192828825,0.23081841566912215,0.2937766550397839,0.9372040911844394,0.9635963053532801,0.9007266166396443,0.7870572690951299,0.8377740878081354,0.8030061467113316,0.8305501226816266,0.873912996091873,0.6715034110121337,0.5038537124966731,0.4983572868901919,0.4756787504221946,0.637515932489416,0.6163996736217099,0.4642594529865646,0.31244875673873673,0.2589209115830259,0.2933020149154904,0.9433133051272157,0.9454985196082131,0.8362566932548177,0.750949575093243,0.7112907664007257,0.7655222722790858,0.8031841583395112,0.7239611753163764,0.5723130443050948,0.28234597681634094,0.3145721527327172,0.2715166285822861,0.9215726279197988,0.8565845393501991,0.5941321001234681,0.2130086506552796,0.3117600670187681,0.28702381402320404
yen,rest2_vs_type2,0,Rest,Rest2,26,0,644.5165069999999,322258,324758,1619.7413765851597,582.604436738411,67.20136837423176,40.701876109696336,38.093077392255715,47.52564242622635,1647.6616503598782,566.5417144337924,70.79853087238952,36.698610193664756,30.46498536678798,25.36792485308467,874.7169681596715,396.2756036870518,42.0008209971529,19.875525580753855,15.145688174219853,17.623710742475364,373.06333830738606,157.727894906033,30.175117950752924,17.41604056533586,19.567034989840167,17.792192434149502,304.02182223915884,125.56530222938106,23.687286572654394,17.49275468389973,17.146480367329413,17.19625233230436,332.19848960549217,118.52169351513565,20.748046562960667,20.346815136102403,26.399471398294935,29.80438848622006,563.9038380857808,222.5345012597564,28.200049960121117,21.710755775992293,23.957378913349206,35.713061119418825,0.9744321944866167,0.9513935310076005,0.8229574623780117,0.6726065248239342,0.26386592194936653,0.37618170837510534,0.8628413294387552,0.856644856813592,0.5633124922272925,0.6160562595585439,0.3512670494675079,0.4259896555625119,0.9610225806929327,0.8757239088938472,0.48677673560702084,0.5078123975615757,0.3214454316234571,0.31044151037057327,0.9166221728027861,0.9196167939396372,0.52973674106732,0.5427665058737265,0.3710563305300079,0.37710888061059505,0.9148632646383227,0.9351823156584586,0.5351473916932434,0.5479428406509532,0.2610164167031082,0.34044080784768693,0.889374352030691,0.7808345872986475,0.5326997774579196,0.4859285730171382,0.3488762556418129,0.3380146546403917,0.7996617551232537,0.719751977302059,0.3409424529058219,0.44612299328707444,0.3495703347437632,0.3568640199709765,0.9190558655441512,0.7400265904360538,0.311275208882139,0.39488023855496085,0.30413951896697716,0.2924417430291432,0.9112102659606394,0.8289496243839027,0.4294603180176234,0.46818629659348854,0.3068513161996319,0.3637910966028317,0.9475276167418111,0.9503475236427354,0.5757573047553799,0.5019468795756367,0.24176655012748777,0.29759259309651914,0.9487852023146935,0.8991635196602614,0.7597623897395805,0.6025607503161892,0.30357924652961976,0.3178944793902365,0.888209818207028,0.9478732077171652,0.7942603553437179,0.8043068639215448,0.619776784105888,0.6109275093860348,0.7973327127439767,0.8326537505531961,0.6037178055552669,0.709659761574505,0.5587229627991992,0.6237784753776151,0.7576819776212882,0.7675952810244187,0.29616565706243636,0.555778354152099,0.3615013543150864,0.4726081161227756,0.7398605982850469,0.5591067645719983,0.19387257664871096,0.3782360400078719,0.31888163590614654,0.38212607492972833,0.955876950116438,0.9370002228902699,0.8733231201457394,0.8569877785141873,0.8721186474038074,0.8424145494345292,0.9128567918428404,0.8241390282585581,0.4538035228880098,0.604649198133,0.5513392171921935,0.5631572676777792,0.8584963875965671,0.5583553922984038,0.24902392373329504,0.38441042128882874,0.30027509238783956,0.3497890283640657,0.9678566168751374,0.9020549852232776,0.6309062825606468,0.7751656485510373,0.6942511440855174,0.7026612616257224,0.9023514342491262,0.6328369012081985,0.33211258880407507,0.49319950902658116,0.2911284837256202,0.4155853837243614,0.9691361303384788,0.867535181453971,0.5239371521937646,0.554815605170549,0.1490631090142186,0.3088084250530128
yen,rest2_vs_type2,0,Rest,Rest2,27,0,649.545287,324773,327273,1115.6710353148985,474.31253424331345,33.20111544418681,24.786576519535533,27.42211185980561,31.891932457281438,1173.2860693759987,511.97534545421746,46.03625459498157,20.256502809864095,24.29890618214803,22.212844326383546,545.0649476021514,276.7888416117564,18.63723979291846,12.042071845456231,20.514670683662263,17.83085299824446,249.7789022400645,153.9466701986041,16.618135300412,13.739472398956982,20.074095464028314,13.827394145498333,186.25065572490576,136.63701957060056,17.52415814280638,13.500813645699106,22.686288402585333,15.187248626172584,217.69579518165287,141.55016845580428,18.81389172187332,15.975442699349951,38.888913859751305,36.159964420931516,380.0287151457861,188.64130528600342,30.24921143966353,19.394989854497858,39.08480503489566,38.17552985502207,0.9911414741678337,0.9561664319581058,0.828038917976504,0.692920395453457,0.5595177339515611,0.3365531791049017,0.9701583778659878,0.8985838912221016,0.7062034416827665,0.5623735299418505,0.6266737681675612,0.5551084721309513,0.9472256746400487,0.8839393175787905,0.7345261843240908,0.4778415813435199,0.5889174412846012,0.44496004082266494,0.940275069222006,0.8722948049567012,0.7358902204678287,0.6201260656810802,0.5954598587707589,0.48601388438794996,0.9553498479615886,0.9464787631001388,0.7830666763343173,0.46184018184239034,0.48933247103155686,0.41809110454977483,0.9420402580236265,0.8792415089240954,0.7901023443508187,0.5363104715358252,0.33731310519147717,0.2122531653821422,0.9336518268926972,0.8210190527603675,0.4482246009006972,0.44782803441935803,0.5354094133170216,0.37596299795528126,0.9064503141203901,0.796319237644735,0.5510333562587226,0.5274896598262302,0.6104696646318618,0.40554628424808914,0.9136059250891831,0.814339539261645,0.6141114281423914,0.6620386375924411,0.661284003938265,0.3812980523526559,0.9498088729839643,0.9384281182167651,0.7876543402712741,0.6388971031860494,0.54516583741707,0.2957221864237906,0.9680328611784056,0.955728629263304,0.8756839785031241,0.6450040229209513,0.4186818210173181,0.3334233644049771,0.9835633063552289,0.9439665236249408,0.8475787233457692,0.7997742260821482,0.7825621993699864,0.6418477403433678,0.9454304663702885,0.8535080376758246,0.763511397340068,0.7094247217663971,0.6613905462022354,0.5879215326326932,0.9258077406645414,0.8218109724995208,0.6372616116810975,0.5332657226428209,0.5300835271879462,0.41733874196896265,0.8654283375367822,0.7186932600718159,0.40378230356875744,0.3504178333838862,0.4206832184823391,0.30898435752121695,0.9773511713375065,0.9532280061622345,0.9084188033450241,0.8487687651879366,0.8873600447058211,0.8775789531260362,0.9447914546586714,0.8453077737623356,0.746215484873801,0.6611166336772956,0.6533365889488983,0.5338134010318745,0.8477082030868553,0.7103724066144514,0.4774059805572618,0.45340892301094815,0.46050128923296285,0.336345984599104,0.9635244638600285,0.8938718428985821,0.8303025800541841,0.7731498864404804,0.7750217121869589,0.6628987212821583,0.8669457822751364,0.7436080992001705,0.5572448839546035,0.5796714864499881,0.3926444897431194,0.30651084415397417,0.9477269962381918,0.9237341977449737,0.7714461347659383,0.5350230763730978,0.27647097668655757,0.16464010341015198
yen,rest2_vs_type2,0,Rest,Rest2,28,0,654.560311,327280,329780,1035.6378509991277,585.2486912805495,45.32208736807577,24.111876859067422,19.970110387996517,27.437597958898472,1142.1349941539656,615.3317651571273,56.544694184196985,14.03499230677068,15.501189347009417,17.091325649681334,496.3161773525942,288.0762200740268,23.874264435472426,16.39520068896293,16.94550286783006,18.19727273281196,250.29752927484904,168.12839326954543,23.76306443290647,17.1816433214034,16.402314417002394,13.708321028452078,222.58305520793976,150.68171373214568,23.88020929447776,19.207391763139196,16.335497043371074,15.608045925749709,229.9200158512054,165.78049027416446,24.289397938883578,18.07142489185813,25.389097948610477,40.279509140684006,325.7207207653096,215.6379381697401,29.1608878383453,16.611873895772078,26.52916169770027,36.3321597259843,0.9946712910824581,0.9886039092689918,0.8627814609606329,0.6301645320900244,0.48617908256622366,0.4597301666725271,0.9850309801964032,0.9592061861348569,0.8186858839347666,0.7923082638964635,0.5343675573191882,0.4978749759478492,0.9736839392521354,0.945790735980258,0.753516983733076,0.6687041485694797,0.5200945711909668,0.5504497899483708,0.9504906929310257,0.9400974806011038,0.7208387657362134,0.6824025640595941,0.5247042535968165,0.5174030667007472,0.8699411817499779,0.9430128774294966,0.6197825941918986,0.5579169270101291,0.4550113570028037,0.36723204257993103,0.9565823396841285,0.9441973023755319,0.7389803858252681,0.46963184286673554,0.18753539700787672,0.32164748231516593,0.9803879112682433,0.9321618467007865,0.6349055068629712,0.5275595135589729,0.5201756697504287,0.5388746734520823,0.974179080675095,0.912233996780384,0.6174124093706428,0.5161651316161999,0.6320335298895985,0.6503343763840022,0.9454821178715607,0.9164079884313155,0.6394988047919092,0.5505888134459523,0.6850214073232149,0.706184725882379,0.8731708883113063,0.9339401914722417,0.6410250051414033,0.5647923550077417,0.5916724082907094,0.5209524548416273,0.9724095854557735,0.9623902709261416,0.7754347015013321,0.57810276007676,0.39213342939405044,0.3323252894433372,0.9832776926184413,0.9689092654080829,0.888454556924802,0.853640278758738,0.8129540376433511,0.7646132586893971,0.9498321793772581,0.9176060604699363,0.7503578730498381,0.7541274490784107,0.6981086832015104,0.6714829104788443,0.8709802576178681,0.9088868368960419,0.5498640110662758,0.573740393524332,0.45564746293856784,0.44668499143456514,0.9357711265371488,0.8678616832025793,0.5473103568328328,0.44630350459590395,0.2619659745865549,0.27685983089676647,0.9692598851722387,0.9705707434038824,0.9026786761155939,0.9106885812460488,0.8755183163562329,0.9004909523912061,0.8919817231878332,0.9505824658459059,0.6296040064955526,0.700577853940904,0.5912977461331231,0.5549091343989988,0.9587826141919127,0.8831895532929334,0.5595010051942063,0.48848750151174775,0.3044406143825885,0.3301060307161416,0.9352123037431129,0.965825251373323,0.7329795708498209,0.7279982290330319,0.7432571927669229,0.6941120017429339,0.9330918129663788,0.8987280555870587,0.6413232039187063,0.5027512867593333,0.324924057641607,0.312845042182944,0.875925975195957,0.9455211342131213,0.7731179037336051,0.38115189469714705,0.2178673948536416,0.19899899388629708
yen,rest2_vs_type2,0,Rest,Rest2,29,0,659.5645089999999,329782,332282,542.4244332619634,234.37748822748952,33.017034375723235,22.041350127957607,21.638202175726477,23.610929062733504,637.0378180153416,295.3511777593359,36.55716015550529,16.116159596009236,14.163562980263245,13.232673938459861,229.65273505916946,105.45158719813226,20.175939604605308,18.701750888879346,19.139702698130982,21.263907510230496,122.64769407022854,87.47374708680508,19.702041205355464,16.188580835033914,16.13802469076987,14.841407447617303,115.47897484384329,89.91268620820796,19.19172043916107,16.26369223943635,17.540292621678255,14.926670609622004,118.37527576664652,87.17460430510073,17.314582232902737,16.394550473699052,34.179599261328605,33.89651626902326,198.75834045071335,118.42994787572687,19.86092740386256,20.520573085165292,30.807060890779475,41.27381004708174,0.9939775482526249,0.9807428755669182,0.9527052106527643,0.6701149283741357,0.5509490793413654,0.6179969434455487,0.9813845907506016,0.9541650092862917,0.8178809014767422,0.7702700245447277,0.6414521764036271,0.5347209283520391,0.9679345319661373,0.915833449805219,0.8276194891016871,0.7070958620062812,0.5895937242392393,0.5529613826497248,0.9219456669348544,0.9075019858082916,0.7746717265388132,0.6891461334225013,0.5583955727179288,0.5585265932742829,0.9690662610507609,0.9340974488724202,0.766051790177431,0.54398813471726,0.3827621967218527,0.4264354146590706,0.9911503195945491,0.9578498728292174,0.8560968164125817,0.6208895993675011,0.31373738345041496,0.3762299114731676,0.9699281508942553,0.9270046743416327,0.7375467055050582,0.7248845353106558,0.5053252610982018,0.5942018200894732,0.9599511328273022,0.8832782825186878,0.7504267587049102,0.709400060410131,0.5793808379680142,0.6938909653828863,0.9191635549911155,0.8803080164124013,0.7368956817546086,0.717202643937593,0.682612480394287,0.7261714613040446,0.9692435909882303,0.9359227859441106,0.7425928497919153,0.6718119925172533,0.5540558684824356,0.5804670406044481,0.9874540765437813,0.9776332150261331,0.8831109086937051,0.6320611684822861,0.26506391313273037,0.37923668169780916,0.9731193084794523,0.9592442512103962,0.8838435180867832,0.8425452692487166,0.8445087565694991,0.8089250490882518,0.9179505840915893,0.8974030380154854,0.7485952287001664,0.7160545973181675,0.6703141659877673,0.6680662308576938,0.9482477997988606,0.8990129390734316,0.6840832542892556,0.617759710489637,0.4183115692957527,0.41823450972899573,0.9727504040294394,0.907648795789685,0.6325664897507961,0.5670039238256646,0.3171919966617617,0.36479591040505066,0.9765351851447409,0.9490177331676608,0.9032649781275717,0.89928242638693,0.8274638789869379,0.899255514206584,0.9823766042603422,0.9268647119738747,0.827005569189524,0.700962949518745,0.5527940781853846,0.5772948924834271,0.9587019183848349,0.8768539768177033,0.7248801735914727,0.5881863743161702,0.27970217798474345,0.41092862515470935,0.9699928774127252,0.9398884566719655,0.8917356082537312,0.7883962996923397,0.7274797322888268,0.7060717102357711,0.9136969670048328,0.8838768181032202,0.7239577008114573,0.5851827746398612,0.23802276876738965,0.3725866569090868,0.9643382581730123,0.9497512639890837,0.7860487319505881,0.433099606893049,0.210646086128294,0.23947370801929058
yen,rest2_vs_type2,0,Rest,Rest2,30,0,664.5829669999999,332291,334791,1416.86273292426,397.9988911498081,68.49606866970913,26.493011701980564,35.440149195460144,41.34639827228587,1724.3341551456901,520.8113768135457,83.6829082761692,22.837829311515893,25.695994802131068,37.15770398729017,514.8327244346634,154.852888506216,35.823764218849725,15.806122517999016,35.9644491808759,44.3111936387904,361.0915729804934,123.59834090427489,33.25006555708255,18.521568125997423,27.2558187189425,29.58366617610477,366.79844116962767,127.01729689348223,34.860221323147215,17.623752121061823,26.3470499918666,34.312271770698004,398.6874888372484,133.22403869129928,42.86733898937927,23.776849737062825,75.86722265981186,132.5190613333467,614.1010209649593,190.97507033235198,55.97242943142261,31.319748672342985,93.23644090949988,134.82312185110388,0.9960440012165579,0.9845395547686862,0.9231713486664322,0.6569734876375886,0.7428524645461102,0.5825990360241533,0.9902704121908718,0.9434891662748881,0.8255486795272396,0.593660181763507,0.6647899357005327,0.5327762390315579,0.9753878503474845,0.8842057834586294,0.8521040445798711,0.6118009219573379,0.7258824591160239,0.6436761798682548,0.9740511669543097,0.8377006241982236,0.8405136020798087,0.6346947659996882,0.7649701710998452,0.6626853602082413,0.9799304101805278,0.85368594702492,0.6815719410660898,0.49849030762579244,0.5464483286840986,0.5340729544516095,0.9894097536394231,0.8972428859269311,0.6579784411121443,0.5096821420595516,0.24859840777938125,0.2272827570409955,0.9794008511526576,0.9134719143108738,0.6933134374121604,0.45002310171959126,0.6417352157065626,0.41784308827744615,0.9577627168478123,0.8442676013454857,0.781314239273404,0.6422248434449535,0.7355619100382446,0.6615276407189292,0.9575220485268433,0.8050967107348949,0.8746355935079999,0.6018440327489673,0.8058278128154154,0.8097331592452867,0.9711916277368996,0.8624793466363533,0.8010574153293405,0.5454504701108605,0.565642473450838,0.7279317428824176,0.9854162248479476,0.9036858723018476,0.68269084483667,0.5130230438341183,0.25350904266986235,0.24047105079171976,0.9904787972474313,0.93469168492266,0.9148489628136136,0.6634027713253904,0.6663078342544155,0.6134793953376985,0.9857645569570493,0.8436990778384528,0.7276068065552208,0.6253820159417502,0.6506475072763171,0.5444587138342933,0.9824023696601895,0.8456642366888861,0.605126284718186,0.5263244235495125,0.4548809706293297,0.3885891955438102,0.9862309651945084,0.8290164702676821,0.6150268722256442,0.31167977343512704,0.2948511715482696,0.2524927851770037,0.9975049543031785,0.9518539592063091,0.8886440897551114,0.8264076798792238,0.9063362098721853,0.858030608432983,0.9861290560971158,0.8716371367953666,0.7014327243327971,0.5243239386581297,0.594900925850187,0.523080817455343,0.9775026489885122,0.7981587303431645,0.642977730521859,0.4812280237042736,0.28015045460907456,0.2563744788602594,0.9891327806318314,0.869159617576192,0.8478785501999984,0.6449343783404388,0.7170597511562059,0.7799604543315891,0.977471297307417,0.780827287636753,0.6735851654373699,0.41477878183258793,0.2689929149287875,0.24770805995611148,0.9863127619128292,0.8895447731912648,0.7223813963324333,0.29634918638007646,0.2962776364943892,0.17704435374603297
yen,rest2_vs_type2,1,MentalArithmetic,Type2,1,1,669.614086,334807,337307,623.5017529136381,345.4752884037188,54.282371904219595,42.749298666292006,42.14696047754127,40.47105067223007,754.2426143269158,449.2841173991414,60.75791065119882,37.43585015372011,27.015531268992685,33.10237339732984,278.1877366532031,170.37471398848987,40.53586339488915,31.333133079341067,26.54689405734636,30.618365832114126,211.51022579990666,131.5251514086146,41.91486017630699,32.251359390383236,21.545441086309694,26.480901170421916,200.62497174577868,134.34581843767336,48.069946906191866,32.35250206504523,26.322456833345782,33.49593808657879,247.4603760745896,147.37426284635862,50.548745834569566,38.48587071355722,72.61273735206426,149.6999172658208,317.2361880104204,164.06673597239237,37.42450777811612,39.06572049386846,125.2555601113964,155.86974160146104,0.9514862947177279,0.9771529600904107,0.9560000478362516,0.7807103065740726,0.6141536291818432,0.6907822357857412,0.8406268173123489,0.9533402663939994,0.8917931167045487,0.8460142906329916,0.6975551076059754,0.6681581041847783,0.7623434990521707,0.8822802811580949,0.8474671409406314,0.8533586336502157,0.5323475263514091,0.5377748702102624,0.7604764360542465,0.8306427427857945,0.807913643447228,0.8601903085135308,0.5490900097883504,0.6031435104209953,0.8020022867509358,0.885054192665275,0.7949742919455823,0.6937858282050408,0.3945747634123739,0.47821756671875365,0.9408996006166991,0.9609680170247749,0.8370790894356064,0.5380314481707944,0.23436831909422712,0.2796976230302348,0.8208420498942015,0.9207804995493774,0.8415402671119537,0.7192944440904909,0.7470885832370142,0.6299296122117634,0.7430294501003871,0.8340809732261699,0.835845100318928,0.7134308414779431,0.6966037530001014,0.7087241603518006,0.7353805647702302,0.78925754465828,0.8021326128306547,0.7010857648359705,0.6816765994009895,0.8118707405567692,0.778269054994943,0.8724681817954184,0.8031031695330121,0.7122091499422952,0.5105887596376902,0.6729818945073655,0.9252207359171214,0.9705322687290088,0.8571439797170554,0.5261295095357553,0.33653194907554834,0.37925595641974597,0.962576871789944,0.9452436904142117,0.9031581637479464,0.8980475598338034,0.728706782667668,0.744401888691992,0.9383556576513937,0.8762487928656444,0.8124366700095482,0.8151487656373156,0.6331606430947507,0.6769904908230366,0.9513721841638944,0.913581161555342,0.7663643309316177,0.6604535708131068,0.46630700499168637,0.47949099985617444,0.911748133230963,0.9282823196451259,0.7179205658692491,0.517122323091633,0.36277936369050073,0.327859507552806,0.9807328065551516,0.9721152867053371,0.9580064544960202,0.9323069551801831,0.845094527446322,0.8860040168018215,0.9790774268024004,0.9534043271731651,0.8669672447725597,0.7042283611604951,0.5265335225940015,0.5815614529145022,0.8514215146596129,0.8605223594123385,0.7906275934126533,0.48859129889301783,0.3455002499481206,0.3759360265842792,0.9748813143159026,0.9466492548370977,0.918274786943884,0.7628713968702725,0.7142073226712254,0.7701255316370371,0.8454645563031772,0.8090605376396716,0.7788857924024036,0.49663767331285774,0.3009797530668358,0.3688821102236817,0.8831320457878628,0.9044058809079532,0.741906012171634,0.45403730454433344,0.346132188817797,0.4161145445315872
yen,rest2_vs_type2,1,MentalArithmetic,Type2,2,2,679.9452829999999,339973,342473,443.68296478639775,203.43989526035267,22.10509938002234,20.181998156968337,27.532906537500473,22.34109419330865,531.811587412719,232.42452023624145,25.388538683362384,14.523622087265291,19.503068826210853,16.530417068963672,151.56339754873656,97.52226812452862,22.197063469307857,16.649226449782994,20.32170835619071,17.852599500128086,102.60696596270172,70.57030734744055,21.5163358555532,18.09905556221393,18.423009987323173,14.80500750769352,114.75744612051837,72.5193304146368,20.5614781536779,17.294573229700816,20.11614746256454,18.046493653053894,131.43354277235719,61.651061853206805,18.355544807113972,20.935669475773597,33.954721286171626,49.01170347201655,195.23050199215066,81.88735580882407,16.102889165752234,20.241224061410815,38.82287020063009,38.611680245693854,0.9943387977019117,0.9512740627543348,0.8012213443387862,0.6834049554251911,0.5270815611558941,0.6161358772235863,0.9220762907508101,0.8433106238841668,0.7421439271259775,0.7728027977041958,0.6598034290466679,0.6356584203070613,0.9014445285405118,0.8026131776513012,0.7703439629587816,0.7710464156492962,0.7260547658337466,0.646219275572516,0.9004777946789352,0.7456561799330039,0.7678399885271102,0.8170410043521333,0.6739501231097718,0.634150962444742,0.9488964814815196,0.8394884538867181,0.7971251444355987,0.6855300473933769,0.5328723797244092,0.49235083269321794,0.9553983404872385,0.8628742565567137,0.6750586989042185,0.49891089381733167,0.3879738393992581,0.335552644131769,0.8962869708258295,0.6983563670578645,0.526784829967015,0.5252526183951086,0.5559277798572279,0.6001031367268793,0.8842728399675348,0.6795687156978498,0.5466682491440273,0.6026522610423831,0.700210183581508,0.711964777521542,0.8920092186516468,0.7172544073840592,0.7185866906384766,0.7829742574127562,0.8173982724985013,0.7415675662348079,0.9592393217604215,0.8469291336894578,0.8411269596847648,0.7731967496964092,0.7028129288693398,0.6214671099456738,0.9614727824322085,0.909214478138714,0.8294377654685018,0.5321102243279906,0.4516027490310536,0.34917098798376883,0.9785131776682787,0.8799925645362029,0.9133816915660145,0.8815360448425792,0.7971326650169168,0.8147264321698362,0.9502355844611353,0.6402082220061613,0.6362552565395625,0.7179343160057318,0.6373486317117986,0.7146151386900231,0.8615920968977203,0.6331148517173294,0.5404700871963984,0.6582008112009756,0.49358689627616475,0.4630136155041397,0.9165330473597368,0.6216357130863948,0.393830671159738,0.4818167072931295,0.4122923530560225,0.356944671636979,0.9859898570865213,0.8562383774822567,0.8076588492944324,0.8401090081546058,0.8676765934942312,0.8783678601088414,0.8820392371799505,0.7734782027457038,0.6405128179297506,0.7125994202345367,0.6266723105113703,0.606540948034765,0.9305634481755908,0.663613277520262,0.44179692777433993,0.4535020585488705,0.4510972688941397,0.3940004350259335,0.9128767570298111,0.8526689653219546,0.8486631337636688,0.813294840399179,0.7571777573113262,0.7242019137947914,0.9458102703294701,0.7316154510966554,0.623812721221219,0.5270853799157728,0.446349617994489,0.33492400911100845,0.963516424226848,0.8947075346936557,0.816796332608176,0.5059823416323824,0.24287963103868213,0.2547397356295287
yen,rest2_vs_type2,1,MentalArithmetic,Type2,3,3,689.975842,344988,347488,402.81470749192533,188.38182934475103,19.985831389399966,17.834149677262943,21.83954408659023,19.228903730305955,464.3485017753154,212.8291211537724,16.972773625949905,16.09285012044756,16.861927513405703,13.975556144708705,152.97704245534285,85.31040718674062,21.840386873124167,14.193530751599003,18.217229440536926,15.269188781599683,96.74736902787018,63.48105288807188,16.563951882747542,14.755622744143796,15.828476854288597,13.744883398098063,92.88744180988455,60.34359387027534,17.554098227846815,15.345827606227841,16.770203361224297,15.061478787979025,91.96887248604278,63.067011490848,14.780072188353339,16.776857142391457,32.086624466215135,39.094614640096616,149.13417478388587,95.688072878704,14.795046884131876,22.012996501715257,31.854861277200268,40.10707679536708,0.997227070636935,0.9728811235116059,0.8451794115273712,0.7903874858749954,0.6413840005395034,0.610359079597817,0.9611222224288078,0.9327929187571395,0.7669901481612709,0.6220749304178547,0.5957224442484709,0.5258187723777399,0.8411797828349616,0.8633583399563275,0.7617519686747989,0.7167922368800276,0.6676643575671617,0.6620595826706003,0.7293567381889607,0.8310149967896059,0.6977765230775455,0.811805660484631,0.606868925462608,0.6806944361242404,0.7614653297105002,0.8075912422175828,0.514791694386156,0.5303977950747641,0.42365074397972036,0.5033889435448725,0.9178854218354019,0.8562780984105155,0.5354254495720026,0.5596262691107984,0.30487691547086976,0.37553498264167473,0.9537461598799343,0.8780908731388444,0.6240400319720283,0.5010149704244273,0.45635777715880355,0.5345554012458308,0.8383707036960756,0.8065623994900535,0.697454812872739,0.629026494237394,0.6046399672689267,0.6973057989466269,0.7297379543171867,0.7950708687848136,0.7501027594525748,0.7473548279203419,0.6791529364744215,0.7687179961483771,0.7642942642253324,0.8114674812826767,0.6853112368195989,0.6225967941363469,0.5252637276133459,0.5951698954825125,0.9236111062056563,0.9060568238013839,0.6520186137394901,0.5871181755789721,0.4812725423042738,0.3433848020098789,0.8364693540136985,0.948015669440089,0.8635438243728938,0.8055520520406755,0.6995876895092891,0.7522959020451153,0.7024130572588666,0.8840945156155823,0.6560167833722232,0.6891127279538168,0.5670186674125374,0.6405130292888102,0.7277589321394372,0.8200754020409515,0.48291112895315624,0.42835702183981483,0.32037139029804995,0.405784031846342,0.8725863015686675,0.7855253063557402,0.3668858572710182,0.4851649672872793,0.360930798111343,0.4201568993797631,0.9560908191686992,0.9568302592443002,0.8605480557283727,0.8828178678732674,0.8544310445023491,0.8674836524995915,0.9417289587777534,0.8756566047969041,0.6391622461055374,0.519209374490788,0.49618960375277626,0.5572197874145793,0.931565259469992,0.7529956820453608,0.4330758318936348,0.44107587127698783,0.3193729611832854,0.396799168285325,0.972576561893092,0.9013555152873691,0.7765164104947553,0.6442746584671966,0.669939713367572,0.7333908391231553,0.869789795657811,0.7605757252016094,0.5446212843771087,0.48815159134568803,0.2949725477957029,0.3641925717107399,0.9085728185588757,0.8317098350981139,0.688615350764285,0.4032390274133594,0.2203523190774465,0.2507565478231217
yen,rest2_vs_type2,1,MentalArithmetic,Type2,4,4,699.841302,349921,352421,449.54138488698584,148.47788194652048,21.968369454960136,19.47872806211514,22.79615391039812,19.123859589065127,519.4113341773618,174.43820641120814,20.842477298851872,16.717963656947568,19.215167667781788,16.005875893197487,186.94698749667893,65.4620369734463,22.482252839365188,17.196990551423667,18.8884542137053,17.257999608284948,147.760985482925,52.75889342407054,21.239151550733144,15.981806351614514,18.337496550071197,13.003303323487678,151.44511322473127,56.80076876830174,19.568467929713215,15.880110009495139,18.382359081574343,14.901934034213538,170.62107639591284,54.674803277392996,16.40325161018435,18.70465103230147,30.58013020239176,49.6736612509532,249.8216886213295,67.46378938505026,13.521415359260335,25.182708429764737,36.18545026542428,43.9658103180083,0.9854486123952642,0.9579722412897143,0.8706017430631418,0.7182338777717481,0.6335630902222641,0.6660248526183447,0.9286259922801721,0.9201542594857247,0.8373885852586666,0.7730640277484316,0.6160669443638074,0.6032712287129465,0.8823312702649465,0.8645821909969353,0.845876506719922,0.7633436248344185,0.615828963219817,0.6167005022076488,0.9003256009272237,0.7893577897447562,0.7834340247700254,0.7275472344247176,0.6097675889592263,0.6338711393603462,0.9457910248566526,0.8318749128683016,0.7154294856729537,0.5053876323249119,0.4749826495160666,0.46133066905798004,0.9449797791593827,0.8693291990511184,0.7847827049031462,0.3618385901978793,0.3875981757474914,0.20955390297244722,0.8739404788797888,0.8409308251666605,0.670268941105466,0.664675574703689,0.5709263717123498,0.5984240090141603,0.8370374190196831,0.7935735956924515,0.6905144029197727,0.7047030948771551,0.6394984922720234,0.6605023431345194,0.8746837553864116,0.7582905081829769,0.648074590810481,0.750467225305237,0.762400825989001,0.7520890143618589,0.9382697292310983,0.8515015217354778,0.6881178948305979,0.6566480388104114,0.5782947315377928,0.5969433408558393,0.9696170500750361,0.9330147471324369,0.8540246494494769,0.5303863752058751,0.4920823830521214,0.2307676232188647,0.9683913132962078,0.8823481758954106,0.8914649339903097,0.8721293685294255,0.8156401761584811,0.7717247901497202,0.9321920284178916,0.7464299618173327,0.7249819553112232,0.7694828524123102,0.693521416461227,0.6696248871824877,0.9109179612557554,0.7646383667350827,0.7223741546016785,0.5382315550391549,0.47531699623858525,0.4127849525798923,0.8252076665732283,0.7315372706301607,0.6314629789649169,0.3949605839259678,0.41141321774485384,0.21893382397628863,0.9798635026366647,0.9422654647811488,0.9017316417680797,0.9288332887709342,0.8855112551391473,0.8323941547056635,0.934923533108219,0.850554154352108,0.7880881211107034,0.6561016253758145,0.6164542757048693,0.4923457755272447,0.8131457197505253,0.7330104403983398,0.6696343975223864,0.3893313111263619,0.419313087133055,0.2506152579877944,0.9751503796445707,0.9118940975784247,0.7839636495296185,0.7215972397884001,0.7285834403227227,0.7046675658563389,0.8670394182571443,0.7684743513011486,0.6869830396972848,0.3944436198911757,0.3949354700914684,0.2133524823070255,0.9365185097301597,0.9034255718613484,0.7896994464063131,0.2724018834352138,0.22175983773036095,0.23746306074890466
yen,rest2_vs_type2,1,MentalArithmetic,Type2,5,5,710.942112,355471,357971,730.0212122957305,319.18586492430325,31.346835013063192,18.387508153314208,25.975578316640068,24.466349772496347,917.6856693061355,363.74414522143707,38.89484183456824,20.883396852074945,20.605384712399808,25.732166183724853,284.1181947665092,147.7218394934866,20.44789818481256,27.38067027304283,46.297359877098074,46.83442125275084,196.1422251788133,118.5946274570477,28.1734706123933,18.565490078056204,19.422106683761267,28.333960203583548,202.7942069332343,121.53779941036419,25.81343971739515,16.851017292044375,21.109922855611845,26.120784110887215,225.28102793124884,121.23474408032503,28.192526018995657,23.460771396580004,47.568489182322566,82.67983148913656,385.23631433966926,178.33235375587583,25.164778519739517,26.48880608779913,52.072370252025465,94.43596809588843,0.9952462942528841,0.9867605743474274,0.9164672337077546,0.707670792710726,0.5657662346566774,0.7077286873370114,0.9869596112775985,0.9712017438425944,0.7177513060993885,0.7843527200399214,0.29951226045217594,0.47938191649319706,0.9516990640116708,0.9199384891490509,0.7028233066753231,0.6924378191539031,0.6616633724287745,0.7194899446371009,0.9047486790444609,0.8979752496652247,0.7426276814832351,0.7891736386170524,0.6257640341719948,0.7341072594246881,0.9070224829801475,0.9046084788417336,0.6875650490974909,0.6265035579726531,0.42200381564977035,0.48888992117935787,0.913605084157577,0.9546151967411355,0.8058978703785586,0.5973469046454809,0.2490510163764626,0.3365036861026665,0.98077902847157,0.9396545900816599,0.5975215425439903,0.5910522164597098,0.21293991275686547,0.4785421886246511,0.9575230853556785,0.8841329309110639,0.5723191721025502,0.5592187787627714,0.6286775863779466,0.7558636039915788,0.9220651084180443,0.8705323116769775,0.6944691162170102,0.6620783853300842,0.7763574066675233,0.8677017700848235,0.9288334811639207,0.9058403503867118,0.6907973121884307,0.6391068494190997,0.7077474140594588,0.7008900152367031,0.9358598480443838,0.9620304867593678,0.803265348910139,0.6413237608025224,0.3103140260370964,0.35718736338461027,0.9723747500085974,0.9466145227602994,0.6615077881061591,0.6951290684464715,0.2865775932845134,0.5754998604734781,0.920874472814968,0.9101774355067999,0.6854574844789788,0.6866163655208958,0.30365406623539676,0.47289135201779503,0.9236594602251081,0.8973798165552882,0.6082269649854725,0.5319704647944363,0.1510182699125718,0.3226216673323016,0.9216149144721496,0.9146638711983144,0.6451420414351222,0.5765456493750449,0.3402334336061724,0.30401521324740693,0.9788375477013626,0.9754816719680991,0.89204507134689,0.8063581140336665,0.8380864493281278,0.8859289055838564,0.9723715288536864,0.9340712113046908,0.7773654215232344,0.5238058447490352,0.5693980417157098,0.5556566538602495,0.9602299015618782,0.8873163558233235,0.5417248177300594,0.42806706800685496,0.21893862448484636,0.3589481769284777,0.9873258035902444,0.9407446062491702,0.8441023439725315,0.6976694059300461,0.7415561125336844,0.7371588370457475,0.9770710315872098,0.8956642195391484,0.6173654383613518,0.5554280319072279,0.2753021171201393,0.3373067634554292,0.9845769667977103,0.9444338635766137,0.6129430651172482,0.5579598800955291,0.229025985281815,0.2827661076584869
yen,rest2_vs_type2,1,MentalArithmetic,Type2,6,6,721.104147,360552,363052,1071.575882787792,409.1766393840663,47.628042516498994,26.94933276524086,19.810938372380104,26.706046461523005,1220.719541689498,488.49122156833414,51.36106543129066,23.82917800010924,13.675067869456601,20.52854127556232,438.00943748750973,174.0575613474871,30.03156388825111,24.20769118130261,15.461350212394843,25.195184527858792,272.69689784801807,115.42651050544373,31.48359108748965,25.52232891200516,13.833039029581133,20.342366660809386,261.6901808459989,116.24425863809522,34.66029952347597,25.54406250284608,14.98408668428369,21.42342435502484,300.64876220393177,130.42801333487841,32.018231647318075,31.369263505375848,27.055599779881167,40.83379520327132,434.53146494998566,180.4170079892472,26.899252182091626,24.81533916254757,28.379861166356832,37.350175406524706,0.9988349066689294,0.9873485906305933,0.9041218477656525,0.7922200922815782,0.5355409949950871,0.7231576250689229,0.9928122551121671,0.9463782017149058,0.8421139416902502,0.8642530645263512,0.5694114034158763,0.6878544534013543,0.9708064010274301,0.8644534749658446,0.7578499943498563,0.8975110130170602,0.5778313921418518,0.6865492311535389,0.9598307343669082,0.8256207729747831,0.7160991484979067,0.8646949070281584,0.541184160546557,0.7075873224889367,0.9522891561769321,0.8332181902983742,0.7317919112120481,0.7649278058774408,0.3894223008445675,0.5355492571208279,0.9907384238611449,0.9416919448335705,0.766161326849936,0.6365349749766374,0.24770914035385344,0.440936166161886,0.9884640617425262,0.9216115596794007,0.7085990769805491,0.6541637156664619,0.5739787805741753,0.7082209420268616,0.9620867765678485,0.841928641325721,0.6643808780342206,0.7242336992762091,0.6497761747195929,0.7559184940647266,0.9501809007251812,0.8062292021621577,0.6846895522222308,0.7694748408145694,0.7117067553145306,0.8078885305571057,0.9442679271550606,0.8347348407335522,0.7483495975737504,0.762570057832914,0.5540161495186925,0.6564333582492557,0.9878444551650708,0.9532112949685196,0.8312374655051883,0.8057113211127097,0.43977416441261175,0.5452141257893824,0.9862317906538282,0.9323560178185694,0.884756711857111,0.9136230421929631,0.7940421852737065,0.8426257985994058,0.9718457968240607,0.8755083455093299,0.7344192493806052,0.8038221580894936,0.6373321592871076,0.7911276087985508,0.9660413819791006,0.8544383233165087,0.7011400538496794,0.6372953502048179,0.48976480565953817,0.5405975194943641,0.9922029694399463,0.9021521031861,0.643124575108043,0.5542720700662496,0.29302584471881266,0.4045716711127427,0.9932957532616293,0.9728179020069017,0.9109248409661459,0.9268386937985834,0.890829881870394,0.9275644249125612,0.9891026100531956,0.9379883856086249,0.8169686771689786,0.7584332111212099,0.6325172191529783,0.6546125842521714,0.9829090108523463,0.8835318043860271,0.6695284167989213,0.6351022855984763,0.38871830794080287,0.47314315216802727,0.9892183299409975,0.9616171090949914,0.8543645667584032,0.8507721064026921,0.6987600638489746,0.7679730388100652,0.9734341479616546,0.8666229601181397,0.6993626861554386,0.6993499741873812,0.3491135658091296,0.46360234062574435,0.9763343884038763,0.9063663914484458,0.8599843784524556,0.6822161812376837,0.25288030983192666,0.31677414073482024
yen,rest2_vs_type2,1,MentalArithmetic,Type2,7,7,731.154042,365577,368077,706.2117553460083,146.69557690398375,20.985099538799666,22.47620199854863,22.24935424109127,18.447960637722844,891.5942302260661,192.67221712124453,21.457249946798473,21.76605972221428,13.624341683155524,14.083484744106444,271.6359575039684,69.42068649089045,16.586998813833382,21.351204880741662,21.14599234371585,14.895090739557075,187.1867780548345,51.81436322100687,14.950639914366741,22.43428188018028,17.57567799077536,12.507430241637362,195.91747995281042,53.87050118234334,17.424767322779584,21.3681946960079,16.851781288531075,13.051673991569496,214.5373351538522,71.75245469692248,19.9010849387278,25.05485205239023,19.407219232316915,18.87097643651908,349.636215078071,97.90042082921288,19.030699386280194,20.622895047991307,24.806381891454397,26.309661444432955,0.9962972650097001,0.9798515319663545,0.9297413889684014,0.777625197568508,0.5325048057581533,0.5646837248145149,0.9836038313308388,0.9091059414100717,0.8756456329483772,0.654510960742206,0.5562264608440005,0.5298899154985733,0.9529365671440839,0.847311510700984,0.7807154804275525,0.7175886562929747,0.5028567765869099,0.6026722881115176,0.9376167741753968,0.8685636693798978,0.7769409738793177,0.7407921088845996,0.5153754692287512,0.5961593058285569,0.9527628453055442,0.9198903471724731,0.6866300239397978,0.5458717294203058,0.4058700227784282,0.4976932668569098,0.9779812139995469,0.9363840530806776,0.7053972989777586,0.4862168355466786,0.36786023964096576,0.34124336924444376,0.9700844034309201,0.8420637283272047,0.7854469794844902,0.47838805874885004,0.5149417822934987,0.6006274826097543,0.9412719082436484,0.8000224759110274,0.7244580560753814,0.5984028576239161,0.5731184322532223,0.702251852193839,0.9329285987459611,0.8529382064341756,0.7836462843051067,0.8419345808664414,0.7114217601008931,0.6952689645120916,0.950254203545232,0.9227451400419244,0.7765826730712678,0.7580032490277899,0.7085798415336447,0.6523340939811793,0.9845546098469082,0.9654261436627939,0.8077189749954009,0.6671248227820523,0.5861583694616833,0.516044771708934,0.9789858282405234,0.9191873974930405,0.8747254975702061,0.8513140151557439,0.7848382539015992,0.7945148389441024,0.9545945986559076,0.854079316308046,0.7747270063329905,0.6021262364811599,0.6529693288945625,0.7519662755457326,0.9613717072233191,0.8553388501027215,0.652580266175879,0.4478067369031821,0.5029590952531151,0.6023777117382406,0.9540176768841322,0.8042050168028443,0.6893727565122629,0.4111423845517244,0.41240370535069354,0.39460194775760954,0.9848595562714794,0.9491642888514887,0.922470631935924,0.7912803408414552,0.8512235946122513,0.900737528924616,0.9740073146498659,0.8963532483049855,0.7398903358303928,0.5351176320234945,0.6164282904631987,0.7475728346976518,0.9366196886074903,0.800661838317398,0.6592049048548763,0.476112318225934,0.4671648160838866,0.4604148687980725,0.984700102483377,0.9267209690895267,0.8583967722541311,0.827318373835533,0.7409252175243677,0.7919433309649204,0.9369199940089982,0.8500843228510544,0.7491339307268337,0.7057724405488675,0.5390984101752077,0.5161260082476946,0.9652289364909618,0.9351471098017305,0.8908551059777793,0.7495501539862212,0.4765502122360134,0.40667104501911083
yen,rest2_vs_type2,1,MentalArithmetic,Type2,8,8,741.248106,370624,373124,1535.7889613758803,658.2336005172834,56.543745355511625,42.125703959334764,42.50160013371344,54.59481760283834,1975.5963197999408,833.3525216951061,62.02322111327009,41.55532426740057,31.626106431789893,44.86218932390334,572.6508566350784,265.23319229263245,34.48161217153393,30.795513949256797,36.182217266871156,55.28951853598883,381.3306604388276,191.32286613478678,34.557070415821435,35.83016326987241,38.49914081296666,45.756826061227954,373.17103730472485,189.6994121896113,29.793177005038718,36.41520108406618,33.050267405139024,50.00338262134232,443.50301715233206,216.39576834068495,32.928014599535004,40.294823756742474,81.52172884584976,126.27112423380531,805.3745809844179,302.0767016849805,33.824180257739805,42.29562384099831,82.52076838450228,67.01361834896383,0.9879147093613033,0.9813170144853044,0.9079501527878187,0.8143881634995652,0.5914371289238729,0.7398293099041844,0.9384030227645743,0.9686353196244126,0.7642031845837451,0.8297398640558236,0.5268772148275251,0.572142973673559,0.9224952779204317,0.8914230448739469,0.6721065903661224,0.7126219657918886,0.6010320745104627,0.7007135370467166,0.9270973986129915,0.8713221949134002,0.7375535016629209,0.7831607824211074,0.6204609919183188,0.7089202426044341,0.9310511133130007,0.937726824249331,0.6692237578540328,0.6843972004905892,0.45347868185796747,0.5536913189362312,0.9697312660437465,0.9638260263666731,0.7580055000311199,0.5649880964965005,0.29109511487217166,0.35745241872760475,0.9315809304190646,0.9364621138425303,0.6071666700904632,0.6970626978096641,0.5706713977922633,0.5880529089450701,0.9176573939924655,0.8557592676394887,0.6155558111000843,0.622563079203238,0.6746696300437678,0.8148184000874299,0.9309628010053883,0.8431403210980773,0.7155119090182142,0.7856676168945869,0.8387733639399496,0.8951557727404494,0.9448894746791546,0.9319910919054045,0.7193082556985357,0.7092802362714438,0.7062381363753425,0.730159308280388,0.9784558298963946,0.9778915125875209,0.8412722589974496,0.6234040500600482,0.33673335254607795,0.4227956059231207,0.9900658403363051,0.9320387564891325,0.8409765076509987,0.7467966388817956,0.5566103891644311,0.5625803335442271,0.9747603976298101,0.9081034310917139,0.8001598821930072,0.6975155918305196,0.630015572309028,0.5534103559353849,0.9468275527227115,0.9501090384382075,0.7062582561554069,0.6082042957120913,0.5233027621260345,0.44309929607649845,0.9240954698641822,0.9418240330436198,0.565503200378159,0.45302145947737543,0.22502653560703223,0.3270427815490794,0.990720585834539,0.9801668561534819,0.9375654630375283,0.7797159683501685,0.8509316654074522,0.8832481110686962,0.9667893418516748,0.9433512651059365,0.7716636766372347,0.649564096435039,0.6573811928606164,0.6599434074955504,0.9277242104101359,0.8774400237834663,0.6021464326613641,0.5143675884312773,0.3330078480914657,0.4359892981931456,0.9847888619590703,0.9523585640829542,0.8444092286016256,0.8701879974662788,0.767535973724527,0.8029627634498568,0.9490653079407757,0.8673508962628489,0.7265735815503918,0.5533747190166018,0.32522866674138634,0.4048942343839513,0.9689729307495415,0.9521022142456295,0.8094734148445006,0.4827818042766256,0.2424525557902399,0.32325291047477894
yen,rest2_vs_type2,1,MentalArithmetic,Type2,9,9,751.2759179999999,375638,378138,709.8397697233372,283.2212839175781,31.812197556084083,19.742666010563298,28.08471863702224,12.945022420018299,827.6286808460469,347.7770860896256,33.155956556401826,15.247844168164015,15.084963857523373,10.321052698324584,308.90077462357044,120.34986393667567,21.68000631809011,17.496664546111102,19.929557168395522,9.935273474385122,168.0718685104919,84.97465573676348,24.242717643627905,17.308046296342592,16.409212344417472,7.566396330860854,146.01672927435638,95.05020699414769,27.795729539546716,15.62907824999817,18.57464934354153,11.107387990828741,161.72913812896422,90.57316224600423,25.352351521756738,20.713333062782425,43.77216897005279,43.91574482384012,289.31085412304157,115.02420759619571,24.287569532682678,18.381767805651688,48.43456169048806,44.760293875238226,0.9913288243162391,0.9695526959095292,0.8747155757011017,0.7008592648693331,0.6573117139788583,0.500122451287662,0.9719567818321867,0.9423348409172687,0.8232592456074368,0.7656181564782811,0.47699550273853353,0.4464951414474775,0.9450506709174201,0.9301739070229814,0.7914667840507608,0.6972652582720916,0.5196774433744051,0.4998857438029542,0.9158345964863153,0.9041674667470911,0.80327129615355,0.7190676143560426,0.5507176016209219,0.4999550106500923,0.942113780989671,0.9037317912357802,0.7430892781261347,0.500013048222301,0.43122809621215674,0.32010125236829445,0.9759483359946657,0.9058699194716778,0.702878478124861,0.36393147949502364,0.30815023836681454,0.29155883046026315,0.9536476291452218,0.8761524563864507,0.6317416574198736,0.6074837415760916,0.5103571788847778,0.4933396545305041,0.9279941237191257,0.8866458956175448,0.6213401091641632,0.6490449683743874,0.6177705879303124,0.557488018108988,0.9061265717774131,0.886797774251445,0.6898104913278122,0.7184340031446306,0.6936693852733368,0.6344698554477934,0.9444256639419701,0.9167447520084595,0.806773890567581,0.5097424244173475,0.5656956157332222,0.530110986391986,0.9861185904582532,0.9533398868939587,0.8627601310574132,0.5471721759756505,0.28601268685791253,0.21457542101437344,0.9704103662770315,0.9568642676084154,0.9131213745801198,0.8897725259340575,0.7808155866216885,0.5586491489608814,0.9334726403960946,0.8893137877866132,0.7942658881767184,0.8014928712959282,0.6345231528444291,0.47057129971191874,0.9385254480880989,0.8847036976395264,0.6181173002380507,0.5892624778407107,0.4109587497315393,0.29018747804941447,0.956282350460786,0.8246261507581114,0.5217157223351094,0.31632049827579173,0.3074431158341585,0.21602036864187715,0.9845017264603871,0.9652852771095721,0.9151541215815826,0.9148603468644201,0.8734589787249197,0.8473026826180484,0.9719467717941092,0.937209173457066,0.6755863259542291,0.679274763923796,0.519301288283746,0.5572467095146598,0.9363169179779384,0.8496688452443214,0.5251878204063746,0.382945552197095,0.3109831932144871,0.22054514592597693,0.9800205989861563,0.9650564179871015,0.7860980729341233,0.7146031595833567,0.6728480321416214,0.714441773090395,0.9205381189750184,0.8702639087218279,0.5901344944040472,0.4714957213146674,0.31929377850530144,0.16935915087163622,0.9621632681720387,0.9287717251050388,0.758352117730625,0.47061856710405975,0.26740151017776903,0.21875849694259017
yen,rest2_vs_type2,1,MentalArithmetic,Type2,10,10,761.070206,380535,383035,1064.8572090232844,273.7150350986004,31.830703882042002,28.068678720594132,21.786418519163387,26.873163801762047,1319.0209297731974,373.00518528339927,39.64798629249779,23.75815331330337,22.722529553814063,20.49814147805465,433.17044309740606,118.32488269905788,24.798489825840072,28.2131498962902,24.838904045049425,24.021246166337757,323.20385641840903,84.8712514145593,22.382228293809163,26.810869935141234,22.576524368872533,19.60937303921126,342.8668691198971,93.1298679790178,24.25901935524742,25.952374395236124,23.30396715954721,22.406479515169522,349.19457453416646,96.4001450038856,31.24532451884377,29.52100778917505,50.32430346071583,77.29873560275213,543.3728277968178,140.07553489762066,26.326765333886513,22.062655081023536,36.216956213992674,56.759574087133615,0.9903640096036015,0.9855881155349857,0.919048060750016,0.7863230088952493,0.7101389746507132,0.7074324930457289,0.9667541410231605,0.914558453492595,0.8264136664448876,0.8698496767746166,0.5990045564603934,0.7323944423895539,0.9349031577534831,0.8375937858101369,0.8467521167672922,0.8054978562527818,0.6907272795279488,0.6961896661573131,0.9189472075852135,0.8346331227160999,0.8211425725776118,0.7328851293001477,0.7111091711328771,0.6651139830645181,0.943328957889752,0.9222988201374314,0.7523313756135925,0.6434680947162967,0.5240784166902565,0.4474579687330535,0.9678278787841886,0.959030932553105,0.7026567247775468,0.5122108632653426,0.31157065235377346,0.25542069083310903,0.9291233445180701,0.8618590969376612,0.722774677002122,0.7001042876398692,0.6384116581423814,0.6262551983831145,0.8889797151030722,0.7687088843403116,0.7627553364517154,0.685755252959182,0.6768720980875567,0.763274719178916,0.8749495494081394,0.7826374828172143,0.7984543587081092,0.7538650373203166,0.7823555384746286,0.8247046812921401,0.9184833373528667,0.9019715612504332,0.7744390479838067,0.758703718986831,0.6875829395999916,0.6514265640546992,0.9832440241478535,0.9715468681544418,0.7641976761418013,0.5653896988303746,0.32237027712845123,0.27303974431643646,0.9844082161409715,0.9406138131226668,0.8881332577135534,0.9124046151129054,0.8123840101752722,0.7876818706146386,0.9667531745149985,0.8850766111131338,0.7610032600885166,0.7348141800611864,0.7305048145398947,0.6695775100404172,0.9660484705995994,0.903048225269169,0.7492121843118926,0.6522603276560471,0.5422590398905082,0.444862375242397,0.9105063390283689,0.8515479929437721,0.6794793628155398,0.4549429613300068,0.22480959955201793,0.21784800773625687,0.9900478968344459,0.9695337941147827,0.9138247959250816,0.8439372446463277,0.8762552698633959,0.8918868341581132,0.9697218074468127,0.9150735371004415,0.8217903058444318,0.7092176199446333,0.5836784109477865,0.5906294742179689,0.8807314406096592,0.7936943647485539,0.7336056554575074,0.4166240948892504,0.25636437401418777,0.269466032460018,0.980518758360596,0.9382755730605271,0.8871665409718588,0.8746696675710405,0.7554918296294254,0.7612807439398518,0.8809483529951495,0.8239472357701138,0.7514923026616286,0.43609065539054465,0.27460667455149707,0.26080277435238497,0.931424495738884,0.9349890865502273,0.7935290979482451,0.41921130926838407,0.22976398856946031,0.21037519389662285
yen,rest2_vs_type2,1,MentalArithmetic,Type2,11,11,770.893121,385447,387947,349.4437568787177,132.14727925467287,23.806646062210625,23.328608415225425,19.62778972269611,18.729198835123302,410.2125976008592,139.84774679119135,26.348548561379495,21.031010566314528,20.24108980552725,15.763821788239097,137.36968780882054,61.29419124521096,16.96793201626916,19.4775665858247,20.171776245681087,22.156858150228253,84.6201874659539,46.99088378694352,19.616884634848418,22.076331103821147,18.496461062875333,17.743193731770056,92.59952905519208,49.98520714728325,24.230988089955897,22.424783067373905,21.7404981700608,20.91871312923297,93.25968361484531,53.265753813753115,25.5941002618263,28.762420744752546,37.80228448759054,56.92002752351511,129.65389025064007,59.732606997015665,24.425155915766467,24.813168637482896,46.14562712744986,44.698873243046236,0.9907370453444374,0.9483774439941843,0.7274828899806403,0.628663080855118,0.6986038338160558,0.6085777729081877,0.9681488647083912,0.906580859418505,0.745208636974924,0.698823158081232,0.5290965983495742,0.6076329397760815,0.9264546130455752,0.7877933067028419,0.7443643764731627,0.8165418809106697,0.656950170885743,0.6837851467789897,0.8569411366235157,0.7332062049806772,0.7437801330533222,0.7404286308708705,0.7367080807588838,0.6863639349025223,0.852129120596786,0.8248582697175062,0.6296939141512102,0.6053905020709839,0.5612214547240894,0.4911337820188319,0.8714805634082988,0.8343162406703125,0.4839231033874987,0.4415585015815267,0.39132296886943213,0.29641720501459085,0.9596626534918355,0.7809610972391384,0.4932754668917999,0.4848190010660729,0.612460347899993,0.6387341543297806,0.9235583950153993,0.6957810318832599,0.5630171767431293,0.6347250703356376,0.735389549430381,0.7383514290019484,0.8541041105609545,0.7055697414522265,0.6673690223875335,0.7847488860617103,0.7694670180513274,0.7707774049465564,0.8698003605361588,0.8222521373740108,0.8084878565885043,0.7469423303529906,0.5782801368427176,0.6653571890933903,0.8815113997319859,0.8943185293166385,0.6962332751084492,0.6694481796666902,0.3881754133402983,0.2717321659351721,0.9427034951192074,0.8721451717497019,0.7847302741079225,0.8156101893378928,0.6678273147391474,0.7591557347998553,0.8541999459852333,0.7395373999658521,0.629828257409237,0.6355208712672388,0.572969284960726,0.7442703525031823,0.8217088437502222,0.7695613389404204,0.4506232446007866,0.5350783520898764,0.4359946408405224,0.4989567538060642,0.8148239437580651,0.6949922688868249,0.3030292674782478,0.41167225526906226,0.28163077208984627,0.3022107678254993,0.9640583204072883,0.9352632217838488,0.8908369409620068,0.8528267023688245,0.8868435746343174,0.925606629427559,0.925388238636372,0.8447570701014413,0.6301176561519082,0.6142685108233612,0.6424399593448653,0.6281601254224992,0.8265249629402991,0.678145238006019,0.3992883352055301,0.47218015251332524,0.2868751087247575,0.3258338641002838,0.9546517375296433,0.885018851299259,0.7529118474994887,0.8041075228798862,0.7855276092198642,0.7512716916531692,0.7858366128652493,0.7205065528693706,0.5199882963982321,0.4919942080298462,0.27894046527164446,0.3014735818410165,0.879244736499894,0.8980777529977798,0.7509773900056024,0.49680736191420777,0.16875793877522272,0.2500412632409493
yen,rest2_vs_type2,1,MentalArithmetic,Type2,12,12,781.650689,390825,393325,812.1034472249647,304.8416612420165,24.3331192998114,25.948164193071776,40.59145024301128,35.238797982007654,950.5213136203397,349.879545932131,28.570397182840704,30.750555805354683,29.109098458639753,51.434647204404236,379.0498995195831,158.33967350574167,28.143389474364177,31.915975316416255,25.45518633419769,26.008815563434485,207.93336313897433,94.03043002272868,24.6805986295471,28.8213278043865,20.043176585713443,23.991515442877553,190.92907119829258,83.94993487682996,25.005220201864127,28.799235701691085,24.815910684485246,41.87302876638926,208.64213563312703,93.58504652864728,32.05301364898394,39.32025558361454,73.59060605425215,244.03766328337363,355.4557592957088,158.7542552087609,24.70010273386305,37.53864072803453,92.29547523383214,187.91352393889457,0.9788124489372579,0.9638923434274927,0.7059676459286399,0.64541719909106,0.45365926863963724,0.47635886414966594,0.9461682211829716,0.8912840385872467,0.7854241784217604,0.794774972200479,0.6129119099931911,0.675280807401374,0.9152516362070914,0.8913840265203189,0.7463335596417444,0.7185304111866835,0.422273857580286,0.5600596791985385,0.9592724233072674,0.8507055235937686,0.7037618092745506,0.715854446308896,0.48042780042044503,0.6143258608576178,0.9649540870783269,0.8284580052715699,0.5907850211750603,0.585436588859204,0.43910857330549347,0.5020281567598496,0.8400048313219788,0.7217603472940906,0.42625932933185257,0.5198827763468425,0.2567430405207813,0.39109336306827236,0.8767622739066833,0.7793046285770987,0.4071134522090201,0.5739801906264698,0.4651714294510797,0.5262588354250736,0.85443422468743,0.8491649345912171,0.5112167314441862,0.6100041600613936,0.4914323285082263,0.5892818282557233,0.9278906034038656,0.871581785416176,0.5731065406466153,0.6424481226466734,0.5059030155879662,0.632304186923284,0.9812881782575086,0.9051561503204568,0.5895227095149668,0.5780800745044161,0.4976165132216587,0.6003647821208269,0.9211484694260351,0.8529292101096458,0.5871686948937013,0.658295786802334,0.3685200359748068,0.4793311829188731,0.9623249881587993,0.8871537104505126,0.8361039666669307,0.8711208667908075,0.6381119329101291,0.7557139848895792,0.940833559507983,0.7323118283413499,0.6216689333842242,0.775900922665313,0.5883249025688524,0.7476360299179876,0.8713469093824565,0.6576618995076711,0.4717658546958493,0.5944425788708146,0.4394466056413965,0.5939399680369699,0.674673644263324,0.5097188411422078,0.3932662708516278,0.4639150670126945,0.26696414267014423,0.4063154312677109,0.9726459130337561,0.9397098781120738,0.8756142761430274,0.896486752358293,0.8296365845782498,0.9022381219318558,0.8775016202421527,0.8496998186205241,0.6749268015868025,0.6812014744902134,0.522879179076441,0.6536926109634734,0.680953095230242,0.6426752250285737,0.5025357256642453,0.4631697118936645,0.21796035395012203,0.42289019230654323,0.9529099611347845,0.925227906324554,0.7968867881540345,0.8266351237236756,0.7645015646307219,0.8025313085756134,0.7946768661061473,0.7419961224889711,0.4500975314328226,0.5647199158147657,0.21463757298301678,0.491245391902632,0.9087339275101796,0.8910930859999017,0.3907611507538397,0.48304432673760805,0.36091770319635447,0.6477892826712293
yen,rest2_vs_type2,1,MentalArithmetic,Type2,13,13,791.6018349999999,395801,398301,590.9368676206902,137.69343927018366,20.81110533393207,17.331691630542355,21.8884315993657,16.872678494192446,668.2854535861036,164.5738410943575,23.630884364396174,19.09354284371497,13.940813725457144,11.980921246452866,262.75590284524077,67.99492813667776,20.78504220467851,16.493623262744546,17.647514179301545,13.529245686321662,166.486186100212,57.76700530973559,15.35199030936523,15.697079876700498,13.640557084796963,10.444521014089716,158.80846883721387,64.16437830958888,15.174530298052765,16.82975332530902,14.517666658723037,12.469540996111945,173.5587977682962,53.80834175243849,16.658642026560173,21.141951383284,28.581078821735282,39.69291730440297,258.7070064273283,74.37495542817818,14.1289101246437,20.972780314816134,20.049024199213964,31.481341769687646,0.9838819351007101,0.9462549097829361,0.7616845432342205,0.6993470221781674,0.37505717493645657,0.3936097992229283,0.9500372712126689,0.8938907430438059,0.8037988560806216,0.6775158690546015,0.4288968033555823,0.5041022821048716,0.9563359534976924,0.847607532894647,0.8427009844801638,0.7843469029269817,0.4327309914798039,0.49285496234402,0.9178573512123163,0.8094166078578384,0.8586166574873489,0.7835697058729547,0.44079492727462977,0.4950647919663783,0.9543048063192056,0.8580670180703998,0.6912278843386286,0.6311207215378688,0.3407188751414009,0.32718151548387603,0.9452559432102808,0.8394110588718966,0.5830546434003957,0.46463015899515697,0.31526891301110366,0.307081348257716,0.8942679541094957,0.7646462845897647,0.49238937416271245,0.47385281174815935,0.4308983267952088,0.4784454524301751,0.9187422158104338,0.7404294862263059,0.556730505745393,0.6076160757098731,0.5362649517212691,0.6168690313783968,0.9206937552482258,0.765206952384342,0.6636044458012211,0.7297961821089421,0.6685054300099293,0.7036186149910201,0.9524898083350806,0.8619104555087974,0.7164139008915731,0.6856757484965604,0.511013452525372,0.5347127890753629,0.95591629794648,0.89993102616114,0.7060917497983199,0.5200039813898869,0.4409871298769093,0.40269486789071746,0.9699893752522931,0.927599519583335,0.8838769481219859,0.8379045730551187,0.7732796736999401,0.7616792552097013,0.8748369182935186,0.7842305489828071,0.7228870898128025,0.6496506055892076,0.6448550247796824,0.6387176779655291,0.9060063312222576,0.7292905858986664,0.5051252284301169,0.49185921473934086,0.39980625240377277,0.4601535232084605,0.8671321229474866,0.6732848853870349,0.3510586917765567,0.4248751316679506,0.34350464782619,0.3845275582634657,0.9535850967443807,0.9237253482365876,0.8862304885142238,0.8726352733153255,0.8768911156362821,0.8543813260012096,0.9455225290375374,0.8306173923568846,0.6269206199864275,0.688603060436927,0.5386899049739293,0.5715264736925967,0.910557102560012,0.6902256189542675,0.43442204519739736,0.46789921413442465,0.3647631361516847,0.38223235532435,0.9591198213470573,0.9000735673796528,0.7221574444119424,0.7954744111667563,0.7292203029649352,0.7216852890235449,0.9181044290050475,0.7154704564848309,0.5635335514017944,0.5281300213109382,0.40501451942073147,0.35109568590815887,0.9287737688801269,0.8954899265813354,0.7589541951360868,0.4757207827264634,0.26644988918094337,0.27215811711618976
yen,rest2_vs_type2,1,MentalArithmetic,Type2,14,14,802.405155,401203,403703,802.6014243490404,208.25195334656027,32.82323974887576,14.410524814970865,30.724316472072175,19.575099260686944,959.0904394726379,281.97860727091324,35.21878519799891,13.997131021079896,13.01022084312921,9.963969714674825,317.0730466709192,78.54950418497755,20.338612472431844,12.505530846115416,20.98898087338111,13.031081795875693,188.19309911057798,64.13209705362647,20.049444836311554,12.050815910809595,14.550741939549097,10.520489819102602,178.39350986820625,75.9486901010754,22.632430010326125,13.615313636782554,16.915456767676623,11.583068652165258,204.9925060731553,88.91720795902862,22.523654612259698,16.467374023486887,29.10370220121889,31.16991632218327,391.2005882198891,118.36833040632611,22.501067808758307,15.227850479509874,31.41492751045536,29.356927033430605,0.9554342762657747,0.9728998213052914,0.9102053221714929,0.705371663616807,0.45333017901449824,0.4499794828148309,0.9812209378398439,0.9079584069375454,0.8485657334847133,0.689683134946497,0.4386699656370774,0.5166498563249488,0.9733603357419445,0.8189683965529507,0.8138031496200838,0.733318463947021,0.47483768666080983,0.5062973284130656,0.9688064565890081,0.7487272397014859,0.801671095005638,0.7616216468862672,0.4515654490457913,0.4519859232554166,0.9658858674951226,0.8247655071320235,0.8164072542576907,0.7093043698036673,0.33357693246115394,0.3011214139488514,0.9702313497725109,0.8928552971412869,0.789634963318722,0.4429451579492158,0.3331850548183843,0.3572660682090554,0.940236072843586,0.8452162902196775,0.6981402011267939,0.49633565993379747,0.5937274807870785,0.4858914849666973,0.9093485287302178,0.7645101667315402,0.6811104206643955,0.5899661281949327,0.6534712896619366,0.5734646175746454,0.9096958122694071,0.7231619757196829,0.7230857253898,0.6596359625793297,0.7226760488433576,0.6194265758545171,0.9649765468944794,0.819660673124177,0.7954782559875634,0.6791059315371086,0.510872202335749,0.4594779849113102,0.974647469231654,0.9260645050055635,0.8479783787100207,0.4383825924413368,0.3589984678961583,0.36655391338782517,0.9811222669620426,0.9323421130342708,0.8847987374709543,0.8075350229508823,0.6992144085324566,0.722110330114562,0.9518255366559668,0.8242423653778382,0.7563774591977899,0.6577557643220945,0.5871493032992696,0.5899241573053173,0.9443950209467863,0.8514221109566233,0.7256571194260989,0.6948064504776662,0.44737940222634476,0.3863407000907694,0.9366910135767572,0.8096477669804647,0.5710223919263252,0.40533748791392593,0.41423211470834487,0.26177128909199004,0.9861225524727469,0.9456942990625015,0.9001996158090296,0.8815887485062917,0.8538445586871661,0.8307599569870534,0.9324640593568435,0.9083694239216967,0.7899266765095556,0.7669160206727385,0.553681112371802,0.48687769965788064,0.9250682106346936,0.7606609220774745,0.5773654296836344,0.4136965445754806,0.3672493421478181,0.2525342291047415,0.9373899883486673,0.9257670750687649,0.8607194525066026,0.7910495478090359,0.6379780338369587,0.6507134561742036,0.9339634065609781,0.7407600908474552,0.6660154131338674,0.419824340370538,0.3453198833056281,0.263261080518308,0.9883444558403411,0.8665472058304995,0.7226133768118472,0.39465574018526245,0.21144026794000945,0.18961521617310434
yen,rest2_vs_type2,1,MentalArithmetic,Type2,15,15,812.287537,406144,408644,523.9685698567206,219.51264801894862,37.59099829875935,24.95702343467987,36.02160071938634,21.2227844666546,620.4076685074709,245.45318729539886,39.158017063549316,22.594272042687273,19.59928363773155,11.854973950061545,215.6491008331073,94.64297242340162,32.66804292916394,18.143825605844885,24.212312438331054,17.390171759201046,168.01192941733373,80.90522165246803,27.8093966010023,25.936263009817793,19.954851140814473,14.515520236562885,171.13460129639978,84.42728651759676,30.42863697891902,29.938438676005163,21.61659249363447,15.574595365783793,173.75764397702358,79.28712632111446,23.933100446173224,34.74007594188648,45.06565912358255,42.837502017811964,242.2884147398955,106.26987086328953,27.92470760272238,30.091436718287174,34.24573754567353,45.21179081558513,0.9958566821730658,0.9706964746937043,0.8560005899438259,0.7772906302994064,0.501137592561712,0.45429471254093906,0.9822098637747055,0.9334184558686837,0.8189415304179937,0.6109302376776291,0.4896319392410778,0.4210348686562544,0.9578165403331429,0.8691850551445984,0.7895128264468915,0.6946417737535048,0.5482065198013014,0.46117808129788956,0.9539480587487558,0.8653680187397224,0.7718862460279651,0.7132666936934221,0.5281223177112249,0.4801118718759898,0.9644016718460415,0.8053919949612461,0.7294618523815933,0.6509246928952467,0.44554862352541125,0.3451440611092929,0.9881323138498441,0.8941576796523197,0.6666557857343899,0.5445844770918086,0.23135922821716778,0.21024510082202574,0.972331986024,0.8742963064628061,0.6346174549653608,0.4868557607233609,0.6026163104264974,0.6472792236958104,0.9432110573084463,0.8259996929280743,0.6464439179022885,0.6358163351429539,0.7009348568150389,0.689191915563655,0.9415705401588986,0.8421625792943856,0.671459164293249,0.784180024145673,0.7178395507875882,0.7524503374568222,0.9570502793509128,0.840534897332322,0.7705267731819501,0.7764513484487434,0.6362324955983444,0.5519133833629539,0.9857882777423878,0.922179802007987,0.7676970228031395,0.5928739951134373,0.31842681480309426,0.2688497937511624,0.9844099612932444,0.9359755110311546,0.8398805566578907,0.7292850698660466,0.6747260994691581,0.8154367335495594,0.9689955131497383,0.884182730548563,0.6992884796126759,0.5438437162006025,0.6125907176205019,0.7439449164033931,0.9754517253843598,0.8117390294756579,0.6292153893777084,0.49397956454442643,0.5374741287979466,0.5326418095852776,0.9805070706102454,0.8549479804695133,0.6046025082284621,0.4658540295535993,0.32803824290831496,0.20979250907303407,0.9888091063030794,0.9543302892281588,0.9231856299992469,0.8486320083299252,0.9130233122895367,0.9092975607987375,0.9836299508549052,0.8882391879723115,0.7629519491340763,0.7122408748811381,0.6988925410128886,0.5760284322762271,0.962356984431095,0.8388204968331203,0.5565214659184561,0.4865777984302744,0.29622232969157725,0.25406999361574034,0.9843093725964277,0.9257387452894894,0.8512627146584432,0.8619085123202687,0.783756465172314,0.7000350621435653,0.9629498450192199,0.8822317417389958,0.5889564314493432,0.5646345522388031,0.30149637196440066,0.25874741432856424,0.9791648775653083,0.9134810222608301,0.7929654388382252,0.5009233179846815,0.22073399967118162,0.23327146265663057
yen,rest2_vs_type2,1,MentalArithmetic,Type2,16,16,822.634687,411317,413817,313.26341173662877,135.6682881077115,19.922824716136773,20.924194554090345,26.39216236431298,22.224080992797322,381.2229590262901,155.88779854403006,19.209704036225773,14.532824568776432,17.65793642550123,10.497442916566568,115.6855233275995,67.87758757126818,18.148273332721327,20.133402475974375,23.683549845184736,14.959158655077857,95.61616791425851,55.22950661352106,17.814779973335956,20.347064552121658,15.960568398254544,13.88032438264867,92.95162887055386,62.33359509117144,18.461458250105522,19.703769200005706,16.0796569359256,14.603582051715653,98.61921346227369,68.36814838881199,17.788828755018393,28.60137181251566,34.27033033885728,39.75435203555156,149.0384705904804,76.95152010725508,14.214931198872439,16.451165990498698,45.76178306419302,46.0725301485444,0.9869014713856696,0.939985740711446,0.8589231674834508,0.760379633359933,0.6498937353036605,0.5689520470420022,0.9548696122121821,0.8894565732773698,0.8333322801241314,0.7484821001015984,0.45226084549964646,0.5928631725527909,0.9217807405773742,0.8233353395596503,0.8053232387870525,0.8317735389330903,0.4509045263688887,0.500666956716914,0.8926809535370633,0.7608522085643915,0.7402070451193459,0.8013668286294243,0.5598534403965647,0.5267406376887838,0.9116852144249518,0.7899267403512711,0.6931989024270527,0.6059718660358856,0.4604294428991943,0.3805214561603491,0.9188524524801026,0.8291810313505668,0.6127954990333736,0.5566563058288863,0.31899208087653796,0.16499871271696204,0.9038413628639216,0.7940457147916281,0.6694685868187336,0.6946076904633187,0.5538275374736848,0.6027194961933506,0.8821929181980646,0.7015362017432744,0.6495753511545695,0.7794067473533975,0.6306781948089106,0.6468605433047058,0.8852045915562705,0.6717040017234062,0.6683307361069322,0.773317411277023,0.7383302881312385,0.6836468830710211,0.9324354862645565,0.7782939583993833,0.7062085359937352,0.6504223642083031,0.5990678034890469,0.5279907443859103,0.9557587646791039,0.8904896462778006,0.7423971602321129,0.4646280478782673,0.30033152533581486,0.19829599667939588,0.9614965803262958,0.8855702377714751,0.8586520426411652,0.8741118894033821,0.7448478628024244,0.7685380121776778,0.8701369276810356,0.7706285334616098,0.7065836844168716,0.8232549646215966,0.6388944344372545,0.7284884102807805,0.8307929187127897,0.7502647784359295,0.5806901620684515,0.7072650175185494,0.4442871317923586,0.46414042364838226,0.8110027636236561,0.7218005964902973,0.45727262328879414,0.5275302052030822,0.23388977321163168,0.22717026085068354,0.939433382109836,0.936468512395972,0.891900797672988,0.9242265011550782,0.8261881160622645,0.9050920243271463,0.86258698002561,0.8380873709300172,0.735059515729352,0.723162370801348,0.6055347107087001,0.5508772182217752,0.8049596647404113,0.6963841127026226,0.5384193918420208,0.5256348179477791,0.21322796742199018,0.27160512454585617,0.9333913144812139,0.8823644170216832,0.8311622351123173,0.7834424445530178,0.6809296273875386,0.6733948361155392,0.836945871568866,0.7165391261185491,0.5874415884213636,0.5124675226015961,0.2164232113773684,0.1873263785003941,0.9330752921494309,0.8839927425741541,0.7306214822208584,0.4193350769227196,0.15635748143094624,0.10020674018497495
yen,rest2_vs_type2,1,MentalArithmetic,Type2,17,17,832.983992,416492,418992,630.7878027443849,181.82993212308244,30.76296502558455,15.948329973373479,31.305928138838194,21.45405013716538,722.6074527229201,201.89024709767497,28.588463318072918,16.20942732563716,14.65474822241202,11.177687034000067,297.0373744707619,91.87808256967138,26.345823932641586,13.57989404170061,19.12781314722214,14.66795870747207,198.29821819465775,67.46106588616763,26.589044211885515,13.974294294387299,13.638854676469734,11.123008325927778,185.45194176634976,64.75114156386688,23.771291095809293,14.429926091756757,13.623489938031495,13.688207864903061,191.04230375001413,55.039316054369415,22.781142131460015,18.869274770752757,29.601413510456158,39.61662422297256,270.0211270306036,73.05004537480737,20.442776738968156,24.295963097745275,36.88811870922454,44.50795466647525,0.9912085076985778,0.9642433579180891,0.8488981465436695,0.6469487446699512,0.5428242783187145,0.4956062488387559,0.9835663950663732,0.9186114904846727,0.8693835661879159,0.7341291873756343,0.5332792416601551,0.5054289171392001,0.9458985269647359,0.8099590534937711,0.823571843628342,0.6172919622109241,0.4842854230949455,0.47131936923530776,0.9440772527975904,0.7858243101694594,0.8299663767905816,0.5922902212979207,0.4764464357765223,0.4880344542473944,0.9622181057082563,0.8048198671417046,0.7671438155415491,0.42435101664123,0.376771494633905,0.355004203295181,0.9679504704279877,0.8755618643721351,0.7074651467950258,0.41785605355030225,0.28187610630714166,0.1945291008543001,0.9619765414752169,0.8532338820675662,0.6498678360037794,0.5895760581467216,0.6473409685240357,0.5887621381212416,0.9181095679127581,0.7312070054746489,0.6227727229699214,0.6499377994052271,0.7008487423073247,0.665115087640637,0.9220219071429255,0.7206700435038659,0.7106402678470001,0.6797310051417492,0.716227962208607,0.7131835611319688,0.9528794712842563,0.7829589294836325,0.7463756918384284,0.6122768459874678,0.5395675034479221,0.5563274640537266,0.9772518581212838,0.8717872700880154,0.8401083698359184,0.5694874992267753,0.3671593679483881,0.22859848469480712,0.9808493385915469,0.9352653223463496,0.9343739390304389,0.8241053914305114,0.733986068098199,0.7424046058818196,0.9692576413611853,0.8701598013136096,0.8729109081593659,0.711550006319331,0.5887106993415155,0.6069890772494831,0.9716941590344751,0.8440071085319768,0.7339868802032543,0.5071250827307173,0.35813469493091193,0.442705017768846,0.9457115245085878,0.8300982975575141,0.6019284825346694,0.33912833661714636,0.3805922400258762,0.2172493153474394,0.9930063836493686,0.9582190801265593,0.9341869173943129,0.8704685685867458,0.8138554256862987,0.8309548571431676,0.9748893065311335,0.8817761195885534,0.7516129567047292,0.6671907642820895,0.49796846721325705,0.522505620082601,0.9175511575002352,0.7619249181371146,0.559911239077038,0.4145767690461341,0.4206753395297932,0.21837036769960155,0.977509541840412,0.9012543007821012,0.850917947586512,0.7450339575398968,0.6988018480737952,0.6943428566019434,0.922550039301564,0.7513303956390212,0.6707354789787228,0.3983950748805283,0.3755331725439075,0.20066225529496876,0.9691107421247667,0.8959612667890609,0.7892867747127332,0.33676876071336054,0.20183564036508317,0.22301551604828296
yen,rest2_vs_type2,1,MentalArithmetic,Type2,18,18,843.0513589999999,421526,424026,503.61577109882916,198.69364364190568,16.89127646082223,14.344876777294008,19.301391447764633,20.348145598567452,593.0047405745895,222.4982660679308,20.871943545659352,13.986942529461754,13.11541755402512,12.131885121029015,210.5660034486085,90.08657305759357,11.936122903735095,12.649112237888739,16.674727520419584,15.349930105651055,130.85191540813625,78.64480924219869,13.419255417719636,12.56522896074533,12.927122067182815,13.294935975514447,121.23366025499872,84.92864021334489,19.988461429419015,14.937171626686546,14.73668813311953,14.312290922360216,155.83725364150175,68.66987816180433,20.355381882039598,22.498415993531967,26.9332710108584,37.55369246954349,226.06614206459432,87.53419489039673,14.914479469541604,17.143775358252018,53.841784083829886,59.583580516238044,0.9926231275907572,0.9759767471452163,0.9419912415546161,0.7569748293203317,0.7060142030712353,0.6060330904311845,0.98389496078899,0.9531721922151402,0.8453460926439954,0.7859916115323015,0.5595002900891143,0.5508705693790603,0.927677585775401,0.8987157632597801,0.7736716134611676,0.7767328741700273,0.6142895886292825,0.5528123835785502,0.9050385998897972,0.8492714692515435,0.6939898915168149,0.7546873831410023,0.5925062667620253,0.5761172160559728,0.9205380037759757,0.8832383951054714,0.7234189619728391,0.5748433971926905,0.39085779065529924,0.41077945768832913,0.9801632753083581,0.9301552628111507,0.6970996066888994,0.38105986173090994,0.3361604769839037,0.24811542613013324,0.9662998768684813,0.8923881334883378,0.8192291398587027,0.6314157309557294,0.47952777102388006,0.5636180073768586,0.9048513272331572,0.8377047972133915,0.7948966975233566,0.7071938778462108,0.6042326695600169,0.6726253791888772,0.8906468801737032,0.8096975231736213,0.7324145670888123,0.7571617768512819,0.6082241072190661,0.7104079049402156,0.9075930456655801,0.8976690741645461,0.7775463370118348,0.653132115309135,0.4189848586115962,0.5043314478978542,0.9864723120413178,0.961039651193099,0.7630098084651997,0.5978299447629852,0.2972402891495004,0.3157576429309031,0.9694649033538293,0.9477441977878854,0.8796297784553848,0.8283262023243685,0.7087725379487588,0.8036401097096043,0.9384696093434238,0.8668743188416604,0.7538645655105102,0.6858524145440631,0.57992528230264,0.7136494901814875,0.9544641713007946,0.8558253034413102,0.7822086542363349,0.4566881534593124,0.31638494572553544,0.444376064202798,0.9657399466375027,0.8515646029493369,0.7017384355757164,0.38046924550551803,0.24082329748905135,0.2983856216800694,0.9804224426910674,0.9629708693755634,0.9161644593830843,0.8667243652494153,0.8470535851229407,0.9089468197426173,0.9820634267421736,0.8988774735602525,0.9029469519519434,0.6342274956073425,0.4716447655117479,0.5519727812676344,0.9192896943074249,0.8124204439638996,0.7232109835758247,0.4041303461359572,0.2771232379515197,0.285921901905073,0.9704675722343953,0.9177252537933599,0.9060114327126806,0.8046184176405063,0.6348768436771894,0.6624325429672756,0.8987925553793698,0.8098673287105485,0.7697554155458115,0.4226856463386243,0.2663047638600124,0.2505969969723643,0.9296713927745227,0.9344427761461557,0.7709661948501543,0.3425650731422008,0.2126498943187236,0.1761579455491746
yen,rest2_vs_type2,1,MentalArithmetic,Type2,19,19,852.8750620000001,426438,428938,591.3804156662296,252.62078647631023,32.78752640641216,15.83131757287267,30.83709738290204,26.42008994873066,718.6866376652769,298.6263221395126,29.458310111844902,14.90428695314967,15.645601507789317,15.927943276479045,245.06152458994467,108.55758484311013,24.303623068144947,20.817989957042315,19.749692811201154,19.457941793609887,152.25911550331787,87.99435453898427,22.954707691756823,19.430366708287522,14.019211860539482,12.638389426081472,136.41109047002587,85.34849370697015,21.189748037584206,18.898038017722527,16.022319120705202,15.559689326576141,164.4399131910067,86.9760883983961,19.305981254499617,22.4134302344875,33.71420369531984,46.38884928034257,253.76209941747194,112.90205408485616,16.32604085046899,18.8805588888737,49.29673899064739,45.888538471065516,0.9911514290242266,0.9555497241991909,0.9471896079272135,0.7268997354491221,0.4572525240554115,0.4767381339923617,0.9792244574155085,0.9402379791959171,0.8420377924311501,0.7442628343746842,0.41252747433909365,0.4491652772058765,0.9481915681222732,0.8375583321061536,0.8084061640329085,0.7233632246994703,0.43569805100223735,0.4545939260702375,0.95921546525501,0.7477024018100414,0.7651363942748447,0.7487815291976668,0.4442039099574687,0.4881115429723467,0.9411677934666213,0.7774295376617463,0.7477169252385717,0.6816072424667875,0.3566874078821026,0.33500995291880675,0.9629469971711254,0.9031165148951947,0.7805063563781289,0.47824929563144414,0.22052816783438806,0.2595853274643704,0.9718963573032665,0.8744944936105961,0.7727326207038062,0.627407762565321,0.46749415079780476,0.4423815390392668,0.9437620192003943,0.7854409764076059,0.7422733734001886,0.668628202337675,0.5902149243707807,0.6071500675661757,0.9545158981204008,0.7231269624777817,0.7407709526165769,0.7457661434339841,0.6881319487766604,0.6778067633549022,0.9451809225309907,0.7994301731299852,0.7518360360758217,0.7111504035621082,0.5970358765188969,0.5425638261715535,0.9742373790743771,0.9475836479324349,0.8199857213767106,0.6383613639931944,0.2879847278353089,0.26285244864882545,0.9867221270096206,0.9064765630368049,0.9140647632592728,0.8823181616763106,0.7271525951086174,0.7275097523623817,0.9877292321389718,0.7928234822153962,0.7459504241310169,0.7344611173724376,0.5759709947146916,0.665075408159477,0.9668842577979259,0.8005748689347101,0.6764041826194558,0.5987615361283575,0.4364001578056856,0.45500561676179657,0.9656786068902199,0.8575201803193838,0.6095038280064179,0.49540804209674477,0.16980131129028003,0.2689932736637742,0.9929215134831765,0.9310441769366117,0.8889269053338985,0.8986399019716291,0.87079247731647,0.8852630919124532,0.9681658446975883,0.8889533777605583,0.7000313444215398,0.6962782934167296,0.6198661849930205,0.5763783877210512,0.9486244782401241,0.8206743115679154,0.6139889273059358,0.46120265502589664,0.1931713437399907,0.2857085032009856,0.9761617297915323,0.9335481762324046,0.7653393733333766,0.8262216779079994,0.7589894823317972,0.6877904079540252,0.961366505962136,0.7688673513289324,0.6489099604960281,0.47785117008488703,0.17025950864466055,0.25797479847307314,0.9697067375391829,0.8756790934248717,0.7049258399444195,0.46504405450105946,0.14883642926095242,0.2316631042357514
yen,rest2_vs_type2,1,MentalArithmetic,Type2,20,20,862.662157,431331,433831,448.20625385820847,177.99315480189068,27.556786994172842,18.618034563362404,38.01385612031504,20.68064328632122,591.0657702425756,193.68757511060446,28.88674620336468,15.456385848744418,16.387217897177226,14.116112460756923,146.86901012480206,92.25864144402338,21.940772894941016,20.752431283343604,19.405264981834726,15.3763246592618,112.50725052797819,77.87929868481318,24.711247087559318,19.739682374891316,15.436038648950174,12.636385592391527,124.39233963364124,77.6549487177793,25.825922735835277,17.849766291760357,16.236717076017076,14.392519939217015,162.19777371209446,77.3665857130954,22.307155226007026,18.009606598835873,26.65382168725059,43.464755992283166,285.27804731822596,98.63826022501539,16.489587540621198,23.78790080040187,52.0557674140925,46.76741451085698,0.9850761241529127,0.9718976652153481,0.8507927000566143,0.7180480456797497,0.5975523530324335,0.5677703904013697,0.9206495925177384,0.9037157370481307,0.715917496463194,0.7841533233274174,0.5126161318814229,0.4929243820639097,0.9170877429659852,0.8537708079124122,0.7943534079700748,0.7634786601543934,0.48798550087840786,0.536890850077562,0.9332483138110326,0.8341085562338265,0.7578407700729224,0.756562889013067,0.5297267942992449,0.5267339317825714,0.9553464870835467,0.8680000756657713,0.685785707743163,0.605598276749394,0.5317333139473444,0.43158289317134346,0.9672361295107127,0.8946652479794134,0.7755128933660344,0.3032980150088012,0.27891825392239394,0.31266444460205445,0.855163087928394,0.8066236395632529,0.4612222521367311,0.5580175133840325,0.5729402197450221,0.6411533733929883,0.8575217002895092,0.7698130944570224,0.5860427684437071,0.6104215136517626,0.603666796109653,0.6806416179942584,0.8856923509602117,0.7686003759430227,0.6613869045657558,0.6792456448833212,0.6664883084485546,0.7135219025287752,0.9303024187815673,0.8546803827367218,0.689797053072704,0.6373042865278976,0.5642483706893427,0.571203621221212,0.9872795346373838,0.9200306338469986,0.7817209450174587,0.39376259502513883,0.4139320356998694,0.28084332777963783,0.981339699451596,0.916793983464849,0.8205178248452769,0.8642706590193834,0.7384383717681227,0.745501432584419,0.9479122325410599,0.8421613107508866,0.6234505452074638,0.7098686404311852,0.6053265241763912,0.6716486770071256,0.931285993620444,0.8009185136886288,0.5073367706361064,0.5750080866260815,0.45667894556693184,0.37735646348065244,0.8333775372557736,0.7661522900910869,0.532491933621211,0.2847626724882545,0.336281766017228,0.2728378956421904,0.9789491864131842,0.9697706127055463,0.8816732019966474,0.8815088761823164,0.8383090994130569,0.8766701374014193,0.9565556275493651,0.8621143799130386,0.7763864301558221,0.6487708720723256,0.4896995949084853,0.5487048147350801,0.8463082632524914,0.7471169332301731,0.6601993171175804,0.2395461126473786,0.33661786164314716,0.24602016917403755,0.9748372984505255,0.9044730837466887,0.8616161014676929,0.7321469262821553,0.6380200579028018,0.7504543842906226,0.8837855770410726,0.7544289110934279,0.684353375071024,0.23688661712713707,0.32062081409765775,0.2368348118138486,0.9354033023055677,0.8690975194162123,0.7580762035105173,0.313737744149647,0.26932660398354963,0.2427938819742387
yen,rest2_vs_type2,1,MentalArithmetic,Type2,21,21,872.49152,436246,438746,247.01436603382402,65.63315739576358,17.469923435598744,25.597111221678976,18.063979898472457,20.959573758244638,289.46164052078046,71.97849162048144,17.971091517148917,22.393119576177103,10.702497338478684,18.00087312344062,97.57855906221587,36.647069042111966,15.17366435165375,15.948149859104017,13.707878471796846,19.731339215085693,79.0975262654189,31.72234844914465,15.873737691327282,18.543187186652624,11.044051450197832,17.595688689969844,89.96618914575375,39.40044132512339,18.803097504636003,22.336990982657067,12.926707120894646,18.296364215949406,86.91988499969041,27.880919824706623,21.946225847852602,34.14949704952082,23.52897451865831,46.7547780149701,106.16018269540754,30.474065375118006,18.664111093947017,21.11265829442882,43.19361065704432,63.11660670367411,0.9871980467201261,0.8961551521563946,0.8244811760692711,0.5672823789252451,0.45510398473785474,0.5012249919580755,0.9525440148441552,0.8064155971839979,0.5911986674429723,0.7179412461540691,0.39656239093830636,0.616138586157149,0.9200272777992478,0.7542688878166763,0.7792789375265377,0.7544627755336901,0.45937531797449677,0.5500229545516542,0.8908244672352604,0.7141104830427025,0.7683410760836875,0.6795367101529664,0.48767176992667005,0.5312917634520866,0.9288436746742419,0.7753055728645988,0.699032681988894,0.4436154560010238,0.3236851149485056,0.35670258718193415,0.9389237693574315,0.8577203816465082,0.6701859602255869,0.31103243227520155,0.18641743482100726,0.28284703809380274,0.9341839683581462,0.6176316879160687,0.3882122640293287,0.4117606739728001,0.32155196508607414,0.5983366587157886,0.9174321843840153,0.5671625873651416,0.5771816231012961,0.5386500699234668,0.5600927372717136,0.6786912363402614,0.9007055133733536,0.6134355422267256,0.6786753669633785,0.7156230566540686,0.6250216725031901,0.7226316389986127,0.9440059632970073,0.8269299699840592,0.6946725311028197,0.7210668106504602,0.35931826454597726,0.5185976841924689,0.9639184650853393,0.9166090148160136,0.7473192639617381,0.4595481305376256,0.3049915000061977,0.25409171127647273,0.9555412680559421,0.8234376343264866,0.7180245067999538,0.7802368068795466,0.6824634379537124,0.8051456179214916,0.9092010469144531,0.5765903889618371,0.531950401459653,0.5444950355294459,0.5437694159124405,0.7272197525377799,0.9292976575282915,0.5439319536332057,0.4909312004965217,0.3247833430468448,0.2602821679309302,0.4662402714076468,0.8732902981077824,0.5932428244347249,0.4184233909788935,0.3082904313932882,0.3095863635259769,0.27330693624519425,0.9875678213629876,0.8725660926974333,0.88303117632856,0.78200321799902,0.8282571714132032,0.8947274956738476,0.9758069092892708,0.6974960047589933,0.7481444766529775,0.4183952338448597,0.4757477238424591,0.5283312768552169,0.8661574099339632,0.6015498379936537,0.57860774009633,0.33337438783733486,0.27215449952583093,0.2641001325948436,0.9736918144199646,0.8309242530446145,0.8511257776943214,0.6685226995247798,0.608889759253,0.6361544962233118,0.8560683317206365,0.6489039617061689,0.6047400678684934,0.38022677787053205,0.2636359240209397,0.2551834516796591,0.92551064144353,0.8373134446635272,0.689780321764828,0.44557567252020813,0.11065681969496943,0.2559772336501389
yen,rest2_vs_type2,1,MentalArithmetic,Type2,22,22,882.228477,441114,443614,904.3580823335965,306.0313774187459,34.835968276426605,18.305792102697982,31.030275932979528,23.099169583700853,1133.61350776686,409.56662028217175,36.57150402340033,15.065319775570291,15.121123561905696,16.826058147531885,296.21226635533736,108.67394063115661,21.795772817109896,19.27473712485526,20.44222338363901,18.327501849603415,196.10965017108953,91.08608686483117,19.739029738103337,18.23298797323306,18.119497962775284,16.659260475851266,188.52466917607413,104.69365582281615,21.00120123143956,16.178397540459866,17.667328721318015,17.68081657065899,253.08198073372586,113.13959706313204,19.499403630404682,21.083096844864965,27.600141898950685,51.447575054940835,483.51862363156283,188.87365461962403,16.754987944184393,17.005970220809303,38.328512569883706,51.153566962349025,0.991836835906473,0.9847413263287873,0.9092575103472411,0.8137112846509208,0.5805548459095788,0.5308917534498098,0.9739934629105483,0.9446727897044216,0.8448931567895457,0.719691814817091,0.5478979929174114,0.5665510620134608,0.9212862459870768,0.9044477599441163,0.7913485141902179,0.6811244540040974,0.5792380024833773,0.5826187676782921,0.9031151472740517,0.8631436776788594,0.7313350991370373,0.6740690178959452,0.589288264173023,0.6177263543232256,0.9265329123847613,0.9066652527519649,0.7557034599912846,0.6096849974922505,0.341736939225085,0.43148611480045307,0.9779709923835385,0.9385591673676528,0.7782417697387518,0.504429953837865,0.3292546486550848,0.29895272991311894,0.945199374890894,0.8980885866248932,0.7115445966399571,0.671290220057192,0.44936040845867115,0.5403943183873617,0.89080147921117,0.8805631697142615,0.6932504110270037,0.6448929504208673,0.5075100548670538,0.583993043782566,0.877809714166149,0.8682685405508009,0.6837327450945152,0.661730266044846,0.6048557926685486,0.6310270997238415,0.9178812057309109,0.9271402773153671,0.7808800155853529,0.5886857832383712,0.4763710682405994,0.5324352662740758,0.9845136253718477,0.9638406747805611,0.8843669057026207,0.6214519847905849,0.3712631312901592,0.316030447360609,0.9637563641284052,0.9375137676173809,0.91059288121556,0.8646092455799815,0.7490472982901422,0.7218997036183475,0.941576181415695,0.8502980221747891,0.7908175073566726,0.7232332840941691,0.6132065850335812,0.6266227003912317,0.9291715828200656,0.8403892346030803,0.694933538097257,0.6083018319085511,0.3898639366143629,0.36228484084299867,0.9341081714441,0.8446123346717365,0.6029812417403781,0.49801750550683027,0.24602959211602418,0.36218067706353074,0.9900580682949037,0.955541521964318,0.9228574923108063,0.9078694468327956,0.8565023581668566,0.8822620355259383,0.95917656150633,0.9200634549256805,0.798969879302189,0.6731648744571311,0.5360172064066147,0.5290276879554193,0.9050278788344942,0.8626584467272584,0.6148869062876117,0.4893654328378255,0.27663058452472766,0.3149338783322964,0.9734690900526272,0.9527648721795162,0.8789849215051859,0.7504236856113895,0.6955180568335728,0.7206035059360524,0.8930896399605505,0.8606403179243219,0.6613048546231723,0.48759993710857313,0.3153419980881753,0.2763891996136089,0.9324641066051669,0.9464227551319111,0.7960758541410147,0.4321450721645165,0.2698190439478248,0.2175534727288354
yen,rest2_vs_type2,1,MentalArithmetic,Type2,23,23,892.6360599999999,446318,448818,495.22065096093155,97.89325979179837,26.11741343667913,22.23259817190377,22.676280941434193,20.348955508858115,620.0231213992237,113.65521311367746,23.924851528065496,14.119777977262407,19.11796895104121,10.752548938212817,198.10861734081377,41.66891753183661,21.14370886989139,19.31451601566464,22.380462531548442,12.889522393777254,129.72796004233868,38.39888397967012,19.17070717941828,19.816993076890363,19.99365090337931,12.301233941590816,123.12031338387268,38.455275818261214,23.07237113881835,21.41485085831608,21.781661405635457,12.539077769836094,162.27333909605335,36.68760536597993,17.700634914374053,26.95643165389115,35.943374964614385,30.568892310150577,241.23745819893063,48.182428981740856,18.76590827803831,18.502261600109396,46.261936394780314,48.65818205131141,0.986411652730142,0.9645026552627373,0.7265704126455835,0.7133658012173341,0.550276158992762,0.537599006879852,0.991151442344662,0.9211966273620374,0.7584909792629725,0.6592680930419058,0.657325466826141,0.48857199477817226,0.9405771309138538,0.8619961511827996,0.7648849160067452,0.6677685851487718,0.6643934721108925,0.44876705220105095,0.9117209766061448,0.8170711006841994,0.7211276142247157,0.699120882337593,0.6387061635607868,0.44483451736913254,0.9401044220330604,0.8735719164505661,0.7195270787167893,0.6078588407812836,0.42464579472371006,0.3121750319291342,0.9682190516045023,0.916930845787143,0.708987902019515,0.33763262717326276,0.3694706237280319,0.34811694044097585,0.9714198232954844,0.8417508312530073,0.48057336245559445,0.690053345622741,0.4650203647401634,0.4756230981420861,0.9001219639090564,0.7794339936146659,0.48862625143382765,0.7829408546616036,0.6056408402324222,0.48263664361200936,0.870389828069935,0.7522977114923803,0.5344926824320868,0.8082943443300513,0.6858131776413675,0.5420671706389892,0.9230534449061084,0.8198901824368315,0.7086026939224246,0.7944477502602239,0.5129516354703852,0.42055972478632303,0.9615166772536137,0.9258514617552229,0.7084420547321979,0.4667483581664156,0.4849325444253312,0.3002305548354044,0.96084049725761,0.9504115214667861,0.8122768586455121,0.8590105576698815,0.7905898354895738,0.7649088784894221,0.9333469897218758,0.8721779340410355,0.6023372505399411,0.7971970816866136,0.6257104482592052,0.7225194716364756,0.9485088049467191,0.8603272227434148,0.5463542396106575,0.6766291632872511,0.43962757160142535,0.390394987640687,0.9577621700435618,0.7985090951578598,0.5454429877218618,0.27738827026971646,0.43523411335252044,0.2707700208238465,0.9901757287522338,0.9607895389398924,0.8494307156980871,0.9300874705413439,0.8856353291884757,0.9030037450201804,0.9672759167371369,0.9086727776431508,0.689750432617077,0.7506366025776051,0.5858617386310334,0.49597149851670963,0.9376511513735126,0.752825219241468,0.6099013184086272,0.3927866885508252,0.40457746304838665,0.25902941140175456,0.9718620507053329,0.9154105908760445,0.7739874627125366,0.820273118547947,0.7013336154811082,0.6131790571337813,0.9273584437617232,0.7423723506185684,0.6434862162556823,0.39809695424526775,0.32944270914339635,0.27414575083271875,0.9628667908913524,0.8268119022651466,0.6174268391731266,0.31465063705738766,0.23679666426866017,0.1821733951801753
yen,rest2_vs_type2,1,MentalArithmetic,Type2,24,24,902.804045,451402,453902,447.97969294805114,181.14156854576265,31.978893953058083,23.054845091783342,25.70103587242953,20.2134867253068,497.40258355888403,214.81134676056735,40.78017160405501,19.965125818685628,17.155896327715926,12.44687938566803,208.78809443819108,74.60206612796418,22.88314018324185,13.610084206416605,16.893541633383972,12.546447972110618,131.6044652645146,64.11944106832446,21.722157745710422,12.751259362686827,13.835266625991968,12.52279630985901,134.17994187798197,62.297082342790695,26.591516157334148,16.509891582787095,16.861307309377715,13.031930840368554,139.30405581881956,52.64196427299831,28.7241914737808,14.476542545054247,24.60494083078153,22.129488463610343,182.4638477363017,82.6292789085585,31.544736501280557,18.77154610045882,32.32445317047205,36.080639530572896,0.9893548933963897,0.9542571294894968,0.8138619406264622,0.6532121297628574,0.47868988544352914,0.5297164494405028,0.952231912122973,0.8938819892522486,0.7655045570521771,0.5745684057160902,0.4271555036817986,0.44389039313968515,0.8804295719136533,0.8168965794824324,0.8489641455661957,0.730168448601212,0.4766643531381554,0.5076587755754823,0.8880168911347518,0.8237885820080589,0.8074467031864805,0.6262800502712429,0.5403510926581694,0.5254323766690517,0.8396286747432281,0.8473600910272286,0.703797635447142,0.4439263762101987,0.45958177028450925,0.40445614810109703,0.9388420057770274,0.9074033712873434,0.684040403472897,0.39901570069152126,0.3534227771031964,0.3263580557826152,0.9155248319834742,0.7908270112225139,0.5762025629361094,0.42626411514583695,0.5506527872224289,0.4805181162999111,0.8242162516180823,0.7078697222364033,0.6720371818434749,0.5831568035276522,0.6774532879241768,0.6731989004668713,0.8370232186347578,0.7543116640843517,0.7144522406448841,0.6536843147413826,0.7213363514589476,0.7352514057975287,0.7969534870420159,0.8568336030287456,0.7571211165513769,0.5836718438271528,0.7363556104858058,0.6230637567873166,0.9359895885218087,0.9372392672586446,0.7775301783697182,0.49464298935903506,0.5175843850786024,0.4683028939469013,0.9418110607875804,0.9207056588685847,0.8592856894133674,0.6653781025673018,0.7088591314756164,0.7140106845057606,0.9313337179385758,0.8667864701395275,0.7290990648840222,0.47502631110279964,0.544522119036824,0.658630804868315,0.8625721452042399,0.8358180718829612,0.668154123352409,0.35795231177335834,0.47965255565940546,0.4020255591509439,0.9060017905968363,0.7944035009305257,0.6052707674722041,0.34993915660954084,0.3672800944671758,0.26979048808584094,0.9904029088211512,0.9522003033612616,0.9248077308185942,0.8228295315394798,0.8359237359411946,0.8893263448240994,0.9397123217513941,0.8423915821202344,0.7904493122766045,0.5773129505926536,0.6446911898741258,0.6007732093743624,0.8712236799675358,0.7141068658181663,0.6891012334210238,0.40144313358503636,0.4778117836035495,0.4035034178119002,0.9205294412681125,0.9001670379036031,0.8714017500110565,0.7390028080299628,0.7559498505943372,0.7591579885312381,0.869286005053329,0.7659400710720066,0.7607891999362104,0.44494516201935275,0.5340497189815085,0.4113039714955145,0.8962840851032374,0.881397271232023,0.8547628900438824,0.5076944064872709,0.5101686928852097,0.37070659562437075
yen,rest2_vs_type2,1,MentalArithmetic,Type2,25,25,913.328903,456664,459164,621.1609896464754,159.67448595795207,21.88349086986954,33.01227286650899,24.69534791082986,21.673500737560644,742.4437665191288,186.96345543279713,20.85634265867689,27.311170077111747,14.907561938508362,16.18808556879739,267.55672661335575,68.75260444168715,21.23125120607298,27.337513400198773,17.241693606502785,19.6161616836203,170.15943882688424,52.32875227937352,25.4264259666705,34.755533738765784,15.796968099337244,14.509041366077646,169.65981201080834,51.35859394345297,20.34346711212319,32.76586671345433,15.344664194661146,16.21667260857781,212.01245547787482,52.363162585118836,19.551013531347667,33.99524820733005,25.718936409701822,30.949886833482303,275.7459115344404,73.88185293431363,18.897457318259356,23.067986293850602,25.764785499749333,40.78063366275115,0.9906778191081278,0.9556793652882541,0.7729874448872615,0.8120747523811688,0.5734417801494003,0.592637327073734,0.9646028452763602,0.9557892456092982,0.6257555003049803,0.6796939328554349,0.5543364215778357,0.5967864435562376,0.9319300819403377,0.9257995242377255,0.6168803869539423,0.754016698984515,0.5930891001509686,0.6038854650490549,0.9243219096422713,0.8765888278301135,0.7290553084044583,0.794813311082773,0.609184286664737,0.6048016911680463,0.9610832215076881,0.9360313343855327,0.5972037812412839,0.6733029108430547,0.5247817078058147,0.44838194141010307,0.9687822990991105,0.931556916689121,0.48657352026723216,0.4917788739682278,0.29322896666554554,0.32175621274158117,0.944817360664838,0.8718212468570745,0.3900211895589162,0.5860033202276479,0.5112681052954647,0.5194534005102839,0.9112211264392984,0.8190728745171543,0.36316407864184896,0.6926170653519422,0.693652753832209,0.7008445476555715,0.9141401610862298,0.8219074678754568,0.5722371195454126,0.780307140459569,0.6871019770947797,0.717321464727652,0.9669940922570995,0.9504933976268131,0.665375046979878,0.8103258937504226,0.5621814744703774,0.584299158665063,0.9794897252865494,0.9636775764266942,0.6991836238531699,0.6328226073277283,0.4251372562362879,0.3543160278208182,0.9843900182935167,0.9440814899410063,0.8431270430778053,0.8566756467362053,0.6932864080156815,0.7368977977393496,0.9655187319212679,0.8364952458754217,0.5456586948878102,0.6988856410312917,0.5998357393965235,0.5957209008540311,0.9653752505295751,0.853507952092768,0.3589266053402428,0.49955572613842086,0.4716199723204964,0.3722385543404636,0.9386845508512315,0.8378540288535412,0.3012339375193016,0.42894735652116,0.32794347865229456,0.3499191628292204,0.9899680916692223,0.9315889411011073,0.7497901281922157,0.8936578533124503,0.8582964654664245,0.8822799345164132,0.9580475499027848,0.868261522023497,0.489610944160266,0.6533545392087126,0.6060470979203906,0.632640931227302,0.9004392664859667,0.8009136285104932,0.30791498983734755,0.4993636703156617,0.3588003812788175,0.36444878080173404,0.969337818017726,0.9081531680938311,0.7881718166962758,0.8025711267906638,0.7660773949336477,0.7751791281850983,0.9053256510497908,0.8076477200212755,0.5342614161701823,0.5490940710087787,0.2905713636966018,0.35382023806777807,0.9732969479959088,0.9510773786124609,0.749012911170313,0.638274430853356,0.1952106382789205,0.24203555897024573
yen,rest2_vs_type2,1,MentalArithmetic,Type2,26,26,923.4754810000001,461738,464238,439.54884247711647,179.80924876922836,22.89589358047236,14.455449980905026,22.776290987561623,20.556612489814707,514.0793787275983,213.699184318957,22.093939933303595,12.498339068854452,19.608706696700025,12.600533349878601,173.35197797485927,75.67467882137129,17.297073274518393,15.582486200328503,19.793357414675217,14.939632648919371,122.95657392567902,63.99759867926412,19.273442540521486,17.475620517613258,17.00644465291766,13.091466815909591,130.12197102742203,76.51126561534238,20.836899942576483,16.42495237814464,18.009146278573862,13.928757046737891,136.94821758794353,74.87284472050354,16.298625981567362,15.343163366646715,24.059577214620372,21.51034860793866,186.76351967655526,97.67596361501126,17.138529320563034,17.639176262896452,25.574452992532564,30.587512831020103,0.9975326383290404,0.9730480488818766,0.9111249211592876,0.6935939344275985,0.5358296448469518,0.4967408419291477,0.9898253002037585,0.9527619789708603,0.8275204119399657,0.7453282505839638,0.5035654568809688,0.5679383154296711,0.9653329709254969,0.905375445221092,0.8140827212174356,0.7072741997096579,0.5510121017844765,0.580089586238833,0.9507664614194029,0.8476463379078996,0.7705354833961878,0.6593555910300555,0.5441698797539589,0.6057645330741407,0.9598827753408229,0.8912586909314155,0.7354387449482609,0.4968238476776202,0.4890008605634078,0.5019962466993232,0.9859851685001627,0.9077584514619746,0.7825948456959745,0.40891116394729005,0.3546102945179545,0.4313125208966793,0.9829464795819619,0.9097622769431454,0.7285460171333946,0.5516057520574347,0.5260198279907919,0.535716357478748,0.9601255169630855,0.8580653154476899,0.6895225383040646,0.624716825377207,0.6754018074924827,0.6072209990179039,0.9476811061831835,0.8247985555835793,0.6870438053031169,0.6571696933715268,0.7497932157204504,0.6137280326017073,0.9594773306236202,0.9228152790922441,0.7137677434464992,0.6704408350876557,0.6977691381873363,0.5827033447680243,0.9893194357130018,0.9465180604483401,0.802268477834124,0.5654253714666757,0.6179821970250168,0.5052988657466764,0.9803194953035783,0.9465989434216613,0.8854014657093072,0.8102969364526205,0.7372059619804003,0.771547526917167,0.9543486069952896,0.8431018763085275,0.7225636073706037,0.6673289274258595,0.6009572011473037,0.7373421014949856,0.955590719406489,0.8488883883722153,0.669777311522528,0.49068726638101196,0.5265560642597429,0.5451576191476388,0.9676000395414723,0.8429459013923826,0.6946977860510919,0.3837633045365343,0.3715987856437859,0.41999392987969514,0.984072026515569,0.9463775837461161,0.9006773768250891,0.8934514990182245,0.8523693428862987,0.9037072866317033,0.9792537227537617,0.8738825162545277,0.7580982850952745,0.6417500947839507,0.6969842720245663,0.6549777271371958,0.9504537671861062,0.7970148843137579,0.7140841768785655,0.4551681546035332,0.4629988452704493,0.49477587377126375,0.9806577854442357,0.896118344999018,0.8471576352351059,0.7781720339701322,0.8367658088339812,0.7482690955699458,0.9417937204768142,0.7843536634839716,0.7537150727052945,0.49479074865995215,0.5514087746323619,0.4648854104305613,0.9642368082709201,0.9317478288226354,0.8263696367665283,0.6118033155390913,0.5574627795809918,0.38376067325321533
yen,rest2_vs_type2,1,MentalArithmetic,Type2,27,27,933.8285400000001,466914,469414,457.22609103919575,151.4599657751852,20.80623191873887,21.279209449183625,21.00456949276546,15.40804443564212,496.3821863664008,172.7974120683856,22.899372375959988,18.282264261681547,18.59499651742184,11.277817581831716,193.0242729160416,75.09850452549415,17.601641653329114,18.86173187124263,13.992352921273701,11.533238313249347,114.83822790927992,64.62603134550925,16.76429009626253,20.44848785830875,12.668952551723383,9.920407492082008,99.17869643406638,66.75091100358937,15.515424031026237,19.855231610218055,15.47796026285909,10.594873444732151,108.91222354914416,65.70639409459166,13.665844791727034,19.003355806343176,22.272614179414287,14.727866648079834,153.0798402583457,80.67948695193617,12.658052415217442,15.208897747863576,21.373826941566172,20.470073236749492,0.9830966462460596,0.9700684142952292,0.85653820041129,0.7817284155465787,0.5512324438187245,0.4819343675634362,0.9038991481534621,0.9024604775624734,0.8698168674815229,0.6862482897558594,0.4285891181813934,0.48228397007282714,0.7556568390364728,0.8482965309036323,0.8580409361266934,0.6863944608780418,0.5162388909303437,0.517878167455782,0.7464456294793447,0.7816375326813977,0.8232826849609308,0.7001726009338569,0.5996592346816086,0.5263324393525717,0.7786720339385328,0.8780777357550974,0.7248616297887482,0.6652986281684571,0.5363798978078063,0.4426341841212084,0.8914850618905478,0.9153014127700415,0.7140069307898739,0.5649050085631606,0.36947959490671184,0.3447779005891622,0.8420857338880254,0.8331835524702715,0.662249694251735,0.6729492718340112,0.42926199686949384,0.510951219020854,0.6935097611293141,0.7833387014394575,0.7279455920572613,0.6889078786313056,0.560145951169142,0.6026279258942001,0.7139603160475745,0.7439798394523791,0.7916025943882035,0.7769235599473712,0.6452376836484264,0.6323755422999373,0.7538883717440689,0.876450454275789,0.7762670728708233,0.7831455136916483,0.6081275798922203,0.5775271785541461,0.8811604134187393,0.9306977226703377,0.7645809404487414,0.7391917671374281,0.37945307976706777,0.4770922209715201,0.9126277653627376,0.9206757815386465,0.904879406028857,0.833833699973255,0.6076268672161198,0.7561588959160014,0.817968721428603,0.7990785271123564,0.738909618592414,0.7114917217485014,0.5342691485405917,0.6656495382971153,0.8026429558198988,0.8614014067518192,0.6372224351113072,0.6292218862604406,0.46268998652687243,0.4998566816507192,0.8568676906581696,0.8251477689594778,0.5984841004627542,0.5571614621642594,0.28411265033995436,0.3487047326555814,0.932754516852166,0.9311243126954462,0.9063697444933412,0.903249069875739,0.8387775336448093,0.8635714016292233,0.8724411849772323,0.8897580783941228,0.7681073885439983,0.7417340381638556,0.6551372725411498,0.6306138628999206,0.7890149233119291,0.7247378133365795,0.6516436261484548,0.5747820628469882,0.35997310524745674,0.4080630262276391,0.9677750394982843,0.8678244879712603,0.8428946564240725,0.8351135112453577,0.7835956695242,0.7504384522926478,0.8375074812705479,0.6859211967840377,0.7175698302895958,0.6511120395203193,0.3971441881239115,0.4458898973449744,0.8956055250038822,0.8639271176583995,0.8427503849295684,0.7920569078278313,0.39331964808404185,0.4717782822380418
yen,rest2_vs_type2,1,MentalArithmetic,Type2,28,28,943.869856,471935,474435,208.94635994404854,77.06603506667064,19.772394987063926,14.306721636891895,20.43321523826409,13.141315393853793,204.81756529764246,103.74113709971711,18.37679653522171,16.373037962398392,20.81664088030412,10.303824000774016,98.06876600653483,43.767871003477666,20.161545360660618,14.518912980918836,18.802693610980487,18.289337787372432,62.99990654688286,40.288614225867285,19.939722006470415,17.609090656274287,20.4666369781613,12.41609478843138,64.41565905337502,45.10249354964849,22.636034188432742,19.951424343094217,22.838482714284865,12.543484967975974,51.85893754623992,45.56642510354468,18.064373657824934,21.372987956287137,34.91394571474834,26.321767306201565,83.75072538973893,44.98158276394709,13.318804692077473,14.131115504968548,26.467746992614455,39.474450796396255,0.987611510707791,0.954228436187309,0.7901699831896907,0.7776852668773897,0.6071231830788116,0.6093161564248303,0.9782072062575343,0.8487589347289494,0.7276896215482994,0.6422139067146377,0.6993396176171864,0.5606396394181347,0.9632286810192294,0.7230774642915462,0.7589264255292854,0.8263950403059245,0.8146332399497194,0.712944137736643,0.9363039674701064,0.7465501984935698,0.708551696019896,0.8300112662164036,0.7678412425969118,0.7302638586447129,0.9350068341339338,0.7460970007370751,0.6810156990971065,0.6954200100035697,0.6196425129554839,0.4761645593883319,0.9486049478173729,0.8170233046377554,0.5215194384862969,0.5425920325265129,0.4302259590514651,0.435945733775718,0.9554971161525779,0.7408722406544971,0.5688832161301649,0.5171725868343109,0.447741590288551,0.4791248791327707,0.9526107835559664,0.6200449671073943,0.5970254404502832,0.7276512329469854,0.6735734720179217,0.624380474442504,0.939629536645179,0.7012265492459843,0.6332983604312535,0.8206567931061038,0.7037481740850176,0.6889144163375899,0.9565657277009213,0.7624806902801327,0.7281163278913813,0.7501542781755572,0.6533090470011654,0.5753128921047292,0.9600985570957598,0.8924858052913599,0.6746814739162685,0.6424776521177866,0.48232937041501145,0.472043562793032,0.9734875992925657,0.8687329578161769,0.8348026452736818,0.7908311321968439,0.6914028684206813,0.7089102040296115,0.9189025191375185,0.733622250107543,0.6753748642226117,0.614993352989113,0.5309892424623135,0.6128477676178722,0.9034982940967743,0.6603635801757416,0.6259792651748259,0.4888433732366062,0.45817686144872904,0.41337758493127885,0.9040467610817783,0.6234559281857509,0.48888849460039746,0.37665712557699266,0.27400392191576806,0.35212466050954344,0.9646267678538907,0.9116040510530037,0.8925057728086679,0.896651550923591,0.8880542410574327,0.8830581200586228,0.9296205931082641,0.7751436145717916,0.7673149206052582,0.6647107064574254,0.6963994807225999,0.5823911866972603,0.9042921200923195,0.5594827321977032,0.5516737113140603,0.5213354142237862,0.4029833096608373,0.3631509965800568,0.9576919324969421,0.8897317746534837,0.8732371866954887,0.8009632714203017,0.8085483156867858,0.7041622583760919,0.9272338027853081,0.643375536722723,0.6260239843484043,0.5734060166955208,0.42286342972882335,0.37267739307382663,0.9508411771559587,0.7978102270640963,0.7834614016556045,0.5747166112652059,0.3317784659063641,0.23158217928473876
yen,rest2_vs_type2,1,MentalArithmetic,Type2,29,29,954.841053,477421,479921,278.9474472392378,87.89252885551025,30.996210044688965,17.211355952468658,16.29072859190708,14.001640262101837,322.09454409185537,99.72640863654034,27.007580365999857,14.292036452881815,16.492682866196606,16.01006586618509,123.1202921770354,30.61379372340952,20.1457400362809,14.887440040027851,16.65425999910205,14.683048676673145,103.8326594586299,33.546723208156706,20.63372837029281,13.870190358146486,14.276389523070986,13.581892900115877,117.43666242258959,41.368967445650725,22.11464150802737,15.448793185720056,15.890296033469497,15.92824212780833,131.88402674688788,33.88943831720005,14.001297053543503,14.436113062330794,20.04495544456938,23.427511173882387,163.70170034828675,42.66033811511092,14.818364666492945,12.22518168605076,23.324655739389012,24.19603748868981,0.9726878390528033,0.9551192557753844,0.8606897930921317,0.6924012708928595,0.6690347325184522,0.7909116756780742,0.9373079612840064,0.7818754069353762,0.8326705405492778,0.7570227016370683,0.7549259840425595,0.7414381819925844,0.8901226259784064,0.6047764597808376,0.8401990561316609,0.734808782461907,0.8302051048502094,0.8779991950374018,0.8816118532791174,0.5538084789863378,0.7772887934276655,0.7109005807760816,0.7357588326742502,0.8257365267626914,0.8374227870603601,0.6827945207573778,0.6859253635083608,0.6481506778207603,0.6124318879929018,0.6978180946016217,0.9308056046595755,0.8507571748650588,0.7365735752371163,0.5320876330359485,0.5329648996721527,0.527644817354575,0.9075759953994917,0.7264246323632566,0.6119131759376998,0.5056633162125751,0.4823584748527786,0.6523755122491656,0.8605736103235344,0.542908985092001,0.6630002514905382,0.6146606380596485,0.591493185074353,0.775795380486928,0.8761193916172495,0.5087124892129469,0.7058476812844683,0.6940431543360911,0.6756637489485497,0.7443741995800058,0.8710297698093207,0.6789480600331254,0.6913293694262777,0.6924870204321107,0.636853416940174,0.7066524787407559,0.9626445982868388,0.8829174229461999,0.8787533134767,0.6121913749725658,0.7148899398114181,0.5945508909601878,0.9700454603006682,0.8309057103291412,0.8907448583120047,0.7643816140412166,0.8136163942893176,0.8037242495481853,0.9273681175492695,0.7052423694275423,0.6881654774646297,0.6679567786982953,0.6498205166356037,0.7278388816513198,0.8949044834640555,0.7999698145218346,0.6111406681052947,0.535939716237915,0.511710806077751,0.5677503187876737,0.8840680049583639,0.6921599695665859,0.5569071621167793,0.39364015724187995,0.3912855181443883,0.4130610259164982,0.9729610080254144,0.9466936323812125,0.8902867914644139,0.8428911060140075,0.8590886675610102,0.9164692574673728,0.9239975392919714,0.8650137238987811,0.8002189935015325,0.6976196823111811,0.6606098124788267,0.7368334704543701,0.8635273022505205,0.5599388639654208,0.6359621545351578,0.4988821262506312,0.47190876420415034,0.5190605256719026,0.9557273351694248,0.8700243996810892,0.8950231411284879,0.8512258395012889,0.7833428501388082,0.8288443654455132,0.9008241391278782,0.5328423578724243,0.6872854488649077,0.6140219388011404,0.5111324267696501,0.5399892508817373,0.9201362369215343,0.7493662812820177,0.7354564060770257,0.6159101388295944,0.5213742091290039,0.5780591755796686
yen,rest2_vs_type2,1,MentalArithmetic,Type2,30,30,964.820073,482410,484910,360.40805389304523,145.84005692504948,16.40246106052006,14.47409313053472,14.207734613004693,11.00249089909688,380.62356688646025,163.32353100676923,16.356954776320705,14.27252715162623,14.062457882830458,11.150244690447028,160.55171898816133,61.89125148076961,23.31030676138306,13.465196198611629,19.26515746820983,14.729129330777651,109.91121267665105,57.23899758331403,17.94530433203496,16.692802649662,15.350175840154833,10.704730751389132,105.03513858952611,59.39487722549024,17.468386009248782,17.622684913493714,16.41764435281531,12.104961197810736,87.82789191714157,57.11682961783606,13.430702121341128,15.053872946374275,22.344142998043274,18.824745965611573,122.3354164978498,71.7996322671556,10.175560800751859,13.193694567341119,26.19623448254557,19.4266362629523,0.9837605318357853,0.9770135384928238,0.9449137528735646,0.8393036459241913,0.7859320858651464,0.8147014312843547,0.9728028478410556,0.9220923478729559,0.8411416509659905,0.7644631002666539,0.750855398615523,0.773061361460281,0.9317580166184438,0.863947474769986,0.8385700101734539,0.7710881062300226,0.8329928707995515,0.8485578981931081,0.9094637725894469,0.7880616016770601,0.7287263529184201,0.7542774669652034,0.7932249449263163,0.8285848096006112,0.8757628521745802,0.8642075579033528,0.7969050870104476,0.6236993813580619,0.5626042608098041,0.6152140777436136,0.926989521681071,0.9306445853068664,0.887301979664225,0.5652547263457465,0.4129113991855359,0.5569020417788759,0.9381442397725301,0.8682709719332332,0.721674582409937,0.6078704714113414,0.5079188509742139,0.6544485146321212,0.8790895048483942,0.7994126519992291,0.732625646358839,0.6288294086712812,0.6019931674469847,0.6981313430709045,0.8716085824103263,0.7257589756604057,0.7084205264176382,0.6463598586516532,0.685187340602074,0.7221838918987192,0.8749166833388314,0.8703218096151686,0.7828855926496232,0.6609518176526221,0.6439424684178074,0.6394955599051002,0.951014301420022,0.9628194385477943,0.9173633954957874,0.7050425202391396,0.47595935521154403,0.5313135136807245,0.9702503457684012,0.9029851384470959,0.8767312070890242,0.8435873682722645,0.7725600678079643,0.8289517612737135,0.9261695426111739,0.7735302446429997,0.6629876336395035,0.6970107958345394,0.6186609897465359,0.6987433528522192,0.9003852306264465,0.785047337428843,0.6901755522572051,0.45163589258024295,0.3785395057521319,0.5296263893386809,0.9045672806242226,0.8135046252681484,0.7184660798612589,0.43713255416408625,0.3545557997744998,0.43321189652158304,0.9776746596995057,0.9396568361967801,0.8724245199272354,0.9254583959334381,0.8853244040078023,0.8945432503605579,0.9202527647677377,0.8620205144646131,0.8670964245467175,0.668089701285883,0.5971359761659658,0.6622959952193537,0.8789794794898174,0.7707678315364952,0.7714723652161998,0.47429854918006764,0.4024436408222562,0.5137856403566338,0.9448342799588144,0.8651346166245726,0.9302780335348324,0.7688228428847151,0.7170077731829604,0.7916512843409372,0.8977343846085372,0.7133591284354199,0.7955400521495497,0.4966440606350805,0.44354895516617904,0.5567565001314496,0.9499855050837742,0.8930321820520492,0.8679673431421971,0.6352995527159105,0.48165488446171967,0.5028285521576108
